window,t_wall,t_perf,power_w,temp_c,sm_clock_mhz,mem_clock_mhz,energy_mj,throttle_mask
matmul_large_block00,1789505484.7816286,112135.9872788,175.01,71,1725,9001,151848879,4
matmul_large_block00,1789505484.8365684,112136.0414254,175.01,71,1725,9001,151869650,4
matmul_large_block00,1789505484.8926811,112136.0974557,175.01,71,1725,9001,151869650,4
matmul_large_block00,1789505484.932777,112136.1374434,175.01,71,1725,9001,151896927,4
matmul_large_block00,1789505484.9841132,112136.1887951,175.01,71,1725,9001,151896927,4
matmul_large_block00,1789505485.0339172,112136.2385859,175.01,71,1725,9001,151920808,4
matmul_large_block00,1789505485.0832264,112136.2879343,175.01,71,1725,9001,151920808,4
matmul_large_block00,1789505485.1422825,112136.347067,175.01,71,1725,9001,151947412,4
matmul_large_block00,1789505485.1827743,112136.3876108,175.115,71,1710,9001,151947412,4
matmul_large_block00,1789505485.2374496,112136.4422169,175.115,71,1710,9001,151971607,4
matmul_large_block00,1789505485.28882,112136.4936903,175.115,71,1710,9001,151971607,4
matmul_large_block00,1789505485.3379614,112136.5428894,175.115,71,1710,9001,151997185,4
matmul_large_block00,1789505485.3876052,112136.5923433,175.115,71,1710,9001,151997185,4
matmul_large_block00,1789505485.436724,112136.64149,175.115,71,1710,9001,152022575,4
matmul_large_block00,1789505485.4891853,112136.6938831,175.115,71,1710,9001,152022575,4
matmul_large_block00,1789505485.5401347,112136.744893,175.115,71,1710,9001,152048367,4
matmul_large_block00,1789505485.5846994,112136.7894064,175.115,71,1710,9001,152048367,4
matmul_large_block00,1789505485.6422873,112136.8470985,175.115,71,1710,9001,152073185,4
matmul_large_block00,1789505485.6895387,112136.8942663,175.113,71,1710,9001,152073185,4
matmul_large_block00,1789505485.733924,112136.9386055,175.113,71,1710,9001,152099592,4
matmul_large_block00,1789505485.783876,112136.9886058,175.113,71,1710,9001,152099592,4
matmul_large_block00,1789505485.8397517,112137.0445163,175.113,71,1710,9001,152124332,4
matmul_large_block00,1789505485.883622,112137.0883055,175.113,71,1710,9001,152124332,4
matmul_large_block00,1789505485.933493,112137.1382433,175.113,71,1710,9001,152147583,4
matmul_large_block00,1789505485.9888008,112137.1936292,175.113,71,1710,9001,152147583,4
matmul_large_block00,1789505486.0380936,112137.2427937,175.113,71,1710,9001,152174240,4
matmul_large_block00,1789505486.0889673,112137.2937205,175.113,71,1710,9001,152174240,4
matmul_large_block00,1789505486.1380727,112137.3428059,175.113,71,1710,9001,152199851,4
matmul_large_block00,1789505486.1865098,112137.3911867,174.76,72,1725,9001,152199851,4
matmul_large_block00,1789505486.2362828,112137.4411276,174.76,72,1725,9001,152224786,4
matmul_large_block00,1789505486.2849367,112137.4896611,174.76,72,1725,9001,152224786,4
matmul_large_block00,1789505486.3337715,112137.5384684,174.76,72,1725,9001,152248830,4
matmul_large_block00,1789505486.3830209,112137.5878734,174.76,72,1725,9001,152248830,4
matmul_large_block00,1789505486.4422932,112137.6470295,174.76,72,1725,9001,152273271,4
matmul_large_block00,1789505486.4889593,112137.6937455,174.76,72,1725,9001,152273271,4
matmul_large_block00,1789505486.5400908,112137.7449049,174.76,72,1725,9001,152300287,4
matmul_large_block00,1789505486.5841053,112137.7888756,174.76,72,1725,9001,152300287,4
matmul_large_block00,1789505486.641516,112137.8462074,174.76,72,1725,9001,152325104,4
matmul_large_block00,1789505486.6891925,112137.8941739,174.869,72,1710,9001,152325104,4
matmul_large_block00,1789505486.7409642,112137.9456633,174.869,72,1710,9001,152351844,4
matmul_large_block00,1789505486.7893345,112137.9941099,174.869,72,1710,9001,152351844,4
matmul_large_block00,1789505486.8390183,112138.0437504,174.869,72,1710,9001,152378788,4
matmul_large_block00,1789505486.8882666,112138.0929869,174.869,72,1710,9001,152378788,4
matmul_large_block00,1789505486.939239,112138.1440195,174.869,72,1710,9001,152404205,4
matmul_large_block00,1789505486.9874992,112138.192398,174.869,72,1710,9001,152404205,4
matmul_large_block00,1789505487.036763,112138.2415553,174.869,72,1710,9001,152430339,4
matmul_large_block00,1789505487.0869172,112138.2916717,174.869,72,1710,9001,152430339,4
matmul_large_block00,1789505487.1358268,112138.3405656,174.869,72,1710,9001,152455255,4
matmul_large_block00,1789505487.1856968,112138.3903618,175.038,72,1710,9001,152455255,4
matmul_large_block00,1789505487.2347233,112138.4394275,175.038,72,1710,9001,152480862,4
matmul_large_block00,1789505487.284998,112138.4897852,175.038,72,1710,9001,152480862,4
matmul_large_block00,1789505487.335539,112138.5402091,175.038,72,1710,9001,152504695,4
matmul_large_block00,1789505487.3853493,112138.5900169,175.038,72,1710,9001,152504695,4
matmul_large_block00,1789505487.4358876,112138.6406842,175.038,72,1710,9001,152529413,4
matmul_large_block00,1789505487.4888434,112138.6937137,175.038,72,1710,9001,152529413,4
matmul_large_block00,1789505487.5406916,112138.7453927,175.038,72,1710,9001,152555153,4
matmul_large_block00,1789505487.5840747,112138.7890497,175.038,72,1710,9001,152555153,4
matmul_large_block00,1789505487.6331077,112138.8377788,175.038,72,1710,9001,152579653,4
matmul_large_block00,1789505487.688099,112138.8927892,175.049,72,1725,9001,152579653,4
matmul_large_block00,1789505487.7414386,112138.9463913,175.049,72,1725,9001,152608372,4
matmul_large_block00,1789505487.7906318,112138.9953248,175.049,72,1725,9001,152608372,4
matmul_large_block00,1789505487.8423119,112139.0471262,175.049,72,1725,9001,152635786,4
matmul_large_block00,1789505487.8918645,112139.0966884,175.049,72,1725,9001,152635786,4
matmul_large_block00,1789505487.9327564,112139.1375624,175.049,72,1725,9001,152664214,4
matmul_large_block00,1789505487.9832475,112139.1879652,175.049,72,1725,9001,152664214,4
matmul_large_block00,1789505488.0337253,112139.2384095,175.049,72,1725,9001,152688572,4
matmul_large_block00,1789505488.0844288,112139.2891872,175.049,72,1725,9001,152688572,4
matmul_large_block00,1789505488.133936,112139.3386087,175.049,72,1725,9001,152715966,4
matmul_large_block00,1789505488.1928914,112139.3976054,175.139,72,1710,9001,152715966,4
matmul_large_block00,1789505488.2414236,112139.4461306,175.139,72,1710,9001,152745691,4
matmul_large_block00,1789505488.2908247,112139.4954965,175.139,72,1710,9001,152745691,4
matmul_large_block00,1789505488.3410456,112139.5458898,175.139,72,1710,9001,152773360,4
matmul_large_block00,1789505488.3896282,112139.5943052,175.139,72,1710,9001,152773360,4
matmul_large_block00,1789505488.4397879,112139.6445112,175.139,72,1710,9001,152800541,4
matmul_large_block00,1789505488.4840698,112139.6888404,175.139,72,1710,9001,152800541,4
matmul_large_block00,1789505488.5412242,112139.7459858,175.139,72,1710,9001,152824870,4
matmul_large_block00,1789505488.5889862,112139.7936834,175.139,72,1710,9001,152824870,4
matmul_large_block00,1789505488.640632,112139.8453251,175.139,72,1710,9001,152851273,4
matmul_large_block00,1789505488.6891766,112139.8940374,175.068,72,1710,9001,152851273,4
matmul_large_block00,1789505488.7414143,112139.9462011,175.068,72,1710,9001,152877952,4
matmul_large_block00,1789505488.7908769,112139.9956122,175.068,72,1710,9001,152877952,4
matmul_large_block00,1789505488.8407307,112140.0454702,175.068,72,1710,9001,152905746,4
matmul_large_block00,1789505488.8902605,112140.0949711,175.068,72,1710,9001,152905746,4
matmul_large_block00,1789505488.9403176,112140.1449901,175.068,72,1710,9001,152932984,4
matmul_large_block00,1789505488.98742,112140.1921212,175.068,72,1710,9001,152932984,4
matmul_large_block00,1789505489.0400832,112140.2448635,175.068,72,1710,9001,152959256,4
matmul_large_block00,1789505489.0886085,112140.2932846,175.068,72,1710,9001,152959256,4
matmul_large_block00,1789505489.1374722,112140.3422174,175.068,72,1710,9001,152985504,4
matmul_large_block00,1789505489.1874914,112140.3923259,175.023,72,1695,9001,152985504,4
matmul_large_block00,1789505489.2375844,112140.4422994,175.023,72,1695,9001,153011946,4
matmul_large_block00,1789505489.2877622,112140.4924398,175.023,72,1695,9001,153011946,4
matmul_large_block00,1789505489.3370795,112140.5418586,175.023,72,1695,9001,153037466,4
matmul_large_block00,1789505489.387179,112140.5918738,175.023,72,1695,9001,153037466,4
matmul_large_block00,1789505489.4369237,112140.6417721,175.023,72,1695,9001,153063564,4
matmul_large_block00,1789505489.4964602,112140.7011738,175.023,72,1695,9001,153063564,4
matmul_large_block00,1789505489.5326216,112140.7373098,175.023,72,1695,9001,153085604,4
matmul_large_block00,1789505489.588818,112140.7935673,175.023,72,1695,9001,153085604,4
matmul_large_block00,1789505489.641474,112140.8462154,175.023,72,1695,9001,153112423,4
matmul_large_block00,1789505489.6851282,112140.8898967,175.039,72,1710,9001,153112423,4
matmul_large_block00,1789505489.741976,112140.9466771,175.039,72,1710,9001,153137920,4
matmul_large_block00,1789505489.7832718,112140.9880324,175.039,72,1710,9001,153137920,4
matmul_large_block00,1789505489.8327153,112141.0374472,175.039,72,1710,9001,153162831,4
matmul_large_block00,1789505489.8842983,112141.0889849,175.039,72,1710,9001,153162831,4
matmul_large_block00,1789505489.9342518,112141.1389661,175.039,72,1710,9001,153190432,4
matmul_large_block00,1789505489.987506,112141.1922731,175.039,72,1710,9001,153190432,4
matmul_large_block00,1789505490.038515,112141.2432905,175.039,72,1710,9001,153216820,4
matmul_large_block00,1789505490.0894072,112141.294128,175.039,72,1710,9001,153216820,4
matmul_large_block00,1789505490.137724,112141.3424805,175.039,72,1710,9001,153243205,4
matmul_large_block00,1789505490.1870809,112141.3919705,175.111,72,1710,9001,153243205,4
matmul_large_block00,1789505490.2389965,112141.4437561,175.111,72,1710,9001,153268973,4
matmul_large_block00,1789505490.291352,112141.4961551,175.111,72,1710,9001,153268973,4
matmul_large_block00,1789505490.342598,112141.5473888,175.111,72,1710,9001,153296270,4
matmul_large_block00,1789505490.382733,112141.5877886,175.111,72,1710,9001,153296270,4
matmul_large_block00,1789505490.4420865,112141.6467887,175.111,72,1710,9001,153321520,4
matmul_large_block00,1789505490.4899414,112141.6947641,175.111,72,1710,9001,153321520,4
matmul_large_block00,1789505490.534902,112141.7395846,175.111,72,1710,9001,153349580,4
matmul_large_block00,1789505490.5929675,112141.7977956,175.111,72,1710,9001,153349580,4
matmul_large_block00,1789505490.640507,112141.8452411,175.111,72,1710,9001,153378489,4
matmul_large_block00,1789505490.688668,112141.893399,175.139,72,1710,9001,153378489,4
matmul_large_block00,1789505490.7411287,112141.9457933,175.139,72,1710,9001,153405434,4
matmul_large_block00,1789505490.7908137,112141.9955723,175.139,72,1710,9001,153405434,4
matmul_large_block00,1789505490.8424156,112142.0471051,175.139,72,1710,9001,153433483,4
matmul_large_block00,1789505490.8848665,112142.0896223,175.139,72,1710,9001,153433483,4
matmul_large_block00,1789505490.9351797,112142.1400012,175.139,72,1710,9001,153459599,4
matmul_large_block00,1789505490.9909077,112142.1956333,175.139,72,1710,9001,153459599,4
matmul_large_block00,1789505491.0442257,112142.2489021,175.139,72,1710,9001,153486810,4
matmul_large_block00,1789505491.0842223,112142.2889495,175.139,72,1710,9001,153486810,4
matmul_large_block00,1789505491.1343977,112142.3391467,175.139,72,1710,9001,153513392,4
matmul_large_block00,1789505491.1847024,112142.3895273,175.085,72,1710,9001,153513392,4
matmul_large_block00,1789505491.2347927,112142.4395382,175.085,72,1710,9001,153538110,4
matmul_large_block00,1789505491.284655,112142.4893895,175.085,72,1710,9001,153538110,4
matmul_large_block00,1789505491.3354428,112142.5402275,175.085,72,1710,9001,153562604,4
matmul_large_block00,1789505491.3847623,112142.5894237,175.085,72,1710,9001,153562604,4
matmul_large_block00,1789505491.434895,112142.6397945,175.085,72,1710,9001,153587199,4
matmul_large_block00,1789505491.4847424,112142.6894188,175.085,72,1710,9001,153587199,4
matmul_large_block00,1789505491.5405667,112142.7453105,175.085,72,1710,9001,153611836,4
matmul_large_block00,1789505491.585524,112142.7902252,175.085,72,1710,9001,153611836,4
matmul_large_block00,1789505491.64196,112142.8470955,175.085,72,1710,9001,153637532,4
matmul_large_block00,1789505491.6851044,112142.889787,175.083,73,1710,9001,153637532,4
matmul_large_block00,1789505491.7418408,112142.9465932,175.083,73,1710,9001,153663842,4
matmul_large_block00,1789505491.7916105,112142.9964142,175.083,73,1710,9001,153663842,4
matmul_large_block00,1789505491.8460712,112143.0508809,175.083,73,1710,9001,153692554,4
matmul_large_block00,1789505491.8855999,112143.0902941,175.083,73,1710,9001,153692554,4
matmul_large_block00,1789505491.9413056,112143.1460341,175.083,73,1710,9001,153720653,4
matmul_large_block00,1789505491.986122,112143.190881,175.083,73,1710,9001,153720653,4
matmul_large_block00,1789505492.0353763,112143.2401348,175.083,73,1710,9001,153747162,4
matmul_large_block00,1789505492.088346,112143.293082,175.083,73,1710,9001,153747162,4
matmul_large_block00,1789505492.1375303,112143.3422973,175.083,73,1710,9001,153773290,4
matmul_large_block00,1789505492.1868832,112143.3916439,175.066,73,1710,9001,153773290,4
matmul_large_block00,1789505492.236512,112143.441219,175.066,73,1710,9001,153799370,4
matmul_large_block00,1789505492.2858765,112143.4905555,175.066,73,1710,9001,153799370,4
matmul_large_block00,1789505492.3351884,112143.5398748,175.066,73,1710,9001,153824465,4
matmul_large_block00,1789505492.3844638,112143.589178,175.066,73,1710,9001,153824465,4
matmul_large_block00,1789505492.43441,112143.6391703,175.066,73,1710,9001,153849911,4
matmul_large_block00,1789505492.49273,112143.6975786,175.066,73,1710,9001,153849911,4
matmul_large_block00,1789505492.5399506,112143.7446995,175.066,73,1710,9001,153877956,4
matmul_large_block00,1789505492.584599,112143.789296,175.066,73,1710,9001,153877956,4
matmul_large_block00,1789505492.6408412,112143.8455523,175.066,73,1710,9001,153903440,4
matmul_large_block00,1789505492.6849952,112143.8897124,175.117,73,1710,9001,153903440,4
matmul_large_block00,1789505492.740492,112143.945201,175.117,73,1710,9001,153929293,4
matmul_large_block00,1789505492.7895834,112143.9944106,175.117,73,1710,9001,153929293,4
matmul_large_block00,1789505492.8390117,112144.0437183,175.117,73,1710,9001,153956796,4
matmul_large_block00,1789505492.8904045,112144.0951417,175.117,73,1710,9001,153956796,4
matmul_large_block00,1789505492.9400446,112144.1447946,175.117,73,1710,9001,153984426,4
matmul_large_block00,1789505492.9896548,112144.1943334,175.117,73,1710,9001,153984426,4
matmul_large_block00,1789505493.0407112,112144.2455014,175.117,73,1710,9001,154016191,4
matmul_large_block00,1789505493.0853543,112144.290155,175.117,73,1710,9001,154016191,4
matmul_large_block00,1789505493.1355095,112144.3402594,175.117,73,1710,9001,154035152,4
matmul_large_block00,1789505493.1845973,112144.3893399,175.1,73,1710,9001,154035152,4
matmul_large_block00,1789505493.2348123,112144.4395669,175.1,73,1710,9001,154060822,4
matmul_large_block00,1789505493.2840416,112144.4887283,175.1,73,1710,9001,154060822,4
matmul_large_block00,1789505493.333425,112144.5381984,175.1,73,1710,9001,154085307,4
matmul_large_block00,1789505493.3836794,112144.58845,175.1,73,1710,9001,154085307,4
matmul_large_block00,1789505493.4341385,112144.6388809,175.1,73,1710,9001,154109903,4
matmul_large_block00,1789505493.4846485,112144.6893311,175.1,73,1710,9001,154109903,4
matmul_large_block00,1789505493.5402515,112144.7449794,175.1,73,1710,9001,154134605,4
matmul_large_block00,1789505493.5843747,112144.7890711,175.1,73,1710,9001,154134605,4
matmul_large_block00,1789505493.641886,112144.846565,175.1,73,1710,9001,154160343,4
matmul_large_block00,1789505493.6890004,112144.8939549,175.129,73,1710,9001,154160343,4
matmul_large_block00,1789505493.7406294,112144.9453725,175.129,73,1710,9001,154188736,4
matmul_large_block00,1789505493.789471,112144.9944342,175.129,73,1710,9001,154188736,4
matmul_large_block00,1789505493.8398645,112145.0445767,175.129,73,1710,9001,154216944,4
matmul_large_block00,1789505493.8894591,112145.0941264,175.129,73,1710,9001,154216944,4
matmul_large_block00,1789505493.9383616,112145.1430664,175.129,73,1710,9001,154244755,4
matmul_large_block00,1789505493.985051,112145.1898891,175.129,73,1710,9001,154244755,4
matmul_large_block00,1789505494.034365,112145.2390607,175.129,73,1710,9001,154270735,4
matmul_large_block00,1789505494.090591,112145.2953141,175.129,73,1710,9001,154270735,4
matmul_large_block00,1789505494.1402607,112145.3449927,175.129,73,1710,9001,154298067,4
matmul_large_block00,1789505494.1890087,112145.393772,175.096,73,1710,9001,154298067,4
matmul_large_block00,1789505494.2392983,112145.4440069,175.096,73,1710,9001,154325622,4
matmul_large_block00,1789505494.2879734,112145.4927274,175.096,73,1710,9001,154325622,4
matmul_large_block00,1789505494.3383207,112145.5432961,175.096,73,1710,9001,154352803,4
matmul_large_block00,1789505494.3884165,112145.593132,175.096,73,1710,9001,154352803,4
matmul_large_block00,1789505494.432965,112145.6379364,175.096,73,1710,9001,154380238,4
matmul_large_block00,1789505494.4849303,112145.6895961,175.096,73,1710,9001,154380238,4
matmul_large_block00,1789505494.5408764,112145.745836,175.096,73,1710,9001,154405237,4
matmul_large_block00,1789505494.5888054,112145.793666,175.096,73,1710,9001,154405237,4
matmul_large_block00,1789505494.6411486,112145.8459098,175.096,73,1710,9001,154433252,4
matmul_large_block00,1789505494.683924,112145.8886575,175.127,73,1710,9001,154433252,4
matmul_large_block00,1789505494.74127,112145.9460092,175.127,73,1710,9001,154459408,4
matmul_large_block00,1789505494.7914815,112145.9961748,175.127,73,1710,9001,154459408,4
matmul_large_block01,1789505494.8065856,112146.0134889,175.127,73,1710,9001,154459408,4
matmul_large_block01,1789505494.868711,112146.0734121,175.127,73,1710,9001,154494893,4
matmul_large_block01,1789505494.917809,112146.122528,175.127,73,1710,9001,154519699,4
matmul_large_block01,1789505494.9636445,112146.1684022,175.127,73,1710,9001,154519699,4
matmul_large_block01,1789505495.012082,112146.2167626,175.127,73,1710,9001,154519699,4
matmul_large_block01,1789505495.06225,112146.2669412,175.127,73,1710,9001,154550708,4
matmul_large_block01,1789505495.1174517,112146.3221187,175.127,73,1710,9001,154572389,4
matmul_large_block01,1789505495.1665769,112146.371248,175.046,73,1695,9001,154572389,4
matmul_large_block01,1789505495.2158546,112146.420582,175.046,73,1695,9001,154572389,4
matmul_large_block01,1789505495.2658284,112146.4706336,175.046,73,1695,9001,154599094,4
matmul_large_block01,1789505495.316966,112146.5217365,175.046,73,1695,9001,154622107,4
matmul_large_block01,1789505495.358262,112146.5640459,175.046,73,1695,9001,154622107,4
matmul_large_block01,1789505495.4107187,112146.6159383,175.046,73,1695,9001,154622107,4
matmul_large_block01,1789505495.4620955,112146.6669987,175.046,73,1695,9001,154651102,4
matmul_large_block01,1789505495.51139,112146.7161605,175.046,73,1695,9001,154651102,4
matmul_large_block01,1789505495.5605545,112146.7653133,175.046,73,1695,9001,154681264,4
matmul_large_block01,1789505495.6150343,112146.8198447,175.046,73,1695,9001,154681264,4
matmul_large_block01,1789505495.6646554,112146.8694405,175.1,74,1695,9001,154705206,4
matmul_large_block01,1789505495.7110894,112146.9158092,175.1,74,1695,9001,154705206,4
matmul_large_block01,1789505495.760004,112146.9646882,175.1,74,1695,9001,154735547,4
matmul_large_block01,1789505495.808991,112147.0140273,175.1,74,1695,9001,154735547,4
matmul_large_block01,1789505495.863125,112147.0679436,175.1,74,1695,9001,154763717,4
matmul_large_block01,1789505495.9135401,112147.1182212,175.1,74,1695,9001,154763717,4
matmul_large_block01,1789505495.9624789,112147.16716,175.1,74,1695,9001,154788736,4
matmul_large_block01,1789505496.0146506,112147.2194858,175.1,74,1695,9001,154788736,4
matmul_large_block01,1789505496.0648937,112147.2696232,175.1,74,1695,9001,154812941,4
matmul_large_block01,1789505496.110527,112147.3152596,175.1,74,1695,9001,154812941,4
matmul_large_block01,1789505496.159788,112147.3644603,174.986,74,1710,9001,154843526,4
matmul_large_block01,1789505496.2187915,112147.4234835,174.986,74,1710,9001,154864464,4
matmul_large_block01,1789505496.267746,112147.4724767,174.986,74,1710,9001,154864464,4
matmul_large_block01,1789505496.3165793,112147.5213555,174.986,74,1710,9001,154889670,4
matmul_large_block01,1789505496.3659441,112147.5707594,174.986,74,1710,9001,154889670,4
matmul_large_block01,1789505496.414256,112147.6190884,174.986,74,1710,9001,154889670,4
matmul_large_block01,1789505496.4635167,112147.6681839,174.986,74,1710,9001,154916153,4
matmul_large_block01,1789505496.520371,112147.7251766,174.986,74,1710,9001,154938282,4
matmul_large_block01,1789505496.5610502,112147.7658029,174.986,74,1710,9001,154938282,4
matmul_large_block01,1789505496.6210752,112147.8259951,174.986,74,1710,9001,154961663,4
matmul_large_block01,1789505496.6627033,112147.8673939,174.974,74,1695,9001,154961663,4
matmul_large_block01,1789505496.7110167,112147.9158455,174.974,74,1695,9001,154961663,4
matmul_large_block01,1789505496.760093,112147.9648485,174.974,74,1695,9001,154994221,4
matmul_large_block01,1789505496.809598,112148.0143443,174.974,74,1695,9001,154994221,4
matmul_large_block01,1789505496.8629725,112148.0678301,174.974,74,1695,9001,155022709,4
matmul_large_block01,1789505496.915749,112148.1204703,174.974,74,1695,9001,155022709,4
matmul_large_block01,1789505496.9653325,112148.170082,174.974,74,1695,9001,155047561,4
matmul_large_block01,1789505497.0180597,112148.2228711,174.974,74,1695,9001,155070768,4
matmul_large_block01,1789505497.0668695,112148.2716638,174.974,74,1695,9001,155070768,4
matmul_large_block01,1789505497.1156073,112148.3203623,174.974,74,1695,9001,155070768,4
matmul_large_block01,1789505497.1666148,112148.3713181,175.002,74,1710,9001,155098026,4
matmul_large_block01,1789505497.217066,112148.4218648,175.002,74,1710,9001,155121723,4
matmul_large_block01,1789505497.2662446,112148.4710443,175.002,74,1710,9001,155121723,4
matmul_large_block01,1789505497.3159244,112148.5206705,175.002,74,1710,9001,155145833,4
matmul_large_block01,1789505497.3651583,112148.5699885,175.002,74,1710,9001,155145833,4
matmul_large_block01,1789505497.4159472,112148.6206957,175.002,74,1710,9001,155169420,4
matmul_large_block01,1789505497.4641,112148.6687843,175.002,74,1710,9001,155169420,4
matmul_large_block01,1789505497.5107296,112148.7154171,175.002,74,1710,9001,155169420,4
matmul_large_block01,1789505497.560206,112148.7651403,175.002,74,1710,9001,155200460,4
matmul_large_block01,1789505497.6126442,112148.8174496,175.002,74,1710,9001,155200460,4
matmul_large_block01,1789505497.6609068,112148.8657739,174.889,73,1680,9001,155224483,4
matmul_large_block01,1789505497.720416,112148.9251104,174.889,73,1680,9001,155245524,4
matmul_large_block01,1789505497.7606034,112148.9652708,174.889,73,1680,9001,155245524,4
matmul_large_block01,1789505497.809888,112149.0146112,174.889,73,1680,9001,155245524,4
matmul_large_block01,1789505497.8601909,112149.0649185,174.889,73,1680,9001,155276667,4
matmul_large_block01,1789505497.9097257,112149.114608,174.889,73,1680,9001,155276667,4
matmul_large_block01,1789505497.9680784,112149.1728338,174.889,73,1680,9001,155305967,4
matmul_large_block01,1789505498.0089092,112149.2137061,174.889,73,1680,9001,155305967,4
matmul_large_block01,1789505498.0682101,112149.2729975,174.889,73,1680,9001,155338139,4
matmul_large_block01,1789505498.1166148,112149.3214138,174.889,73,1680,9001,155362890,4
matmul_large_block01,1789505498.1592407,112149.3639442,175.049,74,1725,9001,155362890,4
matmul_large_block01,1789505498.2182302,112149.4228936,175.049,74,1725,9001,155384423,4
matmul_large_block01,1789505498.2673488,112149.4720966,175.049,74,1725,9001,155384423,4
matmul_large_block01,1789505498.316757,112149.521522,175.049,74,1725,9001,155409649,4
matmul_large_block01,1789505498.3658633,112149.5706353,175.049,74,1725,9001,155409649,4
matmul_large_block01,1789505498.4158428,112149.6207061,175.049,74,1725,9001,155433760,4
matmul_large_block01,1789505498.467752,112149.6724475,175.049,74,1725,9001,155433760,4
matmul_large_block01,1789505498.510291,112149.7150577,175.049,74,1725,9001,155433760,4
matmul_large_block01,1789505498.561261,112149.7661438,175.049,74,1725,9001,155466565,4
matmul_large_block01,1789505498.6213348,112149.8261976,175.049,74,1725,9001,155488006,4
matmul_large_block01,1789505498.663969,112149.8689003,174.476,73,1710,9001,155488006,4
matmul_large_block01,1789505498.7211883,112149.925974,174.476,73,1710,9001,155513264,4
matmul_large_block01,1789505498.7601686,112149.9648633,174.476,73,1710,9001,155513264,4
matmul_large_block01,1789505498.809745,112150.0144903,174.476,73,1710,9001,155513264,4
matmul_large_block01,1789505498.8600757,112150.0648447,174.476,73,1710,9001,155542902,4
matmul_large_block01,1789505498.914382,112150.1190494,174.476,73,1710,9001,155542902,4
matmul_large_block01,1789505498.9637668,112150.1684403,174.476,73,1710,9001,155567153,4
matmul_large_block01,1789505499.0132737,112150.217958,174.476,73,1710,9001,155567153,4
matmul_large_block01,1789505499.062035,112150.2666958,174.476,73,1710,9001,155592570,4
matmul_large_block01,1789505499.1110165,112150.3157807,174.476,73,1710,9001,155592570,4
matmul_large_block01,1789505499.1604445,112150.3651729,174.997,74,1710,9001,155622912,4
matmul_large_block01,1789505499.2125947,112150.4172915,174.997,74,1710,9001,155622912,4
matmul_large_block01,1789505499.2620924,112150.4669177,174.997,74,1710,9001,155647188,4
matmul_large_block01,1789505499.311495,112150.5162012,174.997,74,1710,9001,155647188,4
matmul_large_block01,1789505499.3619223,112150.5666998,174.997,74,1710,9001,155671623,4
matmul_large_block01,1789505499.4109826,112150.6157204,174.997,74,1710,9001,155671623,4
matmul_large_block01,1789505499.4598835,112150.6645505,174.997,74,1710,9001,155696243,4
matmul_large_block01,1789505499.5107782,112150.7154792,174.997,74,1710,9001,155696243,4
matmul_large_block01,1789505499.5607648,112150.7655197,174.997,74,1710,9001,155725607,4
matmul_large_block01,1789505499.6119394,112150.8166187,174.997,74,1710,9001,155725607,4
matmul_large_block01,1789505499.660986,112150.8658568,174.789,73,1680,9001,155749287,4
matmul_large_block01,1789505499.711236,112150.9160317,174.789,73,1680,9001,155749287,4
matmul_large_block01,1789505499.759839,112150.9645851,174.789,73,1680,9001,155773412,4
matmul_large_block01,1789505499.8193355,112151.024066,174.789,73,1680,9001,155794456,4
matmul_large_block01,1789505499.8597462,112151.0644596,174.789,73,1680,9001,155794456,4
matmul_large_block01,1789505499.9165242,112151.1213143,174.789,73,1680,9001,155817719,4
matmul_large_block01,1789505499.9652483,112151.1699354,174.789,73,1680,9001,155817719,4
matmul_large_block01,1789505500.0115771,112151.2163207,174.789,73,1680,9001,155817719,4
matmul_large_block01,1789505500.0608728,112151.2656367,174.789,73,1680,9001,155844136,4
matmul_large_block01,1789505500.1096182,112151.3144976,174.789,73,1680,9001,155844136,4
matmul_large_block01,1789505500.1693244,112151.3741095,174.926,74,1725,9001,155873884,4
matmul_large_block01,1789505500.2137582,112151.4184735,174.926,74,1725,9001,155873884,4
matmul_large_block01,1789505500.2649472,112151.4698092,174.926,74,1725,9001,155901879,4
matmul_large_block01,1789505500.3150454,112151.5197731,174.926,74,1725,9001,155925582,4
matmul_large_block01,1789505500.3639617,112151.5686908,174.926,74,1725,9001,155925582,4
matmul_large_block01,1789505500.412934,112151.6176024,174.926,74,1725,9001,155925582,4
matmul_large_block01,1789505500.4619331,112151.6666443,174.926,74,1725,9001,155951787,4
matmul_large_block01,1789505500.5103755,112151.7150562,174.926,74,1725,9001,155951787,4
matmul_large_block01,1789505500.559801,112151.764505,174.926,74,1725,9001,155981701,4
matmul_large_block01,1789505500.6110907,112151.8160084,174.926,74,1725,9001,155981701,4
matmul_large_block01,1789505500.6603076,112151.8649788,174.33,74,1710,9001,156005455,4
matmul_large_block01,1789505500.721687,112151.9264976,174.33,74,1710,9001,156026856,4
matmul_large_block01,1789505500.7611465,112151.9658653,174.33,74,1710,9001,156026856,4
matmul_large_block01,1789505500.816073,112152.0208365,174.33,74,1710,9001,156050229,4
matmul_large_block01,1789505500.8610466,112152.0658271,174.33,74,1710,9001,156050229,4
matmul_large_block01,1789505500.9145725,112152.1194429,174.33,74,1710,9001,156072923,4
matmul_large_block01,1789505500.963499,112152.1681887,174.33,74,1710,9001,156072923,4
matmul_large_block01,1789505501.0119905,112152.2167416,174.33,74,1710,9001,156072923,4
matmul_large_block01,1789505501.0609949,112152.2657713,174.33,74,1710,9001,156098918,4
matmul_large_block01,1789505501.109878,112152.3146452,174.33,74,1710,9001,156098918,4
matmul_large_block01,1789505501.1593602,112152.3643995,175.088,74,1710,9001,156128897,4
matmul_large_block01,1789505501.2108364,112152.4155626,175.088,74,1710,9001,156128897,4
matmul_large_block01,1789505501.2593317,112152.4640827,175.088,74,1710,9001,156153202,4
matmul_large_block01,1789505501.3133297,112152.5180509,175.088,74,1710,9001,156153202,4
matmul_large_block01,1789505501.362284,112152.5670924,175.088,74,1710,9001,156176768,4
matmul_large_block01,1789505501.4115536,112152.616229,175.088,74,1710,9001,156176768,4
matmul_large_block01,1789505501.4595819,112152.6642597,175.088,74,1710,9001,156201575,4
matmul_large_block01,1789505501.5106611,112152.7153968,175.088,74,1710,9001,156201575,4
matmul_large_block01,1789505501.5598195,112152.7645154,175.088,74,1710,9001,156224561,4
matmul_large_block01,1789505501.61158,112152.8163681,175.088,74,1710,9001,156224561,4
matmul_large_block01,1789505501.6616082,112152.8663024,174.383,74,1710,9001,156248155,4
matmul_large_block01,1789505501.711141,112152.9158707,174.383,74,1710,9001,156248155,4
matmul_large_block01,1789505501.7602937,112152.9649745,174.383,74,1710,9001,156272830,4
matmul_large_block01,1789505501.8097658,112153.0145775,174.383,74,1710,9001,156272830,4
matmul_large_block01,1789505501.8691025,112153.0737902,174.383,74,1710,9001,156302730,4
matmul_large_block01,1789505501.9095166,112153.1142738,174.383,74,1710,9001,156302730,4
matmul_large_block01,1789505501.9595606,112153.1643983,174.383,74,1710,9001,156336397,4
matmul_large_block01,1789505502.0125227,112153.2173222,174.383,74,1710,9001,156336397,4
matmul_large_block01,1789505502.061085,112153.2658649,174.383,74,1710,9001,156360837,4
matmul_large_block01,1789505502.1106734,112153.3153936,174.383,74,1710,9001,156360837,4
matmul_large_block01,1789505502.1604354,112153.3651637,174.99,75,1725,9001,156385438,4
matmul_large_block01,1789505502.2174911,112153.422249,174.99,75,1725,9001,156407164,4
matmul_large_block01,1789505502.2669475,112153.4720687,174.99,75,1725,9001,156407164,4
matmul_large_block01,1789505502.3157923,112153.5205699,174.99,75,1725,9001,156433278,4
matmul_large_block01,1789505502.3663156,112153.5710529,174.99,75,1725,9001,156433278,4
matmul_large_block01,1789505502.4153833,112153.620056,174.99,75,1725,9001,156457868,4
matmul_large_block01,1789505502.470375,112153.6750438,174.99,75,1725,9001,156457868,4
matmul_large_block01,1789505502.5112157,112153.7159255,174.99,75,1725,9001,156457868,4
matmul_large_block01,1789505502.560509,112153.765192,174.99,75,1725,9001,156479749,4
matmul_large_block01,1789505502.6196795,112153.8243489,174.99,75,1725,9001,156501527,4
matmul_large_block01,1789505502.6603966,112153.8651216,174.461,74,1710,9001,156501527,4
matmul_large_block01,1789505502.7109528,112153.9156746,174.461,74,1710,9001,156501527,4
matmul_large_block01,1789505502.7620592,112153.9667809,174.461,74,1710,9001,156528318,4
matmul_large_block01,1789505502.8112273,112154.0160003,174.461,74,1710,9001,156528318,4
matmul_large_block01,1789505502.8610144,112154.0656849,174.461,74,1710,9001,156553426,4
matmul_large_block01,1789505502.9095025,112154.1143339,174.461,74,1710,9001,156553426,4
matmul_large_block01,1789505502.9611413,112154.165895,174.461,74,1710,9001,156584011,4
matmul_large_block01,1789505503.0086977,112154.2137297,174.461,74,1710,9001,156584011,4
matmul_large_block01,1789505503.0606205,112154.2654103,174.461,74,1710,9001,156614364,4
matmul_large_block01,1789505503.11178,112154.3166845,174.461,74,1710,9001,156614364,4
matmul_large_block01,1789505503.164609,112154.3693798,174.872,75,1725,9001,156639283,4
matmul_large_block01,1789505503.2177067,112154.422408,174.872,75,1725,9001,156662873,4
matmul_large_block01,1789505503.2620869,112154.4667904,174.872,75,1725,9001,156662873,4
matmul_large_block01,1789505503.311918,112154.5166052,174.872,75,1725,9001,156662873,4
matmul_large_block01,1789505503.3605065,112154.5652263,174.872,75,1725,9001,156689351,4
matmul_large_block01,1789505503.4107213,112154.6154206,174.872,75,1725,9001,156689351,4
matmul_large_block01,1789505503.4599657,112154.6647475,174.872,75,1725,9001,156713600,4
matmul_large_block01,1789505503.51027,112154.7151155,174.872,75,1725,9001,156713600,4
matmul_large_block01,1789505503.5679011,112154.7727396,174.872,75,1725,9001,156737427,4
matmul_large_block01,1789505503.6205788,112154.8252398,174.872,75,1725,9001,156762296,4
matmul_large_block01,1789505503.6604247,112154.8651434,174.57,75,1710,9001,156762296,4
matmul_large_block01,1789505503.710655,112154.9153959,174.57,75,1710,9001,156762296,4
matmul_large_block01,1789505503.7598274,112154.9645537,174.57,75,1710,9001,156789610,4
matmul_large_block01,1789505503.8099983,112155.0147521,174.57,75,1710,9001,156789610,4
matmul_large_block01,1789505503.8688483,112155.0735394,174.57,75,1710,9001,156814173,4
matmul_large_block01,1789505503.9125533,112155.1173348,174.57,75,1710,9001,156814173,4
matmul_large_block01,1789505503.9620404,112155.166724,174.57,75,1710,9001,156842150,4
matmul_large_block01,1789505504.0121055,112155.2167789,174.57,75,1710,9001,156842150,4
matmul_large_block01,1789505504.061303,112155.2660588,174.57,75,1710,9001,156867210,4
matmul_large_block01,1789505504.1099322,112155.3145981,174.57,75,1710,9001,156867210,4
matmul_large_block01,1789505504.15995,112155.3647163,175.167,75,1695,9001,156892021,4
matmul_large_block01,1789505504.2100046,112155.4147622,175.167,75,1695,9001,156892021,4
matmul_large_block01,1789505504.2600343,112155.4648592,175.167,75,1695,9001,156916875,4
matmul_large_block01,1789505504.3089917,112155.5136993,175.167,75,1695,9001,156916875,4
matmul_large_block01,1789505504.3596125,112155.5644029,175.167,75,1695,9001,156946189,4
matmul_large_block01,1789505504.418635,112155.6235029,175.167,75,1695,9001,156967882,4
matmul_large_block01,1789505504.472091,112155.6768301,175.167,75,1695,9001,156967882,4
matmul_large_block01,1789505504.5204716,112155.725211,175.167,75,1695,9001,156989419,4
matmul_large_block01,1789505504.5605214,112155.7652703,175.167,75,1695,9001,156989419,4
matmul_large_block01,1789505504.6219084,112155.8266145,175.167,75,1695,9001,157012890,4
matmul_large_block01,1789505504.660874,112155.8655407,174.749,75,1725,9001,157012890,4
matmul_large_block01,1789505504.711831,112155.9165487,174.749,75,1725,9001,157012890,4
matmul_large_block01,1789505504.761698,112155.96639,174.749,75,1725,9001,157040825,4
matmul_large_block01,1789505504.8108516,112156.0155429,174.749,75,1725,9001,157040825,4
matmul_large_block02,1789505504.8618698,112156.0670799,174.749,75,1725,9001,157066177,4
matmul_large_block02,1789505504.9173312,112156.1220059,174.749,75,1725,9001,157089476,4
matmul_large_block02,1789505504.9673803,112156.1720554,174.749,75,1725,9001,157089476,4
matmul_large_block02,1789505505.0153618,112156.2201399,174.749,75,1725,9001,157116653,4
matmul_large_block02,1789505505.0652244,112156.2699973,174.749,75,1725,9001,157116653,4
matmul_large_block02,1789505505.1146479,112156.319449,174.749,75,1725,9001,157141880,4
matmul_large_block02,1789505505.163239,112156.3679059,174.906,75,1695,9001,157141880,4
matmul_large_block02,1789505505.2219708,112156.4267352,174.906,75,1695,9001,157165636,4
matmul_large_block02,1789505505.2717335,112156.4765087,174.906,75,1695,9001,157165636,4
matmul_large_block02,1789505505.3204212,112156.5250861,174.906,75,1695,9001,157187976,4
matmul_large_block02,1789505505.3701305,112156.5748082,174.906,75,1695,9001,157187976,4
matmul_large_block02,1789505505.4206238,112156.6253402,174.906,75,1695,9001,157208409,4
matmul_large_block02,1789505505.4754472,112156.6801559,174.906,75,1695,9001,157208409,4
matmul_large_block02,1789505505.5203893,112156.7251729,174.906,75,1695,9001,157231437,4
matmul_large_block02,1789505505.5758953,112156.7807041,174.906,75,1695,9001,157231437,4
matmul_large_block02,1789505505.621339,112156.8260661,174.906,75,1695,9001,157253331,4
matmul_large_block02,1789505505.672424,112156.8772476,174.931,75,1725,9001,157253331,4
matmul_large_block02,1789505505.721123,112156.9259885,174.931,75,1725,9001,157276172,4
matmul_large_block02,1789505505.7711017,112156.9759197,174.931,75,1725,9001,157276172,4
matmul_large_block02,1789505505.8193164,112157.0241601,174.931,75,1725,9001,157296136,4
matmul_large_block02,1789505505.8690588,112157.0738294,174.931,75,1725,9001,157296136,4
matmul_large_block02,1789505505.9126997,112157.1173763,174.931,75,1725,9001,157296136,4
matmul_large_block02,1789505505.9721532,112157.177065,174.931,75,1725,9001,157321109,4
matmul_large_block02,1789505506.0159097,112157.2206477,174.931,75,1725,9001,157341078,4
matmul_large_block02,1789505506.0648284,112157.269504,174.931,75,1725,9001,157341078,4
matmul_large_block02,1789505506.114948,112157.3196195,174.931,75,1725,9001,157366466,4
matmul_large_block02,1789505506.1650596,112157.369737,175.236,75,1680,9001,157366466,4
matmul_large_block02,1789505506.2138793,112157.4185947,175.236,75,1680,9001,157391063,4
matmul_large_block02,1789505506.263969,112157.4686534,175.236,75,1680,9001,157391063,4
matmul_large_block02,1789505506.313055,112157.517727,175.236,75,1680,9001,157391063,4
matmul_large_block02,1789505506.3627715,112157.56774,175.236,75,1680,9001,157417348,4
matmul_large_block02,1789505506.4213057,112157.6260626,175.236,75,1680,9001,157440684,4
matmul_large_block02,1789505506.471908,112157.6766412,175.236,75,1680,9001,157440684,4
matmul_large_block02,1789505506.520533,112157.7253293,175.236,75,1680,9001,157463570,4
matmul_large_block02,1789505506.5694325,112157.7740683,175.236,75,1680,9001,157463570,4
matmul_large_block02,1789505506.6212919,112157.8260278,175.236,75,1680,9001,157483736,4
matmul_large_block02,1789505506.6753955,112157.8801274,174.944,75,1710,9001,157483736,4
matmul_large_block02,1789505506.7215443,112157.9262824,174.944,75,1710,9001,157507391,4
matmul_large_block02,1789505506.7708478,112157.975507,174.944,75,1710,9001,157507391,4
matmul_large_block02,1789505506.820561,112158.0252422,174.944,75,1710,9001,157528939,4
matmul_large_block02,1789505506.869682,112158.0744569,174.944,75,1710,9001,157528939,4
matmul_large_block02,1789505506.9192019,112158.1240911,174.944,75,1710,9001,157552245,4
matmul_large_block02,1789505506.9688175,112158.1735279,174.944,75,1710,9001,157552245,4
matmul_large_block02,1789505507.0193162,112158.2240847,174.944,75,1710,9001,157574907,4
matmul_large_block02,1789505507.0696118,112158.2742764,174.944,75,1710,9001,157574907,4
matmul_large_block02,1789505507.1191227,112158.3238267,174.944,75,1710,9001,157597062,4
matmul_large_block02,1789505507.1690166,112158.3738191,174.974,75,1680,9001,157597062,4
matmul_large_block02,1789505507.218332,112158.4231207,174.974,75,1680,9001,157619258,4
matmul_large_block02,1789505507.2677474,112158.4725294,174.974,75,1680,9001,157619258,4
matmul_large_block02,1789505507.316962,112158.5216987,174.974,75,1680,9001,157646657,4
matmul_large_block02,1789505507.3666604,112158.5713188,174.974,75,1680,9001,157646657,4
matmul_large_block02,1789505507.4157612,112158.6205176,174.974,75,1680,9001,157673219,4
matmul_large_block02,1789505507.4634051,112158.6683003,174.974,75,1680,9001,157673219,4
matmul_large_block02,1789505507.5202332,112158.7248937,174.974,75,1680,9001,157698446,4
matmul_large_block02,1789505507.5672417,112158.7720911,174.974,75,1680,9001,157698446,4
matmul_large_block02,1789505507.6203687,112158.8251116,174.974,75,1680,9001,157724287,4
matmul_large_block02,1789505507.6753907,112158.8800855,174.839,75,1680,9001,157724287,4
matmul_large_block02,1789505507.7206984,112158.9255231,174.839,75,1680,9001,157747685,4
matmul_large_block02,1789505507.7709043,112158.9755721,174.839,75,1680,9001,157747685,4
matmul_large_block02,1789505507.8204136,112159.0251064,174.839,75,1680,9001,157769177,4
matmul_large_block02,1789505507.8691185,112159.0738987,174.839,75,1680,9001,157769177,4
matmul_large_block02,1789505507.9157486,112159.1204217,174.839,75,1680,9001,157792273,4
matmul_large_block02,1789505507.9649692,112159.1697085,174.839,75,1680,9001,157792273,4
matmul_large_block02,1789505508.0202935,112159.2251434,174.839,75,1680,9001,157818330,4
matmul_large_block02,1789505508.069772,112159.2745097,174.839,75,1680,9001,157818330,4
matmul_large_block02,1789505508.1185896,112159.3233507,174.839,75,1680,9001,157840937,4
matmul_large_block02,1789505508.167133,112159.3718335,174.887,75,1695,9001,157840937,4
matmul_large_block02,1789505508.2172427,112159.4220797,174.887,75,1695,9001,157868630,4
matmul_large_block02,1789505508.2666397,112159.4714424,174.887,75,1695,9001,157868630,4
matmul_large_block02,1789505508.3156836,112159.5203957,174.887,75,1695,9001,157895644,4
matmul_large_block02,1789505508.3657277,112159.5706282,174.887,75,1695,9001,157895644,4
matmul_large_block02,1789505508.4150243,112159.6197336,174.887,75,1695,9001,157921742,4
matmul_large_block02,1789505508.46386,112159.6685485,174.887,75,1695,9001,157921742,4
matmul_large_block02,1789505508.5237207,112159.728452,174.887,75,1695,9001,157946978,4
matmul_large_block02,1789505508.5636384,112159.7683896,174.887,75,1695,9001,157946978,4
matmul_large_block02,1789505508.6203222,112159.8250122,174.887,75,1695,9001,157972850,4
matmul_large_block02,1789505508.6734006,112159.8782188,175.194,75,1710,9001,157972850,4
matmul_large_block02,1789505508.7216434,112159.926447,175.194,75,1710,9001,157995848,4
matmul_large_block02,1789505508.7705326,112159.9755388,175.194,75,1710,9001,157995848,4
matmul_large_block02,1789505508.8206282,112160.0255189,175.194,75,1710,9001,158017081,4
matmul_large_block02,1789505508.8713148,112160.0761743,175.194,75,1710,9001,158017081,4
matmul_large_block02,1789505508.9179718,112160.1228824,175.194,75,1710,9001,158040584,4
matmul_large_block02,1789505508.9660711,112160.1707354,175.194,75,1710,9001,158040584,4
matmul_large_block02,1789505509.016961,112160.2216594,175.194,75,1710,9001,158066257,4
matmul_large_block02,1789505509.0624225,112160.267152,175.194,75,1710,9001,158066257,4
matmul_large_block02,1789505509.1220098,112160.3267502,175.194,75,1710,9001,158091735,4
matmul_large_block02,1789505509.171663,112160.3763791,174.433,74,1680,9001,158091735,4
matmul_large_block02,1789505509.220607,112160.4253646,174.433,74,1680,9001,158113462,4
matmul_large_block02,1789505509.2704804,112160.4752097,174.433,74,1680,9001,158113462,4
matmul_large_block02,1789505509.3203459,112160.5250222,174.433,74,1680,9001,158136192,4
matmul_large_block02,1789505509.3709404,112160.5757748,174.433,74,1680,9001,158136192,4
matmul_large_block02,1789505509.4204884,112160.6252573,174.433,74,1680,9001,158157444,4
matmul_large_block02,1789505509.4757366,112160.6804411,174.433,74,1680,9001,158157444,4
matmul_large_block02,1789505509.520255,112160.7250645,174.433,74,1680,9001,158182042,4
matmul_large_block02,1789505509.563245,112160.7679967,174.433,74,1680,9001,158182042,4
matmul_large_block02,1789505509.6213741,112160.8261182,174.433,74,1680,9001,158206654,4
matmul_large_block02,1789505509.6681051,112160.8728648,175.173,75,1695,9001,158206654,4
matmul_large_block02,1789505509.7208853,112160.9256442,175.173,75,1695,9001,158230139,4
matmul_large_block02,1789505509.7704153,112160.9751747,175.173,75,1695,9001,158230139,4
matmul_large_block02,1789505509.8216197,112161.0263041,175.173,75,1695,9001,158251065,4
matmul_large_block02,1789505509.861678,112161.0671251,175.173,75,1695,9001,158251065,4
matmul_large_block02,1789505509.9205008,112161.1252695,175.173,75,1695,9001,158278358,4
matmul_large_block02,1789505509.9692717,112161.1740336,175.173,75,1695,9001,158278358,4
matmul_large_block02,1789505510.018314,112161.2230716,175.173,75,1695,9001,158299019,4
matmul_large_block02,1789505510.0630164,112161.267692,175.173,75,1695,9001,158299019,4
matmul_large_block02,1789505510.1134272,112161.3181037,175.173,75,1695,9001,158324731,4
matmul_large_block02,1789505510.1722226,112161.3769849,174.549,75,1680,9001,158324731,4
matmul_large_block02,1789505510.221664,112161.4263903,174.549,75,1680,9001,158344961,4
matmul_large_block02,1789505510.2714026,112161.4760864,174.549,75,1680,9001,158344961,4
matmul_large_block02,1789505510.3216496,112161.5263206,174.549,75,1680,9001,158368496,4
matmul_large_block02,1789505510.371217,112161.5759252,174.549,75,1680,9001,158368496,4
matmul_large_block02,1789505510.4205294,112161.6252442,174.549,75,1680,9001,158390367,4
matmul_large_block02,1789505510.4657116,112161.6703786,174.549,75,1680,9001,158390367,4
matmul_large_block02,1789505510.5201526,112161.7248636,174.549,75,1680,9001,158418901,4
matmul_large_block02,1789505510.5716155,112161.7763301,174.549,75,1680,9001,158418901,4
matmul_large_block02,1789505510.6210344,112161.8257216,174.549,75,1680,9001,158439361,4
matmul_large_block02,1789505510.6679075,112161.8726973,174.941,75,1710,9001,158439361,4
matmul_large_block02,1789505510.7209551,112161.9256496,174.941,75,1710,9001,158462753,4
matmul_large_block02,1789505510.770395,112161.9750653,174.941,75,1710,9001,158462753,4
matmul_large_block02,1789505510.8205578,112162.0253571,174.941,75,1710,9001,158483990,4
matmul_large_block02,1789505510.8697884,112162.0744565,174.941,75,1710,9001,158483990,4
matmul_large_block02,1789505510.9131236,112162.1178976,174.941,75,1710,9001,158507316,4
matmul_large_block02,1789505510.9711268,112162.1758529,174.941,75,1710,9001,158507316,4
matmul_large_block02,1789505511.0228994,112162.2277322,174.941,75,1710,9001,158527294,4
matmul_large_block02,1789505511.0656233,112162.2703592,174.941,75,1710,9001,158527294,4
matmul_large_block02,1789505511.1146164,112162.3193346,174.941,75,1710,9001,158556625,4
matmul_large_block02,1789505511.1637943,112162.3684625,174.102,75,1695,9001,158556625,4
matmul_large_block02,1789505511.2133377,112162.4181008,174.102,75,1695,9001,158582044,4
matmul_large_block02,1789505511.2634327,112162.4681356,174.102,75,1695,9001,158582044,4
matmul_large_block02,1789505511.322703,112162.5273755,174.102,75,1695,9001,158606658,4
matmul_large_block02,1789505511.3717997,112162.5765582,174.102,75,1695,9001,158606658,4
matmul_large_block02,1789505511.422233,112162.6269449,174.102,75,1695,9001,158628347,4
matmul_large_block02,1789505511.4676485,112162.6724735,174.102,75,1695,9001,158628347,4
matmul_large_block02,1789505511.521028,112162.7257854,174.102,75,1695,9001,158652305,4
matmul_large_block02,1789505511.5715382,112162.7762088,174.102,75,1695,9001,158652305,4
matmul_large_block02,1789505511.612539,112162.8173067,174.102,75,1695,9001,158674469,4
matmul_large_block02,1789505511.6622925,112162.8673225,174.81,76,1725,9001,158674469,4
matmul_large_block02,1789505511.7216508,112162.9264483,174.81,76,1725,9001,158699270,4
matmul_large_block02,1789505511.771053,112162.9758739,174.81,76,1725,9001,158699270,4
matmul_large_block02,1789505511.8203433,112163.0250066,174.81,76,1725,9001,158721103,4
matmul_large_block02,1789505511.8687015,112163.0733842,174.81,76,1725,9001,158721103,4
matmul_large_block02,1789505511.9142835,112163.1190225,174.81,76,1725,9001,158744339,4
matmul_large_block02,1789505511.9635386,112163.168206,174.81,76,1725,9001,158744339,4
matmul_large_block02,1789505512.0186498,112163.2235109,174.81,76,1725,9001,158769407,4
matmul_large_block02,1789505512.068283,112163.2731661,174.81,76,1725,9001,158769407,4
matmul_large_block02,1789505512.113701,112163.3183757,174.81,76,1725,9001,158791791,4
matmul_large_block02,1789505512.163542,112163.3682552,174.242,75,1710,9001,158791791,4
matmul_large_block02,1789505512.213172,112163.4180494,174.242,75,1710,9001,158816750,4
matmul_large_block02,1789505512.262319,112163.4677103,174.242,75,1710,9001,158816750,4
matmul_large_block02,1789505512.312781,112163.517525,174.242,75,1710,9001,158841572,4
matmul_large_block02,1789505512.3714552,112163.5761212,174.242,75,1710,9001,158841572,4
matmul_large_block02,1789505512.421058,112163.6258925,174.242,75,1710,9001,158862249,4
matmul_large_block02,1789505512.4676685,112163.6723848,174.242,75,1710,9001,158862249,4
matmul_large_block02,1789505512.5202348,112163.7249753,174.242,75,1710,9001,158885909,4
matmul_large_block02,1789505512.5677242,112163.7726151,174.242,75,1710,9001,158885909,4
matmul_large_block02,1789505512.6206667,112163.8253844,174.242,75,1710,9001,158906967,4
matmul_large_block02,1789505512.6683214,112163.8730525,175.247,76,1710,9001,158906967,4
matmul_large_block02,1789505512.7202737,112163.9249374,175.247,76,1710,9001,158930356,4
matmul_large_block02,1789505512.769589,112163.974327,175.247,76,1710,9001,158930356,4
matmul_large_block02,1789505512.8195608,112164.0243342,175.247,76,1710,9001,158952205,4
matmul_large_block02,1789505512.8686419,112164.0733613,175.247,76,1710,9001,158952205,4
matmul_large_block02,1789505512.9180005,112164.1228318,175.247,76,1710,9001,158974798,4
matmul_large_block02,1789505512.9673643,112164.1720284,175.247,76,1710,9001,158974798,4
matmul_large_block02,1789505513.022668,112164.2273618,175.247,76,1710,9001,158995045,4
matmul_large_block02,1789505513.0696547,112164.2744183,175.247,76,1710,9001,158995045,4
matmul_large_block02,1789505513.1207278,112164.3255229,175.247,76,1710,9001,159018864,4
matmul_large_block02,1789505513.1692927,112164.3739829,174.364,75,1680,9001,159018864,4
matmul_large_block02,1789505513.2195723,112164.4243032,174.364,75,1680,9001,159040431,4
matmul_large_block02,1789505513.2684603,112164.4731436,174.364,75,1680,9001,159040431,4
matmul_large_block02,1789505513.3174925,112164.5221633,174.364,75,1680,9001,159063810,4
matmul_large_block02,1789505513.3674495,112164.5722202,174.364,75,1680,9001,159063810,4
matmul_large_block02,1789505513.416325,112164.6209944,174.364,75,1680,9001,159084583,4
matmul_large_block02,1789505513.4634035,112164.6682741,174.364,75,1680,9001,159084583,4
matmul_large_block02,1789505513.520391,112164.7251556,174.364,75,1680,9001,159111644,4
matmul_large_block02,1789505513.563426,112164.7681468,174.364,75,1680,9001,159111644,4
matmul_large_block02,1789505513.6216564,112164.8264915,174.364,75,1680,9001,159137554,4
matmul_large_block02,1789505513.6680405,112164.8728787,175.376,76,1710,9001,159137554,4
matmul_large_block02,1789505513.7204287,112164.9251086,175.376,76,1710,9001,159161908,4
matmul_large_block02,1789505513.7701647,112164.9749304,175.376,76,1710,9001,159161908,4
matmul_large_block02,1789505513.814203,112165.0188891,175.376,76,1710,9001,159183147,4
matmul_large_block02,1789505513.8636532,112165.0683784,175.376,76,1710,9001,159183147,4
matmul_large_block02,1789505513.919536,112165.1242882,175.376,76,1710,9001,159208972,4
matmul_large_block02,1789505513.9685016,112165.1731699,175.376,76,1710,9001,159208972,4
matmul_large_block02,1789505514.0170045,112165.221792,175.376,76,1710,9001,159230072,4
matmul_large_block02,1789505514.070389,112165.2752044,175.376,76,1710,9001,159230072,4
matmul_large_block02,1789505514.1140165,112165.318792,175.376,76,1710,9001,159251783,4
matmul_large_block02,1789505514.1636086,112165.3682875,174.43,76,1695,9001,159251783,4
matmul_large_block02,1789505514.2130945,112165.4178061,174.43,76,1695,9001,159277636,4
matmul_large_block02,1789505514.2670858,112165.4719058,174.43,76,1695,9001,159277636,4
matmul_large_block02,1789505514.3189573,112165.5236995,174.43,76,1695,9001,159298323,4
matmul_large_block02,1789505514.3697133,112165.574518,174.43,76,1695,9001,159298323,4
matmul_large_block02,1789505514.4124377,112165.6174246,174.43,76,1695,9001,159319181,4
matmul_large_block02,1789505514.466366,112165.6711065,174.43,76,1695,9001,159319181,4
matmul_large_block02,1789505514.5209255,112165.7257836,174.43,76,1695,9001,159339990,4
matmul_large_block02,1789505514.5627706,112165.7674725,174.43,76,1695,9001,159339990,4
matmul_large_block02,1789505514.6122115,112165.8172463,174.43,76,1695,9001,159367156,4
matmul_large_block02,1789505514.6630588,112165.8678024,175.239,76,1710,9001,159367156,4
matmul_large_block02,1789505514.7220473,112165.9267472,175.239,76,1710,9001,159392389,4
matmul_large_block02,1789505514.7636771,112165.9683871,175.239,76,1710,9001,159392389,4
matmul_large_block02,1789505514.8148866,112166.0196776,175.239,76,1710,9001,159420049,4
matmul_large_block02,1789505514.8667624,112166.0715498,175.239,76,1710,9001,159420049,4
matmul_large_block02,1789505514.9185143,112166.1232441,175.239,76,1710,9001,159440756,4
matmul_large_block03,1789505514.9352114,112166.1440439,175.239,76,1710,9001,159440756,4
matmul_large_block03,1789505514.9908237,112166.1956317,175.239,76,1710,9001,159440756,4
matmul_large_block03,1789505515.0416658,112166.246453,175.239,76,1710,9001,159467647,4
matmul_large_block03,1789505515.093259,112166.2981167,175.239,76,1710,9001,159467647,4
matmul_large_block03,1789505515.1475508,112166.3522447,175.239,76,1710,9001,159494981,4
matmul_large_block03,1789505515.1895556,112166.3946925,174.191,76,1680,9001,159494981,4
matmul_large_block03,1789505515.2414804,112166.446324,174.191,76,1680,9001,159518225,4
matmul_large_block03,1789505515.2923138,112166.4971886,174.191,76,1680,9001,159518225,4
matmul_large_block03,1789505515.3442228,112166.5493635,174.191,76,1680,9001,159545559,4
matmul_large_block03,1789505515.3956785,112166.6006378,174.191,76,1680,9001,159545559,4
matmul_large_block03,1789505515.4461753,112166.6509563,174.191,76,1680,9001,159574198,4
matmul_large_block03,1789505515.4964848,112166.7014159,174.191,76,1680,9001,159574198,4
matmul_large_block03,1789505515.5416093,112166.7464668,174.191,76,1680,9001,159599056,4
matmul_large_block03,1789505515.5961268,112166.801063,174.191,76,1680,9001,159599056,4
matmul_large_block03,1789505515.645406,112166.8502667,174.191,76,1680,9001,159627914,4
matmul_large_block03,1789505515.6888819,112166.8943747,175.202,76,1710,9001,159627914,4
matmul_large_block03,1789505515.74266,112166.9475617,175.202,76,1710,9001,159656051,4
matmul_large_block03,1789505515.793483,112166.9982537,175.202,76,1710,9001,159656051,4
matmul_large_block03,1789505515.8447092,112167.0495995,175.202,76,1710,9001,159682469,4
matmul_large_block03,1789505515.8959186,112167.1008865,175.202,76,1710,9001,159682469,4
matmul_large_block03,1789505515.9445436,112167.1494906,175.202,76,1710,9001,159712452,4
matmul_large_block03,1789505515.9960136,112167.2008878,175.202,76,1710,9001,159712452,4
matmul_large_block03,1789505516.0453372,112167.2501261,175.202,76,1710,9001,159742084,4
matmul_large_block03,1789505516.096041,112167.3009576,175.202,76,1710,9001,159742084,4
matmul_large_block03,1789505516.1500132,112167.354765,175.202,76,1710,9001,159771937,4
matmul_large_block03,1789505516.1905744,112167.395273,174.567,76,1695,9001,159771937,4
matmul_large_block03,1789505516.2406714,112167.4454304,174.567,76,1695,9001,159795304,4
matmul_large_block03,1789505516.2924774,112167.4972841,174.567,76,1695,9001,159795304,4
matmul_large_block03,1789505516.3438559,112167.5485811,174.567,76,1695,9001,159822209,4
matmul_large_block03,1789505516.394429,112167.5991687,174.567,76,1695,9001,159822209,4
matmul_large_block03,1789505516.44553,112167.6502855,174.567,76,1695,9001,159851167,4
matmul_large_block03,1789505516.4960527,112167.7008015,174.567,76,1695,9001,159851167,4
matmul_large_block03,1789505516.5409565,112167.7457397,174.567,76,1695,9001,159881595,4
matmul_large_block03,1789505516.596044,112167.8007797,174.567,76,1695,9001,159881595,4
matmul_large_block03,1789505516.6423738,112167.8471536,174.567,76,1695,9001,159910028,4
matmul_large_block03,1789505516.7102404,112167.9150388,174.879,76,1710,9001,159934816,4
matmul_large_block03,1789505516.741072,112167.9457617,174.879,76,1710,9001,159934816,4
matmul_large_block03,1789505516.7921977,112167.9968932,174.879,76,1710,9001,159934816,4
matmul_large_block03,1789505516.8429253,112168.0475981,174.879,76,1710,9001,159959952,4
matmul_large_block03,1789505516.8937247,112168.0984044,174.879,76,1710,9001,159959952,4
matmul_large_block03,1789505516.9467711,112168.1515559,174.879,76,1710,9001,159987631,4
matmul_large_block03,1789505516.9971678,112168.2019992,174.879,76,1710,9001,159987631,4
matmul_large_block03,1789505517.0396152,112168.2450117,174.879,76,1710,9001,160013299,4
matmul_large_block03,1789505517.091277,112168.2960158,174.879,76,1710,9001,160013299,4
matmul_large_block03,1789505517.1441047,112168.3488419,174.879,76,1710,9001,160039851,4
matmul_large_block03,1789505517.1953685,112168.4000625,174.666,76,1710,9001,160039851,4
matmul_large_block03,1789505517.246394,112168.4511352,174.666,76,1710,9001,160067017,4
matmul_large_block03,1789505517.2970228,112168.5017482,174.666,76,1710,9001,160067017,4
matmul_large_block03,1789505517.3486047,112168.5533309,174.666,76,1710,9001,160092038,4
matmul_large_block03,1789505517.3896646,112168.5944744,174.666,76,1710,9001,160092038,4
matmul_large_block03,1789505517.4393618,112168.6444186,174.666,76,1710,9001,160114584,4
matmul_large_block03,1789505517.4910948,112168.6957721,174.666,76,1710,9001,160114584,4
matmul_large_block03,1789505517.5402737,112168.7450525,174.666,76,1710,9001,160140887,4
matmul_large_block03,1789505517.5918925,112168.7968279,174.666,76,1710,9001,160140887,4
matmul_large_block03,1789505517.6416676,112168.8463723,174.666,76,1710,9001,160167738,4
matmul_large_block03,1789505517.6919038,112168.8967359,175.305,76,1710,9001,160167738,4
matmul_large_block03,1789505517.740368,112168.9451391,175.305,76,1710,9001,160195156,4
matmul_large_block03,1789505517.791002,112168.9960892,175.305,76,1710,9001,160195156,4
matmul_large_block03,1789505517.8418453,112169.0467916,175.305,76,1710,9001,160219791,4
matmul_large_block03,1789505517.8932805,112169.098207,175.305,76,1710,9001,160219791,4
matmul_large_block03,1789505517.9387271,112169.1444737,175.305,76,1710,9001,160247546,4
matmul_large_block03,1789505517.9897933,112169.194582,175.305,76,1710,9001,160247546,4
matmul_large_block03,1789505518.0394266,112169.244649,175.305,76,1710,9001,160272911,4
matmul_large_block03,1789505518.091945,112169.2969879,175.305,76,1710,9001,160272911,4
matmul_large_block03,1789505518.1438875,112169.3487526,175.305,76,1710,9001,160299825,4
matmul_large_block03,1789505518.196924,112169.4016791,175.14,76,1710,9001,160299825,4
matmul_large_block03,1789505518.2489145,112169.4541243,175.14,76,1710,9001,160330375,4
matmul_large_block03,1789505518.290202,112169.4951257,175.14,76,1710,9001,160330375,4
matmul_large_block03,1789505518.3417692,112169.5466188,175.14,76,1710,9001,160353080,4
matmul_large_block03,1789505518.393218,112169.598071,175.14,76,1710,9001,160353080,4
matmul_large_block03,1789505518.4447167,112169.6496472,175.14,76,1710,9001,160380272,4
matmul_large_block03,1789505518.501856,112169.7066686,175.14,76,1710,9001,160380272,4
matmul_large_block03,1789505518.543873,112169.7489721,175.14,76,1710,9001,160407528,4
matmul_large_block03,1789505518.6025195,112169.8077707,175.14,76,1710,9001,160407528,4
matmul_large_block03,1789505518.6445756,112169.8494541,175.14,76,1710,9001,160440657,4
matmul_large_block03,1789505518.7010016,112169.9058794,175.13,76,1680,9001,160440657,4
matmul_large_block03,1789505518.7457938,112169.9507049,175.13,76,1680,9001,160473123,4
matmul_large_block03,1789505518.7971697,112170.0023081,175.13,76,1680,9001,160473123,4
matmul_large_block03,1789505518.8388493,112170.0445878,175.13,76,1680,9001,160498163,4
matmul_large_block03,1789505518.8907259,112170.0956941,175.13,76,1680,9001,160498163,4
matmul_large_block03,1789505518.9475083,112170.1525696,175.13,76,1680,9001,160524466,4
matmul_large_block03,1789505518.9985335,112170.2034979,175.13,76,1680,9001,160524466,4
matmul_large_block03,1789505519.043866,112170.248686,175.13,76,1680,9001,160551143,4
matmul_large_block03,1789505519.0957224,112170.3005196,175.13,76,1680,9001,160551143,4
matmul_large_block03,1789505519.1469462,112170.351751,175.13,76,1680,9001,160581494,4
matmul_large_block03,1789505519.1931818,112170.3979869,174.857,76,1725,9001,160581494,4
matmul_large_block03,1789505519.2449741,112170.4497082,174.857,76,1725,9001,160605741,4
matmul_large_block03,1789505519.296405,112170.5010815,174.857,76,1725,9001,160605741,4
matmul_large_block03,1789505519.3478477,112170.5526917,174.857,76,1725,9001,160630709,4
matmul_large_block03,1789505519.3990355,112170.603739,174.857,76,1725,9001,160630709,4
matmul_large_block03,1789505519.439414,112170.6444459,174.857,76,1725,9001,160656938,4
matmul_large_block03,1789505519.4923346,112170.697087,174.857,76,1725,9001,160656938,4
matmul_large_block03,1789505519.5429974,112170.7477458,174.857,76,1725,9001,160684518,4
matmul_large_block03,1789505519.589559,112170.7944642,174.857,76,1725,9001,160684518,4
matmul_large_block03,1789505519.6433344,112170.8481151,174.857,76,1725,9001,160710175,4
matmul_large_block03,1789505519.6944118,112170.8992643,174.748,76,1680,9001,160710175,4
matmul_large_block03,1789505519.7426217,112170.9474413,174.748,76,1680,9001,160739266,4
matmul_large_block03,1789505519.7936049,112170.9983094,174.748,76,1680,9001,160739266,4
matmul_large_block03,1789505519.8447866,112171.0497899,174.748,76,1680,9001,160767667,4
matmul_large_block03,1789505519.896942,112171.1017089,174.748,76,1680,9001,160767667,4
matmul_large_block03,1789505519.948946,112171.1537479,174.748,76,1680,9001,160792530,4
matmul_large_block03,1789505519.9897742,112171.1945212,174.748,76,1680,9001,160792530,4
matmul_large_block03,1789505520.0433466,112171.2480603,174.748,76,1680,9001,160814783,4
matmul_large_block03,1789505520.094226,112171.2991517,174.748,76,1680,9001,160814783,4
matmul_large_block03,1789505520.1465027,112171.3512737,174.748,76,1680,9001,160844468,4
matmul_large_block03,1789505520.1911163,112171.3958328,175.295,76,1725,9001,160844468,4
matmul_large_block03,1789505520.2418876,112171.446706,175.295,76,1725,9001,160867860,4
matmul_large_block03,1789505520.2937572,112171.4986126,175.295,76,1725,9001,160867860,4
matmul_large_block03,1789505520.344432,112171.5492988,175.295,76,1725,9001,160896902,4
matmul_large_block03,1789505520.3954787,112171.6001904,175.295,76,1725,9001,160896902,4
matmul_large_block03,1789505520.4432561,112171.6482215,175.295,76,1725,9001,160921762,4
matmul_large_block03,1789505520.4927075,112171.69751,175.295,76,1725,9001,160921762,4
matmul_large_block03,1789505520.5418918,112171.7465376,175.295,76,1725,9001,160951008,4
matmul_large_block03,1789505520.5966184,112171.8013489,175.295,76,1725,9001,160951008,4
matmul_large_block03,1789505520.644093,112171.8488907,175.295,76,1725,9001,160979328,4
matmul_large_block03,1789505520.6935525,112171.8982874,174.506,76,1680,9001,160979328,4
matmul_large_block03,1789505520.743941,112171.9487891,174.506,76,1680,9001,161008644,4
matmul_large_block03,1789505520.7954278,112172.0002914,174.506,76,1680,9001,161008644,4
matmul_large_block03,1789505520.8475204,112172.052278,174.506,76,1680,9001,161038569,4
matmul_large_block03,1789505520.8989065,112172.1036977,174.506,76,1680,9001,161038569,4
matmul_large_block03,1789505520.9410982,112172.1459198,174.506,76,1680,9001,161064309,4
matmul_large_block03,1789505520.993016,112172.1977425,174.506,76,1680,9001,161064309,4
matmul_large_block03,1789505521.0439358,112172.2486182,174.506,76,1680,9001,161091421,4
matmul_large_block03,1789505521.0959485,112172.3007377,174.506,76,1680,9001,161091421,4
matmul_large_block03,1789505521.1475475,112172.3522609,174.506,76,1680,9001,161122112,4
matmul_large_block03,1789505521.1886964,112172.3942737,174.941,76,1725,9001,161122112,4
matmul_large_block03,1789505521.245771,112172.4505018,174.941,76,1725,9001,161145990,4
matmul_large_block03,1789505521.2974713,112172.50225,174.941,76,1725,9001,161145990,4
matmul_large_block03,1789505521.3490167,112172.5537395,174.941,76,1725,9001,161171796,4
matmul_large_block03,1789505521.3906496,112172.5954026,174.941,76,1725,9001,161171796,4
matmul_large_block03,1789505521.441826,112172.6466055,174.941,76,1725,9001,161195093,4
matmul_large_block03,1789505521.5005963,112172.7053091,174.941,76,1725,9001,161195093,4
matmul_large_block03,1789505521.5413961,112172.7460967,174.941,76,1725,9001,161226861,4
matmul_large_block03,1789505521.596576,112172.8013608,174.941,76,1725,9001,161226861,4
matmul_large_block03,1789505521.6435084,112172.8482754,174.941,76,1725,9001,161255438,4
matmul_large_block03,1789505521.695001,112172.8997725,174.852,76,1680,9001,161255438,4
matmul_large_block03,1789505521.7432246,112172.94801,174.852,76,1680,9001,161285133,4
matmul_large_block03,1789505521.795048,112172.9997865,174.852,76,1680,9001,161285133,4
matmul_large_block03,1789505521.846881,112173.0515954,174.852,76,1680,9001,161314782,4
matmul_large_block03,1789505521.8991222,112173.1039091,174.852,76,1680,9001,161314782,4
matmul_large_block03,1789505521.9410667,112173.1458077,174.852,76,1680,9001,161342009,4
matmul_large_block03,1789505521.9919584,112173.1966815,174.852,76,1680,9001,161342009,4
matmul_large_block03,1789505522.0478673,112173.2526468,174.852,76,1680,9001,161369850,4
matmul_large_block03,1789505522.088917,112173.2940663,174.852,76,1680,9001,161369850,4
matmul_large_block03,1789505522.140643,112173.3454517,174.852,76,1680,9001,161393700,4
matmul_large_block03,1789505522.1925848,112173.3974469,174.87,77,1725,9001,161393700,4
matmul_large_block03,1789505522.2472079,112173.45208,174.87,77,1725,9001,161421008,4
matmul_large_block03,1789505522.2986689,112173.5035434,174.87,77,1725,9001,161421008,4
matmul_large_block03,1789505522.3398974,112173.5446362,174.87,77,1725,9001,161447731,4
matmul_large_block03,1789505522.391782,112173.5965671,174.87,77,1725,9001,161447731,4
matmul_large_block03,1789505522.4438112,112173.648549,174.87,77,1725,9001,161474394,4
matmul_large_block03,1789505522.4977064,112173.7024213,174.87,77,1725,9001,161474394,4
matmul_large_block03,1789505522.5414445,112173.7462087,174.87,77,1725,9001,161505651,4
matmul_large_block03,1789505522.590208,112173.795204,174.87,77,1725,9001,161505651,4
matmul_large_block03,1789505522.6433506,112173.8481241,174.87,77,1725,9001,161533325,4
matmul_large_block03,1789505522.6949918,112173.8996954,174.285,76,1680,9001,161533325,4
matmul_large_block03,1789505522.7454545,112173.9502051,174.285,76,1680,9001,161563312,4
matmul_large_block03,1789505522.7970912,112174.0020732,174.285,76,1680,9001,161563312,4
matmul_large_block03,1789505522.8483555,112174.0532269,174.285,76,1680,9001,161589521,4
matmul_large_block03,1789505522.889745,112174.0944728,174.285,76,1680,9001,161589521,4
matmul_large_block03,1789505522.945849,112174.1507182,174.285,76,1680,9001,161613753,4
matmul_large_block03,1789505522.9972205,112174.2019755,174.285,76,1680,9001,161613753,4
matmul_large_block03,1789505523.0420315,112174.2467448,174.285,76,1680,9001,161639692,4
matmul_large_block03,1789505523.0932462,112174.297987,174.285,76,1680,9001,161639692,4
matmul_large_block03,1789505523.1447933,112174.3495754,174.285,76,1680,9001,161669325,4
matmul_large_block03,1789505523.1961339,112174.4008072,175.397,77,1725,9001,161669325,4
matmul_large_block03,1789505523.2471657,112174.4519874,175.397,77,1725,9001,161695028,4
matmul_large_block03,1789505523.2985706,112174.5033387,175.397,77,1725,9001,161695028,4
matmul_large_block03,1789505523.3396912,112174.5450552,175.397,77,1725,9001,161721890,4
matmul_large_block03,1789505523.3910518,112174.5959129,175.397,77,1725,9001,161721890,4
matmul_large_block03,1789505523.4421294,112174.6468002,175.397,77,1725,9001,161748850,4
matmul_large_block03,1789505523.4951963,112174.6998876,175.397,77,1725,9001,161748850,4
matmul_large_block03,1789505523.541725,112174.7464977,175.397,77,1725,9001,161778434,4
matmul_large_block03,1789505523.5968225,112174.8015226,175.397,77,1725,9001,161778434,4
matmul_large_block03,1789505523.6439407,112174.8487046,175.397,77,1725,9001,161807261,4
matmul_large_block03,1789505523.69104,112174.8958594,173.935,76,1680,9001,161807261,4
matmul_large_block03,1789505523.743278,112174.9480581,173.935,76,1680,9001,161831075,4
matmul_large_block03,1789505523.7949092,112174.9996968,173.935,76,1680,9001,161831075,4
matmul_large_block03,1789505523.8461738,112175.050907,173.935,76,1680,9001,161861643,4
matmul_large_block03,1789505523.8973298,112175.1021314,173.935,76,1680,9001,161861643,4
matmul_large_block03,1789505523.945858,112175.1506182,173.935,76,1680,9001,161887814,4
matmul_large_block03,1789505523.9967,112175.2014254,173.935,76,1680,9001,161887814,4
matmul_large_block03,1789505524.0523677,112175.2571802,173.935,76,1680,9001,161913659,4
matmul_large_block03,1789505524.0937333,112175.2984531,173.935,76,1680,9001,161913659,4
matmul_large_block03,1789505524.145533,112175.3502826,173.935,76,1680,9001,161939732,4
matmul_large_block03,1789505524.1960685,112175.400808,175.371,77,1725,9001,161939732,4
matmul_large_block03,1789505524.2468572,112175.4516701,175.371,77,1725,9001,161965430,4
matmul_large_block03,1789505524.297836,112175.5026013,175.371,77,1725,9001,161965430,4
matmul_large_block03,1789505524.3394856,112175.5444643,175.371,77,1725,9001,161991744,4
matmul_large_block03,1789505524.3912127,112175.5959634,175.371,77,1725,9001,161991744,4
matmul_large_block03,1789505524.4432218,112175.6479783,175.371,77,1725,9001,162017297,4
matmul_large_block03,1789505524.4922807,112175.6970259,175.371,77,1725,9001,162017297,4
matmul_large_block03,1789505524.5419908,112175.7466935,175.371,77,1725,9001,162046867,4
matmul_large_block03,1789505524.5968146,112175.8015191,175.371,77,1725,9001,162046867,4
matmul_large_block03,1789505524.643741,112175.8485364,175.371,77,1725,9001,162075923,4
matmul_large_block03,1789505524.6907787,112175.8954613,174.829,76,1680,9001,162075923,4
matmul_large_block03,1789505524.7417367,112175.9465867,174.829,76,1680,9001,162098742,4
matmul_large_block03,1789505524.7939584,112175.9987377,174.829,76,1680,9001,162098742,4
matmul_large_block03,1789505524.8458061,112176.0506314,174.829,76,1680,9001,162127117,4
matmul_large_block03,1789505524.8976998,112176.1024324,174.829,76,1680,9001,162127117,4
matmul_large_block03,1789505524.9396148,112176.1444444,174.829,76,1680,9001,162153328,4
matmul_large_block03,1789505524.9958167,112176.200546,174.829,76,1680,9001,162153328,4
matmul_large_block04,1789505525.0336814,112176.2385932,174.829,76,1680,9001,162182258,4
matmul_large_block04,1789505525.0935197,112176.2984446,174.829,76,1680,9001,162182258,4
matmul_large_block04,1789505525.1346548,112176.3394827,174.829,76,1680,9001,162209482,4
matmul_large_block04,1789505525.1892724,112176.394187,174.237,77,1725,9001,162209482,4
matmul_large_block04,1789505525.2407286,112176.4456345,174.237,77,1725,9001,162234228,4
matmul_large_block04,1789505525.2920544,112176.496907,174.237,77,1725,9001,162234228,4
matmul_large_block04,1789505525.3335178,112176.5394621,174.237,77,1725,9001,162263547,4
matmul_large_block04,1789505525.3850403,112176.589885,174.237,77,1725,9001,162263547,4
matmul_large_block04,1789505525.4365776,112176.6414615,174.237,77,1725,9001,162288103,4
matmul_large_block04,1789505525.484733,112176.6895417,174.237,77,1725,9001,162288103,4
matmul_large_block04,1789505525.534919,112176.7397845,174.237,77,1725,9001,162313438,4
matmul_large_block04,1789505525.5927966,112176.7975542,174.237,77,1725,9001,162313438,4
matmul_large_block04,1789505525.642983,112176.8480499,174.237,77,1725,9001,162338420,4
matmul_large_block04,1789505525.6904635,112176.8951123,173.941,76,1695,9001,162338420,4
matmul_large_block04,1789505525.7433512,112176.9483895,173.941,76,1695,9001,162362444,4
matmul_large_block04,1789505525.78484,112176.9898402,173.941,76,1695,9001,162362444,4
matmul_large_block04,1789505525.8360033,112177.0406939,173.941,76,1695,9001,162384975,4
matmul_large_block04,1789505525.8870034,112177.0918442,173.941,76,1695,9001,162384975,4
matmul_large_block04,1789505525.9397974,112177.1449281,173.941,76,1695,9001,162410643,4
matmul_large_block04,1789505525.9952211,112177.2000702,173.941,76,1695,9001,162410643,4
matmul_large_block04,1789505526.0419755,112177.2467746,173.941,76,1695,9001,162439232,4
matmul_large_block04,1789505526.0938368,112177.2986941,173.941,76,1695,9001,162439232,4
matmul_large_block04,1789505526.1348577,112177.3396338,173.941,76,1695,9001,162469874,4
matmul_large_block04,1789505526.186018,112177.3909367,175.0,77,1710,9001,162469874,4
matmul_large_block04,1789505526.2372131,112177.4422338,175.0,77,1710,9001,162493728,4
matmul_large_block04,1789505526.2894003,112177.4942462,175.0,77,1710,9001,162493728,4
matmul_large_block04,1789505526.3408434,112177.5456996,175.0,77,1710,9001,162520792,4
matmul_large_block04,1789505526.391885,112177.5970733,175.0,77,1710,9001,162520792,4
matmul_large_block04,1789505526.433402,112177.6390804,175.0,77,1710,9001,162548521,4
matmul_large_block04,1789505526.483929,112177.6889713,175.0,77,1710,9001,162548521,4
matmul_large_block04,1789505526.5441341,112177.7492395,175.0,77,1710,9001,162572872,4
matmul_large_block04,1789505526.5844178,112177.7893325,175.0,77,1710,9001,162572872,4
matmul_large_block04,1789505526.643007,112177.8477973,175.0,77,1710,9001,162594717,4
matmul_large_block04,1789505526.6847367,112177.8897944,174.445,77,1695,9001,162594717,4
matmul_large_block04,1789505526.7438898,112177.9489301,174.445,77,1695,9001,162617939,4
matmul_large_block04,1789505526.7849803,112177.9897994,174.445,77,1695,9001,162617939,4
matmul_large_block04,1789505526.8366802,112178.0417271,174.445,77,1695,9001,162641384,4
matmul_large_block04,1789505526.8874419,112178.0924296,174.445,77,1695,9001,162641384,4
matmul_large_block04,1789505526.938913,112178.1440039,174.445,77,1695,9001,162667739,4
matmul_large_block04,1789505526.9907908,112178.1956564,174.445,77,1695,9001,162667739,4
matmul_large_block04,1789505527.0350378,112178.2399861,174.445,77,1695,9001,162696018,4
matmul_large_block04,1789505527.091681,112178.2965936,174.445,77,1695,9001,162696018,4
matmul_large_block04,1789505527.143132,112178.348083,174.445,77,1695,9001,162723580,4
matmul_large_block04,1789505527.1846545,112178.38972,175.272,77,1710,9001,162723580,4
matmul_large_block04,1789505527.2357059,112178.4405283,175.272,77,1710,9001,162746308,4
matmul_large_block04,1789505527.287512,112178.4922981,175.272,77,1710,9001,162746308,4
matmul_large_block04,1789505527.338451,112178.5434832,175.272,77,1710,9001,162771631,4
matmul_large_block04,1789505527.3904097,112178.5952248,175.272,77,1710,9001,162771631,4
matmul_large_block04,1789505527.4417644,112178.6465441,175.272,77,1710,9001,162797591,4
matmul_large_block04,1789505527.4881554,112178.693223,175.272,77,1710,9001,162797591,4
matmul_large_block04,1789505527.541915,112178.7467758,175.272,77,1710,9001,162825993,4
matmul_large_block04,1789505527.5879881,112178.7927295,175.272,77,1710,9001,162825993,4
matmul_large_block04,1789505527.6432981,112178.8482557,175.272,77,1710,9001,162848630,4
matmul_large_block04,1789505527.689401,112178.8941588,174.474,76,1680,9001,162848630,4
matmul_large_block04,1789505527.7349753,112178.9399617,174.474,76,1680,9001,162872563,4
matmul_large_block04,1789505527.7859776,112178.9908298,174.474,76,1680,9001,162872563,4
matmul_large_block04,1789505527.8370688,112179.0421938,174.474,76,1680,9001,162896781,4
matmul_large_block04,1789505527.8885016,112179.0933818,174.474,76,1680,9001,162896781,4
matmul_large_block04,1789505527.939081,112179.1440339,174.474,76,1680,9001,162923997,4
matmul_large_block04,1789505527.9907572,112179.1958628,174.474,76,1680,9001,162923997,4
matmul_large_block04,1789505528.0348203,112179.2395753,174.474,76,1680,9001,162952614,4
matmul_large_block04,1789505528.0874972,112179.292378,174.474,76,1680,9001,162952614,4
matmul_large_block04,1789505528.1386693,112179.3436029,174.474,76,1680,9001,162978421,4
matmul_large_block04,1789505528.1896462,112179.3945395,175.259,77,1695,9001,162978421,4
matmul_large_block04,1789505528.240737,112179.4454963,175.259,77,1695,9001,163006641,4
matmul_large_block04,1789505528.2928572,112179.4978443,175.259,77,1695,9001,163006641,4
matmul_large_block04,1789505528.3342338,112179.5390246,175.259,77,1695,9001,163036302,4
matmul_large_block04,1789505528.3867779,112179.5916398,175.259,77,1695,9001,163036302,4
matmul_large_block04,1789505528.4375384,112179.6422672,175.259,77,1695,9001,163059810,4
matmul_large_block04,1789505528.488298,112179.6931094,175.259,77,1695,9001,163059810,4
matmul_large_block04,1789505528.5337718,112179.7392452,175.259,77,1695,9001,163086675,4
matmul_large_block04,1789505528.5866253,112179.7914314,175.259,77,1695,9001,163086675,4
matmul_large_block04,1789505528.6443572,112179.8492727,175.259,77,1695,9001,163109997,4
matmul_large_block04,1789505528.6896594,112179.8943787,174.467,76,1695,9001,163109997,4
matmul_large_block04,1789505528.7347121,112179.9397385,174.467,76,1695,9001,163134203,4
matmul_large_block04,1789505528.785699,112179.9905176,174.467,76,1695,9001,163134203,4
matmul_large_block04,1789505528.8367786,112180.0416554,174.467,76,1695,9001,163158788,4
matmul_large_block04,1789505528.8883014,112180.0930503,174.467,76,1695,9001,163158788,4
matmul_large_block04,1789505528.9439876,112180.1489188,174.467,76,1695,9001,163186086,4
matmul_large_block04,1789505528.985268,112180.1902654,174.467,76,1695,9001,163186086,4
matmul_large_block04,1789505529.0387328,112180.2434931,174.467,76,1695,9001,163208745,4
matmul_large_block04,1789505529.0906656,112180.295656,174.467,76,1695,9001,163208745,4
matmul_large_block04,1789505529.141849,112180.3467597,174.467,76,1695,9001,163237705,4
matmul_large_block04,1789505529.1935964,112180.398508,174.974,77,1680,9001,163237705,4
matmul_large_block04,1789505529.2343876,112180.4391196,174.974,77,1680,9001,163262539,4
matmul_large_block04,1789505529.2848866,112180.4897235,174.974,77,1680,9001,163262539,4
matmul_large_block04,1789505529.3354483,112180.5401638,174.974,77,1680,9001,163287276,4
matmul_large_block04,1789505529.3851442,112180.5899427,174.974,77,1680,9001,163287276,4
matmul_large_block04,1789505529.4358485,112180.6406796,174.974,77,1680,9001,163312317,4
matmul_large_block04,1789505529.4881048,112180.6929235,174.974,77,1680,9001,163312317,4
matmul_large_block04,1789505529.535708,112180.7404322,174.974,77,1680,9001,163338347,4
matmul_large_block04,1789505529.5883107,112180.7930869,174.974,77,1680,9001,163338347,4
matmul_large_block04,1789505529.6428397,112180.8475684,174.974,77,1680,9001,163364523,4
matmul_large_block04,1789505529.6846259,112180.889552,174.403,77,1710,9001,163364523,4
matmul_large_block04,1789505529.7410846,112180.9457606,174.403,77,1710,9001,163387127,4
matmul_large_block04,1789505529.7921262,112180.9969385,174.403,77,1710,9001,163387127,4
matmul_large_block04,1789505529.8332555,112181.0387689,174.403,77,1710,9001,163417357,4
matmul_large_block04,1789505529.8851426,112181.0899267,174.403,77,1710,9001,163417357,4
matmul_large_block04,1789505529.933398,112181.1387703,174.403,77,1710,9001,163442713,4
matmul_large_block04,1789505529.989181,112181.1941052,174.403,77,1710,9001,163442713,4
matmul_large_block04,1789505530.0426269,112181.2473607,174.403,77,1710,9001,163467823,4
matmul_large_block04,1789505530.0894544,112181.2942014,174.403,77,1710,9001,163467823,4
matmul_large_block04,1789505530.1408405,112181.3456541,174.403,77,1710,9001,163491593,4
matmul_large_block04,1789505530.192636,112181.3973824,175.14,77,1680,9001,163491593,4
matmul_large_block04,1789505530.2336469,112181.439139,175.14,77,1680,9001,163520260,4
matmul_large_block04,1789505530.2842999,112181.4891646,175.14,77,1680,9001,163520260,4
matmul_large_block04,1789505530.3361611,112181.5410399,175.14,77,1680,9001,163545119,4
matmul_large_block04,1789505530.388295,112181.5931208,175.14,77,1680,9001,163545119,4
matmul_large_block04,1789505530.4390733,112181.6438041,175.14,77,1680,9001,163571408,4
matmul_large_block04,1789505530.4946284,112181.6993418,175.14,77,1680,9001,163571408,4
matmul_large_block04,1789505530.5416007,112181.7463777,175.14,77,1680,9001,163601557,4
matmul_large_block04,1789505530.5883362,112181.7930247,175.14,77,1680,9001,163601557,4
matmul_large_block04,1789505530.6432,112181.8479501,175.14,77,1680,9001,163624436,4
matmul_large_block04,1789505530.6846504,112181.8894026,174.543,77,1710,9001,163624436,4
matmul_large_block04,1789505530.7345924,112181.939411,174.543,77,1710,9001,163647153,4
matmul_large_block04,1789505530.7856324,112181.9904082,174.543,77,1710,9001,163647153,4
matmul_large_block04,1789505530.8370786,112182.0418165,174.543,77,1710,9001,163672808,4
matmul_large_block04,1789505530.8868003,112182.091583,174.543,77,1710,9001,163672808,4
matmul_large_block04,1789505530.9375393,112182.1424168,174.543,77,1710,9001,163700035,4
matmul_large_block04,1789505530.9925683,112182.1972544,174.543,77,1710,9001,163700035,4
matmul_large_block04,1789505531.0337522,112182.2390514,174.543,77,1710,9001,163728021,4
matmul_large_block04,1789505531.0918372,112182.2965892,174.543,77,1710,9001,163728021,4
matmul_large_block04,1789505531.1433969,112182.3481422,174.543,77,1710,9001,163755436,4
matmul_large_block04,1789505531.1845744,112182.3893862,174.865,77,1680,9001,163755436,4
matmul_large_block04,1789505531.2366924,112182.4414042,174.865,77,1680,9001,163778227,4
matmul_large_block04,1789505531.2872217,112182.4920796,174.865,77,1680,9001,163778227,4
matmul_large_block04,1789505531.3392274,112182.5440426,174.865,77,1680,9001,163804585,4
matmul_large_block04,1789505531.3899689,112182.5946983,174.865,77,1680,9001,163804585,4
matmul_large_block04,1789505531.4418602,112182.6466641,174.865,77,1680,9001,163833374,4
matmul_large_block04,1789505531.488441,112182.6932557,174.865,77,1680,9001,163833374,4
matmul_large_block04,1789505531.5414248,112182.7463291,174.865,77,1680,9001,163855965,4
matmul_large_block04,1789505531.5892475,112182.7941842,174.865,77,1680,9001,163855965,4
matmul_large_block04,1789505531.6410286,112182.8457877,174.865,77,1680,9001,163880978,4
matmul_large_block04,1789505531.6889658,112182.8938176,174.789,77,1710,9001,163880978,4
matmul_large_block04,1789505531.742642,112182.9474527,174.789,77,1710,9001,163904785,4
matmul_large_block04,1789505531.783565,112182.9890093,174.789,77,1710,9001,163904785,4
matmul_large_block04,1789505531.8344293,112183.039465,174.789,77,1710,9001,163927551,4
matmul_large_block04,1789505531.8855836,112183.0904054,174.789,77,1710,9001,163927551,4
matmul_large_block04,1789505531.9368,112183.1415703,174.789,77,1710,9001,163953524,4
matmul_large_block04,1789505531.9865322,112183.1912774,174.789,77,1710,9001,163953524,4
matmul_large_block04,1789505532.0393424,112183.2441725,174.789,77,1710,9001,163980169,4
matmul_large_block04,1789505532.0928082,112183.2975981,174.789,77,1710,9001,163980169,4
matmul_large_block04,1789505532.1345358,112183.3394194,174.789,77,1710,9001,164010165,4
matmul_large_block04,1789505532.1857111,112183.3905128,174.522,77,1680,9001,164010165,4
matmul_large_block04,1789505532.2367406,112183.4415744,174.522,77,1680,9001,164035255,4
matmul_large_block04,1789505532.2882078,112183.4930055,174.522,77,1680,9001,164035255,4
matmul_large_block04,1789505532.3387644,112183.5434616,174.522,77,1680,9001,164062251,4
matmul_large_block04,1789505532.390336,112183.5951253,174.522,77,1680,9001,164062251,4
matmul_large_block04,1789505532.4417937,112183.6465809,174.522,77,1680,9001,164091078,4
matmul_large_block04,1789505532.4845235,112183.6894391,174.522,77,1680,9001,164091078,4
matmul_large_block04,1789505532.5437696,112183.7485295,174.522,77,1680,9001,164113360,4
matmul_large_block04,1789505532.5883136,112183.793003,174.522,77,1680,9001,164113360,4
matmul_large_block04,1789505532.6435635,112183.8482729,174.522,77,1680,9001,164136666,4
matmul_large_block04,1789505532.690294,112183.8950707,175.24,77,1695,9001,164136666,4
matmul_large_block04,1789505532.7411404,112183.9458662,175.24,77,1695,9001,164161097,4
matmul_large_block04,1789505532.792167,112183.9969068,175.24,77,1695,9001,164161097,4
matmul_large_block04,1789505532.8332546,112184.0386389,175.24,77,1695,9001,164186170,4
matmul_large_block04,1789505532.8840559,112184.089364,175.24,77,1695,9001,164186170,4
matmul_large_block04,1789505532.9355462,112184.1403117,175.24,77,1695,9001,164211746,4
matmul_large_block04,1789505532.9871728,112184.1918979,175.24,77,1695,9001,164211746,4
matmul_large_block04,1789505533.0394447,112184.2441653,175.24,77,1695,9001,164237383,4
matmul_large_block04,1789505533.094994,112184.2997757,175.24,77,1695,9001,164237383,4
matmul_large_block04,1789505533.1361654,112184.3410178,175.24,77,1695,9001,164268565,4
matmul_large_block04,1789505533.1876516,112184.392409,174.352,77,1680,9001,164268565,4
matmul_large_block04,1789505533.2397397,112184.4445443,174.352,77,1680,9001,164295249,4
matmul_large_block04,1789505533.2909203,112184.4957123,174.352,77,1680,9001,164295249,4
matmul_large_block04,1789505533.3419175,112184.5466929,174.352,77,1680,9001,164324905,4
matmul_large_block04,1789505533.3834734,112184.5889745,174.352,77,1680,9001,164324905,4
matmul_large_block04,1789505533.4352996,112184.6400802,174.352,77,1680,9001,164346929,4
matmul_large_block04,1789505533.4891963,112184.6939863,174.352,77,1680,9001,164346929,4
matmul_large_block04,1789505533.5435789,112184.74853,174.352,77,1680,9001,164374507,4
matmul_large_block04,1789505533.5839221,112184.7894509,174.352,77,1680,9001,164374507,4
matmul_large_block04,1789505533.6423872,112184.8471276,174.352,77,1680,9001,164397981,4
matmul_large_block04,1789505533.6922412,112184.8972042,175.154,77,1725,9001,164397981,4
matmul_large_block04,1789505533.7436998,112184.9484668,175.154,77,1725,9001,164424368,4
matmul_large_block04,1789505533.784826,112184.9897942,175.154,77,1725,9001,164424368,4
matmul_large_block04,1789505533.8369124,112185.0416661,175.154,77,1725,9001,164448088,4
matmul_large_block04,1789505533.8891945,112185.0939326,175.154,77,1725,9001,164448088,4
matmul_large_block04,1789505533.9407847,112185.14562,175.154,77,1725,9001,164476614,4
matmul_large_block04,1789505533.9909725,112185.1957704,175.154,77,1725,9001,164476614,4
matmul_large_block04,1789505534.0423641,112185.247078,175.154,77,1725,9001,164500845,4
matmul_large_block04,1789505534.0832329,112185.2886339,175.154,77,1725,9001,164500845,4
matmul_large_block04,1789505534.1385188,112185.3432497,175.154,77,1725,9001,164522709,4
matmul_large_block04,1789505534.1903577,112185.3950691,174.254,77,1680,9001,164522709,4
matmul_large_block04,1789505534.2410583,112185.4459627,174.254,77,1680,9001,164551704,4
matmul_large_block04,1789505534.2917383,112185.4966057,174.254,77,1680,9001,164551704,4
matmul_large_block04,1789505534.3428538,112185.5476536,174.254,77,1680,9001,164576196,4
matmul_large_block04,1789505534.3837373,112185.5892512,174.254,77,1680,9001,164576196,4
matmul_large_block04,1789505534.4355304,112185.6404191,174.254,77,1680,9001,164598668,4
matmul_large_block04,1789505534.4858634,112185.6909249,174.254,77,1680,9001,164598668,4
matmul_large_block04,1789505534.5415695,112185.7463123,174.254,77,1680,9001,164625716,4
matmul_large_block04,1789505534.58773,112185.7927066,174.254,77,1680,9001,164625716,4
matmul_large_block04,1789505534.6425462,112185.8473048,174.254,77,1680,9001,164649129,4
matmul_large_block04,1789505534.6886613,112185.8934261,175.307,77,1710,9001,164649129,4
matmul_large_block04,1789505534.744749,112185.9495106,175.307,77,1710,9001,164672963,4
matmul_large_block04,1789505534.7863476,112185.9912469,175.307,77,1710,9001,164672963,4
matmul_large_block04,1789505534.8373241,112186.0420334,175.307,77,1710,9001,164696158,4
matmul_large_block04,1789505534.8899586,112186.0947404,175.307,77,1710,9001,164696158,4
matmul_large_block04,1789505534.9421022,112186.146821,175.307,77,1710,9001,164724995,4
matmul_large_block04,1789505534.9836748,112186.1891637,175.307,77,1710,9001,164724995,4
matmul_large_block04,1789505535.0348504,112186.2395798,175.307,77,1710,9001,164748050,4
matmul_large_block04,1789505535.0874352,112186.2921197,175.307,77,1710,9001,164748050,4
matmul_large_block05,1789505535.1392345,112186.3520478,175.307,77,1710,9001,164774768,4
matmul_large_block05,1789505535.2008095,112186.4056203,174.357,74,1755,9001,164774768,4
matmul_large_block05,1789505535.2512732,112186.4561378,174.357,74,1755,9001,164805588,4
matmul_large_block05,1789505535.302732,112186.5078273,174.357,74,1755,9001,164805588,4
matmul_large_block05,1789505535.3537898,112186.5587226,174.357,74,1755,9001,164834477,4
matmul_large_block05,1789505535.405206,112186.610134,174.357,74,1755,9001,164857735,4
matmul_large_block05,1789505535.4565256,112186.6614066,174.357,74,1755,9001,164857735,4
matmul_large_block05,1789505535.5011718,112186.7061856,174.357,74,1755,9001,164857735,4
matmul_large_block05,1789505535.5518267,112186.7567223,174.357,74,1755,9001,164885365,4
matmul_large_block05,1789505535.604455,112186.8092217,174.357,74,1755,9001,164908239,4
matmul_large_block05,1789505535.6490886,112186.8539904,174.357,74,1755,9001,164908239,4
matmul_large_block05,1789505535.6971474,112186.9021197,175.062,78,1710,9001,164908239,4
matmul_large_block05,1789505535.7534997,112186.9583914,175.062,78,1710,9001,164937655,4
matmul_large_block05,1789505535.8051803,112187.0104845,175.062,78,1710,9001,164961401,4
matmul_large_block05,1789505535.8561647,112187.0610504,175.062,78,1710,9001,164961401,4
matmul_large_block05,1789505535.9076867,112187.1125219,175.062,78,1710,9001,164986288,4
matmul_large_block05,1789505535.9508739,112187.1556025,175.062,78,1710,9001,164986288,4
matmul_large_block05,1789505536.0061815,112187.2110215,175.062,78,1710,9001,165009834,4
matmul_large_block05,1789505536.0563993,112187.2610787,175.062,78,1710,9001,165009834,4
matmul_large_block05,1789505536.1078515,112187.3127798,175.062,78,1710,9001,165034757,4
matmul_large_block05,1789505536.1555688,112187.3605516,175.062,78,1710,9001,165034757,4
matmul_large_block05,1789505536.2067034,112187.4115852,174.309,77,1710,9001,165060823,4
matmul_large_block05,1789505536.2471147,112187.4523533,174.309,77,1710,9001,165060823,4
matmul_large_block05,1789505536.2977777,112187.5026691,174.309,77,1710,9001,165060823,4
matmul_large_block05,1789505536.349393,112187.5542492,174.309,77,1710,9001,165090661,4
matmul_large_block05,1789505536.400924,112187.6059603,174.309,77,1710,9001,165090661,4
matmul_large_block05,1789505536.4528208,112187.6578871,174.309,77,1710,9001,165115116,4
matmul_large_block05,1789505536.51179,112187.7168131,174.309,77,1710,9001,165138330,4
matmul_large_block05,1789505536.5531137,112187.7581298,174.309,77,1710,9001,165138330,4
matmul_large_block05,1789505536.6133235,112187.818346,174.309,77,1710,9001,165162983,4
matmul_large_block05,1789505536.6493638,112187.854651,174.309,77,1710,9001,165162983,4
matmul_large_block05,1789505536.7121606,112187.9173322,175.185,77,1710,9001,165188981,4
matmul_large_block05,1789505536.7535377,112187.9583849,175.185,77,1710,9001,165188981,4
matmul_large_block05,1789505536.8050034,112188.0099,175.185,77,1710,9001,165214279,4
matmul_large_block05,1789505536.856931,112188.0618145,175.185,77,1710,9001,165214279,4
matmul_large_block05,1789505536.8982365,112188.1033028,175.185,77,1710,9001,165214279,4
matmul_large_block05,1789505536.949733,112188.1545234,175.185,77,1710,9001,165247713,4
matmul_large_block05,1789505536.9989514,112188.2038375,175.185,77,1710,9001,165247713,4
matmul_large_block05,1789505537.051151,112188.256055,175.185,77,1710,9001,165277872,4
matmul_large_block05,1789505537.101576,112188.30627,175.185,77,1710,9001,165277872,4
matmul_large_block05,1789505537.150842,112188.3556621,175.185,77,1710,9001,165302390,4
matmul_large_block05,1789505537.2017632,112188.4067552,175.016,77,1695,9001,165302390,4
matmul_large_block05,1789505537.2537544,112188.4585928,175.016,77,1695,9001,165327344,4
matmul_large_block05,1789505537.305704,112188.5105516,175.016,77,1695,9001,165350779,4
matmul_large_block05,1789505537.356582,112188.5614258,175.016,77,1695,9001,165350779,4
matmul_large_block05,1789505537.3977962,112188.6026025,175.016,77,1695,9001,165350779,4
matmul_large_block05,1789505537.4492807,112188.6540688,175.016,77,1695,9001,165384166,4
matmul_large_block05,1789505537.500819,112188.7055528,175.016,77,1695,9001,165384166,4
matmul_large_block05,1789505537.552283,112188.7570833,175.016,77,1695,9001,165409133,4
matmul_large_block05,1789505537.6114478,112188.8162498,175.016,77,1695,9001,165432296,4
matmul_large_block05,1789505537.6525486,112188.857612,175.016,77,1695,9001,165432296,4
matmul_large_block05,1789505537.7013748,112188.9065988,174.93,78,1695,9001,165432296,4
matmul_large_block05,1789505537.7535696,112188.9584505,174.93,78,1695,9001,165461363,4
matmul_large_block05,1789505537.8050838,112189.0102173,174.93,78,1695,9001,165484869,4
matmul_large_block05,1789505537.8567755,112189.0617686,174.93,78,1695,9001,165484869,4
matmul_large_block05,1789505537.8978877,112189.1027779,174.93,78,1695,9001,165484869,4
matmul_large_block05,1789505537.9485185,112189.1535939,174.93,78,1695,9001,165518270,4
matmul_large_block05,1789505537.9994593,112189.2045172,174.93,78,1695,9001,165518270,4
matmul_large_block05,1789505538.0518477,112189.2566282,174.93,78,1695,9001,165542296,4
matmul_large_block05,1789505538.1017601,112189.3066459,174.93,78,1695,9001,165542296,4
matmul_large_block05,1789505538.1536572,112189.358729,174.93,78,1695,9001,165567442,4
matmul_large_block05,1789505538.1993089,112189.40422,174.757,77,1680,9001,165567442,4
matmul_large_block05,1789505538.2514598,112189.456322,174.757,77,1680,9001,165593342,4
matmul_large_block05,1789505538.3024433,112189.5074851,174.757,77,1680,9001,165593342,4
matmul_large_block05,1789505538.3536828,112189.5585585,174.757,77,1680,9001,165618555,4
matmul_large_block05,1789505538.404437,112189.6093055,174.757,77,1680,9001,165642386,4
matmul_large_block05,1789505538.455553,112189.6606019,174.757,77,1680,9001,165642386,4
matmul_large_block05,1789505538.51146,112189.7162988,174.757,77,1680,9001,165667791,4
matmul_large_block05,1789505538.5525606,112189.7575577,174.757,77,1680,9001,165667791,4
matmul_large_block05,1789505538.611662,112189.8165576,174.757,77,1680,9001,165692414,4
matmul_large_block05,1789505538.6530175,112189.8578616,174.757,77,1680,9001,165692414,4
matmul_large_block05,1789505538.711378,112189.9162497,175.313,78,1710,9001,165719530,4
matmul_large_block05,1789505538.7522104,112189.9572878,175.313,78,1710,9001,165719530,4
matmul_large_block05,1789505538.8030102,112190.0083593,175.313,78,1710,9001,165743374,4
matmul_large_block05,1789505538.8547668,112190.0598736,175.313,78,1710,9001,165743374,4
matmul_large_block05,1789505538.9067385,112190.1117938,175.313,78,1710,9001,165767831,4
matmul_large_block05,1789505538.947662,112190.1526212,175.313,78,1710,9001,165767831,4
matmul_large_block05,1789505539.0025866,112190.2074411,175.313,78,1710,9001,165767831,4
matmul_large_block05,1789505539.0550706,112190.260185,175.313,78,1710,9001,165793116,4
matmul_large_block05,1789505539.1058927,112190.3107011,175.313,78,1710,9001,165817287,4
matmul_large_block05,1789505539.1465983,112190.3524879,175.313,78,1710,9001,165817287,4
matmul_large_block05,1789505539.2033324,112190.4083449,174.55,77,1680,9001,165839530,4
matmul_large_block05,1789505539.2549562,112190.4600905,174.55,77,1680,9001,165839530,4
matmul_large_block05,1789505539.3067386,112190.5116184,174.55,77,1680,9001,165864358,4
matmul_large_block05,1789505539.3480954,112190.5529157,174.55,77,1680,9001,165864358,4
matmul_large_block05,1789505539.3996303,112190.6043619,174.55,77,1680,9001,165864358,4
matmul_large_block05,1789505539.451196,112190.6559805,174.55,77,1680,9001,165890600,4
matmul_large_block05,1789505539.503825,112190.7087011,174.55,77,1680,9001,165913395,4
matmul_large_block05,1789505539.5528607,112190.7576841,174.55,77,1680,9001,165913395,4
matmul_large_block05,1789505539.5979853,112190.8027843,174.55,77,1680,9001,165913395,4
matmul_large_block05,1789505539.6538708,112190.858611,174.55,77,1680,9001,165945602,4
matmul_large_block05,1789505539.704423,112190.909284,174.939,78,1710,9001,165969748,4
matmul_large_block05,1789505539.752695,112190.95752,174.939,78,1710,9001,165969748,4
matmul_large_block05,1789505539.8047388,112191.0095429,174.939,78,1710,9001,165993673,4
matmul_large_block05,1789505539.8562102,112191.0610866,174.939,78,1710,9001,165993673,4
matmul_large_block05,1789505539.897347,112191.1025279,174.939,78,1710,9001,165993673,4
matmul_large_block05,1789505539.9481823,112191.152987,174.939,78,1710,9001,166027353,4
matmul_large_block05,1789505539.9996781,112191.2045337,174.939,78,1710,9001,166027353,4
matmul_large_block05,1789505540.051489,112191.2564052,174.939,78,1710,9001,166051670,4
matmul_large_block05,1789505540.104677,112191.3093795,174.939,78,1710,9001,166074333,4
matmul_large_block05,1789505540.1559112,112191.3607258,174.939,78,1710,9001,166074333,4
matmul_large_block05,1789505540.198976,112191.4037645,174.094,77,1710,9001,166074333,4
matmul_large_block05,1789505540.2504103,112191.4552554,174.094,77,1710,9001,166102487,4
matmul_large_block05,1789505540.3015788,112191.5063751,174.094,77,1710,9001,166102487,4
matmul_large_block05,1789505540.3537226,112191.5584758,174.094,77,1710,9001,166127583,4
matmul_large_block05,1789505540.4061,112191.610944,174.094,77,1710,9001,166151380,4
matmul_large_block05,1789505540.447561,112191.6528006,174.094,77,1710,9001,166151380,4
matmul_large_block05,1789505540.5064561,112191.7112128,174.094,77,1710,9001,166174657,4
matmul_large_block05,1789505540.5518627,112191.7566484,174.094,77,1710,9001,166174657,4
matmul_large_block05,1789505540.6010764,112191.8060583,174.094,77,1710,9001,166174657,4
matmul_large_block05,1789505540.65284,112191.8577139,174.094,77,1710,9001,166202385,4
matmul_large_block05,1789505540.7069266,112191.9116902,174.753,77,1680,9001,166225967,4
matmul_large_block05,1789505540.752676,112191.9574162,174.753,77,1680,9001,166225967,4
matmul_large_block05,1789505540.8045294,112192.009275,174.753,77,1680,9001,166251199,4
matmul_large_block05,1789505540.85607,112192.0607975,174.753,77,1680,9001,166251199,4
matmul_large_block05,1789505540.8972251,112192.1022272,174.753,77,1680,9001,166251199,4
matmul_large_block05,1789505540.9488878,112192.1536034,174.753,77,1680,9001,166284908,4
matmul_large_block05,1789505541.0018284,112192.2066154,174.753,77,1680,9001,166284908,4
matmul_large_block05,1789505541.0532076,112192.2579067,174.753,77,1680,9001,166309225,4
matmul_large_block05,1789505541.099291,112192.3040053,174.753,77,1680,9001,166309225,4
matmul_large_block05,1789505541.1508489,112192.3556427,174.753,77,1680,9001,166335164,4
matmul_large_block05,1789505541.2028053,112192.4076019,174.691,77,1695,9001,166358029,4
matmul_large_block05,1789505541.2494864,112192.4542626,174.691,77,1695,9001,166358029,4
matmul_large_block05,1789505541.3007195,112192.5054867,174.691,77,1695,9001,166358029,4
matmul_large_block05,1789505541.3520527,112192.5568341,174.691,77,1695,9001,166383457,4
matmul_large_block05,1789505541.403081,112192.6078216,174.691,77,1695,9001,166406911,4
matmul_large_block05,1789505541.4552305,112192.6600278,174.691,77,1695,9001,166406911,4
matmul_large_block05,1789505541.5089924,112192.7137798,174.691,77,1695,9001,166432526,4
matmul_large_block05,1789505541.5520809,112192.7568262,174.691,77,1695,9001,166432526,4
matmul_large_block05,1789505541.5976312,112192.8026071,174.691,77,1695,9001,166432526,4
matmul_large_block05,1789505541.6523166,112192.8570435,174.691,77,1695,9001,166467104,4
matmul_large_block05,1789505541.7016995,112192.9064306,175.286,78,1680,9001,166467104,4
matmul_large_block05,1789505541.754923,112192.959713,175.286,78,1680,9001,166492747,4
matmul_large_block05,1789505541.806404,112193.0111959,175.286,78,1680,9001,166516971,4
matmul_large_block05,1789505541.8473873,112193.0522754,175.286,78,1680,9001,166516971,4
matmul_large_block05,1789505541.8985755,112193.1033006,175.286,78,1680,9001,166516971,4
matmul_large_block05,1789505541.950083,112193.1548204,175.286,78,1680,9001,166542321,4
matmul_large_block05,1789505542.0018692,112193.2067734,175.286,78,1680,9001,166542321,4
matmul_large_block05,1789505542.053527,112193.2583878,175.286,78,1680,9001,166566909,4
matmul_large_block05,1789505542.1060734,112193.3108269,175.286,78,1680,9001,166590726,4
matmul_large_block05,1789505542.1475654,112193.3524481,175.286,78,1680,9001,166590726,4
matmul_large_block05,1789505542.1989763,112193.404008,174.62,78,1695,9001,166590726,4
matmul_large_block05,1789505542.2504737,112193.4552705,174.62,78,1695,9001,166616715,4
matmul_large_block05,1789505542.3018956,112193.5065691,174.62,78,1695,9001,166616715,4
matmul_large_block05,1789505542.3533957,112193.5581812,174.62,78,1695,9001,166642110,4
matmul_large_block05,1789505542.4052217,112193.6100218,174.62,78,1695,9001,166666308,4
matmul_large_block05,1789505542.457319,112193.6621008,174.62,78,1695,9001,166666308,4
matmul_large_block05,1789505542.5032728,112193.7079915,174.62,78,1695,9001,166693705,4
matmul_large_block05,1789505542.5535429,112193.7583251,174.62,78,1695,9001,166693705,4
matmul_large_block05,1789505542.5973947,112193.8022389,174.62,78,1695,9001,166693705,4
matmul_large_block05,1789505542.6558912,112193.8606127,174.62,78,1695,9001,166726573,4
matmul_large_block05,1789505542.7033505,112193.9081919,174.729,77,1680,9001,166751512,4
matmul_large_block05,1789505542.7549362,112193.9596806,174.729,77,1680,9001,166751512,4
matmul_large_block05,1789505542.806294,112194.0111928,174.729,77,1680,9001,166776459,4
matmul_large_block05,1789505542.8480203,112194.0528971,174.729,77,1680,9001,166776459,4
matmul_large_block05,1789505542.899767,112194.1046129,174.729,77,1680,9001,166776459,4
matmul_large_block05,1789505542.9518604,112194.1566571,174.729,77,1680,9001,166803048,4
matmul_large_block05,1789505543.00554,112194.210333,174.729,77,1680,9001,166826137,4
matmul_large_block05,1789505543.057363,112194.2621552,174.729,77,1680,9001,166826137,4
matmul_large_block05,1789505543.0993307,112194.3041721,174.729,77,1680,9001,166826137,4
matmul_large_block05,1789505543.1506975,112194.3554391,174.729,77,1680,9001,166856194,4
matmul_large_block05,1789505543.2030034,112194.4077823,174.696,78,1710,9001,166879287,4
matmul_large_block05,1789505543.254271,112194.4590197,174.696,78,1710,9001,166879287,4
matmul_large_block05,1789505543.3059113,112194.5107709,174.696,78,1710,9001,166904688,4
matmul_large_block05,1789505543.347189,112194.5524481,174.696,78,1710,9001,166904688,4
matmul_large_block05,1789505543.3989255,112194.6037326,174.696,78,1710,9001,166904688,4
matmul_large_block05,1789505543.4498937,112194.6546191,174.696,78,1710,9001,166931532,4
matmul_large_block05,1789505543.511355,112194.7164004,174.696,78,1710,9001,166954062,4
matmul_large_block05,1789505543.5527089,112194.7575074,174.696,78,1710,9001,166954062,4
matmul_large_block05,1789505543.6004527,112194.8052786,174.696,78,1710,9001,166954062,4
matmul_large_block05,1789505543.6520464,112194.856789,174.696,78,1710,9001,166982409,4
matmul_large_block05,1789505543.6999657,112194.9048919,174.638,77,1680,9001,166982409,4
matmul_large_block05,1789505543.751107,112194.9559009,174.638,77,1680,9001,167007937,4
matmul_large_block05,1789505543.8033056,112195.0081247,174.638,77,1680,9001,167030859,4
matmul_large_block05,1789505543.8549957,112195.0598968,174.638,77,1680,9001,167030859,4
matmul_large_block05,1789505543.906387,112195.1112167,174.638,77,1680,9001,167056493,4
matmul_large_block05,1789505543.947905,112195.1526569,174.638,77,1680,9001,167056493,4
matmul_large_block05,1789505543.9997947,112195.2047923,174.638,77,1680,9001,167056493,4
matmul_large_block05,1789505544.050844,112195.2556844,174.638,77,1680,9001,167082851,4
matmul_large_block05,1789505544.0988839,112195.3036483,174.638,77,1680,9001,167082851,4
matmul_large_block05,1789505544.1503222,112195.3551491,174.638,77,1680,9001,167108715,4
matmul_large_block05,1789505544.2009997,112195.4059026,174.914,78,1710,9001,167108715,4
matmul_large_block05,1789505544.2518613,112195.4566107,174.914,78,1710,9001,167134385,4
matmul_large_block05,1789505544.3035471,112195.5083595,174.914,78,1710,9001,167158290,4
matmul_large_block05,1789505544.3547246,112195.5596046,174.914,78,1710,9001,167158290,4
matmul_large_block05,1789505544.4056528,112195.6103853,174.914,78,1710,9001,167184577,4
matmul_large_block05,1789505544.4470167,112195.6522881,174.914,78,1710,9001,167184577,4
matmul_large_block05,1789505544.5104582,112195.7153549,174.914,78,1710,9001,167208248,4
matmul_large_block05,1789505544.5512152,112195.7560374,174.914,78,1710,9001,167208248,4
matmul_large_block05,1789505544.6017654,112195.8065229,174.914,78,1710,9001,167233486,4
matmul_large_block05,1789505544.6521368,112195.8569468,174.914,78,1710,9001,167233486,4
matmul_large_block05,1789505544.710093,112195.914882,174.311,78,1680,9001,167257255,4
matmul_large_block05,1789505544.75136,112195.9560836,174.311,78,1680,9001,167257255,4
matmul_large_block05,1789505544.802581,112196.0074222,174.311,78,1680,9001,167282293,4
matmul_large_block05,1789505544.8538976,112196.058836,174.311,78,1680,9001,167282293,4
matmul_large_block05,1789505544.9054377,112196.1101797,174.311,78,1680,9001,167306989,4
matmul_large_block05,1789505544.957051,112196.1618156,174.311,78,1680,9001,167306989,4
matmul_large_block05,1789505545.0051968,112196.2099157,174.311,78,1680,9001,167328532,4
matmul_large_block05,1789505545.0568182,112196.2615573,174.311,78,1680,9001,167328532,4
matmul_large_block05,1789505545.1031625,112196.3079312,174.311,78,1680,9001,167355932,4
matmul_large_block05,1789505545.1552155,112196.3599529,174.311,78,1680,9001,167355932,4
matmul_large_block05,1789505545.206296,112196.4111096,174.692,78,1725,9001,167382268,4
matmul_large_block05,1789505545.246586,112196.4522359,174.692,78,1725,9001,167382268,4
matmul_large_block06,1789505545.2671146,112196.4718703,174.692,78,1725,9001,167382268,4
matmul_large_block06,1789505545.3189287,112196.523883,174.692,78,1725,9001,167410999,4
matmul_large_block06,1789505545.3701205,112196.5751197,174.692,78,1725,9001,167410999,4
matmul_large_block06,1789505545.422247,112196.62726,174.692,78,1725,9001,167438120,4
matmul_large_block06,1789505545.469867,112196.6746663,174.692,78,1725,9001,167438120,4
matmul_large_block06,1789505545.5211651,112196.7260693,174.692,78,1725,9001,167463533,4
matmul_large_block06,1789505545.5715735,112196.7762561,174.692,78,1725,9001,167463533,4
matmul_large_block06,1789505545.6222625,112196.8272048,174.692,78,1725,9001,167489362,4
matmul_large_block06,1789505545.672482,112196.8773872,174.175,77,1695,9001,167489362,4
matmul_large_block06,1789505545.7224817,112196.9275262,174.175,77,1695,9001,167516379,4
matmul_large_block06,1789505545.774186,112196.9791362,174.175,77,1695,9001,167516379,4
matmul_large_block06,1789505545.825625,112197.0307339,174.175,77,1695,9001,167544476,4
matmul_large_block06,1789505545.876569,112197.0814677,174.175,77,1695,9001,167544476,4
matmul_large_block06,1789505545.917725,112197.1227458,174.175,77,1695,9001,167567973,4
matmul_large_block06,1789505545.9696765,112197.1744892,174.175,77,1695,9001,167567973,4
matmul_large_block06,1789505546.025057,112197.2302978,174.175,77,1695,9001,167593185,4
matmul_large_block06,1789505546.0749433,112197.2797402,174.175,77,1695,9001,167593185,4
matmul_large_block06,1789505546.1241114,112197.3291305,174.175,77,1695,9001,167622518,4
matmul_large_block06,1789505546.1753182,112197.3800951,175.019,78,1680,9001,167622518,4
matmul_large_block06,1789505546.2168787,112197.4220577,175.019,78,1680,9001,167651527,4
matmul_large_block06,1789505546.2681856,112197.4730185,175.019,78,1680,9001,167651527,4
matmul_large_block06,1789505546.3203747,112197.5252456,175.019,78,1680,9001,167676634,4
matmul_large_block06,1789505546.3717475,112197.5767685,175.019,78,1680,9001,167676634,4
matmul_large_block06,1789505546.423614,112197.6287386,175.019,78,1680,9001,167703470,4
matmul_large_block06,1789505546.4738004,112197.678583,175.019,78,1680,9001,167703470,4
matmul_large_block06,1789505546.521931,112197.7269381,175.019,78,1680,9001,167731400,4
matmul_large_block06,1789505546.5718145,112197.7766902,175.019,78,1680,9001,167731400,4
matmul_large_block06,1789505546.6226165,112197.8275509,175.019,78,1680,9001,167757886,4
matmul_large_block06,1789505546.673832,112197.8789696,174.758,78,1710,9001,167757886,4
matmul_large_block06,1789505546.7207522,112197.9257315,174.758,78,1710,9001,167785634,4
matmul_large_block06,1789505546.772438,112197.9772009,174.758,78,1710,9001,167785634,4
matmul_large_block06,1789505546.8238392,112198.02881,174.758,78,1710,9001,167812364,4
matmul_large_block06,1789505546.874786,112198.0797575,174.758,78,1710,9001,167812364,4
matmul_large_block06,1789505546.9262266,112198.131017,174.758,78,1710,9001,167840924,4
matmul_large_block06,1789505546.9671736,112198.1727275,174.758,78,1710,9001,167840924,4
matmul_large_block06,1789505547.022358,112198.2272831,174.758,78,1710,9001,167867680,4
matmul_large_block06,1789505547.0743048,112198.2791356,174.758,78,1710,9001,167867680,4
matmul_large_block06,1789505547.1271973,112198.3322059,174.758,78,1710,9001,167895830,4
matmul_large_block06,1789505547.1687229,112198.3737359,174.965,78,1710,9001,167895830,4
matmul_large_block06,1789505547.2207394,112198.4256018,174.965,78,1710,9001,167923674,4
matmul_large_block06,1789505547.2730381,112198.4778998,174.965,78,1710,9001,167923674,4
matmul_large_block06,1789505547.3247023,112198.5296734,174.965,78,1710,9001,167951003,4
matmul_large_block06,1789505547.375842,112198.5809464,174.965,78,1710,9001,167951003,4
matmul_large_block06,1789505547.4168913,112198.6222862,174.965,78,1710,9001,167973694,4
matmul_large_block06,1789505547.4675748,112198.6726152,174.965,78,1710,9001,167973694,4
matmul_large_block06,1789505547.5229359,112198.7278166,174.965,78,1710,9001,167998083,4
matmul_large_block06,1789505547.5715106,112198.7762515,174.965,78,1710,9001,167998083,4
matmul_large_block06,1789505547.622536,112198.8275118,174.965,78,1710,9001,168024821,4
matmul_large_block06,1789505547.6716943,112198.8764049,174.401,78,1680,9001,168024821,4
matmul_large_block06,1789505547.720446,112198.9251553,174.401,78,1680,9001,168051740,4
matmul_large_block06,1789505547.7715733,112198.9764844,174.401,78,1680,9001,168051740,4
matmul_large_block06,1789505547.823222,112199.0280417,174.401,78,1680,9001,168078251,4
matmul_large_block06,1789505547.8749328,112199.0796326,174.401,78,1680,9001,168078251,4
matmul_large_block06,1789505547.9266999,112199.1316202,174.401,78,1680,9001,168106453,4
matmul_large_block06,1789505547.967817,112199.1728209,174.401,78,1680,9001,168106453,4
matmul_large_block06,1789505548.0208356,112199.225542,174.401,78,1680,9001,168133553,4
matmul_large_block06,1789505548.0751243,112199.2798728,174.401,78,1680,9001,168133553,4
matmul_large_block06,1789505548.1226997,112199.3276404,174.401,78,1680,9001,168161874,4
matmul_large_block06,1789505548.1750877,112199.3799401,174.815,78,1710,9001,168161874,4
matmul_large_block06,1789505548.2164981,112199.4219624,174.815,78,1710,9001,168190745,4
matmul_large_block06,1789505548.2680924,112199.4730657,174.815,78,1710,9001,168190745,4
matmul_large_block06,1789505548.3194191,112199.5242986,174.815,78,1710,9001,168216094,4
matmul_large_block06,1789505548.371306,112199.5761161,174.815,78,1710,9001,168216094,4
matmul_large_block06,1789505548.4232311,112199.6285636,174.815,78,1710,9001,168242888,4
matmul_large_block06,1789505548.4678369,112199.6726915,174.815,78,1710,9001,168242888,4
matmul_large_block06,1789505548.52199,112199.7269078,174.815,78,1710,9001,168268640,4
matmul_large_block06,1789505548.567893,112199.7727003,174.815,78,1710,9001,168268640,4
matmul_large_block06,1789505548.6225607,112199.8279217,174.815,78,1710,9001,168294495,4
matmul_large_block06,1789505548.672817,112199.8775685,174.616,78,1680,9001,168294495,4
matmul_large_block06,1789505548.7219653,112199.9268815,174.616,78,1680,9001,168322269,4
matmul_large_block06,1789505548.7744915,112199.9793542,174.616,78,1680,9001,168322269,4
matmul_large_block06,1789505548.8255203,112200.0302631,174.616,78,1680,9001,168350699,4
matmul_large_block06,1789505548.8665595,112200.072163,174.616,78,1680,9001,168350699,4
matmul_large_block06,1789505548.9177198,112200.1226129,174.616,78,1680,9001,168376977,4
matmul_large_block06,1789505548.968769,112200.1735535,174.616,78,1680,9001,168376977,4
matmul_large_block06,1789505549.0226479,112200.2275778,174.616,78,1680,9001,168403148,4
matmul_large_block06,1789505549.0760877,112200.2813792,174.616,78,1680,9001,168403148,4
matmul_large_block06,1789505549.126844,112200.3320057,174.616,78,1680,9001,168426173,4
matmul_large_block06,1789505549.1682847,112200.373176,174.616,78,1725,9001,168426173,4
matmul_large_block06,1789505549.2199836,112200.4250646,174.813,78,1725,9001,168452933,4
matmul_large_block06,1789505549.2715175,112200.4764033,174.813,78,1725,9001,168452933,4
matmul_large_block06,1789505549.3234348,112200.5283411,174.813,78,1725,9001,168479838,4
matmul_large_block06,1789505549.374499,112200.5794895,174.813,78,1725,9001,168479838,4
matmul_large_block06,1789505549.4260757,112200.6309744,174.813,78,1725,9001,168508490,4
matmul_large_block06,1789505549.4724672,112200.677142,174.813,78,1725,9001,168508490,4
matmul_large_block06,1789505549.520603,112200.7253971,174.813,78,1725,9001,168537287,4
matmul_large_block06,1789505549.579179,112200.7839541,174.813,78,1725,9001,168537287,4
matmul_large_block06,1789505549.622471,112200.8273115,174.813,78,1725,9001,168559742,4
matmul_large_block06,1789505549.6732602,112200.8780905,174.629,78,1695,9001,168559742,4
matmul_large_block06,1789505549.7205148,112200.9252789,174.629,78,1695,9001,168587836,4
matmul_large_block06,1789505549.7709713,112200.9756861,174.629,78,1695,9001,168587836,4
matmul_large_block06,1789505549.8219678,112201.0268523,174.629,78,1695,9001,168614385,4
matmul_large_block06,1789505549.8723934,112201.0772442,174.629,78,1695,9001,168614385,4
matmul_large_block06,1789505549.922763,112201.1275243,174.629,78,1695,9001,168642323,4
matmul_large_block06,1789505549.9732342,112201.177909,174.629,78,1695,9001,168642323,4
matmul_large_block06,1789505550.0253215,112201.229983,174.629,78,1695,9001,168670352,4
matmul_large_block06,1789505550.0713937,112201.2761408,174.629,78,1695,9001,168670352,4
matmul_large_block06,1789505550.1195498,112201.324375,174.629,78,1695,9001,168698904,4
matmul_large_block06,1789505550.1699264,112201.3747716,175.188,78,1710,9001,168698904,4
matmul_large_block06,1789505550.2202122,112201.4250428,175.188,78,1710,9001,168726045,4
matmul_large_block06,1789505550.2710953,112201.4759136,175.188,78,1710,9001,168726045,4
matmul_large_block06,1789505550.3214,112201.5262358,175.188,78,1710,9001,168752436,4
matmul_large_block06,1789505550.3719728,112201.5767858,175.188,78,1710,9001,168752436,4
matmul_large_block06,1789505550.4223728,112201.6271604,175.188,78,1710,9001,168779849,4
matmul_large_block06,1789505550.471874,112201.6765774,175.188,78,1710,9001,168779849,4
matmul_large_block06,1789505550.5209448,112201.7256978,175.188,78,1710,9001,168807289,4
matmul_large_block06,1789505550.5676363,112201.7724428,175.188,78,1710,9001,168807289,4
matmul_large_block06,1789505550.619757,112201.8246005,175.188,78,1710,9001,168832628,4
matmul_large_block06,1789505550.669496,112201.8745503,174.689,77,1680,9001,168832628,4
matmul_large_block06,1789505550.7224264,112201.9273053,174.689,77,1680,9001,168858443,4
matmul_large_block06,1789505550.7729318,112201.9778296,174.689,77,1680,9001,168858443,4
matmul_large_block06,1789505550.8235168,112202.0281815,174.689,77,1680,9001,168886414,4
matmul_large_block06,1789505550.8742063,112202.0789612,174.689,77,1680,9001,168886414,4
matmul_large_block06,1789505550.92502,112202.1298234,174.689,77,1680,9001,168915447,4
matmul_large_block06,1789505550.9753993,112202.1803143,174.689,77,1680,9001,168915447,4
matmul_large_block06,1789505551.0257964,112202.2306822,174.689,77,1680,9001,168939617,4
matmul_large_block06,1789505551.0776484,112202.2825608,174.689,77,1680,9001,168939617,4
matmul_large_block06,1789505551.1237833,112202.3286142,174.689,77,1680,9001,168964555,4
matmul_large_block06,1789505551.1742082,112202.3789764,175.162,78,1710,9001,168964555,4
matmul_large_block06,1789505551.2250435,112202.4297555,175.162,78,1710,9001,168993472,4
matmul_large_block06,1789505551.2756388,112202.4804651,175.162,78,1710,9001,168993472,4
matmul_large_block06,1789505551.326007,112202.5309077,175.162,78,1710,9001,169017154,4
matmul_large_block06,1789505551.376259,112202.5811074,175.162,78,1710,9001,169017154,4
matmul_large_block06,1789505551.427192,112202.6319452,175.162,78,1710,9001,169041127,4
matmul_large_block06,1789505551.4683979,112202.6731975,175.162,78,1710,9001,169041127,4
matmul_large_block06,1789505551.5206504,112202.7253621,175.162,78,1710,9001,169069263,4
matmul_large_block06,1789505551.5712233,112202.7761383,175.162,78,1710,9001,169069263,4
matmul_large_block06,1789505551.6213043,112202.8260963,175.162,78,1710,9001,169095689,4
matmul_large_block06,1789505551.6716099,112202.876512,174.395,78,1680,9001,169095689,4
matmul_large_block06,1789505551.7210343,112202.925755,174.395,78,1680,9001,169123276,4
matmul_large_block06,1789505551.7712743,112202.9760206,174.395,78,1680,9001,169123276,4
matmul_large_block06,1789505551.8217888,112203.0264769,174.395,78,1680,9001,169150386,4
matmul_large_block06,1789505551.8722017,112203.076882,174.395,78,1680,9001,169150386,4
matmul_large_block06,1789505551.922503,112203.1273562,174.395,78,1680,9001,169178402,4
matmul_large_block06,1789505551.9727857,112203.1775771,174.395,78,1680,9001,169178402,4
matmul_large_block06,1789505552.0202239,112203.2251286,174.395,78,1680,9001,169207018,4
matmul_large_block06,1789505552.0705605,112203.2752755,174.395,78,1680,9001,169207018,4
matmul_large_block06,1789505552.1176205,112203.3224184,174.395,78,1680,9001,169233936,4
matmul_large_block06,1789505552.1678689,112203.3727478,174.395,78,1680,9001,169233936,4
matmul_large_block06,1789505552.2182822,112203.4231845,175.051,78,1710,9001,169260383,4
matmul_large_block06,1789505552.269305,112203.4741141,175.051,78,1710,9001,169260383,4
matmul_large_block06,1789505552.3194947,112203.5243406,175.051,78,1710,9001,169286135,4
matmul_large_block06,1789505552.3694155,112203.5742271,175.051,78,1710,9001,169286135,4
matmul_large_block06,1789505552.4202523,112203.6250893,175.051,78,1710,9001,169312210,4
matmul_large_block06,1789505552.4753199,112203.6802043,175.051,78,1710,9001,169312210,4
matmul_large_block06,1789505552.5200763,112203.724881,175.051,78,1710,9001,169334121,4
matmul_large_block06,1789505552.5671554,112203.772471,175.051,78,1710,9001,169334121,4
matmul_large_block06,1789505552.6231236,112203.8278629,175.051,78,1710,9001,169359496,4
matmul_large_block06,1789505552.6686168,112203.8734812,174.637,78,1680,9001,169359496,4
matmul_large_block06,1789505552.7222407,112203.9270569,174.637,78,1680,9001,169386566,4
matmul_large_block06,1789505552.7736454,112203.9784559,174.637,78,1680,9001,169386566,4
matmul_large_block06,1789505552.8243837,112204.0291721,174.637,78,1680,9001,169415366,4
matmul_large_block06,1789505552.8747427,112204.0796154,174.637,78,1680,9001,169415366,4
matmul_large_block06,1789505552.925311,112204.1301864,174.637,78,1680,9001,169439488,4
matmul_large_block06,1789505552.9757502,112204.1805039,174.637,78,1680,9001,169439488,4
matmul_large_block06,1789505553.0263214,112204.231038,174.637,78,1680,9001,169462927,4
matmul_large_block06,1789505553.0773149,112204.2820942,174.637,78,1680,9001,169462927,4
matmul_large_block06,1789505553.1217859,112204.3266544,174.637,78,1680,9001,169488047,4
matmul_large_block06,1789505553.1722844,112204.377016,174.87,78,1680,9001,169488047,4
matmul_large_block06,1789505553.2226048,112204.4274273,174.87,78,1680,9001,169516098,4
matmul_large_block06,1789505553.273068,112204.4779339,174.87,78,1680,9001,169516098,4
matmul_large_block06,1789505553.3233333,112204.5282429,174.87,78,1680,9001,169544754,4
matmul_large_block06,1789505553.3737772,112204.5786215,174.87,78,1680,9001,169544754,4
matmul_large_block06,1789505553.4241383,112204.6288939,174.87,78,1680,9001,169573407,4
matmul_large_block06,1789505553.467491,112204.6724484,174.87,78,1680,9001,169573407,4
matmul_large_block06,1789505553.520167,112204.7250051,174.87,78,1680,9001,169600741,4
matmul_large_block06,1789505553.5674882,112204.77238,174.87,78,1680,9001,169600741,4
matmul_large_block06,1789505553.6231961,112204.8279947,174.87,78,1680,9001,169627045,4
matmul_large_block06,1789505553.6717308,112204.8764645,174.561,78,1695,9001,169627045,4
matmul_large_block06,1789505553.7219446,112204.9268357,174.561,78,1695,9001,169655518,4
matmul_large_block06,1789505553.772262,112204.976973,174.561,78,1695,9001,169655518,4
matmul_large_block06,1789505553.822731,112205.0275958,174.561,78,1695,9001,169683847,4
matmul_large_block06,1789505553.8736794,112205.0784643,174.561,78,1695,9001,169683847,4
matmul_large_block06,1789505553.9245915,112205.1293443,174.561,78,1695,9001,169713530,4
matmul_large_block06,1789505553.975618,112205.1803763,174.561,78,1695,9001,169713530,4
matmul_large_block06,1789505554.018352,112205.2230873,174.561,78,1695,9001,169737090,4
matmul_large_block06,1789505554.0693157,112205.2740753,174.561,78,1695,9001,169737090,4
matmul_large_block06,1789505554.1288698,112205.3337101,174.561,78,1695,9001,169763331,4
matmul_large_block06,1789505554.169592,112205.3742864,175.062,78,1680,9001,169763331,4
matmul_large_block06,1789505554.220243,112205.4250494,175.062,78,1680,9001,169793090,4
matmul_large_block06,1789505554.2704656,112205.4752042,175.062,78,1680,9001,169793090,4
matmul_large_block06,1789505554.3208055,112205.5255239,175.062,78,1680,9001,169820010,4
matmul_large_block06,1789505554.3712704,112205.5761024,175.062,78,1680,9001,169820010,4
matmul_large_block06,1789505554.4218197,112205.6265597,175.062,78,1680,9001,169847177,4
matmul_large_block06,1789505554.4789588,112205.6837296,175.062,78,1680,9001,169847177,4
matmul_large_block06,1789505554.5204017,112205.725243,175.062,78,1680,9001,169871296,4
matmul_large_block06,1789505554.5712833,112205.7760966,175.062,78,1680,9001,169871296,4
matmul_large_block06,1789505554.624126,112205.8290439,175.062,78,1680,9001,169898735,4
matmul_large_block06,1789505554.6690683,112205.8737664,174.642,78,1695,9001,169898735,4
matmul_large_block06,1789505554.7210426,112205.9257482,174.642,78,1695,9001,169926877,4
matmul_large_block06,1789505554.7714512,112205.9763442,174.642,78,1695,9001,169926877,4
matmul_large_block06,1789505554.821894,112206.0267185,174.642,78,1695,9001,169955076,4
matmul_large_block06,1789505554.8720796,112206.0768885,174.642,78,1695,9001,169955076,4
matmul_large_block06,1789505554.9224622,112206.1272844,174.642,78,1695,9001,169984039,4
matmul_large_block06,1789505554.972639,112206.1774297,174.642,78,1695,9001,169984039,4
matmul_large_block06,1789505555.022951,112206.2277833,174.642,78,1695,9001,170013412,4
matmul_large_block06,1789505555.0735059,112206.2783327,174.642,78,1695,9001,170013412,4
matmul_large_block06,1789505555.1205783,112206.3253432,174.642,78,1695,9001,170043072,4
matmul_large_block06,1789505555.1762824,112206.3811559,174.75,78,1680,9001,170043072,4
matmul_large_block06,1789505555.226613,112206.4314629,174.75,78,1680,9001,170065585,4
matmul_large_block06,1789505555.2668076,112206.4722771,174.75,78,1680,9001,170065585,4
matmul_large_block06,1789505555.3169985,112206.5220566,174.75,78,1680,9001,170093964,4
matmul_large_block06,1789505555.3675485,112206.5726048,174.75,78,1680,9001,170093964,4
matmul_large_block07,1789505555.387839,112206.5942371,174.75,78,1680,9001,170093964,4
matmul_large_block07,1789505555.4393806,112206.6448155,174.75,78,1680,9001,170126253,4
matmul_large_block07,1789505555.5040572,112206.7087459,174.75,78,1680,9001,170147266,4
matmul_large_block07,1789505555.5486329,112206.7535389,174.75,78,1680,9001,170147266,4
matmul_large_block07,1789505555.5956116,112206.8005239,174.75,78,1680,9001,170147266,4
matmul_large_block07,1789505555.6413898,112206.8461457,174.75,78,1680,9001,170176216,4
matmul_large_block07,1789505555.6904864,112206.8952115,174.74,78,1710,9001,170176216,4
matmul_large_block07,1789505555.7405348,112206.945592,174.74,78,1710,9001,170203996,4
matmul_large_block07,1789505555.7920594,112206.9968757,174.74,78,1710,9001,170203996,4
matmul_large_block07,1789505555.8429847,112207.047684,174.74,78,1710,9001,170232834,4
matmul_large_block07,1789505555.8953483,112207.1004867,174.74,78,1710,9001,170232834,4
matmul_large_block07,1789505555.94663,112207.1515658,174.74,78,1710,9001,170257244,4
matmul_large_block07,1789505555.998015,112207.2028444,174.74,78,1710,9001,170280254,4
matmul_large_block07,1789505556.0484998,112207.2536979,174.74,78,1710,9001,170280254,4
matmul_large_block07,1789505556.0891442,112207.2945235,174.74,78,1710,9001,170280254,4
matmul_large_block07,1789505556.1410253,112207.3464359,174.74,78,1710,9001,170311031,4
matmul_large_block07,1789505556.1954455,112207.4002379,174.337,78,1680,9001,170311031,4
matmul_large_block07,1789505556.2481146,112207.4529291,174.337,78,1680,9001,170334422,4
matmul_large_block07,1789505556.2990265,112207.5040919,174.337,78,1680,9001,170357635,4
matmul_large_block07,1789505556.3414345,112207.5463909,174.337,78,1680,9001,170357635,4
matmul_large_block07,1789505556.3913894,112207.5962888,174.337,78,1680,9001,170357635,4
matmul_large_block07,1789505556.441338,112207.6460038,174.337,78,1680,9001,170386841,4
matmul_large_block07,1789505556.491895,112207.6968473,174.337,78,1680,9001,170386841,4
matmul_large_block07,1789505556.54123,112207.7462141,174.337,78,1680,9001,170415575,4
matmul_large_block07,1789505556.595722,112207.8005637,174.337,78,1680,9001,170415575,4
matmul_large_block07,1789505556.6409836,112207.8460384,174.337,78,1680,9001,170439352,4
matmul_large_block07,1789505556.6934676,112207.898533,174.481,78,1710,9001,170439352,4
matmul_large_block07,1789505556.7412782,112207.9460392,174.481,78,1710,9001,170462896,4
matmul_large_block07,1789505556.7911112,112207.9960075,174.481,78,1710,9001,170462896,4
matmul_large_block07,1789505556.841067,112208.0459548,174.481,78,1710,9001,170491397,4
matmul_large_block07,1789505556.8910105,112208.0959248,174.481,78,1710,9001,170491397,4
matmul_large_block07,1789505556.941973,112208.1468348,174.481,78,1710,9001,170520126,4
matmul_large_block07,1789505556.9929745,112208.1977253,174.481,78,1710,9001,170520126,4
matmul_large_block07,1789505557.0439184,112208.2488401,174.481,78,1710,9001,170550005,4
matmul_large_block07,1789505557.0954757,112208.3005411,174.481,78,1710,9001,170550005,4
matmul_large_block07,1789505557.1471782,112208.3519601,174.481,78,1710,9001,170574204,4
matmul_large_block07,1789505557.1910765,112208.3959972,174.528,78,1680,9001,170574204,4
matmul_large_block07,1789505557.243498,112208.4483167,174.528,78,1680,9001,170604842,4
matmul_large_block07,1789505557.2948725,112208.4996717,174.528,78,1680,9001,170604842,4
matmul_large_block07,1789505557.3444247,112208.5494292,174.528,78,1680,9001,170629253,4
matmul_large_block07,1789505557.3945396,112208.5993884,174.528,78,1680,9001,170629253,4
matmul_large_block07,1789505557.44719,112208.652181,174.528,78,1680,9001,170653869,4
matmul_large_block07,1789505557.489215,112208.6946285,174.528,78,1680,9001,170653869,4
matmul_large_block07,1789505557.541423,112208.7462118,174.528,78,1680,9001,170684240,4
matmul_large_block07,1789505557.5915632,112208.7962125,174.528,78,1680,9001,170684240,4
matmul_large_block07,1789505557.6406834,112208.845549,174.528,78,1680,9001,170713195,4
matmul_large_block07,1789505557.6955986,112208.9003624,174.712,78,1725,9001,170713195,4
matmul_large_block07,1789505557.7409284,112208.9457665,174.712,78,1725,9001,170737069,4
matmul_large_block07,1789505557.7908719,112208.995799,174.712,78,1725,9001,170737069,4
matmul_large_block07,1789505557.840819,112209.0459754,174.712,78,1725,9001,170765537,4
matmul_large_block07,1789505557.8908458,112209.0957335,174.712,78,1725,9001,170765537,4
matmul_large_block07,1789505557.940795,112209.1456079,174.712,78,1725,9001,170794610,4
matmul_large_block07,1789505557.9915013,112209.1962445,174.712,78,1725,9001,170794610,4
matmul_large_block07,1789505558.0453339,112209.250204,174.712,78,1725,9001,170823246,4
matmul_large_block07,1789505558.099835,112209.3047,174.712,78,1725,9001,170846125,4
matmul_large_block07,1789505558.141359,112209.3460846,174.712,78,1725,9001,170846125,4
matmul_large_block07,1789505558.1911643,112209.3961354,174.368,78,1680,9001,170846125,4
matmul_large_block07,1789505558.240732,112209.4454999,174.368,78,1680,9001,170876087,4
matmul_large_block07,1789505558.293137,112209.4980654,174.368,78,1680,9001,170876087,4
matmul_large_block07,1789505558.3449085,112209.5497182,174.368,78,1680,9001,170899110,4
matmul_large_block07,1789505558.3962698,112209.6010951,174.368,78,1680,9001,170899110,4
matmul_large_block07,1789505558.4472182,112209.6520923,174.368,78,1680,9001,170923975,4
matmul_large_block07,1789505558.4915602,112209.6965226,174.368,78,1680,9001,170923975,4
matmul_large_block07,1789505558.5448055,112209.7498166,174.368,78,1680,9001,170955459,4
matmul_large_block07,1789505558.5923994,112209.7974404,174.368,78,1680,9001,170955459,4
matmul_large_block07,1789505558.6430988,112209.8479957,174.368,78,1680,9001,170980858,4
matmul_large_block07,1789505558.6959586,112209.900916,174.55,78,1710,9001,170980858,4
matmul_large_block07,1789505558.7441158,112209.9492008,174.55,78,1710,9001,171005818,4
matmul_large_block07,1789505558.7961764,112210.0014342,174.55,78,1710,9001,171005818,4
matmul_large_block07,1789505558.8469572,112210.0519473,174.55,78,1710,9001,171030802,4
matmul_large_block07,1789505558.8992782,112210.1045689,174.55,78,1710,9001,171054323,4
matmul_large_block07,1789505558.9413965,112210.1467176,174.55,78,1710,9001,171054323,4
matmul_large_block07,1789505558.9932604,112210.1981108,174.55,78,1710,9001,171054323,4
matmul_large_block07,1789505559.0423849,112210.2472919,174.55,78,1710,9001,171079305,4
matmul_large_block07,1789505559.0953486,112210.3004288,174.55,78,1710,9001,171079305,4
matmul_large_block07,1789505559.1529334,112210.3582088,174.55,78,1710,9001,171103867,4
matmul_large_block07,1789505559.1944413,112210.3993664,174.498,78,1680,9001,171103867,4
matmul_large_block07,1789505559.2407982,112210.4455118,174.498,78,1680,9001,171125939,4
matmul_large_block07,1789505559.2988317,112210.5036296,174.498,78,1680,9001,171146420,4
matmul_large_block07,1789505559.3398502,112210.5452556,174.498,78,1680,9001,171146420,4
matmul_large_block07,1789505559.390387,112210.5954369,174.498,78,1680,9001,171146420,4
matmul_large_block07,1789505559.4393024,112210.6443267,174.498,78,1680,9001,171175862,4
matmul_large_block07,1789505559.4920154,112210.6967718,174.498,78,1680,9001,171175862,4
matmul_large_block07,1789505559.5400176,112210.7451769,174.498,78,1680,9001,171204672,4
matmul_large_block07,1789505559.5916226,112210.7963988,174.498,78,1680,9001,171204672,4
matmul_large_block07,1789505559.6429975,112210.8478063,174.498,78,1680,9001,171233805,4
matmul_large_block07,1789505559.703685,112210.9084812,175.111,78,1710,9001,171256182,4
matmul_large_block07,1789505559.744885,112210.9496632,175.111,78,1710,9001,171256182,4
matmul_large_block07,1789505559.7997963,112211.0045796,175.111,78,1710,9001,171280111,4
matmul_large_block07,1789505559.844593,112211.0493241,175.111,78,1710,9001,171280111,4
matmul_large_block07,1789505559.8961937,112211.1010704,175.111,78,1710,9001,171280111,4
matmul_large_block07,1789505559.948247,112211.1529553,175.111,78,1710,9001,171306269,4
matmul_large_block07,1789505559.9994469,112211.2042403,175.111,78,1710,9001,171329975,4
matmul_large_block07,1789505560.0404742,112211.2451439,175.111,78,1710,9001,171329975,4
matmul_large_block07,1789505560.0910032,112211.2958482,175.111,78,1710,9001,171329975,4
matmul_large_block07,1789505560.153573,112211.3584869,175.111,78,1710,9001,171359786,4
matmul_large_block07,1789505560.1949253,112211.3997625,174.689,78,1695,9001,171359786,4
matmul_large_block07,1789505560.2466595,112211.4515238,174.689,78,1695,9001,171382179,4
matmul_large_block07,1789505560.2979395,112211.5026809,174.689,78,1695,9001,171405217,4
matmul_large_block07,1789505560.3396306,112211.5444393,174.689,78,1695,9001,171405217,4
matmul_large_block07,1789505560.3904004,112211.595243,174.689,78,1695,9001,171405217,4
matmul_large_block07,1789505560.4422255,112211.6469919,174.689,78,1695,9001,171434104,4
matmul_large_block07,1789505560.496379,112211.7011326,174.689,78,1695,9001,171434104,4
matmul_large_block07,1789505560.5497718,112211.754467,174.689,78,1695,9001,171458932,4
matmul_large_block07,1789505560.5949142,112211.799693,174.689,78,1695,9001,171458932,4
matmul_large_block07,1789505560.6470337,112211.8517176,174.689,78,1695,9001,171486434,4
matmul_large_block07,1789505560.6912768,112211.8961724,174.875,79,1710,9001,171486434,4
matmul_large_block07,1789505560.740724,112211.9454259,174.875,79,1710,9001,171518353,4
matmul_large_block07,1789505560.7919273,112211.996764,174.875,79,1710,9001,171518353,4
matmul_large_block07,1789505560.8431723,112212.0479151,174.875,79,1710,9001,171548245,4
matmul_large_block07,1789505560.8952138,112212.1000041,174.875,79,1710,9001,171548245,4
matmul_large_block07,1789505560.947197,112212.1519608,174.875,79,1710,9001,171572471,4
matmul_large_block07,1789505560.9924805,112212.1973414,174.875,79,1710,9001,171572471,4
matmul_large_block07,1789505561.041238,112212.2460408,174.875,79,1710,9001,171598530,4
matmul_large_block07,1789505561.0921035,112212.2968812,174.875,79,1710,9001,171598530,4
matmul_large_block07,1789505561.1405723,112212.3453453,174.875,79,1710,9001,171622369,4
matmul_large_block07,1789505561.1971333,112212.4018914,174.82,78,1680,9001,171643404,4
matmul_large_block07,1789505561.248708,112212.4537619,174.82,78,1680,9001,171643404,4
matmul_large_block07,1789505561.2933674,112212.4981303,174.82,78,1680,9001,171643404,4
matmul_large_block07,1789505561.3446338,112212.5495198,174.82,78,1680,9001,171670955,4
matmul_large_block07,1789505561.3964798,112212.6013579,174.82,78,1680,9001,171693570,4
matmul_large_block07,1789505561.4410596,112212.6457193,174.82,78,1680,9001,171693570,4
matmul_large_block07,1789505561.5000675,112212.704773,174.82,78,1680,9001,171715781,4
matmul_large_block07,1789505561.5407474,112212.7455848,174.82,78,1680,9001,171715781,4
matmul_large_block07,1789505561.5995786,112212.80441,174.82,78,1680,9001,171739073,4
matmul_large_block07,1789505561.6402981,112212.8450506,174.82,78,1680,9001,171739073,4
matmul_large_block07,1789505561.691914,112212.8967089,175.533,78,1680,9001,171739073,4
matmul_large_block07,1789505561.740787,112212.9455194,175.533,78,1680,9001,171764385,4
matmul_large_block07,1789505561.7912536,112212.9959461,175.533,78,1680,9001,171764385,4
matmul_large_block07,1789505561.841478,112213.0463236,175.533,78,1680,9001,171793662,4
matmul_large_block07,1789505561.8924105,112213.0972062,175.533,78,1680,9001,171793662,4
matmul_large_block07,1789505561.943449,112213.1481661,175.533,78,1680,9001,171817688,4
matmul_large_block07,1789505562.0005088,112213.2053694,175.533,78,1680,9001,171839778,4
matmul_large_block07,1789505562.041136,112213.246067,175.533,78,1680,9001,171839778,4
matmul_large_block07,1789505562.0924883,112213.2973176,175.533,78,1680,9001,171839778,4
matmul_large_block07,1789505562.1411824,112213.3459535,175.533,78,1680,9001,171866151,4
matmul_large_block07,1789505562.191694,112213.3965728,174.886,78,1680,9001,171866151,4
matmul_large_block07,1789505562.2433643,112213.4480837,174.886,78,1680,9001,171889595,4
matmul_large_block07,1789505562.2944536,112213.499254,174.886,78,1680,9001,171889595,4
matmul_large_block07,1789505562.3459997,112213.5507784,174.886,78,1680,9001,171914199,4
matmul_large_block07,1789505562.3972635,112213.6021529,174.886,78,1680,9001,171937903,4
matmul_large_block07,1789505562.4385426,112213.6442842,174.886,78,1680,9001,171937903,4
matmul_large_block07,1789505562.495593,112213.7004232,174.886,78,1680,9001,171937903,4
matmul_large_block07,1789505562.5406895,112213.7455339,174.886,78,1680,9001,171962585,4
matmul_large_block07,1789505562.5912964,112213.7963068,174.886,78,1680,9001,171962585,4
matmul_large_block07,1789505562.640807,112213.8455789,174.886,78,1680,9001,171992450,4
matmul_large_block07,1789505562.6924014,112213.897284,175.06,78,1680,9001,171992450,4
matmul_large_block07,1789505562.740992,112213.9459206,175.06,78,1680,9001,172016094,4
matmul_large_block07,1789505562.7923315,112213.997119,175.06,78,1680,9001,172016094,4
matmul_large_block07,1789505562.8439522,112214.048745,175.06,78,1680,9001,172039680,4
matmul_large_block07,1789505562.8960166,112214.1010599,175.06,78,1680,9001,172062011,4
matmul_large_block07,1789505562.9474049,112214.1522422,175.06,78,1680,9001,172062011,4
matmul_large_block07,1789505562.9991243,112214.2039585,175.06,78,1680,9001,172086384,4
matmul_large_block07,1789505563.0408192,112214.2455394,175.06,78,1680,9001,172086384,4
matmul_large_block07,1789505563.0926251,112214.2975043,175.06,78,1680,9001,172086384,4
matmul_large_block07,1789505563.1451318,112214.3501139,175.06,78,1680,9001,172111195,4
matmul_large_block07,1789505563.200309,112214.4050503,174.332,78,1680,9001,172134201,4
matmul_large_block07,1789505563.2405214,112214.4452424,174.332,78,1680,9001,172134201,4
matmul_large_block07,1789505563.2918975,112214.4966253,174.332,78,1680,9001,172134201,4
matmul_large_block07,1789505563.3430233,112214.5477788,174.332,78,1680,9001,172160633,4
matmul_large_block07,1789505563.3945289,112214.5992576,174.332,78,1680,9001,172160633,4
matmul_large_block07,1789505563.4465497,112214.6512838,174.332,78,1680,9001,172185678,4
matmul_large_block07,1789505563.4991012,112214.7040086,174.332,78,1680,9001,172209581,4
matmul_large_block07,1789505563.553565,112214.7583687,174.332,78,1680,9001,172209581,4
matmul_large_block07,1789505563.595665,112214.800443,174.332,78,1680,9001,172231552,4
matmul_large_block07,1789505563.6407819,112214.8455154,174.332,78,1680,9001,172231552,4
matmul_large_block07,1789505563.69537,112214.9002715,174.731,79,1680,9001,172253390,4
matmul_large_block07,1789505563.7424414,112214.9472542,174.731,79,1680,9001,172253390,4
matmul_large_block07,1789505563.7941449,112214.9989948,174.731,79,1680,9001,172253390,4
matmul_large_block07,1789505563.8457818,112215.0505451,174.731,79,1680,9001,172278655,4
matmul_large_block07,1789505563.8968818,112215.101754,174.731,79,1680,9001,172301952,4
matmul_large_block07,1789505563.9484842,112215.1532511,174.731,79,1680,9001,172301952,4
matmul_large_block07,1789505563.9903142,112215.1951557,174.731,79,1680,9001,172301952,4
matmul_large_block07,1789505564.0402575,112215.2451253,174.731,79,1680,9001,172335121,4
matmul_large_block07,1789505564.0922642,112215.297133,174.731,79,1680,9001,172335121,4
matmul_large_block07,1789505564.1453655,112215.3501288,174.731,79,1680,9001,172358723,4
matmul_large_block07,1789505564.196716,112215.4014482,174.478,78,1695,9001,172382057,4
matmul_large_block07,1789505564.247719,112215.4525201,174.478,78,1695,9001,172382057,4
matmul_large_block07,1789505564.2889335,112215.4942909,174.478,78,1695,9001,172382057,4
matmul_large_block07,1789505564.3404748,112215.5452103,174.478,78,1695,9001,172414890,4
matmul_large_block07,1789505564.3908262,112215.5956236,174.478,78,1695,9001,172414890,4
matmul_large_block07,1789505564.4423783,112215.6471953,174.478,78,1695,9001,172444996,4
matmul_large_block07,1789505564.4913046,112215.6961903,174.478,78,1695,9001,172444996,4
matmul_large_block07,1789505564.5480947,112215.752818,174.478,78,1695,9001,172470130,4
matmul_large_block07,1789505564.5926197,112215.797457,174.478,78,1695,9001,172470130,4
matmul_large_block07,1789505564.641954,112215.8466529,174.478,78,1695,9001,172496977,4
matmul_large_block07,1789505564.695523,112215.9004236,175.009,78,1680,9001,172518637,4
matmul_large_block07,1789505564.7415602,112215.9465458,175.009,78,1680,9001,172518637,4
matmul_large_block07,1789505564.792618,112215.9973652,175.009,78,1680,9001,172518637,4
matmul_large_block07,1789505564.8437724,112216.0485226,175.009,78,1680,9001,172543453,4
matmul_large_block07,1789505564.8946354,112216.0994932,175.009,78,1680,9001,172543453,4
matmul_large_block07,1789505564.94567,112216.1507539,175.009,78,1680,9001,172568338,4
matmul_large_block07,1789505564.9961464,112216.2010268,175.009,78,1680,9001,172591859,4
matmul_large_block07,1789505565.0466595,112216.2515629,175.009,78,1680,9001,172591859,4
matmul_large_block07,1789505565.0985994,112216.3035331,175.009,78,1680,9001,172616386,4
matmul_large_block07,1789505565.145663,112216.3503683,175.009,78,1680,9001,172616386,4
matmul_large_block07,1789505565.1907742,112216.3956796,174.502,79,1695,9001,172616386,4
matmul_large_block07,1789505565.2418427,112216.4467649,174.502,79,1695,9001,172644374,4
matmul_large_block07,1789505565.2939394,112216.4987725,174.502,79,1695,9001,172644374,4
matmul_large_block07,1789505565.3444386,112216.5491901,174.502,79,1695,9001,172669360,4
matmul_large_block07,1789505565.3966672,112216.6014755,174.502,79,1695,9001,172692813,4
matmul_large_block07,1789505565.4482915,112216.6530357,174.502,79,1695,9001,172692813,4
matmul_large_block07,1789505565.4913065,112216.6960522,174.502,79,1695,9001,172692813,4
matmul_large_block08,1789505565.5219584,112216.7305617,174.502,79,1695,9001,172720870,4
matmul_large_block08,1789505565.5831163,112216.7880712,174.502,79,1695,9001,172720870,4
matmul_large_block08,1789505565.630354,112216.8352258,174.502,79,1695,9001,172749192,4
matmul_large_block08,1789505565.6873245,112216.8924839,174.415,78,1710,9001,172749192,4
matmul_large_block08,1789505565.731772,112216.9369801,174.415,78,1710,9001,172777317,4
matmul_large_block08,1789505565.7826645,112216.9875337,174.415,78,1710,9001,172777317,4
matmul_large_block08,1789505565.8344812,112217.0395811,174.415,78,1710,9001,172802646,4
matmul_large_block08,1789505565.875983,112217.0808098,174.415,78,1710,9001,172802646,4
matmul_large_block08,1789505565.9282517,112217.1332827,174.415,78,1710,9001,172826054,4
matmul_large_block08,1789505565.980818,112217.1856846,174.415,78,1710,9001,172826054,4
matmul_large_block08,1789505566.0327513,112217.2376062,174.415,78,1710,9001,172855419,4
matmul_large_block08,1789505566.0781643,112217.2830405,174.415,78,1710,9001,172855419,4
matmul_large_block08,1789505566.130563,112217.3359217,174.415,78,1710,9001,172879957,4
matmul_large_block08,1789505566.1801016,112217.3851874,174.917,79,1710,9001,172879957,4
matmul_large_block08,1789505566.2317722,112217.4368103,174.917,79,1710,9001,172904670,4
matmul_large_block08,1789505566.285092,112217.4901414,174.917,79,1710,9001,172904670,4
matmul_large_block08,1789505566.3266795,112217.5315039,174.917,79,1710,9001,172931413,4
matmul_large_block08,1789505566.3799198,112217.5851392,174.917,79,1710,9001,172931413,4
matmul_large_block08,1789505566.4316201,112217.6366305,174.917,79,1710,9001,172960464,4
matmul_large_block08,1789505566.4874744,112217.6927299,174.917,79,1710,9001,172960464,4
matmul_large_block08,1789505566.5315673,112217.7367848,174.917,79,1710,9001,172987620,4
matmul_large_block08,1789505566.5808983,112217.786084,174.917,79,1710,9001,172987620,4
matmul_large_block08,1789505566.6351192,112217.8401408,174.917,79,1710,9001,173012056,4
matmul_large_block08,1789505566.681667,112217.8864563,174.414,78,1680,9001,173012056,4
matmul_large_block08,1789505566.7359214,112217.940936,174.414,78,1680,9001,173036633,4
matmul_large_block08,1789505566.7777472,112217.9829107,174.414,78,1680,9001,173036633,4
matmul_large_block08,1789505566.830848,112218.0357315,174.414,78,1680,9001,173060154,4
matmul_large_block08,1789505566.8829222,112218.0878142,174.414,78,1680,9001,173060154,4
matmul_large_block08,1789505566.9348145,112218.1396684,174.414,78,1680,9001,173086746,4
matmul_large_block08,1789505566.9759085,112218.1810969,174.414,78,1680,9001,173086746,4
matmul_large_block08,1789505567.0383506,112218.2432443,174.414,78,1680,9001,173110058,4
matmul_large_block08,1789505567.083381,112218.2884385,174.414,78,1680,9001,173110058,4
matmul_large_block08,1789505567.134443,112218.3394632,174.414,78,1680,9001,173137233,4
matmul_large_block08,1789505567.18585,112218.3908014,174.661,79,1710,9001,173137233,4
matmul_large_block08,1789505567.2270436,112218.431905,174.661,79,1710,9001,173164224,4
matmul_large_block08,1789505567.2787275,112218.4839091,174.661,79,1710,9001,173164224,4
matmul_large_block08,1789505567.3304393,112218.5355661,174.661,79,1710,9001,173193241,4
matmul_large_block08,1789505567.3812265,112218.5862477,174.661,79,1710,9001,173193241,4
matmul_large_block08,1789505567.432817,112218.6380081,174.661,79,1710,9001,173218282,4
matmul_large_block08,1789505567.47865,112218.6839018,174.661,79,1710,9001,173218282,4
matmul_large_block08,1789505567.5352068,112218.7401626,174.661,79,1710,9001,173242819,4
matmul_large_block08,1789505567.577392,112218.782337,174.661,79,1710,9001,173242819,4
matmul_large_block08,1789505567.630982,112218.8358609,174.661,79,1710,9001,173266582,4
matmul_large_block08,1789505567.6781852,112218.8833,174.226,78,1695,9001,173266582,4
matmul_large_block08,1789505567.7305443,112218.9354062,174.226,78,1695,9001,173291281,4
matmul_large_block08,1789505567.781741,112218.9865451,174.226,78,1695,9001,173291281,4
matmul_large_block08,1789505567.8334618,112219.0384572,174.226,78,1695,9001,173317177,4
matmul_large_block08,1789505567.8846917,112219.0896953,174.226,78,1695,9001,173317177,4
matmul_large_block08,1789505567.9258866,112219.1315834,174.226,78,1695,9001,173344302,4
matmul_large_block08,1789505567.9786422,112219.1838582,174.226,78,1695,9001,173344302,4
matmul_large_block08,1789505568.0294077,112219.2342567,174.226,78,1695,9001,173373057,4
matmul_large_block08,1789505568.0803308,112219.2852631,174.226,78,1695,9001,173373057,4
matmul_large_block08,1789505568.134788,112219.3398759,174.226,78,1695,9001,173403744,4
matmul_large_block08,1789505568.1798732,112219.3849035,175.249,79,1710,9001,173403744,4
matmul_large_block08,1789505568.230489,112219.4358308,175.249,79,1710,9001,173428766,4
matmul_large_block08,1789505568.2826805,112219.4877966,175.249,79,1710,9001,173428766,4
matmul_large_block08,1789505568.334212,112219.5393071,175.249,79,1710,9001,173454646,4
matmul_large_block08,1789505568.3761408,112219.5812005,175.249,79,1710,9001,173454646,4
matmul_large_block08,1789505568.4278677,112219.6333942,175.249,79,1710,9001,173477509,4
matmul_large_block08,1789505568.4877253,112219.6929987,175.249,79,1710,9001,173477509,4
matmul_large_block08,1789505568.5287657,112219.7336943,175.249,79,1710,9001,173510857,4
matmul_large_block08,1789505568.5875506,112219.7926079,175.249,79,1710,9001,173510857,4
matmul_large_block08,1789505568.6303954,112219.8352917,175.249,79,1710,9001,173543902,4
matmul_large_block08,1789505568.6817725,112219.8867275,174.411,78,1680,9001,173543902,4
matmul_large_block08,1789505568.7320564,112219.9370354,174.411,78,1680,9001,173568965,4
matmul_large_block08,1789505568.783309,112219.9880727,174.411,78,1680,9001,173568965,4
matmul_large_block08,1789505568.8350039,112220.0399683,174.411,78,1680,9001,173594423,4
matmul_large_block08,1789505568.876531,112220.0814647,174.411,78,1680,9001,173594423,4
matmul_large_block08,1789505568.9281595,112220.1333192,174.411,78,1680,9001,173617826,4
matmul_large_block08,1789505568.979822,112220.1847263,174.411,78,1680,9001,173617826,4
matmul_large_block08,1789505569.0329237,112220.2379193,174.411,78,1680,9001,173646503,4
matmul_large_block08,1789505569.079937,112220.2848172,174.411,78,1680,9001,173646503,4
matmul_large_block08,1789505569.1259158,112220.3308934,174.411,78,1680,9001,173671246,4
matmul_large_block08,1789505569.1779532,112220.3828902,175.474,79,1680,9001,173671246,4
matmul_large_block08,1789505569.2329116,112220.438139,175.474,79,1680,9001,173699914,4
matmul_large_block08,1789505569.2870855,112220.4924418,175.474,79,1680,9001,173699914,4
matmul_large_block08,1789505569.3279603,112220.5330347,175.474,79,1680,9001,173728525,4
matmul_large_block08,1789505569.380346,112220.5852549,175.474,79,1680,9001,173728525,4
matmul_large_block08,1789505569.4329317,112220.6376799,175.474,79,1680,9001,173758619,4
matmul_large_block08,1789505569.4796429,112220.6845593,175.474,79,1680,9001,173758619,4
matmul_large_block08,1789505569.5303905,112220.7352953,175.474,79,1680,9001,173783091,4
matmul_large_block08,1789505569.5794024,112220.7841724,175.474,79,1680,9001,173783091,4
matmul_large_block08,1789505569.6310797,112220.8360835,175.474,79,1680,9001,173808259,4
matmul_large_block08,1789505569.6835914,112220.8884034,174.57,78,1680,9001,173808259,4
matmul_large_block08,1789505569.7307754,112220.9356047,174.57,78,1680,9001,173834216,4
matmul_large_block08,1789505569.7822912,112220.9871864,174.57,78,1680,9001,173834216,4
matmul_large_block08,1789505569.8338485,112221.0387136,174.57,78,1680,9001,173859474,4
matmul_large_block08,1789505569.8751423,112221.0807359,174.57,78,1680,9001,173859474,4
matmul_large_block08,1789505569.927058,112221.1318427,174.57,78,1680,9001,173883603,4
matmul_large_block08,1789505569.9778464,112221.1826015,174.57,78,1680,9001,173883603,4
matmul_large_block08,1789505570.0327685,112221.2375585,174.57,78,1680,9001,173911052,4
matmul_large_block08,1789505570.0795143,112221.284412,174.57,78,1680,9001,173911052,4
matmul_large_block08,1789505570.1328444,112221.3376465,174.57,78,1680,9001,173936999,4
matmul_large_block08,1789505570.1807044,112221.3854311,174.901,79,1710,9001,173936999,4
matmul_large_block08,1789505570.2314568,112221.4361391,174.901,79,1710,9001,173962330,4
matmul_large_block08,1789505570.2834039,112221.4883906,174.901,79,1710,9001,173962330,4
matmul_large_block08,1789505570.3341746,112221.5390231,174.901,79,1710,9001,173988494,4
matmul_large_block08,1789505570.3851151,112221.5899749,174.901,79,1710,9001,173988494,4
matmul_large_block08,1789505570.4267156,112221.6314745,174.901,79,1710,9001,174016136,4
matmul_large_block08,1789505570.4830582,112221.6879039,174.901,79,1710,9001,174016136,4
matmul_large_block08,1789505570.5303204,112221.7351806,174.901,79,1710,9001,174046891,4
matmul_large_block08,1789505570.5793302,112221.7842716,174.901,79,1710,9001,174046891,4
matmul_large_block08,1789505570.629526,112221.8343661,174.901,79,1710,9001,174071905,4
matmul_large_block08,1789505570.6758766,112221.8811103,174.134,78,1710,9001,174071905,4
matmul_large_block08,1789505570.726373,112221.9310849,174.134,78,1710,9001,174095953,4
matmul_large_block08,1789505570.7828286,112221.9875442,174.134,78,1710,9001,174095953,4
matmul_large_block08,1789505570.8342822,112222.0391439,174.134,78,1710,9001,174125170,4
matmul_large_block08,1789505570.8754358,112222.0811086,174.134,78,1710,9001,174125170,4
matmul_large_block08,1789505570.9261281,112222.1309299,174.134,78,1710,9001,174149437,4
matmul_large_block08,1789505570.977724,112222.1824416,174.134,78,1710,9001,174149437,4
matmul_large_block08,1789505571.0328004,112222.237645,174.134,78,1710,9001,174176702,4
matmul_large_block08,1789505571.0785146,112222.2832872,174.134,78,1710,9001,174176702,4
matmul_large_block08,1789505571.1279926,112222.3327184,174.134,78,1710,9001,174202085,4
matmul_large_block08,1789505571.1843367,112222.3891267,175.143,79,1695,9001,174202085,4
matmul_large_block08,1789505571.2263641,112222.4310325,175.143,79,1695,9001,174232897,4
matmul_large_block08,1789505571.276976,112222.4816794,175.143,79,1695,9001,174232897,4
matmul_large_block08,1789505571.327749,112222.5325585,175.143,79,1695,9001,174260843,4
matmul_large_block08,1789505571.3790221,112222.5838299,175.143,79,1695,9001,174260843,4
matmul_large_block08,1789505571.4294112,112222.6341904,175.143,79,1695,9001,174290747,4
matmul_large_block08,1789505571.4827592,112222.6874954,175.143,79,1695,9001,174290747,4
matmul_large_block08,1789505571.5298615,112222.7346689,175.143,79,1695,9001,174316479,4
matmul_large_block08,1789505571.578908,112222.7836556,175.143,79,1695,9001,174316479,4
matmul_large_block08,1789505571.6358943,112222.8406983,175.143,79,1695,9001,174341486,4
matmul_large_block08,1789505571.691652,112222.8963092,174.155,78,1710,9001,174341486,4
matmul_large_block08,1789505571.7348225,112222.939695,174.155,78,1710,9001,174364966,4
matmul_large_block08,1789505571.7857,112222.9910453,174.155,78,1710,9001,174364966,4
matmul_large_block08,1789505571.826396,112223.0310807,174.155,78,1710,9001,174392659,4
matmul_large_block08,1789505571.876228,112223.0810699,174.155,78,1710,9001,174392659,4
matmul_large_block08,1789505571.9283772,112223.1331455,174.155,78,1710,9001,174420965,4
matmul_large_block08,1789505571.9794157,112223.1842366,174.155,78,1710,9001,174420965,4
matmul_large_block08,1789505572.0301013,112223.2349561,174.155,78,1710,9001,174451414,4
matmul_large_block08,1789505572.0806377,112223.285407,174.155,78,1710,9001,174451414,4
matmul_large_block08,1789505572.1311066,112223.3360304,174.155,78,1710,9001,174477915,4
matmul_large_block08,1789505572.1847022,112223.3895629,174.982,79,1680,9001,174477915,4
matmul_large_block08,1789505572.226095,112223.4313606,174.982,79,1680,9001,174505112,4
matmul_large_block08,1789505572.2776248,112223.4824482,174.982,79,1680,9001,174505112,4
matmul_large_block08,1789505572.3296292,112223.534525,174.982,79,1680,9001,174533901,4
matmul_large_block08,1789505572.3811526,112223.5859942,174.982,79,1680,9001,174533901,4
matmul_large_block08,1789505572.432172,112223.6369583,174.982,79,1680,9001,174560237,4
matmul_large_block08,1789505572.4781291,112223.6831834,174.982,79,1680,9001,174560237,4
matmul_large_block08,1789505572.5402646,112223.7451486,174.982,79,1680,9001,174585343,4
matmul_large_block08,1789505572.5798578,112223.7846343,174.982,79,1680,9001,174585343,4
matmul_large_block08,1789505572.6319258,112223.8367469,174.982,79,1680,9001,174612304,4
matmul_large_block08,1789505572.677315,112223.8821053,174.096,78,1710,9001,174612304,4
matmul_large_block08,1789505572.7304227,112223.9353082,174.096,78,1710,9001,174637086,4
matmul_large_block08,1789505572.7815132,112223.9867178,174.096,78,1710,9001,174637086,4
matmul_large_block08,1789505572.8327515,112224.0375661,174.096,78,1710,9001,174662755,4
matmul_large_block08,1789505572.8848164,112224.0896159,174.096,78,1710,9001,174662755,4
matmul_large_block08,1789505572.936189,112224.1409499,174.096,78,1710,9001,174690515,4
matmul_large_block08,1789505572.9775052,112224.1823115,174.096,78,1710,9001,174690515,4
matmul_large_block08,1789505573.0284579,112224.2332228,174.096,78,1710,9001,174715727,4
matmul_large_block08,1789505573.0805194,112224.285252,174.096,78,1710,9001,174715727,4
matmul_large_block08,1789505573.131796,112224.3366106,174.096,78,1710,9001,174742090,4
matmul_large_block08,1789505573.1817665,112224.3865592,175.184,79,1680,9001,174742090,4
matmul_large_block08,1789505573.2324996,112224.4372891,175.184,79,1680,9001,174767849,4
matmul_large_block08,1789505573.2840571,112224.4887723,175.184,79,1680,9001,174767849,4
matmul_large_block08,1789505573.3352675,112224.5401973,175.184,79,1680,9001,174795293,4
matmul_large_block08,1789505573.3766816,112224.5815426,175.184,79,1680,9001,174795293,4
matmul_large_block08,1789505573.428535,112224.6333735,175.184,79,1680,9001,174820156,4
matmul_large_block08,1789505573.483214,112224.6879073,175.184,79,1680,9001,174820156,4
matmul_large_block08,1789505573.5301144,112224.7348794,175.184,79,1680,9001,174847049,4
matmul_large_block08,1789505573.5786054,112224.7834149,175.184,79,1680,9001,174847049,4
matmul_large_block08,1789505573.6306486,112224.835403,175.184,79,1680,9001,174872507,4
matmul_large_block08,1789505573.6832333,112224.8880524,174.188,79,1680,9001,174872507,4
matmul_large_block08,1789505573.7299442,112224.9347146,174.188,79,1680,9001,174899784,4
matmul_large_block08,1789505573.781833,112224.9866144,174.188,79,1680,9001,174899784,4
matmul_large_block08,1789505573.8331983,112225.0381124,174.188,79,1680,9001,174926523,4
matmul_large_block08,1789505573.8838174,112225.0885915,174.188,79,1680,9001,174926523,4
matmul_large_block08,1789505573.9354608,112225.1402357,174.188,79,1680,9001,174954405,4
matmul_large_block08,1789505573.9759386,112225.1810674,174.188,79,1680,9001,174954405,4
matmul_large_block08,1789505574.026221,112225.2309135,174.188,79,1680,9001,174978957,4
matmul_large_block08,1789505574.0752215,112225.2806556,174.188,79,1680,9001,174978957,4
matmul_large_block08,1789505574.1266522,112225.3314597,174.188,79,1680,9001,175007832,4
matmul_large_block08,1789505574.1802654,112225.3850744,175.068,79,1695,9001,175007832,4
matmul_large_block08,1789505574.2331736,112225.4380575,175.068,79,1695,9001,175038291,4
matmul_large_block08,1789505574.2837477,112225.4885787,175.068,79,1695,9001,175038291,4
matmul_large_block08,1789505574.3338776,112225.5386938,175.068,79,1695,9001,175065837,4
matmul_large_block08,1789505574.3761377,112225.5809622,175.068,79,1695,9001,175065837,4
matmul_large_block08,1789505574.425777,112225.6307081,175.068,79,1695,9001,175090017,4
matmul_large_block08,1789505574.4827628,112225.6876796,175.068,79,1695,9001,175090017,4
matmul_large_block08,1789505574.5302873,112225.7350191,175.068,79,1695,9001,175121280,4
matmul_large_block08,1789505574.5870109,112225.7917503,175.068,79,1695,9001,175121280,4
matmul_large_block08,1789505574.629921,112225.8348418,175.068,79,1695,9001,175149347,4
matmul_large_block08,1789505574.6798918,112225.8846542,174.564,78,1680,9001,175149347,4
matmul_large_block08,1789505574.7317457,112225.9366006,174.564,78,1680,9001,175175242,4
matmul_large_block08,1789505574.7831135,112225.9879669,174.564,78,1680,9001,175175242,4
matmul_large_block08,1789505574.8341076,112226.0389738,174.564,78,1680,9001,175201933,4
matmul_large_block08,1789505574.875113,112226.0808775,174.564,78,1680,9001,175201933,4
matmul_large_block08,1789505574.9262006,112226.1312239,174.564,78,1680,9001,175226389,4
matmul_large_block08,1789505574.9779077,112226.1826624,174.564,78,1680,9001,175226389,4
matmul_large_block08,1789505575.0286505,112226.2333777,174.564,78,1680,9001,175255023,4
matmul_large_block08,1789505575.0795965,112226.2843249,174.564,78,1680,9001,175255023,4
matmul_large_block08,1789505575.1307635,112226.3354904,174.564,78,1680,9001,175280169,4
matmul_large_block08,1789505575.1834996,112226.3883535,175.054,79,1680,9001,175280169,4
matmul_large_block08,1789505575.228107,112226.4330073,175.054,79,1680,9001,175306942,4
matmul_large_block08,1789505575.279287,112226.4841636,175.054,79,1680,9001,175306942,4
matmul_large_block08,1789505575.331138,112226.535852,175.054,79,1680,9001,175332629,4
matmul_large_block08,1789505575.3824844,112226.5873313,175.054,79,1680,9001,175332629,4
matmul_large_block08,1789505575.434118,112226.6390152,175.054,79,1680,9001,175359577,4
matmul_large_block08,1789505575.4827807,112226.6877305,175.054,79,1680,9001,175359577,4
matmul_large_block08,1789505575.5308266,112226.7356564,175.054,79,1680,9001,175387143,4
matmul_large_block08,1789505575.5838616,112226.7886233,175.054,79,1680,9001,175387143,4
matmul_large_block08,1789505575.632281,112226.8369743,175.054,79,1680,9001,175413816,4
matmul_large_block09,1789505575.653092,112226.8679558,175.054,79,1680,9001,175413816,4
matmul_large_block09,1789505575.7199547,112226.9247596,174.729,79,1710,9001,175441586,4
matmul_large_block09,1789505575.7713833,112226.9765505,174.729,79,1710,9001,175441586,4
matmul_large_block09,1789505575.8128097,112227.0186049,174.729,79,1710,9001,175465802,4
matmul_large_block09,1789505575.864172,112227.0691875,174.729,79,1710,9001,175465802,4
matmul_large_block09,1789505575.9155781,112227.1203471,174.729,79,1710,9001,175493747,4
matmul_large_block09,1789505575.9665065,112227.1712698,174.729,79,1710,9001,175493747,4
matmul_large_block09,1789505576.0182428,112227.2231674,174.729,79,1710,9001,175522814,4
matmul_large_block09,1789505576.0696087,112227.2744353,174.729,79,1710,9001,175522814,4
matmul_large_block09,1789505576.1222854,112227.3276296,174.729,79,1710,9001,175547313,4
matmul_large_block09,1789505576.1638937,112227.3688083,174.729,79,1710,9001,175547313,4
matmul_large_block09,1789505576.221597,112227.4265961,175.105,79,1665,9001,175578024,4
matmul_large_block09,1789505576.2632618,112227.4682176,175.105,79,1665,9001,175578024,4
matmul_large_block09,1789505576.315722,112227.5210286,175.105,79,1665,9001,175608285,4
matmul_large_block09,1789505576.3668494,112227.5719023,175.105,79,1665,9001,175608285,4
matmul_large_block09,1789505576.4196632,112227.6245827,175.105,79,1665,9001,175631649,4
matmul_large_block09,1789505576.4737122,112227.678447,175.105,79,1665,9001,175631649,4
matmul_large_block09,1789505576.5233154,112227.7285889,175.105,79,1665,9001,175657767,4
matmul_large_block09,1789505576.5707123,112227.7757346,175.105,79,1665,9001,175657767,4
matmul_large_block09,1789505576.624259,112227.8294188,175.105,79,1665,9001,175682663,4
matmul_large_block09,1789505576.663705,112227.8685615,175.105,79,1665,9001,175682663,4
matmul_large_block09,1789505576.7220323,112227.9270683,174.789,79,1710,9001,175714499,4
matmul_large_block09,1789505576.7729704,112227.9781111,174.789,79,1710,9001,175714499,4
matmul_large_block09,1789505576.8145833,112228.0199987,174.789,79,1710,9001,175740516,4
matmul_large_block09,1789505576.8660147,112228.0709876,174.789,79,1710,9001,175740516,4
matmul_large_block09,1789505576.9167593,112228.1217155,174.789,79,1710,9001,175770004,4
matmul_large_block09,1789505576.9696732,112228.175002,174.789,79,1710,9001,175770004,4
matmul_large_block09,1789505577.0209532,112228.2264777,174.789,79,1710,9001,175793434,4
matmul_large_block09,1789505577.0698357,112228.2747717,174.789,79,1710,9001,175793434,4
matmul_large_block09,1789505577.1213543,112228.3263225,174.789,79,1710,9001,175819473,4
matmul_large_block09,1789505577.163489,112228.3684049,174.789,79,1710,9001,175819473,4
matmul_large_block09,1789505577.2194204,112228.4243652,174.605,79,1680,9001,175848503,4
matmul_large_block09,1789505577.27068,112228.4756203,174.605,79,1680,9001,175848503,4
matmul_large_block09,1789505577.3222187,112228.5271012,174.605,79,1680,9001,175873260,4
matmul_large_block09,1789505577.3633916,112228.5684623,174.605,79,1680,9001,175873260,4
matmul_large_block09,1789505577.4153795,112228.6206055,174.605,79,1680,9001,175904081,4
matmul_large_block09,1789505577.4644914,112228.6694305,174.605,79,1680,9001,175904081,4
matmul_large_block09,1789505577.520309,112228.725201,174.605,79,1680,9001,175932813,4
matmul_large_block09,1789505577.5689192,112228.7736976,174.605,79,1680,9001,175932813,4
matmul_large_block09,1789505577.6203444,112228.8255673,174.605,79,1680,9001,175956987,4
matmul_large_block09,1789505577.669137,112228.8740862,174.605,79,1680,9001,175956987,4
matmul_large_block09,1789505577.7223012,112228.9275313,174.273,78,1710,9001,175982874,4
matmul_large_block09,1789505577.7641156,112228.9690122,174.273,78,1710,9001,175982874,4
matmul_large_block09,1789505577.8148487,112229.0196993,174.273,78,1710,9001,176013773,4
matmul_large_block09,1789505577.8655844,112229.0707867,174.273,78,1710,9001,176013773,4
matmul_large_block09,1789505577.917328,112229.1220846,174.273,78,1710,9001,176043219,4
matmul_large_block09,1789505577.969415,112229.1747635,174.273,78,1710,9001,176043219,4
matmul_large_block09,1789505578.0154426,112229.2202858,174.273,78,1710,9001,176067357,4
matmul_large_block09,1789505578.0644531,112229.2694326,174.273,78,1710,9001,176067357,4
matmul_large_block09,1789505578.1162124,112229.3211302,174.273,78,1710,9001,176095960,4
matmul_large_block09,1789505578.167616,112229.3724359,174.273,78,1710,9001,176095960,4
matmul_large_block09,1789505578.224367,112229.4293301,174.215,78,1680,9001,176119562,4
matmul_large_block09,1789505578.265408,112229.4702944,174.215,78,1680,9001,176119562,4
matmul_large_block09,1789505578.315507,112229.5202609,174.215,78,1680,9001,176152411,4
matmul_large_block09,1789505578.3671756,112229.5722024,174.215,78,1680,9001,176152411,4
matmul_large_block09,1789505578.4186754,112229.6234588,174.215,78,1680,9001,176175595,4
matmul_large_block09,1789505578.4682941,112229.6733516,174.215,78,1680,9001,176175595,4
matmul_large_block09,1789505578.5219586,112229.7268374,174.215,78,1680,9001,176200187,4
matmul_large_block09,1789505578.5633655,112229.7686507,174.215,78,1680,9001,176200187,4
matmul_large_block09,1789505578.6226423,112229.8275331,174.215,78,1680,9001,176231258,4
matmul_large_block09,1789505578.6639574,112229.8687814,174.215,78,1680,9001,176231258,4
matmul_large_block09,1789505578.7210152,112229.9259397,174.511,79,1710,9001,176263199,4
matmul_large_block09,1789505578.76219,112229.9681209,174.511,79,1710,9001,176263199,4
matmul_large_block09,1789505578.8135514,112230.0184634,174.511,79,1710,9001,176294298,4
matmul_large_block09,1789505578.8649654,112230.0699534,174.511,79,1710,9001,176294298,4
matmul_large_block09,1789505578.916518,112230.1215316,174.511,79,1710,9001,176322916,4
matmul_large_block09,1789505578.9681304,112230.1733554,174.511,79,1710,9001,176322916,4
matmul_large_block09,1789505579.02193,112230.2268551,174.511,79,1710,9001,176347278,4
matmul_large_block09,1789505579.067551,112230.2724603,174.511,79,1710,9001,176347278,4
matmul_large_block09,1789505579.1188762,112230.3238879,174.511,79,1710,9001,176373654,4
matmul_large_block09,1789505579.169783,112230.3745374,174.511,79,1710,9001,176373654,4
matmul_large_block09,1789505579.2176723,112230.4225212,174.206,79,1680,9001,176398843,4
matmul_large_block09,1789505579.268998,112230.4738807,174.206,79,1680,9001,176398843,4
matmul_large_block09,1789505579.3199122,112230.5247907,174.206,79,1680,9001,176422983,4
matmul_large_block09,1789505579.371981,112230.5768973,174.206,79,1680,9001,176422983,4
matmul_large_block09,1789505579.4134626,112230.61831,174.206,79,1680,9001,176448984,4
matmul_large_block09,1789505579.4638698,112230.6688075,174.206,79,1680,9001,176448984,4
matmul_large_block09,1789505579.5131352,112230.7181859,174.206,79,1680,9001,176476807,4
matmul_large_block09,1789505579.563242,112230.7683154,174.206,79,1680,9001,176476807,4
matmul_large_block09,1789505579.621035,112230.8261934,174.206,79,1680,9001,176504546,4
matmul_large_block09,1789505579.6715143,112230.8763814,174.206,79,1680,9001,176504546,4
matmul_large_block09,1789505579.7216647,112230.9267929,174.435,79,1710,9001,176531219,4
matmul_large_block09,1789505579.7632651,112230.9687519,174.435,79,1710,9001,176531219,4
matmul_large_block09,1789505579.8152008,112231.0202347,174.435,79,1710,9001,176563099,4
matmul_large_block09,1789505579.8661401,112231.0708286,174.435,79,1710,9001,176563099,4
matmul_large_block09,1789505579.917539,112231.1222566,174.435,79,1710,9001,176592886,4
matmul_large_block09,1789505579.9693418,112231.1741271,174.435,79,1710,9001,176592886,4
matmul_large_block09,1789505580.012665,112231.2181374,174.435,79,1710,9001,176616122,4
matmul_large_block09,1789505580.0638366,112231.268617,174.435,79,1710,9001,176616122,4
matmul_large_block09,1789505580.1155126,112231.3203065,174.435,79,1710,9001,176644211,4
matmul_large_block09,1789505580.1656797,112231.3705094,174.435,79,1710,9001,176644211,4
matmul_large_block09,1789505580.2214441,112231.4263125,174.544,78,1680,9001,176672904,4
matmul_large_block09,1789505580.2626033,112231.4681704,174.544,78,1680,9001,176672904,4
matmul_large_block09,1789505580.314317,112231.5191191,174.544,78,1680,9001,176704020,4
matmul_large_block09,1789505580.3657384,112231.5706087,174.544,78,1680,9001,176704020,4
matmul_large_block09,1789505580.4177668,112231.6224967,174.544,78,1680,9001,176733039,4
matmul_large_block09,1789505580.466663,112231.6713645,174.544,78,1680,9001,176733039,4
matmul_large_block09,1789505580.521936,112231.7266887,174.544,78,1680,9001,176757834,4
matmul_large_block09,1789505580.5713398,112231.7760339,174.544,78,1680,9001,176757834,4
matmul_large_block09,1789505580.6199923,112231.8248101,174.544,78,1680,9001,176783691,4
matmul_large_block09,1789505580.672269,112231.8771193,174.544,78,1680,9001,176783691,4
matmul_large_block09,1789505580.721478,112231.9261446,175.151,79,1710,9001,176810051,4
matmul_large_block09,1789505580.7728937,112231.9776017,175.151,79,1710,9001,176810051,4
matmul_large_block09,1789505580.8143933,112232.0191936,175.151,79,1710,9001,176836012,4
matmul_large_block09,1789505580.864866,112232.0697078,175.151,79,1710,9001,176836012,4
matmul_large_block09,1789505580.915162,112232.1200054,175.151,79,1710,9001,176865190,4
matmul_large_block09,1789505580.966944,112232.17169,175.151,79,1710,9001,176865190,4
matmul_large_block09,1789505581.02149,112232.2263488,175.151,79,1710,9001,176888261,4
matmul_large_block09,1789505581.0719826,112232.2767722,175.151,79,1710,9001,176888261,4
matmul_large_block09,1789505581.1135685,112232.318498,175.151,79,1710,9001,176915016,4
matmul_large_block09,1789505581.1657248,112232.3705108,175.151,79,1710,9001,176915016,4
matmul_large_block09,1789505581.2146816,112232.4195165,174.412,78,1680,9001,176944013,4
matmul_large_block09,1789505581.2666516,112232.4714751,174.412,78,1680,9001,176944013,4
matmul_large_block09,1789505581.3181071,112232.5228323,174.412,78,1680,9001,176967219,4
matmul_large_block09,1789505581.3698106,112232.5745582,174.412,78,1680,9001,176967219,4
matmul_large_block09,1789505581.4202504,112232.6250002,174.412,78,1680,9001,176992183,4
matmul_large_block09,1789505581.4715729,112232.6763065,174.412,78,1680,9001,176992183,4
matmul_large_block09,1789505581.5222294,112232.7270822,174.412,78,1680,9001,177018678,4
matmul_large_block09,1789505581.575136,112232.7802479,174.412,78,1680,9001,177018678,4
matmul_large_block09,1789505581.613319,112232.8184157,174.412,78,1680,9001,177047506,4
matmul_large_block09,1789505581.6645503,112232.8692497,174.412,78,1680,9001,177047506,4
matmul_large_block09,1789505581.7211263,112232.9260123,175.255,79,1695,9001,177076810,4
matmul_large_block09,1789505581.7722723,112232.9770541,175.255,79,1695,9001,177076810,4
matmul_large_block09,1789505581.8131392,112233.0182336,175.255,79,1695,9001,177102180,4
matmul_large_block09,1789505581.863322,112233.0681458,175.255,79,1695,9001,177102180,4
matmul_large_block09,1789505581.9143958,112233.1192234,175.255,79,1695,9001,177130329,4
matmul_large_block09,1789505581.9656036,112233.170357,175.255,79,1695,9001,177130329,4
matmul_large_block09,1789505582.0158195,112233.220693,175.255,79,1695,9001,177153749,4
matmul_large_block09,1789505582.077513,112233.2823192,175.255,79,1695,9001,177153749,4
matmul_large_block09,1789505582.1182306,112233.3229697,175.255,79,1695,9001,177180512,4
matmul_large_block09,1789505582.1701684,112233.3748689,175.255,79,1695,9001,177180512,4
matmul_large_block09,1789505582.218988,112233.4236598,174.381,79,1680,9001,177205225,4
matmul_large_block09,1789505582.269694,112233.4746014,174.381,79,1680,9001,177205225,4
matmul_large_block09,1789505582.32013,112233.5248128,174.381,79,1680,9001,177230454,4
matmul_large_block09,1789505582.3705406,112233.5753734,174.381,79,1680,9001,177230454,4
matmul_large_block09,1789505582.4215167,112233.626287,174.381,79,1680,9001,177254892,4
matmul_large_block09,1789505582.4687693,112233.6735513,174.381,79,1680,9001,177254892,4
matmul_large_block09,1789505582.5201268,112233.7249855,174.381,79,1680,9001,177281760,4
matmul_large_block09,1789505582.5707536,112233.7754536,174.381,79,1680,9001,177281760,4
matmul_large_block09,1789505582.6214054,112233.8262924,174.381,79,1680,9001,177306802,4
matmul_large_block09,1789505582.663033,112233.8680513,174.381,79,1680,9001,177306802,4
matmul_large_block09,1789505582.7211275,112233.9259014,175.175,79,1680,9001,177338598,4
matmul_large_block09,1789505582.7733808,112233.9781184,175.175,79,1680,9001,177338598,4
matmul_large_block09,1789505582.8145874,112234.0193945,175.175,79,1680,9001,177365698,4
matmul_large_block09,1789505582.8666556,112234.0714882,175.175,79,1680,9001,177365698,4
matmul_large_block09,1789505582.9189007,112234.1237303,175.175,79,1680,9001,177389605,4
matmul_large_block09,1789505582.9651659,112234.1699641,175.175,79,1680,9001,177389605,4
matmul_large_block09,1789505583.020345,112234.2250391,175.175,79,1680,9001,177419831,4
matmul_large_block09,1789505583.0775514,112234.2823096,175.175,79,1680,9001,177419831,4
matmul_large_block09,1789505583.118739,112234.323561,175.175,79,1680,9001,177448665,4
matmul_large_block09,1789505583.1694202,112234.3741558,175.175,79,1680,9001,177448665,4
matmul_large_block09,1789505583.22348,112234.4281884,174.251,79,1680,9001,177473804,4
matmul_large_block09,1789505583.2644277,112234.469245,174.251,79,1680,9001,177473804,4
matmul_large_block09,1789505583.316063,112234.520819,174.251,79,1680,9001,177507074,4
matmul_large_block09,1789505583.3674357,112234.5721691,174.251,79,1680,9001,177507074,4
matmul_large_block09,1789505583.4189243,112234.6236511,174.251,79,1680,9001,177530401,4
matmul_large_block09,1789505583.4716682,112234.676445,174.251,79,1680,9001,177530401,4
matmul_large_block09,1789505583.5201151,112234.7248528,174.251,79,1680,9001,177556919,4
matmul_large_block09,1789505583.5676694,112234.7724511,174.251,79,1680,9001,177556919,4
matmul_large_block09,1789505583.6214888,112234.8262562,174.251,79,1680,9001,177583421,4
matmul_large_block09,1789505583.669622,112234.8743907,174.251,79,1680,9001,177583421,4
matmul_large_block09,1789505583.7222683,112234.9269748,174.592,79,1680,9001,177609953,4
matmul_large_block09,1789505583.7730975,112234.9777859,174.592,79,1680,9001,177609953,4
matmul_large_block09,1789505583.814479,112235.0192054,174.592,79,1680,9001,177636564,4
matmul_large_block09,1789505583.8656807,112235.0705587,174.592,79,1680,9001,177636564,4
matmul_large_block09,1789505583.9165328,112235.1213082,174.592,79,1680,9001,177660237,4
matmul_large_block09,1789505583.9686444,112235.1734685,174.592,79,1680,9001,177660237,4
matmul_large_block09,1789505584.0192587,112235.2240507,174.592,79,1680,9001,177683191,4
matmul_large_block09,1789505584.080255,112235.2851332,174.592,79,1680,9001,177683191,4
matmul_large_block09,1789505584.120843,112235.325726,174.592,79,1680,9001,177713057,4
matmul_large_block09,1789505584.1718743,112235.3767779,174.592,79,1680,9001,177713057,4
matmul_large_block09,1789505584.2211277,112235.4259042,174.387,79,1680,9001,177740049,4
matmul_large_block09,1789505584.2721317,112235.4770677,174.387,79,1680,9001,177740049,4
matmul_large_block09,1789505584.3230298,112235.5278574,174.387,79,1680,9001,177767975,4
matmul_large_block09,1789505584.3645096,112235.5694097,174.387,79,1680,9001,177767975,4
matmul_large_block09,1789505584.416512,112235.621291,174.387,79,1680,9001,177800102,4
matmul_large_block09,1789505584.4743207,112235.6791138,174.387,79,1680,9001,177800102,4
matmul_large_block09,1789505584.5218472,112235.7265825,174.387,79,1680,9001,177827147,4
matmul_large_block09,1789505584.5748556,112235.7796868,174.387,79,1680,9001,177827147,4
matmul_large_block09,1789505584.6125243,112235.8180877,174.387,79,1680,9001,177856305,4
matmul_large_block09,1789505584.663988,112235.8688851,174.387,79,1680,9001,177856305,4
matmul_large_block09,1789505584.721048,112235.9259301,175.183,79,1680,9001,177885459,4
matmul_large_block09,1789505584.772824,112235.9775477,175.183,79,1680,9001,177885459,4
matmul_large_block09,1789505584.8137145,112236.0185422,175.183,79,1680,9001,177913002,4
matmul_large_block09,1789505584.8659582,112236.0707438,175.183,79,1680,9001,177913002,4
matmul_large_block09,1789505584.9173641,112236.1221826,175.183,79,1680,9001,177936410,4
matmul_large_block09,1789505584.968418,112236.1731996,175.183,79,1680,9001,177936410,4
matmul_large_block09,1789505585.0199301,112236.224841,175.183,79,1680,9001,177961203,4
matmul_large_block09,1789505585.0645926,112236.2693534,175.183,79,1680,9001,177961203,4
matmul_large_block09,1789505585.114945,112236.3198166,175.183,79,1680,9001,177993446,4
matmul_large_block09,1789505585.1671288,112236.3718906,175.183,79,1680,9001,177993446,4
matmul_large_block09,1789505585.2218356,112236.4267513,174.558,79,1680,9001,178017175,4
matmul_large_block09,1789505585.2731774,112236.478027,174.558,79,1680,9001,178017175,4
matmul_large_block09,1789505585.3141305,112236.5190094,174.558,79,1680,9001,178045991,4
matmul_large_block09,1789505585.366312,112236.5710605,174.558,79,1680,9001,178045991,4
matmul_large_block09,1789505585.4162438,112236.6209616,174.558,79,1680,9001,178070052,4
matmul_large_block09,1789505585.4659827,112236.6709563,174.558,79,1680,9001,178070052,4
matmul_large_block09,1789505585.521064,112236.7258712,174.558,79,1680,9001,178094988,4
matmul_large_block09,1789505585.5781157,112236.7829699,174.558,79,1680,9001,178094988,4
matmul_large_block09,1789505585.6196225,112236.8245059,174.558,79,1680,9001,178125207,4
matmul_large_block09,1789505585.6701543,112236.8752882,174.558,79,1680,9001,178125207,4
matmul_large_block09,1789505585.7196157,112236.9245822,174.921,79,1680,9001,178151611,4
matmul_large_block09,1789505585.7706718,112236.9756323,174.921,79,1680,9001,178151611,4
