window,t_wall,t_perf,power_w,temp_c,sm_clock_mhz,mem_clock_mhz,energy_mj,throttle_mask
matmul_tiny_loop_block00,1789506052.9118674,112704.1202675,62.554,64,2325,9001,273314231,0
matmul_tiny_loop_block00,1789506053.016959,112704.2218924,62.554,64,2325,9001,273326865,0
matmul_tiny_loop_block00,1789506053.0179608,112704.2227958,62.554,64,2325,9001,273326865,0
matmul_tiny_loop_block00,1789506053.0897043,112704.295174,62.554,64,2325,9001,273340798,0
matmul_tiny_loop_block00,1789506053.128299,112704.3343863,62.554,64,2325,9001,273340798,0
matmul_tiny_loop_block00,1789506053.3370092,112704.5417387,62.554,64,2325,9001,273360776,0
matmul_tiny_loop_block00,1789506053.3377142,112704.5425421,62.554,64,2325,9001,273360776,0
matmul_tiny_loop_block00,1789506053.3948314,112704.5996554,62.409,64,2325,9001,273374639,0
matmul_tiny_loop_block00,1789506053.4503162,112704.6561169,62.409,64,2325,9001,273386762,0
matmul_tiny_loop_block00,1789506053.5687168,112704.7739652,62.409,64,2325,9001,273394647,0
matmul_tiny_loop_block00,1789506053.5697176,112704.775219,62.409,64,2325,9001,273394647,0
matmul_tiny_loop_block00,1789506053.6233864,112704.8281281,62.409,64,2325,9001,273394647,0
matmul_tiny_loop_block00,1789506053.7152011,112704.9202788,62.409,64,2325,9001,273407253,0
matmul_tiny_loop_block00,1789506053.7374396,112704.9431776,62.409,64,2325,9001,273407253,0
matmul_tiny_loop_block00,1789506053.7738588,112704.9802006,62.409,64,2325,9001,273428337,0
matmul_tiny_loop_block00,1789506053.837912,112705.042683,62.409,64,2325,9001,273428337,0
matmul_tiny_loop_block00,1789506053.8995452,112705.1052135,62.122,64,2325,9001,273448694,0
matmul_tiny_loop_block00,1789506053.933743,112705.1387999,62.122,64,2325,9001,273448694,0
matmul_tiny_loop_block00,1789506053.9808564,112705.1855618,62.122,64,2325,9001,273470055,0
matmul_tiny_loop_block00,1789506054.108711,112705.3149416,62.122,64,2325,9001,273485753,0
matmul_tiny_loop_block00,1789506054.1107168,112705.3159444,62.122,64,2325,9001,273485753,0
matmul_tiny_loop_block00,1789506054.1653407,112705.3700047,62.122,64,2325,9001,273496353,0
matmul_tiny_loop_block00,1789506054.2140427,112705.4199092,62.122,64,2325,9001,273496353,0
matmul_tiny_loop_block00,1789506054.261966,112705.468423,62.122,64,2325,9001,273512097,0
matmul_tiny_loop_block00,1789506054.3179893,112705.5228907,62.122,64,2325,9001,273512097,0
matmul_tiny_loop_block00,1789506054.369338,112705.5740537,62.188,64,2325,9001,273529387,0
matmul_tiny_loop_block00,1789506054.4197934,112705.6262475,62.188,64,2325,9001,273529387,0
matmul_tiny_loop_block00,1789506054.466396,112705.6710678,62.188,64,2325,9001,273550174,0
matmul_tiny_loop_block00,1789506054.520338,112705.7251084,62.188,64,2325,9001,273550174,0
matmul_tiny_loop_block00,1789506054.6033964,112705.8082625,62.188,64,2325,9001,273568657,0
matmul_tiny_loop_block00,1789506054.6133976,112705.8185321,62.188,64,2325,9001,273568657,0
matmul_tiny_loop_block00,1789506054.6712332,112705.8762198,62.188,64,2325,9001,273580785,0
matmul_tiny_loop_block00,1789506054.7206838,112705.9256625,62.188,64,2325,9001,273580785,0
matmul_tiny_loop_block00,1789506054.8369737,112706.0429888,62.188,64,2325,9001,273601372,0
matmul_tiny_loop_block00,1789506054.8389778,112706.0437125,62.188,64,2325,9001,273601372,0
matmul_tiny_loop_block00,1789506054.895669,112706.1018654,62.953,64,2325,9001,273616298,0
matmul_tiny_loop_block00,1789506054.9511285,112706.156116,62.953,64,2325,9001,273630020,0
matmul_tiny_loop_block00,1789506054.9960554,112706.2026697,62.953,64,2325,9001,273630020,0
matmul_tiny_loop_block00,1789506055.045612,112706.2503761,62.953,64,2325,9001,273644637,0
matmul_tiny_loop_block00,1789506055.0942953,112706.2991623,62.953,64,2325,9001,273644637,0
matmul_tiny_loop_block00,1789506055.144777,112706.3494962,62.953,64,2325,9001,273657820,0
matmul_tiny_loop_block00,1789506055.1961098,112706.4008011,62.953,64,2325,9001,273657820,0
matmul_tiny_loop_block00,1789506055.247498,112706.4523025,62.953,64,2325,9001,273672245,0
matmul_tiny_loop_block00,1789506055.2984986,112706.5031603,62.953,64,2325,9001,273672245,0
matmul_tiny_loop_block00,1789506055.3393123,112706.5441209,62.953,64,2325,9001,273672245,0
matmul_tiny_loop_block00,1789506055.3903167,112706.5950007,63.222,64,2325,9001,273696378,0
matmul_tiny_loop_block00,1789506055.441617,112706.6462768,63.222,64,2325,9001,273696378,0
matmul_tiny_loop_block00,1789506055.49628,112706.7010373,63.222,64,2325,9001,273716727,0
matmul_tiny_loop_block00,1789506055.5424504,112706.7472566,63.222,64,2325,9001,273716727,0
matmul_tiny_loop_block00,1789506055.596238,112706.800936,63.222,64,2325,9001,273741092,0
matmul_tiny_loop_block00,1789506055.6759365,112706.8807259,63.222,64,2325,9001,273754586,0
matmul_tiny_loop_block00,1789506055.695512,112706.9011293,63.222,64,2325,9001,273754586,0
matmul_tiny_loop_block00,1789506055.8051758,112707.0104979,63.222,64,2325,9001,273775337,0
matmul_tiny_loop_block00,1789506055.80715,112707.0133322,63.222,64,2325,9001,273775337,0
matmul_tiny_loop_block00,1789506055.8574638,112707.0635778,63.308,64,2325,9001,273784971,0
matmul_tiny_loop_block00,1789506055.9121358,112707.1184394,63.308,64,2325,9001,273784971,0
matmul_tiny_loop_block00,1789506055.966421,112707.1711224,63.308,64,2325,9001,273803420,0
matmul_tiny_loop_block00,1789506056.0502656,112707.2557701,63.308,64,2325,9001,273812815,0
matmul_tiny_loop_block00,1789506056.0582888,112707.2637835,63.308,64,2325,9001,273812815,0
matmul_tiny_loop_block00,1789506056.121664,112707.3265757,63.308,64,2325,9001,273812815,0
matmul_tiny_loop_block00,1789506056.1950989,112707.4013415,63.308,64,2325,9001,273835117,0
matmul_tiny_loop_block00,1789506056.2138894,112707.418594,63.308,64,2325,9001,273835117,0
matmul_tiny_loop_block00,1789506056.2655115,112707.4702604,63.308,64,2325,9001,273855112,0
matmul_tiny_loop_block00,1789506056.3164535,112707.5213775,63.308,64,2325,9001,273855112,0
matmul_tiny_loop_block00,1789506056.367373,112707.5720284,63.389,64,2325,9001,273871888,0
matmul_tiny_loop_block00,1789506056.4078822,112707.6135257,63.389,64,2325,9001,273871888,0
matmul_tiny_loop_block00,1789506056.4587822,112707.6639054,63.389,64,2325,9001,273886188,0
matmul_tiny_loop_block00,1789506056.5144806,112707.7192265,63.389,64,2325,9001,273886188,0
matmul_tiny_loop_block00,1789506056.5639966,112707.7693118,63.389,64,2325,9001,273905086,0
matmul_tiny_loop_block00,1789506056.6800575,112707.8851584,63.389,64,2325,9001,273914180,0
matmul_tiny_loop_block00,1789506056.6820574,112707.8869452,63.389,64,2325,9001,273914180,0
matmul_tiny_loop_block00,1789506056.754325,112707.9596819,63.389,64,2325,9001,273933786,0
matmul_tiny_loop_block00,1789506056.8688834,112708.0739443,62.855,64,2325,9001,273942613,0
matmul_tiny_loop_block00,1789506056.8708913,112708.0768779,62.855,64,2325,9001,273942613,0
matmul_tiny_loop_block00,1789506056.9916096,112708.1971977,62.855,64,2325,9001,273954036,0
matmul_tiny_loop_block00,1789506056.9916096,112708.1979129,62.855,64,2325,9001,273954036,0
matmul_tiny_loop_block00,1789506057.0459006,112708.2508424,62.855,64,2325,9001,273966446,0
matmul_tiny_loop_block00,1789506057.1270478,112708.3321251,62.855,64,2325,9001,273966446,0
matmul_tiny_loop_block00,1789506057.15115,112708.3558824,62.855,64,2325,9001,273976602,0
matmul_tiny_loop_block00,1789506057.2026012,112708.4074801,62.855,64,2325,9001,273976602,0
matmul_tiny_loop_block00,1789506057.2451022,112708.4513677,62.855,64,2325,9001,273986612,0
matmul_tiny_loop_block00,1789506057.2993383,112708.5050608,62.855,64,2325,9001,273986612,0
matmul_tiny_loop_block00,1789506057.3618252,112708.5679277,62.86,64,2325,9001,274002738,0
matmul_tiny_loop_block00,1789506057.4025953,112708.607351,62.86,64,2325,9001,274002738,0
matmul_tiny_loop_block00,1789506057.448918,112708.6552675,62.86,64,2325,9001,274016212,0
matmul_tiny_loop_block00,1789506057.49254,112708.698022,62.86,64,2325,9001,274016212,0
matmul_tiny_loop_block00,1789506057.5507798,112708.7554632,62.86,64,2325,9001,274030313,0
matmul_tiny_loop_block00,1789506057.5938041,112708.7988018,62.86,64,2325,9001,274030313,0
matmul_tiny_loop_block00,1789506057.6508293,112708.8554997,62.86,64,2325,9001,274043371,0
matmul_tiny_loop_block00,1789506057.6933587,112708.8982699,62.86,64,2325,9001,274043371,0
matmul_tiny_loop_block00,1789506057.7985578,112709.0048067,62.86,64,2325,9001,274057549,0
matmul_tiny_loop_block00,1789506057.8005638,112709.0057401,62.86,64,2325,9001,274057549,0
matmul_tiny_loop_block00,1789506057.919264,112709.125369,62.667,64,2325,9001,274073761,0
matmul_tiny_loop_block00,1789506057.9212704,112709.126127,62.667,64,2325,9001,274073761,0
matmul_tiny_loop_block00,1789506057.9738646,112709.1802749,62.667,64,2325,9001,274090253,0
matmul_tiny_loop_block00,1789506058.0411646,112709.2469055,62.667,64,2325,9001,274090253,0
matmul_tiny_loop_block00,1789506058.0753577,112709.2800147,62.667,64,2325,9001,274106619,0
matmul_tiny_loop_block00,1789506058.12739,112709.3320708,62.667,64,2325,9001,274106619,0
matmul_tiny_loop_block00,1789506058.1771328,112709.3819637,62.667,64,2325,9001,274123279,0
matmul_tiny_loop_block00,1789506058.2275105,112709.4321616,62.667,64,2325,9001,274123279,0
matmul_tiny_loop_block00,1789506058.2810478,112709.4857489,62.667,64,2325,9001,274140722,0
matmul_tiny_loop_block00,1789506058.3213608,112709.5262175,62.667,64,2325,9001,274140722,0
matmul_tiny_loop_block00,1789506058.3778968,112709.5843702,62.515,64,2325,9001,274168069,0
matmul_tiny_loop_block00,1789506058.422148,112709.6269267,62.515,64,2325,9001,274168069,0
matmul_tiny_loop_block00,1789506058.4710472,112709.6764768,62.515,64,2325,9001,274186375,0
matmul_tiny_loop_block00,1789506058.5306425,112709.7354665,62.515,64,2325,9001,274186375,0
matmul_tiny_loop_block00,1789506058.57655,112709.7812889,62.515,64,2325,9001,274202808,0
matmul_tiny_loop_block00,1789506058.6312094,112709.8359023,62.515,64,2325,9001,274202808,0
matmul_tiny_loop_block00,1789506058.6839728,112709.8893108,62.515,64,2325,9001,274221884,0
matmul_tiny_loop_block00,1789506058.8162787,112710.0216959,62.515,64,2325,9001,274231039,0
matmul_tiny_loop_block00,1789506058.8162787,112710.0224604,62.515,64,2325,9001,274231039,0
matmul_tiny_loop_block00,1789506058.8852,112710.0915579,62.675,64,2325,9001,274245785,0
matmul_tiny_loop_block00,1789506058.9713902,112710.1774812,62.675,64,2325,9001,274255181,0
matmul_tiny_loop_block00,1789506058.9733932,112710.1782224,62.675,64,2325,9001,274255181,0
matmul_tiny_loop_block00,1789506059.0459735,112710.2521913,62.675,64,2325,9001,274267157,0
matmul_tiny_loop_block00,1789506059.0920987,112710.2973142,62.675,64,2325,9001,274267157,0
matmul_tiny_loop_block00,1789506059.1307058,112710.3354221,62.675,64,2325,9001,274267157,0
matmul_tiny_loop_block00,1789506059.2003741,112710.4053957,62.675,64,2325,9001,274285010,0
matmul_tiny_loop_block00,1789506059.2305503,112710.4353116,62.675,64,2325,9001,274285010,0
matmul_tiny_loop_block00,1789506059.2746572,112710.4800991,62.675,64,2325,9001,274306418,0
matmul_tiny_loop_block00,1789506059.3261473,112710.5313524,62.675,64,2325,9001,274306418,0
matmul_tiny_loop_block00,1789506059.379062,112710.5842286,62.75,63,2325,9001,274323049,0
matmul_tiny_loop_block00,1789506059.4332535,112710.6387247,62.75,63,2325,9001,274323049,0
matmul_tiny_loop_block00,1789506059.4914074,112710.6968517,62.75,63,2325,9001,274345369,0
matmul_tiny_loop_block00,1789506059.5315742,112710.7363596,62.75,63,2325,9001,274345369,0
matmul_tiny_loop_block00,1789506059.579519,112710.7845072,62.75,63,2325,9001,274362481,0
matmul_tiny_loop_block00,1789506059.6296155,112710.8342749,62.75,63,2325,9001,274362481,0
matmul_tiny_loop_block00,1789506059.6869578,112710.8918376,62.75,63,2325,9001,274382909,0
matmul_tiny_loop_block00,1789506059.7320468,112710.9368141,62.75,63,2325,9001,274382909,0
matmul_tiny_loop_block00,1789506059.7733164,112710.978601,62.75,63,2325,9001,274397905,0
matmul_tiny_loop_block00,1789506059.8252158,112711.0301558,62.75,63,2325,9001,274397905,0
matmul_tiny_loop_block00,1789506059.8795564,112711.084283,62.235,63,2310,9001,274413304,1
matmul_tiny_loop_block00,1789506059.931048,112711.1357243,62.235,63,2310,9001,274413304,1
matmul_tiny_loop_block00,1789506059.9824953,112711.1874911,62.235,63,2310,9001,274434593,1
matmul_tiny_loop_block00,1789506060.0228524,112711.2286607,62.235,63,2310,9001,274434593,1
matmul_tiny_loop_block00,1789506060.1115277,112711.3176656,62.235,63,2310,9001,274446708,1
matmul_tiny_loop_block00,1789506060.1239326,112711.3302988,62.235,63,2310,9001,274446708,1
matmul_tiny_loop_block00,1789506060.180425,112711.3859981,62.235,63,2310,9001,274461954,1
matmul_tiny_loop_block00,1789506060.2277308,112711.4324956,62.235,63,2310,9001,274461954,1
matmul_tiny_loop_block00,1789506060.3200672,112711.5260068,62.235,63,2310,9001,274474724,1
matmul_tiny_loop_block00,1789506060.3220737,112711.5320354,62.235,63,2310,9001,274474724,1
matmul_tiny_loop_block00,1789506060.3833678,112711.5882183,62.098,63,2325,9001,274484883,0
matmul_tiny_loop_block00,1789506060.4387257,112711.6441197,62.098,63,2325,9001,274484883,0
matmul_tiny_loop_block00,1789506060.5566814,112711.7614546,62.098,63,2325,9001,274509999,0
matmul_tiny_loop_block00,1789506060.5579722,112711.7628447,62.098,63,2325,9001,274509999,0
matmul_tiny_loop_block00,1789506060.68735,112711.8926678,62.098,63,2325,9001,274521113,0
matmul_tiny_loop_block00,1789506060.68735,112711.8939471,62.098,63,2325,9001,274521113,0
matmul_tiny_loop_block00,1789506060.7529583,112711.9580615,62.098,63,2325,9001,274531389,0
matmul_tiny_loop_block00,1789506060.7990756,112712.0049874,62.098,63,2325,9001,274531389,0
matmul_tiny_loop_block00,1789506060.9116108,112712.1181305,62.149,63,2325,9001,274550328,0
matmul_tiny_loop_block00,1789506060.9140577,112712.1189092,62.149,63,2325,9001,274550328,0
matmul_tiny_loop_block00,1789506060.9729805,112712.177796,62.149,63,2325,9001,274563467,0
matmul_tiny_loop_block00,1789506061.0172899,112712.2219251,62.149,63,2325,9001,274563467,0
matmul_tiny_loop_block00,1789506061.0688472,112712.2735779,62.149,63,2325,9001,274584530,0
matmul_tiny_loop_block00,1789506061.1143456,112712.3194492,62.149,63,2325,9001,274584530,0
matmul_tiny_loop_block00,1789506061.1707392,112712.3772304,62.149,63,2325,9001,274602445,0
matmul_tiny_loop_block00,1789506061.219524,112712.42557,62.149,63,2325,9001,274602445,0
matmul_tiny_loop_block00,1789506061.2711449,112712.4759685,62.149,63,2325,9001,274625011,0
matmul_tiny_loop_block00,1789506061.3294828,112712.534679,62.149,63,2325,9001,274625011,0
matmul_tiny_loop_block00,1789506061.3697417,112712.5758847,62.096,63,2325,9001,274641601,0
matmul_tiny_loop_block00,1789506061.42104,112712.6262087,62.096,63,2325,9001,274641601,0
matmul_tiny_loop_block00,1789506061.4671268,112712.6718394,62.096,63,2325,9001,274655841,0
matmul_tiny_loop_block00,1789506061.5202696,112712.7249599,62.096,63,2325,9001,274655841,0
matmul_tiny_loop_block00,1789506061.5704858,112712.7752094,62.096,63,2325,9001,274676179,0
matmul_tiny_loop_block00,1789506061.624494,112712.830007,62.096,63,2325,9001,274676179,0
matmul_tiny_loop_block00,1789506061.6657486,112712.8717602,62.096,63,2325,9001,274690000,0
matmul_tiny_loop_block00,1789506061.7206354,112712.9261879,62.096,63,2325,9001,274690000,0
matmul_tiny_loop_block00,1789506061.7696152,112712.9759969,62.096,63,2325,9001,274702674,0
matmul_tiny_loop_block00,1789506061.8161762,112713.0209403,62.096,63,2325,9001,274702674,0
matmul_tiny_loop_block00,1789506061.867628,112713.0723442,62.269,63,2325,9001,274722542,0
matmul_tiny_loop_block00,1789506061.9181812,112713.1229089,62.269,63,2325,9001,274722542,0
matmul_tiny_loop_block00,1789506061.9720778,112713.1771661,62.269,63,2325,9001,274742364,0
matmul_tiny_loop_block00,1789506062.0886755,112713.2948465,62.269,63,2325,9001,274754404,0
matmul_tiny_loop_block00,1789506062.090682,112713.2964464,62.269,63,2325,9001,274754404,0
matmul_tiny_loop_block00,1789506062.1493466,112713.3540373,62.269,63,2325,9001,274766308,0
matmul_tiny_loop_block00,1789506062.2219315,112713.4269112,62.269,63,2325,9001,274766308,0
matmul_tiny_loop_block00,1789506062.2586718,112713.4638443,62.269,63,2325,9001,274775839,0
matmul_tiny_loop_block00,1789506062.3168287,112713.5216547,62.269,63,2325,9001,274775839,0
matmul_tiny_loop_block00,1789506062.3432856,112713.549007,62.269,63,2325,9001,274797674,0
matmul_tiny_loop_block00,1789506062.3971393,112713.6018753,62.48,63,2325,9001,274797674,0
matmul_tiny_loop_block00,1789506062.4413023,112713.6467285,62.48,63,2325,9001,274813412,0
matmul_tiny_loop_block01,1789506062.4874597,112713.6922533,62.48,63,2325,9001,274813412,0
matmul_tiny_loop_block01,1789506062.5400863,112713.74518,62.48,63,2325,9001,274813412,0
matmul_tiny_loop_block01,1789506062.5877166,112713.7929959,62.48,63,2325,9001,274836734,0
matmul_tiny_loop_block01,1789506062.6444523,112713.8492027,62.48,63,2325,9001,274846896,0
matmul_tiny_loop_block01,1789506062.6882076,112713.8930386,62.48,63,2325,9001,274846896,0
matmul_tiny_loop_block01,1789506062.752969,112713.95891,62.48,63,2325,9001,274857474,0
matmul_tiny_loop_block01,1789506062.7911026,112713.9966221,62.48,63,2325,9001,274857474,0
matmul_tiny_loop_block01,1789506062.9340537,112714.1395883,62.358,63,2325,9001,274873150,0
matmul_tiny_loop_block01,1789506062.9340537,112714.1409494,62.358,63,2325,9001,274873150,0
matmul_tiny_loop_block01,1789506062.98789,112714.1927411,62.358,63,2325,9001,274887671,0
matmul_tiny_loop_block01,1789506063.0413578,112714.2462032,62.358,63,2325,9001,274887671,0
matmul_tiny_loop_block01,1789506063.0914752,112714.2966733,62.358,63,2325,9001,274901077,0
matmul_tiny_loop_block01,1789506063.1438243,112714.3486941,62.358,63,2325,9001,274913305,0
matmul_tiny_loop_block01,1789506063.1878474,112714.3924886,62.358,63,2325,9001,274913305,0
matmul_tiny_loop_block01,1789506063.2445085,112714.4510886,62.358,63,2325,9001,274923963,0
matmul_tiny_loop_block01,1789506063.2886481,112714.4942827,62.358,63,2325,9001,274923963,0
matmul_tiny_loop_block01,1789506063.343009,112714.5478521,62.358,63,2325,9001,274935669,0
matmul_tiny_loop_block01,1789506063.3933125,112714.5980187,62.307,63,2325,9001,274935669,0
matmul_tiny_loop_block01,1789506063.4446173,112714.6493359,62.307,63,2325,9001,274949469,0
matmul_tiny_loop_block01,1789506063.491996,112714.6968242,62.307,63,2325,9001,274949469,0
matmul_tiny_loop_block01,1789506063.552134,112714.7568472,62.307,63,2325,9001,274962680,0
matmul_tiny_loop_block01,1789506063.5920606,112714.7969692,62.307,63,2325,9001,274962680,0
matmul_tiny_loop_block01,1789506063.64136,112714.8460672,62.307,63,2325,9001,274962680,0
matmul_tiny_loop_block01,1789506063.688485,112714.8932736,62.307,63,2325,9001,274980729,0
matmul_tiny_loop_block01,1789506063.7407875,112714.9455866,62.307,63,2325,9001,274980729,0
matmul_tiny_loop_block01,1789506063.7918758,112714.9966751,62.307,63,2325,9001,274994510,0
matmul_tiny_loop_block01,1789506063.8428028,112715.0477081,62.307,63,2325,9001,275006857,0
matmul_tiny_loop_block01,1789506063.8937745,112715.0984538,62.357,63,2325,9001,275006857,0
matmul_tiny_loop_block01,1789506063.94503,112715.1497274,62.357,63,2325,9001,275020651,0
matmul_tiny_loop_block01,1789506063.9879124,112715.1926409,62.357,63,2325,9001,275020651,0
matmul_tiny_loop_block01,1789506064.0397243,112715.2445522,62.357,63,2325,9001,275020651,0
matmul_tiny_loop_block01,1789506064.1033492,112715.3082238,62.357,63,2325,9001,275042084,0
matmul_tiny_loop_block01,1789506064.1438491,112715.3485596,62.357,63,2325,9001,275051144,0
matmul_tiny_loop_block01,1789506064.1955369,112715.4004079,62.357,63,2325,9001,275051144,0
matmul_tiny_loop_block01,1789506064.2360923,112715.4411999,62.357,63,2325,9001,275051144,0
matmul_tiny_loop_block01,1789506064.2866373,112715.4914452,62.357,63,2325,9001,275075061,0
matmul_tiny_loop_block01,1789506064.3372014,112715.5419295,62.357,63,2325,9001,275075061,0
matmul_tiny_loop_block01,1789506064.3889966,112715.5937172,62.499,63,2325,9001,275094137,0
matmul_tiny_loop_block01,1789506064.4403832,112715.6450817,62.499,63,2325,9001,275094137,0
matmul_tiny_loop_block01,1789506064.4963334,112715.7010124,62.499,63,2325,9001,275108068,0
matmul_tiny_loop_block01,1789506064.541882,112715.7466653,62.499,63,2325,9001,275122737,0
matmul_tiny_loop_block01,1789506064.5938165,112715.7985148,62.499,63,2325,9001,275122737,0
matmul_tiny_loop_block01,1789506064.6404433,112715.8451612,62.499,63,2325,9001,275122737,0
matmul_tiny_loop_block01,1789506064.688404,112715.8932522,62.499,63,2325,9001,275140613,0
matmul_tiny_loop_block01,1789506064.7421048,112715.9469806,62.499,63,2325,9001,275151342,0
matmul_tiny_loop_block01,1789506064.792722,112715.9975008,62.499,63,2325,9001,275151342,0
matmul_tiny_loop_block01,1789506064.843068,112716.0478338,62.499,63,2325,9001,275164829,0
matmul_tiny_loop_block01,1789506064.8947172,112716.0994338,62.279,63,2325,9001,275164829,0
matmul_tiny_loop_block01,1789506064.9451296,112716.1497971,62.279,63,2325,9001,275179524,0
matmul_tiny_loop_block01,1789506064.9905424,112716.1954071,62.279,63,2325,9001,275179524,0
matmul_tiny_loop_block01,1789506065.0381198,112716.2428578,62.279,63,2325,9001,275179524,0
matmul_tiny_loop_block01,1789506065.089552,112716.2942839,62.279,63,2325,9001,275202278,0
matmul_tiny_loop_block01,1789506065.1381001,112716.3429109,62.279,63,2325,9001,275202278,0
matmul_tiny_loop_block01,1789506065.1957734,112716.4009693,62.279,63,2325,9001,275223460,0
matmul_tiny_loop_block01,1789506065.237011,112716.4417883,62.279,63,2325,9001,275223460,0
matmul_tiny_loop_block01,1789506065.287933,112716.4926636,62.279,63,2325,9001,275247691,0
matmul_tiny_loop_block01,1789506065.3386185,112716.5434396,62.279,63,2325,9001,275247691,0
matmul_tiny_loop_block01,1789506065.3901026,112716.5948168,62.231,63,2325,9001,275268410,0
matmul_tiny_loop_block01,1789506065.441618,112716.6467532,62.231,63,2325,9001,275279945,0
matmul_tiny_loop_block01,1789506065.4884043,112716.6930549,62.231,63,2325,9001,275279945,0
matmul_tiny_loop_block01,1789506065.5429313,112716.7479166,62.231,63,2325,9001,275291409,0
matmul_tiny_loop_block01,1789506065.588487,112716.7931623,62.231,63,2325,9001,275291409,0
matmul_tiny_loop_block01,1789506065.64223,112716.8469955,62.231,63,2325,9001,275302746,0
matmul_tiny_loop_block01,1789506065.6920345,112716.8968365,62.231,63,2325,9001,275302746,0
matmul_tiny_loop_block01,1789506065.7425013,112716.9472321,62.231,63,2325,9001,275316211,0
matmul_tiny_loop_block01,1789506065.793751,112716.9985283,62.231,63,2325,9001,275316211,0
matmul_tiny_loop_block01,1789506065.8461747,112717.0508852,62.231,63,2325,9001,275330408,0
matmul_tiny_loop_block01,1789506065.8873897,112717.0922102,62.215,63,2325,9001,275330408,0
matmul_tiny_loop_block01,1789506065.9389188,112717.1435769,62.215,63,2325,9001,275330408,0
matmul_tiny_loop_block01,1789506065.9895854,112717.1944229,62.215,63,2325,9001,275351907,0
matmul_tiny_loop_block01,1789506066.0440292,112717.2488119,62.215,63,2325,9001,275363582,0
matmul_tiny_loop_block01,1789506066.0957613,112717.3005787,62.215,63,2325,9001,275363582,0
matmul_tiny_loop_block01,1789506066.1373584,112717.3423757,62.215,63,2325,9001,275363582,0
matmul_tiny_loop_block01,1789506066.1892638,112717.3939903,62.215,63,2325,9001,275388801,0
matmul_tiny_loop_block01,1789506066.2423232,112717.4471742,62.215,63,2325,9001,275400150,0
matmul_tiny_loop_block01,1789506066.293601,112717.4982872,62.215,63,2325,9001,275400150,0
matmul_tiny_loop_block01,1789506066.3455403,112717.5503275,62.215,63,2325,9001,275414643,0
matmul_tiny_loop_block01,1789506066.3870602,112717.591808,62.154,63,2325,9001,275414643,0
matmul_tiny_loop_block01,1789506066.4387422,112717.6434654,62.154,63,2325,9001,275414643,0
matmul_tiny_loop_block01,1789506066.4876,112717.6927118,62.154,63,2325,9001,275435713,0
matmul_tiny_loop_block01,1789506066.5418081,112717.7465051,62.154,63,2325,9001,275446306,0
matmul_tiny_loop_block01,1789506066.5893407,112717.7940043,62.154,63,2325,9001,275446306,0
matmul_tiny_loop_block01,1789506066.6415982,112717.8463232,62.154,63,2325,9001,275458542,0
matmul_tiny_loop_block01,1789506066.6878564,112717.8925189,62.154,63,2325,9001,275458542,0
matmul_tiny_loop_block01,1789506066.7462614,112717.9510662,62.154,63,2325,9001,275469785,0
matmul_tiny_loop_block01,1789506066.7874575,112717.9921616,62.154,63,2325,9001,275469785,0
matmul_tiny_loop_block01,1789506066.8393092,112718.0440774,62.154,63,2325,9001,275469785,0
matmul_tiny_loop_block01,1789506066.8907235,112718.0955852,62.172,62,2325,9001,275484706,0
matmul_tiny_loop_block01,1789506066.9417865,112718.1465298,62.172,62,2325,9001,275496945,0
matmul_tiny_loop_block01,1789506066.9933648,112718.1982332,62.172,62,2325,9001,275496945,0
matmul_tiny_loop_block01,1789506067.0363204,112718.2411395,62.172,62,2325,9001,275496945,0
matmul_tiny_loop_block01,1789506067.0878608,112718.2925586,62.172,62,2325,9001,275520708,0
matmul_tiny_loop_block01,1789506067.1396139,112718.3443412,62.172,62,2325,9001,275520708,0
matmul_tiny_loop_block01,1789506067.1915672,112718.3963105,62.172,62,2325,9001,275534501,0
matmul_tiny_loop_block01,1789506067.2435663,112718.4489198,62.172,62,2325,9001,275547118,0
matmul_tiny_loop_block01,1789506067.2892585,112718.4940269,62.172,62,2325,9001,275547118,0
matmul_tiny_loop_block01,1789506067.3407724,112718.5455277,62.172,62,2325,9001,275559434,0
matmul_tiny_loop_block01,1789506067.392409,112718.59754,62.227,62,2310,9001,275559434,1
matmul_tiny_loop_block01,1789506067.443739,112718.6485401,62.227,62,2310,9001,275573554,1
matmul_tiny_loop_block01,1789506067.4898674,112718.6945207,62.227,62,2310,9001,275573554,1
matmul_tiny_loop_block01,1789506067.544029,112718.7488214,62.227,62,2310,9001,275585812,1
matmul_tiny_loop_block01,1789506067.5951607,112718.7999084,62.227,62,2310,9001,275585812,1
matmul_tiny_loop_block01,1789506067.6409016,112718.8457147,62.227,62,2310,9001,275601435,1
matmul_tiny_loop_block01,1789506067.6883905,112718.8931512,62.227,62,2310,9001,275601435,1
matmul_tiny_loop_block01,1789506067.737337,112718.9421464,62.227,62,2310,9001,275601435,1
matmul_tiny_loop_block01,1789506067.7877514,112718.9931279,62.227,62,2310,9001,275623109,1
matmul_tiny_loop_block01,1789506067.8439474,112719.0491457,62.227,62,2310,9001,275634233,1
matmul_tiny_loop_block01,1789506067.89607,112719.100908,61.747,62,2325,9001,275634233,0
matmul_tiny_loop_block01,1789506067.937308,112719.1420803,61.747,62,2325,9001,275634233,0
matmul_tiny_loop_block01,1789506067.9885128,112719.1935001,61.747,62,2325,9001,275659921,0
matmul_tiny_loop_block01,1789506068.0456524,112719.2504876,61.747,62,2325,9001,275671490,0
matmul_tiny_loop_block01,1789506068.0863094,112719.2917715,61.747,62,2325,9001,275671490,0
matmul_tiny_loop_block01,1789506068.1381907,112719.3429332,61.747,62,2325,9001,275671490,0
matmul_tiny_loop_block01,1789506068.1900482,112719.3947458,61.747,62,2325,9001,275693124,0
matmul_tiny_loop_block01,1789506068.2413428,112719.4465237,61.747,62,2325,9001,275705284,0
matmul_tiny_loop_block01,1789506068.2928166,112719.4978002,61.747,62,2325,9001,275705284,0
matmul_tiny_loop_block01,1789506068.3380206,112719.5428044,61.747,62,2325,9001,275705284,0
matmul_tiny_loop_block01,1789506068.3893993,112719.5941642,61.641,62,2325,9001,275729534,0
matmul_tiny_loop_block01,1789506068.4409344,112719.6456612,61.641,62,2325,9001,275741453,0
matmul_tiny_loop_block01,1789506068.4971538,112719.7019343,61.641,62,2325,9001,275741453,0
matmul_tiny_loop_block01,1789506068.5436,112719.7484107,61.641,62,2325,9001,275757679,0
matmul_tiny_loop_block01,1789506068.5880744,112719.7929243,61.641,62,2325,9001,275757679,0
matmul_tiny_loop_block01,1789506068.6363318,112719.8416609,61.641,62,2325,9001,275757679,0
matmul_tiny_loop_block01,1789506068.691925,112719.8967861,61.641,62,2325,9001,275779310,0
matmul_tiny_loop_block01,1789506068.737334,112719.9420691,61.641,62,2325,9001,275779310,0
matmul_tiny_loop_block01,1789506068.7887583,112719.9934856,61.641,62,2325,9001,275802580,0
matmul_tiny_loop_block01,1789506068.8521595,112720.0570075,61.697,62,2325,9001,275814146,0
matmul_tiny_loop_block01,1789506068.8929498,112720.0978503,61.697,62,2325,9001,275814146,0
matmul_tiny_loop_block01,1789506068.944865,112720.1496365,61.697,62,2325,9001,275832252,0
matmul_tiny_loop_block01,1789506068.986017,112720.1917654,61.697,62,2325,9001,275832252,0
matmul_tiny_loop_block01,1789506069.0373743,112720.2425418,61.697,62,2325,9001,275832252,0
matmul_tiny_loop_block01,1789506069.090856,112720.2955881,61.697,62,2325,9001,275854187,0
matmul_tiny_loop_block01,1789506069.141931,112720.3466977,61.697,62,2325,9001,275866965,0
matmul_tiny_loop_block01,1789506069.1938941,112720.3989245,61.697,62,2325,9001,275866965,0
matmul_tiny_loop_block01,1789506069.2455208,112720.4503753,61.697,62,2325,9001,275881934,0
matmul_tiny_loop_block01,1789506069.286714,112720.4917599,61.697,62,2325,9001,275881934,0
matmul_tiny_loop_block01,1789506069.3385031,112720.5433061,61.697,62,2325,9001,275881934,0
matmul_tiny_loop_block01,1789506069.395639,112720.6003394,62.093,62,2325,9001,275896889,0
matmul_tiny_loop_block01,1789506069.436521,112720.6413773,62.093,62,2325,9001,275896889,0
matmul_tiny_loop_block01,1789506069.492555,112720.69722,62.093,62,2325,9001,275921818,0
matmul_tiny_loop_block01,1789506069.5399146,112720.7447051,62.093,62,2325,9001,275935376,0
matmul_tiny_loop_block01,1789506069.5879111,112720.7927435,62.093,62,2325,9001,275935376,0
matmul_tiny_loop_block01,1789506069.64143,112720.8461265,62.093,62,2325,9001,275947289,0
matmul_tiny_loop_block01,1789506069.7001576,112720.9050466,62.093,62,2325,9001,275947289,0
matmul_tiny_loop_block01,1789506069.7409563,112720.945673,62.093,62,2325,9001,275957106,0
matmul_tiny_loop_block01,1789506069.7927642,112720.9975903,62.093,62,2325,9001,275957106,0
matmul_tiny_loop_block01,1789506069.8436196,112721.0486252,62.093,62,2325,9001,275971852,0
matmul_tiny_loop_block01,1789506069.890708,112721.0954348,62.087,62,2325,9001,275971852,0
matmul_tiny_loop_block01,1789506069.9452438,112721.1500761,62.087,62,2325,9001,275985255,0
matmul_tiny_loop_block01,1789506069.985902,112721.1925408,62.087,62,2325,9001,275985255,0
matmul_tiny_loop_block01,1789506070.042653,112721.2474693,62.087,62,2325,9001,275997593,0
matmul_tiny_loop_block01,1789506070.0937626,112721.2984203,62.087,62,2325,9001,275997593,0
matmul_tiny_loop_block01,1789506070.1452127,112721.350854,62.087,62,2325,9001,276012617,0
matmul_tiny_loop_block01,1789506070.200097,112721.4052305,62.087,62,2325,9001,276012617,0
matmul_tiny_loop_block01,1789506070.2407484,112721.4466742,62.087,62,2325,9001,276023290,0
matmul_tiny_loop_block01,1789506070.28736,112721.4937997,62.087,62,2325,9001,276023290,0
matmul_tiny_loop_block01,1789506070.343617,112721.5484054,62.087,62,2325,9001,276036009,0
matmul_tiny_loop_block01,1789506070.3864772,112721.5914661,61.897,62,2325,9001,276036009,0
matmul_tiny_loop_block01,1789506070.4503431,112721.6550808,61.897,62,2325,9001,276047567,0
matmul_tiny_loop_block01,1789506070.489408,112721.6940997,61.897,62,2325,9001,276047567,0
matmul_tiny_loop_block01,1789506070.541213,112721.745896,61.897,62,2325,9001,276063245,0
matmul_tiny_loop_block01,1789506070.5866168,112721.7912825,61.897,62,2325,9001,276063245,0
matmul_tiny_loop_block01,1789506070.6447947,112721.849551,61.897,62,2325,9001,276074993,0
matmul_tiny_loop_block01,1789506070.688719,112721.8934154,61.897,62,2325,9001,276074993,0
matmul_tiny_loop_block01,1789506070.7377884,112721.9424537,61.897,62,2325,9001,276074993,0
matmul_tiny_loop_block01,1789506070.8084328,112722.0133191,61.897,62,2325,9001,276098246,0
matmul_tiny_loop_block01,1789506070.8406065,112722.0467506,61.897,62,2325,9001,276110109,0
matmul_tiny_loop_block01,1789506070.8890944,112722.0938407,61.97,62,2325,9001,276110109,0
matmul_tiny_loop_block01,1789506070.940797,112722.1455073,61.97,62,2325,9001,276122485,0
matmul_tiny_loop_block01,1789506070.9933991,112722.1981268,61.97,62,2325,9001,276122485,0
matmul_tiny_loop_block01,1789506071.0455322,112722.250242,61.97,62,2325,9001,276137769,0
matmul_tiny_loop_block01,1789506071.0870268,112722.291796,61.97,62,2325,9001,276137769,0
matmul_tiny_loop_block01,1789506071.1403244,112722.3451402,61.97,62,2325,9001,276150008,0
matmul_tiny_loop_block01,1789506071.1901028,112722.3948349,61.97,62,2325,9001,276150008,0
matmul_tiny_loop_block01,1789506071.240444,112722.4452512,61.97,62,2325,9001,276163433,0
matmul_tiny_loop_block01,1789506071.2921486,112722.4968989,61.97,62,2325,9001,276163433,0
matmul_tiny_loop_block01,1789506071.3436,112722.548539,61.97,62,2325,9001,276177456,0
matmul_tiny_loop_block01,1789506071.3954585,112722.6006073,62.024,62,2325,9001,276177456,0
matmul_tiny_loop_block01,1789506071.4371183,112722.6418567,62.024,62,2325,9001,276177456,0
matmul_tiny_loop_block01,1789506071.4919388,112722.6966388,62.024,62,2325,9001,276204086,0
matmul_tiny_loop_block01,1789506071.5417085,112722.7464456,62.024,62,2325,9001,276217723,0
matmul_tiny_loop_block01,1789506071.5876217,112722.7925127,62.024,62,2325,9001,276217723,0
matmul_tiny_loop_block01,1789506071.644002,112722.8486974,62.024,62,2325,9001,276229901,0
matmul_tiny_loop_block01,1789506071.6926434,112722.8973689,62.024,62,2325,9001,276229901,0
matmul_tiny_loop_block01,1789506071.7418683,112722.9466982,62.024,62,2325,9001,276244915,0
matmul_tiny_loop_block01,1789506071.7932293,112722.9979624,62.024,62,2325,9001,276244915,0
matmul_tiny_loop_block01,1789506071.8442504,112723.048979,62.024,62,2325,9001,276260119,0
matmul_tiny_loop_block01,1789506071.8957045,112723.1005817,61.883,62,2325,9001,276260119,0
matmul_tiny_loop_block01,1789506071.936758,112723.1414724,61.883,62,2325,9001,276260119,0
matmul_tiny_loop_block02,1789506071.9496272,112723.1587229,61.883,62,2325,9001,276286889,0
matmul_tiny_loop_block02,1789506072.0079346,112723.2127418,61.883,62,2325,9001,276286889,0
matmul_tiny_loop_block02,1789506072.0597813,112723.2644568,61.883,62,2325,9001,276303121,0
matmul_tiny_loop_block02,1789506072.1144443,112723.3191589,61.883,62,2325,9001,276303121,0
matmul_tiny_loop_block02,1789506072.1560643,112723.3608258,61.883,62,2325,9001,276321236,0
matmul_tiny_loop_block02,1789506072.2078152,112723.4126097,61.883,62,2325,9001,276321236,0
matmul_tiny_loop_block02,1789506072.2586288,112723.4633857,61.883,62,2325,9001,276338731,0
matmul_tiny_loop_block02,1789506072.3106794,112723.5154534,61.883,62,2325,9001,276338731,0
matmul_tiny_loop_block02,1789506072.3621504,112723.566932,62.027,62,2325,9001,276354972,0
matmul_tiny_loop_block02,1789506072.4136481,112723.6183949,62.027,62,2325,9001,276354972,0
matmul_tiny_loop_block02,1789506072.4551506,112723.6598749,62.027,62,2325,9001,276372693,0
matmul_tiny_loop_block02,1789506072.5032904,112723.7087924,62.027,62,2325,9001,276372693,0
matmul_tiny_loop_block02,1789506072.5647213,112723.769507,62.027,62,2325,9001,276389293,0
matmul_tiny_loop_block02,1789506072.606006,112723.8114341,62.027,62,2325,9001,276389293,0
matmul_tiny_loop_block02,1789506072.6634672,112723.8682599,62.027,62,2325,9001,276404137,0
matmul_tiny_loop_block02,1789506072.7113345,112723.9161584,62.027,62,2325,9001,276404137,0
matmul_tiny_loop_block02,1789506072.7636201,112723.9683382,62.027,62,2325,9001,276421466,0
matmul_tiny_loop_block02,1789506072.804289,112724.0097259,62.027,62,2325,9001,276421466,0
matmul_tiny_loop_block02,1789506072.8557272,112724.0604747,62.116,62,2325,9001,276434435,0
matmul_tiny_loop_block02,1789506072.9060843,112724.1108302,62.116,62,2325,9001,276434435,0
matmul_tiny_loop_block02,1789506072.957944,112724.1626489,62.116,62,2325,9001,276451913,0
matmul_tiny_loop_block02,1789506073.0099714,112724.2147203,62.116,62,2325,9001,276451913,0
matmul_tiny_loop_block02,1789506073.0615652,112724.2664129,62.116,62,2325,9001,276469236,0
matmul_tiny_loop_block02,1789506073.104116,112724.3092775,62.116,62,2325,9001,276469236,0
matmul_tiny_loop_block02,1789506073.159011,112724.3638862,62.116,62,2325,9001,276482219,0
matmul_tiny_loop_block02,1789506073.2109787,112724.4156968,62.116,62,2325,9001,276482219,0
matmul_tiny_loop_block02,1789506073.2614598,112724.4661562,62.116,62,2325,9001,276500209,0
matmul_tiny_loop_block02,1789506073.313464,112724.5183032,62.116,62,2325,9001,276500209,0
matmul_tiny_loop_block02,1789506073.35488,112724.5595882,62.184,62,2325,9001,276517903,0
matmul_tiny_loop_block02,1789506073.4061766,112724.6108642,62.184,62,2325,9001,276517903,0
matmul_tiny_loop_block02,1789506073.4574597,112724.6622475,62.184,62,2325,9001,276534186,0
matmul_tiny_loop_block02,1789506073.5097642,112724.7145031,62.184,62,2325,9001,276534186,0
matmul_tiny_loop_block02,1789506073.5612001,112724.7659067,62.184,62,2325,9001,276549950,0
matmul_tiny_loop_block02,1789506073.62397,112724.8287076,62.184,62,2325,9001,276549950,0
matmul_tiny_loop_block02,1789506073.6580162,112724.8628351,62.184,62,2325,9001,276562797,0
matmul_tiny_loop_block02,1789506073.7103488,112724.9151818,62.184,62,2325,9001,276562797,0
matmul_tiny_loop_block02,1789506073.756973,112724.9617087,62.184,62,2325,9001,276578892,0
matmul_tiny_loop_block02,1789506073.808823,112725.0138303,62.184,62,2325,9001,276578892,0
matmul_tiny_loop_block02,1789506073.8610964,112725.0658434,61.773,62,2325,9001,276597866,0
matmul_tiny_loop_block02,1789506073.9125574,112725.1172606,61.773,62,2325,9001,276597866,0
matmul_tiny_loop_block02,1789506073.95378,112725.1590295,61.773,62,2325,9001,276615117,0
matmul_tiny_loop_block02,1789506074.005704,112725.2104156,61.773,62,2325,9001,276615117,0
matmul_tiny_loop_block02,1789506074.056789,112725.2615057,61.773,62,2325,9001,276631010,0
matmul_tiny_loop_block02,1789506074.1082702,112725.3129702,61.773,62,2325,9001,276631010,0
matmul_tiny_loop_block02,1789506074.165256,112725.3701744,61.773,62,2325,9001,276650684,0
matmul_tiny_loop_block02,1789506074.2066007,112725.4113359,61.773,62,2325,9001,276650684,0
matmul_tiny_loop_block02,1789506074.256817,112725.4614745,61.773,62,2325,9001,276667092,0
matmul_tiny_loop_block02,1789506074.317355,112725.5232608,61.773,62,2325,9001,276667092,0
matmul_tiny_loop_block02,1789506074.357766,112725.5625201,61.636,62,2325,9001,276683598,0
matmul_tiny_loop_block02,1789506074.4085371,112725.6132671,61.636,62,2325,9001,276683598,0
matmul_tiny_loop_block02,1789506074.459698,112725.6643701,61.636,62,2325,9001,276700449,0
matmul_tiny_loop_block02,1789506074.717814,112725.9225997,61.636,62,2325,9001,276715622,0
matmul_tiny_loop_block02,1789506074.7227387,112725.9277396,61.636,62,2325,9001,276715622,0
matmul_tiny_loop_block02,1789506074.8095818,112726.0150107,61.636,62,2325,9001,276725292,0
matmul_tiny_loop_block02,1789506074.8302493,112726.0359288,61.636,62,2325,9001,276725292,0
matmul_tiny_loop_block02,1789506074.8802211,112726.0849193,61.588,62,2325,9001,276746454,0
matmul_tiny_loop_block02,1789506074.9312205,112726.1360662,61.588,62,2325,9001,276746454,0
matmul_tiny_loop_block02,1789506074.9825025,112726.1871886,61.588,62,2325,9001,276763152,0
matmul_tiny_loop_block02,1789506075.0233917,112726.2284281,61.588,62,2325,9001,276763152,0
matmul_tiny_loop_block02,1789506075.0744646,112726.2791706,61.588,62,2325,9001,276776093,0
matmul_tiny_loop_block02,1789506075.1266444,112726.3313516,61.588,62,2325,9001,276776093,0
matmul_tiny_loop_block02,1789506075.1777349,112726.38253,61.588,62,2325,9001,276797228,0
matmul_tiny_loop_block02,1789506075.229341,112726.4340525,61.588,62,2325,9001,276797228,0
matmul_tiny_loop_block02,1789506075.2760806,112726.4808917,61.588,62,2325,9001,276813047,0
matmul_tiny_loop_block02,1789506075.327336,112726.5321014,61.588,62,2325,9001,276813047,0
matmul_tiny_loop_block02,1789506075.3781734,112726.5828613,61.577,62,2325,9001,276835669,0
matmul_tiny_loop_block02,1789506075.4293592,112726.6343082,61.577,62,2325,9001,276835669,0
matmul_tiny_loop_block02,1789506075.479765,112726.6845845,61.577,62,2325,9001,276851669,0
matmul_tiny_loop_block02,1789506075.5259182,112726.7306223,61.577,62,2325,9001,276851669,0
matmul_tiny_loop_block02,1789506075.5799272,112726.7850604,61.577,62,2325,9001,276865879,0
matmul_tiny_loop_block02,1789506075.6253994,112726.8301135,61.577,62,2325,9001,276865879,0
matmul_tiny_loop_block02,1789506075.7006938,112726.905814,61.577,62,2325,9001,276879730,0
matmul_tiny_loop_block02,1789506075.7297971,112726.9345428,61.577,62,2325,9001,276879730,0
matmul_tiny_loop_block02,1789506075.8169043,112727.0220835,61.577,62,2325,9001,276895875,0
matmul_tiny_loop_block02,1789506075.8248072,112727.0296348,61.577,62,2325,9001,276895875,0
matmul_tiny_loop_block02,1789506075.88185,112727.086522,61.515,61,2325,9001,276906488,0
matmul_tiny_loop_block02,1789506075.933059,112727.1377275,61.515,61,2325,9001,276906488,0
matmul_tiny_loop_block02,1789506075.9738288,112727.1786317,61.515,61,2325,9001,276924476,0
matmul_tiny_loop_block02,1789506076.024359,112727.229037,61.515,61,2325,9001,276924476,0
matmul_tiny_loop_block02,1789506076.075878,112727.2806512,61.515,61,2325,9001,276943802,0
matmul_tiny_loop_block02,1789506076.1266687,112727.3313282,61.515,61,2325,9001,276943802,0
matmul_tiny_loop_block02,1789506076.1771903,112727.3819268,61.515,61,2325,9001,276966202,0
matmul_tiny_loop_block02,1789506076.2297857,112727.4346008,61.515,61,2325,9001,276966202,0
matmul_tiny_loop_block02,1789506076.273803,112727.4786346,61.515,61,2325,9001,276982465,0
matmul_tiny_loop_block02,1789506076.3250117,112727.529745,61.515,61,2325,9001,276982465,0
matmul_tiny_loop_block02,1789506076.379424,112727.585023,61.818,62,2325,9001,277003174,0
matmul_tiny_loop_block02,1789506076.425972,112727.6318417,61.818,62,2325,9001,277003174,0
matmul_tiny_loop_block02,1789506076.4806273,112727.6854622,61.818,62,2325,9001,277017916,0
matmul_tiny_loop_block02,1789506076.580241,112727.7859233,61.818,62,2325,9001,277026911,0
matmul_tiny_loop_block02,1789506076.5821815,112727.7878813,61.818,62,2325,9001,277026911,0
matmul_tiny_loop_block02,1789506076.6949866,112727.9010204,61.818,62,2325,9001,277036986,0
matmul_tiny_loop_block02,1789506076.7010016,112727.9071149,61.818,62,2325,9001,277036986,0
matmul_tiny_loop_block02,1789506076.7711089,112727.9765259,61.818,62,2325,9001,277046638,0
matmul_tiny_loop_block02,1789506076.8074214,112728.0132989,61.818,62,2325,9001,277046638,0
matmul_tiny_loop_block02,1789506076.8633475,112728.0691024,61.551,61,2325,9001,277067269,0
matmul_tiny_loop_block02,1789506076.9426913,112728.1481131,61.551,61,2325,9001,277077786,0
matmul_tiny_loop_block02,1789506076.9672303,112728.1719788,61.551,61,2325,9001,277077786,0
matmul_tiny_loop_block02,1789506077.0360837,112728.2420526,61.551,61,2325,9001,277090594,0
matmul_tiny_loop_block02,1789506077.0598645,112728.2658994,61.551,61,2325,9001,277090594,0
matmul_tiny_loop_block02,1789506077.1200082,112728.3259789,61.551,61,2325,9001,277090594,0
matmul_tiny_loop_block02,1789506077.2424026,112728.4476556,61.551,61,2325,9001,277109444,0
matmul_tiny_loop_block02,1789506077.2424026,112728.44897,61.551,61,2325,9001,277109444,0
matmul_tiny_loop_block02,1789506077.3683345,112728.5733227,61.046,61,2325,9001,277117205,0
matmul_tiny_loop_block02,1789506077.3683345,112728.574101,61.046,61,2325,9001,277117205,0
matmul_tiny_loop_block02,1789506077.4794607,112728.6852092,61.046,61,2325,9001,277129876,0
matmul_tiny_loop_block02,1789506077.4814672,112728.6877907,61.046,61,2325,9001,277129876,0
matmul_tiny_loop_block02,1789506077.538397,112728.7431719,61.046,61,2325,9001,277139924,0
matmul_tiny_loop_block02,1789506077.5926118,112728.7974494,61.046,61,2325,9001,277139924,0
matmul_tiny_loop_block02,1789506077.6367333,112728.8415792,61.046,61,2325,9001,277139924,0
matmul_tiny_loop_block02,1789506077.683496,112728.8885967,61.046,61,2325,9001,277159415,0
matmul_tiny_loop_block02,1789506077.7543411,112728.9595068,61.046,61,2325,9001,277169546,0
matmul_tiny_loop_block02,1789506077.8692293,112729.0743082,61.021,61,2325,9001,277182090,0
matmul_tiny_loop_block02,1789506077.8702745,112729.0750521,61.021,61,2325,9001,277182090,0
matmul_tiny_loop_block02,1789506077.9292247,112729.1339848,61.021,61,2325,9001,277182090,0
matmul_tiny_loop_block02,1789506077.9793322,112729.1840368,61.021,61,2325,9001,277203096,0
matmul_tiny_loop_block02,1789506078.027466,112729.2331788,61.021,61,2325,9001,277203096,0
matmul_tiny_loop_block02,1789506078.0797067,112729.2861533,61.021,61,2325,9001,277219246,0
matmul_tiny_loop_block02,1789506078.1226923,112729.3277893,61.021,61,2325,9001,277219246,0
matmul_tiny_loop_block02,1789506078.173619,112729.3798671,61.021,61,2325,9001,277232281,0
matmul_tiny_loop_block02,1789506078.223796,112729.4285346,61.021,61,2325,9001,277232281,0
matmul_tiny_loop_block02,1789506078.2716358,112729.4763331,61.021,61,2325,9001,277253030,0
matmul_tiny_loop_block02,1789506078.3229191,112729.5276917,61.021,61,2325,9001,277253030,0
matmul_tiny_loop_block02,1789506078.3748462,112729.5796536,61.254,61,2325,9001,277271891,0
matmul_tiny_loop_block02,1789506078.4197087,112729.6251814,61.254,61,2325,9001,277271891,0
matmul_tiny_loop_block02,1789506078.4736102,112729.6783144,61.254,61,2325,9001,277290997,0
matmul_tiny_loop_block02,1789506078.5305896,112729.7353465,61.254,61,2325,9001,277290997,0
matmul_tiny_loop_block02,1789506078.570915,112729.7757689,61.254,61,2325,9001,277314868,0
matmul_tiny_loop_block02,1789506078.6200767,112729.8254503,61.254,61,2325,9001,277314868,0
matmul_tiny_loop_block02,1789506078.671262,112729.8760013,61.254,61,2325,9001,277331799,0
matmul_tiny_loop_block02,1789506078.730108,112729.9355189,61.254,61,2325,9001,277331799,0
matmul_tiny_loop_block02,1789506078.850549,112730.0553921,61.375,61,2325,9001,277360767,0
matmul_tiny_loop_block02,1789506078.850549,112730.0561508,61.375,61,2325,9001,277360767,0
matmul_tiny_loop_block02,1789506078.9496186,112730.1552866,61.375,61,2325,9001,277372402,0
matmul_tiny_loop_block02,1789506078.9519303,112730.1568933,61.375,61,2325,9001,277372402,0
matmul_tiny_loop_block02,1789506079.006878,112730.2133434,61.375,61,2325,9001,277372402,0
matmul_tiny_loop_block02,1789506079.3237107,112730.5284096,61.375,61,2325,9001,277402465,0
matmul_tiny_loop_block02,1789506079.3242166,112730.5297209,61.375,61,2325,9001,277402465,0
matmul_tiny_loop_block02,1789506079.4298596,112730.6355336,61.321,61,2325,9001,277413703,0
matmul_tiny_loop_block02,1789506079.4312236,112730.6363045,61.321,61,2325,9001,277413703,0
matmul_tiny_loop_block02,1789506079.6954892,112730.9016554,61.321,61,2325,9001,277440707,0
matmul_tiny_loop_block02,1789506079.7011695,112730.9061802,61.321,61,2325,9001,277440707,0
matmul_tiny_loop_block02,1789506079.7894673,112730.9946652,61.321,61,2325,9001,277450427,0
matmul_tiny_loop_block02,1789506079.804277,112731.0093307,61.321,61,2325,9001,277450427,0
matmul_tiny_loop_block02,1789506079.8654842,112731.0720254,61.17,61,2325,9001,277469553,0
matmul_tiny_loop_block02,1789506079.9093647,112731.1145191,61.17,61,2325,9001,277469553,0
matmul_tiny_loop_block02,1789506079.9534888,112731.1584345,61.17,61,2325,9001,277489935,0
matmul_tiny_loop_block02,1789506080.0322385,112731.2382739,61.17,61,2325,9001,277489935,0
matmul_tiny_loop_block02,1789506080.0562394,112731.2609806,61.17,61,2325,9001,277511542,0
matmul_tiny_loop_block02,1789506080.1487372,112731.3538864,61.17,61,2325,9001,277520488,0
matmul_tiny_loop_block02,1789506080.1569476,112731.3616015,61.17,61,2325,9001,277520488,0
matmul_tiny_loop_block02,1789506080.202038,112731.4066948,61.17,61,2325,9001,277520488,0
matmul_tiny_loop_block02,1789506080.2517464,112731.4566177,61.17,61,2325,9001,277537872,0
matmul_tiny_loop_block02,1789506080.302545,112731.5073156,61.17,61,2325,9001,277537872,0
matmul_tiny_loop_block02,1789506080.3544545,112731.5592123,61.077,61,2325,9001,277554006,0
matmul_tiny_loop_block02,1789506080.4046896,112731.6094484,61.077,61,2325,9001,277554006,0
matmul_tiny_loop_block02,1789506080.4549818,112731.6599881,61.077,61,2325,9001,277571547,0
matmul_tiny_loop_block02,1789506080.51466,112731.7195438,61.077,61,2325,9001,277571547,0
matmul_tiny_loop_block02,1789506080.5551388,112731.7599668,61.077,61,2325,9001,277591197,0
matmul_tiny_loop_block02,1789506080.6050618,112731.8098462,61.077,61,2325,9001,277591197,0
matmul_tiny_loop_block02,1789506080.6844525,112731.8895988,61.077,61,2325,9001,277605490,0
matmul_tiny_loop_block02,1789506080.7374523,112731.9427199,61.077,61,2325,9001,277616730,0
matmul_tiny_loop_block02,1789506080.7824588,112731.9872174,61.077,61,2325,9001,277616730,0
matmul_tiny_loop_block02,1789506081.1859722,112732.3913537,61.101,61,2325,9001,277645984,0
matmul_tiny_loop_block02,1789506081.1869724,112732.3921789,61.101,61,2325,9001,277645984,0
matmul_tiny_loop_block02,1789506081.2531917,112732.4590686,61.101,61,2325,9001,277658250,0
matmul_tiny_loop_block02,1789506081.2898664,112732.4952278,61.101,61,2325,9001,277658250,0
matmul_tiny_loop_block02,1789506081.3409705,112732.5463922,61.101,61,2325,9001,277680013,0
matmul_tiny_loop_block02,1789506081.387824,112732.5924621,60.806,61,2325,9001,277680013,0
matmul_tiny_loop_block02,1789506081.4425423,112732.6472553,60.806,61,2325,9001,277694129,0
matmul_tiny_loop_block02,1789506081.487347,112732.6929029,60.806,61,2325,9001,277694129,0
matmul_tiny_loop_block02,1789506081.540682,112732.7454009,60.806,61,2325,9001,277708995,0
matmul_tiny_loop_block03,1789506081.5633385,112732.7728906,60.806,61,2325,9001,277708995,0
matmul_tiny_loop_block03,1789506081.6207857,112732.8255541,60.806,61,2325,9001,277708995,0
matmul_tiny_loop_block03,1789506081.6719325,112732.8765969,60.806,61,2325,9001,277725737,0
matmul_tiny_loop_block03,1789506081.7201214,112732.9248483,60.806,61,2325,9001,277725737,0
matmul_tiny_loop_block03,1789506081.7703044,112732.9749817,60.806,61,2325,9001,277744573,0
matmul_tiny_loop_block03,1789506081.8218029,112733.0265247,60.806,61,2325,9001,277744573,0
matmul_tiny_loop_block03,1789506081.8734136,112733.0781844,60.913,61,2325,9001,277762253,0
matmul_tiny_loop_block03,1789506081.9240434,112733.1288721,60.913,61,2325,9001,277762253,0
matmul_tiny_loop_block03,1789506081.9755893,112733.1803797,60.913,61,2325,9001,277784086,0
matmul_tiny_loop_block03,1789506082.026455,112733.2313046,60.913,61,2325,9001,277784086,0
matmul_tiny_loop_block03,1789506082.0766735,112733.2813778,60.913,61,2325,9001,277799631,0
matmul_tiny_loop_block03,1789506082.1253998,112733.3300852,60.913,61,2325,9001,277799631,0
matmul_tiny_loop_block03,1789506082.1769295,112733.3816267,60.913,61,2325,9001,277814468,0
matmul_tiny_loop_block03,1789506082.2218502,112733.4265624,60.913,61,2325,9001,277814468,0
matmul_tiny_loop_block03,1789506082.2724142,112733.477093,60.913,61,2325,9001,277827369,0
matmul_tiny_loop_block03,1789506082.3238711,112733.5286012,60.913,61,2325,9001,277827369,0
matmul_tiny_loop_block03,1789506082.3745663,112733.5794645,61.485,61,2325,9001,277848491,0
matmul_tiny_loop_block03,1789506082.426027,112733.6308842,61.485,61,2325,9001,277848491,0
matmul_tiny_loop_block03,1789506082.4756563,112733.6803541,61.485,61,2325,9001,277863737,0
matmul_tiny_loop_block03,1789506082.5211196,112733.7258265,61.485,61,2325,9001,277863737,0
matmul_tiny_loop_block03,1789506082.5694997,112733.7742029,61.485,61,2325,9001,277876449,0
matmul_tiny_loop_block03,1789506082.635801,112733.8405237,61.485,61,2325,9001,277890392,0
matmul_tiny_loop_block03,1789506082.6757967,112733.8814938,61.485,61,2325,9001,277890392,0
matmul_tiny_loop_block03,1789506082.7414753,112733.9468265,61.485,61,2325,9001,277900162,0
matmul_tiny_loop_block03,1789506082.7703414,112733.9759588,61.485,61,2325,9001,277900162,0
matmul_tiny_loop_block03,1789506082.825901,112734.030628,61.485,61,2325,9001,277900162,0
matmul_tiny_loop_block03,1789506082.8762357,112734.0809663,61.395,61,2325,9001,277922037,0
matmul_tiny_loop_block03,1789506082.9280906,112734.1329477,61.395,61,2325,9001,277922037,0
matmul_tiny_loop_block03,1789506082.9692938,112734.1739711,61.395,61,2325,9001,277938647,0
matmul_tiny_loop_block03,1789506083.0203094,112734.2250883,61.395,61,2325,9001,277938647,0
matmul_tiny_loop_block03,1789506083.0706496,112734.2757683,61.395,61,2325,9001,277955961,0
matmul_tiny_loop_block03,1789506083.1215324,112734.32627,61.395,61,2325,9001,277955961,0
matmul_tiny_loop_block03,1789506083.182834,112734.3880235,61.395,61,2325,9001,277975041,0
matmul_tiny_loop_block03,1789506083.2275224,112734.4340321,61.395,61,2325,9001,277975041,0
matmul_tiny_loop_block03,1789506083.2778466,112734.4838208,61.395,61,2325,9001,277993967,0
matmul_tiny_loop_block03,1789506083.3233576,112734.5298166,61.395,61,2325,9001,277993967,0
matmul_tiny_loop_block03,1789506083.3721287,112734.5770496,61.412,61,2325,9001,278008678,0
matmul_tiny_loop_block03,1789506083.432557,112734.6384248,61.412,61,2325,9001,278008678,0
matmul_tiny_loop_block03,1789506083.4708505,112734.6756998,61.412,61,2325,9001,278034869,0
matmul_tiny_loop_block03,1789506083.5209506,112734.725679,61.412,61,2325,9001,278034869,0
matmul_tiny_loop_block03,1789506083.5766675,112734.7813462,61.412,61,2325,9001,278053827,0
matmul_tiny_loop_block03,1789506083.6374965,112734.8423772,61.412,61,2325,9001,278062961,0
matmul_tiny_loop_block03,1789506083.6896365,112734.894962,61.412,61,2325,9001,278062961,0
matmul_tiny_loop_block03,1789506083.7250028,112734.9299035,61.412,61,2325,9001,278062961,0
matmul_tiny_loop_block03,1789506083.7692156,112734.9740262,61.412,61,2325,9001,278083838,0
matmul_tiny_loop_block03,1789506083.8329036,112735.0377142,61.412,61,2325,9001,278083838,0
matmul_tiny_loop_block03,1789506083.873021,112735.0778153,61.112,61,2325,9001,278107794,0
matmul_tiny_loop_block03,1789506083.933523,112735.1385953,61.112,61,2325,9001,278107794,0
matmul_tiny_loop_block03,1789506083.9735575,112735.1782609,61.112,61,2325,9001,278127493,0
matmul_tiny_loop_block03,1789506084.0197096,112735.2256538,61.112,61,2325,9001,278127493,0
matmul_tiny_loop_block03,1789506084.0739915,112735.2786865,61.112,61,2325,9001,278147893,0
matmul_tiny_loop_block03,1789506084.123973,112735.3286243,61.112,61,2325,9001,278147893,0
matmul_tiny_loop_block03,1789506084.1737294,112735.3786259,61.112,61,2325,9001,278170369,0
matmul_tiny_loop_block03,1789506084.2269166,112735.4316632,61.112,61,2325,9001,278170369,0
matmul_tiny_loop_block03,1789506084.2854807,112735.4908091,61.112,61,2325,9001,278194116,0
matmul_tiny_loop_block03,1789506084.3195722,112735.5256668,61.112,61,2325,9001,278194116,0
matmul_tiny_loop_block03,1789506084.3740609,112735.5798551,61.35,61,2325,9001,278211062,0
matmul_tiny_loop_block03,1789506084.4181783,112735.6241884,61.35,61,2325,9001,278211062,0
matmul_tiny_loop_block03,1789506084.4747787,112735.6794433,61.35,61,2325,9001,278223201,0
matmul_tiny_loop_block03,1789506084.520494,112735.725274,61.35,61,2325,9001,278223201,0
matmul_tiny_loop_block03,1789506084.607456,112735.8132071,61.35,61,2325,9001,278236172,0
matmul_tiny_loop_block03,1789506084.710229,112735.9152805,61.35,61,2325,9001,278250152,0
matmul_tiny_loop_block03,1789506084.710229,112735.9160549,61.35,61,2325,9001,278250152,0
matmul_tiny_loop_block03,1789506084.7718353,112735.9768363,61.35,61,2325,9001,278265519,0
matmul_tiny_loop_block03,1789506084.8217916,112736.0265186,61.35,61,2325,9001,278265519,0
matmul_tiny_loop_block03,1789506084.8627305,112736.0674621,61.693,61,2325,9001,278286035,0
matmul_tiny_loop_block03,1789506084.913461,112736.1181916,61.693,61,2325,9001,278286035,0
matmul_tiny_loop_block03,1789506084.9655166,112736.1702278,61.693,61,2325,9001,278303022,0
matmul_tiny_loop_block03,1789506085.017637,112736.2223048,61.693,61,2325,9001,278303022,0
matmul_tiny_loop_block03,1789506085.0683904,112736.2730957,61.693,61,2325,9001,278318042,0
matmul_tiny_loop_block03,1789506085.1204274,112736.3251216,61.693,61,2325,9001,278318042,0
matmul_tiny_loop_block03,1789506085.1606233,112736.3662004,61.693,61,2325,9001,278335835,0
matmul_tiny_loop_block03,1789506085.2113767,112736.4169534,61.693,61,2325,9001,278335835,0
matmul_tiny_loop_block03,1789506085.2630448,112736.4678818,61.693,61,2325,9001,278355815,0
matmul_tiny_loop_block03,1789506085.3161619,112736.5209161,61.693,61,2325,9001,278355815,0
matmul_tiny_loop_block03,1789506085.3671935,112736.5721135,61.323,61,2325,9001,278369902,0
matmul_tiny_loop_block03,1789506085.418673,112736.623462,61.323,61,2325,9001,278369902,0
matmul_tiny_loop_block03,1789506085.4757698,112736.6805226,61.323,61,2325,9001,278385876,0
matmul_tiny_loop_block03,1789506085.520152,112736.7248578,61.323,61,2325,9001,278385876,0
matmul_tiny_loop_block03,1789506085.570631,112736.7755699,61.323,61,2325,9001,278398643,0
matmul_tiny_loop_block03,1789506085.611007,112736.8162621,61.323,61,2325,9001,278398643,0
matmul_tiny_loop_block03,1789506085.6626217,112736.8673585,61.323,61,2325,9001,278423250,0
matmul_tiny_loop_block03,1789506085.7188096,112736.9236592,61.323,61,2325,9001,278423250,0
matmul_tiny_loop_block03,1789506085.7731795,112736.9779446,61.323,61,2325,9001,278437631,0
matmul_tiny_loop_block03,1789506085.8155935,112737.0204589,61.323,61,2325,9001,278437631,0
matmul_tiny_loop_block03,1789506085.866203,112737.0709112,61.16,61,2325,9001,278457061,0
matmul_tiny_loop_block03,1789506085.9170575,112737.1217716,61.16,61,2325,9001,278457061,0
matmul_tiny_loop_block03,1789506085.9672768,112737.1720307,61.16,61,2325,9001,278472905,0
matmul_tiny_loop_block03,1789506086.0192993,112737.2240396,61.16,61,2325,9001,278472905,0
matmul_tiny_loop_block03,1789506086.069553,112737.2742822,61.16,61,2325,9001,278489317,0
matmul_tiny_loop_block03,1789506086.1195958,112737.3243208,61.16,61,2325,9001,278489317,0
matmul_tiny_loop_block03,1789506086.1697485,112737.3744699,61.16,61,2325,9001,278507846,0
matmul_tiny_loop_block03,1789506086.285083,112737.4897571,61.16,61,2325,9001,278522659,0
matmul_tiny_loop_block03,1789506086.285083,112737.4907659,61.16,61,2325,9001,278522659,0
matmul_tiny_loop_block03,1789506086.3392894,112737.5444222,61.16,61,2325,9001,278535333,0
matmul_tiny_loop_block03,1789506086.3910935,112737.5958712,61.321,60,2325,9001,278535333,0
matmul_tiny_loop_block03,1789506086.4580853,112737.6635557,61.321,60,2325,9001,278552191,0
matmul_tiny_loop_block03,1789506086.4999938,112737.7048181,61.321,60,2325,9001,278552191,0
matmul_tiny_loop_block03,1789506086.548646,112737.7547352,61.321,60,2325,9001,278565480,0
matmul_tiny_loop_block03,1789506086.5914822,112737.7963816,61.321,60,2325,9001,278565480,0
matmul_tiny_loop_block03,1789506086.640485,112737.8453049,61.321,60,2325,9001,278586126,0
matmul_tiny_loop_block03,1789506086.6909585,112737.8964023,61.321,60,2325,9001,278586126,0
matmul_tiny_loop_block03,1789506086.7473805,112737.9526403,61.321,60,2325,9001,278603060,0
matmul_tiny_loop_block03,1789506086.7905147,112737.9963966,61.321,60,2325,9001,278603060,0
matmul_tiny_loop_block03,1789506086.836159,112738.0424083,61.321,60,2325,9001,278622381,0
matmul_tiny_loop_block03,1789506086.915715,112738.1215685,61.493,60,2325,9001,278622381,0
matmul_tiny_loop_block03,1789506086.9619691,112738.1672413,61.493,60,2325,9001,278632069,0
matmul_tiny_loop_block03,1789506087.0241446,112738.2298361,61.493,60,2325,9001,278632069,0
matmul_tiny_loop_block03,1789506087.041217,112738.2463221,61.493,60,2325,9001,278649855,0
matmul_tiny_loop_block03,1789506087.13936,112738.3448064,61.493,60,2325,9001,278657796,0
matmul_tiny_loop_block03,1789506087.13936,112738.3468492,61.493,60,2325,9001,278657796,0
matmul_tiny_loop_block03,1789506087.1939592,112738.4000928,61.493,60,2325,9001,278657796,0
matmul_tiny_loop_block03,1789506087.2564497,112738.4630069,61.493,60,2325,9001,278668443,0
matmul_tiny_loop_block03,1789506087.2983036,112738.503067,61.493,60,2325,9001,278668443,0
matmul_tiny_loop_block03,1789506087.3484974,112738.5539781,61.493,60,2325,9001,278680809,0
matmul_tiny_loop_block03,1789506087.3956192,112738.6004661,61.081,60,2325,9001,278680809,0
matmul_tiny_loop_block03,1789506087.5126772,112738.7180508,61.081,60,2325,9001,278694161,0
matmul_tiny_loop_block03,1789506087.5188026,112738.7237485,61.081,60,2325,9001,278694161,0
matmul_tiny_loop_block03,1789506087.569252,112738.7756728,61.081,60,2325,9001,278703772,0
matmul_tiny_loop_block03,1789506087.6195717,112738.8247604,61.081,60,2325,9001,278703772,0
matmul_tiny_loop_block03,1789506087.6998713,112738.9049286,61.081,60,2325,9001,278723794,0
matmul_tiny_loop_block03,1789506087.7274923,112738.9338112,61.081,60,2325,9001,278723794,0
matmul_tiny_loop_block03,1789506087.7714343,112738.9762712,61.081,60,2325,9001,278742771,0
matmul_tiny_loop_block03,1789506087.8224826,112739.0272608,61.081,60,2325,9001,278742771,0
matmul_tiny_loop_block03,1789506087.915384,112739.1203524,60.919,60,2325,9001,278763865,0
matmul_tiny_loop_block03,1789506087.9290078,112739.1336778,60.919,60,2325,9001,278763865,0
matmul_tiny_loop_block03,1789506087.9756637,112739.1804054,60.919,60,2325,9001,278778591,0
matmul_tiny_loop_block03,1789506088.0258055,112739.2305906,60.919,60,2325,9001,278778591,0
matmul_tiny_loop_block03,1789506088.0690641,112739.2742985,60.919,60,2325,9001,278794605,0
matmul_tiny_loop_block03,1789506088.1196017,112739.3244711,60.919,60,2325,9001,278794605,0
matmul_tiny_loop_block03,1789506088.1741781,112739.3798313,60.919,60,2325,9001,278813633,0
matmul_tiny_loop_block03,1789506088.219601,112739.4243999,60.919,60,2325,9001,278813633,0
matmul_tiny_loop_block03,1789506088.2763877,112739.4815791,60.919,60,2325,9001,278826387,0
matmul_tiny_loop_block03,1789506088.3189867,112739.5239408,60.919,60,2325,9001,278826387,0
matmul_tiny_loop_block03,1789506088.3746922,112739.5797366,61.26,60,2325,9001,278839196,0
matmul_tiny_loop_block03,1789506088.4408953,112739.6465011,61.26,60,2325,9001,278848201,0
matmul_tiny_loop_block03,1789506088.4900732,112739.6964648,61.26,60,2325,9001,278848201,0
matmul_tiny_loop_block03,1789506088.5321805,112739.7379129,61.26,60,2325,9001,278848201,0
matmul_tiny_loop_block03,1789506088.5825214,112739.7886461,61.26,60,2325,9001,278870096,0
matmul_tiny_loop_block03,1789506088.62095,112739.8256509,61.26,60,2325,9001,278870096,0
matmul_tiny_loop_block03,1789506088.6766508,112739.8813639,61.26,60,2325,9001,278886571,0
matmul_tiny_loop_block03,1789506088.7243586,112739.9290155,61.26,60,2325,9001,278886571,0
matmul_tiny_loop_block03,1789506088.7808042,112739.9855867,61.26,60,2325,9001,278901961,0
matmul_tiny_loop_block03,1789506088.8220172,112740.0267287,61.26,60,2325,9001,278901961,0
matmul_tiny_loop_block03,1789506088.8737135,112740.0784734,61.234,60,2325,9001,278917581,0
matmul_tiny_loop_block03,1789506088.925012,112740.1296942,61.234,60,2325,9001,278917581,0
matmul_tiny_loop_block03,1789506088.9755883,112740.1804115,61.234,60,2325,9001,278932746,0
matmul_tiny_loop_block03,1789506089.0284126,112740.233209,61.234,60,2325,9001,278932746,0
matmul_tiny_loop_block03,1789506089.0731144,112740.2778452,61.234,60,2325,9001,278950214,0
matmul_tiny_loop_block03,1789506089.1228805,112740.3276352,61.234,60,2325,9001,278950214,0
matmul_tiny_loop_block03,1789506089.1738973,112740.3786056,61.234,60,2325,9001,278964957,0
matmul_tiny_loop_block03,1789506089.2253706,112740.4301197,61.234,60,2325,9001,278964957,0
matmul_tiny_loop_block03,1789506089.2768855,112740.4816338,61.234,60,2325,9001,278980974,0
matmul_tiny_loop_block03,1789506089.328275,112740.5331325,61.234,60,2325,9001,278980974,0
matmul_tiny_loop_block03,1789506089.3689754,112740.5739777,60.597,60,2325,9001,278998498,0
matmul_tiny_loop_block03,1789506089.4203475,112740.6250708,60.597,60,2325,9001,278998498,0
matmul_tiny_loop_block03,1789506089.4709146,112740.675571,60.597,60,2325,9001,279017358,0
matmul_tiny_loop_block03,1789506089.5238721,112740.7285623,60.597,60,2325,9001,279017358,0
matmul_tiny_loop_block03,1789506089.570219,112740.7749163,60.597,60,2325,9001,279039776,0
matmul_tiny_loop_block03,1789506089.6205945,112740.8253934,60.597,60,2325,9001,279039776,0
matmul_tiny_loop_block03,1789506089.6706605,112740.8753641,60.597,60,2325,9001,279059461,0
matmul_tiny_loop_block03,1789506089.7245688,112740.9297829,60.597,60,2325,9001,279059461,0
matmul_tiny_loop_block03,1789506089.7707138,112740.9754631,60.597,60,2325,9001,279082905,0
matmul_tiny_loop_block03,1789506089.8241918,112741.0290624,60.597,60,2325,9001,279082905,0
matmul_tiny_loop_block03,1789506089.8992171,112741.1050042,60.769,60,2325,9001,279104939,0
matmul_tiny_loop_block03,1789506089.92526,112741.1300276,60.769,60,2325,9001,279104939,0
matmul_tiny_loop_block03,1789506090.0401456,112741.2450726,60.769,60,2325,9001,279128550,0
matmul_tiny_loop_block03,1789506090.0401456,112741.2465162,60.769,60,2325,9001,279128550,0
matmul_tiny_loop_block03,1789506090.091611,112741.2966836,60.769,60,2325,9001,279128550,0
matmul_tiny_loop_block03,1789506090.1474454,112741.3539442,60.769,60,2325,9001,279147417,0
matmul_tiny_loop_block03,1789506090.21574,112741.4216378,60.769,60,2325,9001,279147417,0
matmul_tiny_loop_block03,1789506090.2419345,112741.4469145,60.769,60,2325,9001,279161165,0
matmul_tiny_loop_block03,1789506090.3003428,112741.5050456,60.769,60,2325,9001,279161165,0
matmul_tiny_loop_block03,1789506090.3513842,112741.5562017,60.769,60,2325,9001,279174257,0
matmul_tiny_loop_block03,1789506090.3921206,112741.5974907,61.227,60,2325,9001,279174257,0
matmul_tiny_loop_block03,1789506090.4436412,112741.6484837,61.227,60,2325,9001,279189598,0
matmul_tiny_loop_block03,1789506090.498736,112741.7035067,61.227,60,2325,9001,279189598,0
matmul_tiny_loop_block03,1789506090.5433798,112741.7481479,61.227,60,2325,9001,279203144,0
matmul_tiny_loop_block03,1789506090.595617,112741.8003316,61.227,60,2325,9001,279203144,0
matmul_tiny_loop_block03,1789506090.6441512,112741.8506845,61.227,60,2325,9001,279214136,0
matmul_tiny_loop_block03,1789506090.6955364,112741.9003389,61.227,60,2325,9001,279214136,0
matmul_tiny_loop_block03,1789506090.750862,112741.955537,61.227,60,2325,9001,279227589,0
matmul_tiny_loop_block03,1789506090.7946277,112741.9992947,61.227,60,2325,9001,279227589,0
matmul_tiny_loop_block03,1789506090.846315,112742.0511086,61.227,60,2325,9001,279242496,0
matmul_tiny_loop_block03,1789506090.897726,112742.1024035,61.465,60,2325,9001,279242496,0
matmul_tiny_loop_block03,1789506090.9496064,112742.1543142,61.465,60,2325,9001,279256511,0
matmul_tiny_loop_block04,1789506090.9640746,112742.1721682,61.465,60,2325,9001,279256511,0
matmul_tiny_loop_block04,1789506091.0217125,112742.2263921,61.465,60,2325,9001,279256511,0
matmul_tiny_loop_block04,1789506091.0725477,112742.2772141,61.465,60,2325,9001,279280667,0
matmul_tiny_loop_block04,1789506091.1191783,112742.3238994,61.465,60,2325,9001,279280667,0
matmul_tiny_loop_block04,1789506091.1711278,112742.3758103,61.465,60,2325,9001,279293634,0
matmul_tiny_loop_block04,1789506091.2224576,112742.4271429,61.465,60,2325,9001,279293634,0
matmul_tiny_loop_block04,1789506091.2737634,112742.4784518,61.465,60,2325,9001,279316063,0
matmul_tiny_loop_block04,1789506091.3250632,112742.529723,61.465,60,2325,9001,279316063,0
matmul_tiny_loop_block04,1789506091.376102,112742.5807908,61.715,60,2325,9001,279332237,0
matmul_tiny_loop_block04,1789506091.4177728,112742.6230791,61.715,60,2325,9001,279332237,0
matmul_tiny_loop_block04,1789506091.4672792,112742.6723075,61.715,60,2325,9001,279345022,0
matmul_tiny_loop_block04,1789506091.5193343,112742.7239853,61.715,60,2325,9001,279345022,0
matmul_tiny_loop_block04,1789506091.5706697,112742.7754524,61.715,60,2325,9001,279363685,0
matmul_tiny_loop_block04,1789506091.6211894,112742.8259507,61.715,60,2325,9001,279363685,0
matmul_tiny_loop_block04,1789506091.6706853,112742.8756169,61.715,60,2325,9001,279385077,0
matmul_tiny_loop_block04,1789506091.7207766,112742.9254625,61.715,60,2325,9001,279385077,0
matmul_tiny_loop_block04,1789506091.7746432,112742.9793089,61.715,60,2325,9001,279406717,0
matmul_tiny_loop_block04,1789506091.8189785,112743.0236871,61.715,60,2325,9001,279406717,0
matmul_tiny_loop_block04,1789506091.8700452,112743.0747253,61.399,60,2325,9001,279419768,0
matmul_tiny_loop_block04,1789506091.9216688,112743.1263755,61.399,60,2325,9001,279419768,0
matmul_tiny_loop_block04,1789506091.9733534,112743.1782914,61.399,60,2325,9001,279441505,0
matmul_tiny_loop_block04,1789506092.0237567,112743.2285191,61.399,60,2325,9001,279441505,0
matmul_tiny_loop_block04,1789506092.0753112,112743.2800019,61.399,60,2325,9001,279457141,0
matmul_tiny_loop_block04,1789506092.1177309,112743.3228895,61.399,60,2325,9001,279457141,0
matmul_tiny_loop_block04,1789506092.1813068,112743.3859774,61.399,60,2325,9001,279469904,0
matmul_tiny_loop_block04,1789506092.2228038,112743.4274961,61.399,60,2325,9001,279469904,0
matmul_tiny_loop_block04,1789506092.2736406,112743.4783729,61.399,60,2325,9001,279487324,0
matmul_tiny_loop_block04,1789506092.3254948,112743.5302039,61.399,60,2325,9001,279487324,0
matmul_tiny_loop_block04,1789506092.3756843,112743.5803572,61.65,60,2325,9001,279504153,0
matmul_tiny_loop_block04,1789506092.4260764,112743.6308075,61.65,60,2325,9001,279504153,0
matmul_tiny_loop_block04,1789506092.4751806,112743.6799827,61.65,60,2325,9001,279520991,0
matmul_tiny_loop_block04,1789506092.5205328,112743.7252201,61.65,60,2325,9001,279520991,0
matmul_tiny_loop_block04,1789506092.570575,112743.7755725,61.65,60,2325,9001,279534827,0
matmul_tiny_loop_block04,1789506092.6255462,112743.8302285,61.65,60,2325,9001,279534827,0
matmul_tiny_loop_block04,1789506092.6753788,112743.8801059,61.65,60,2325,9001,279558899,0
matmul_tiny_loop_block04,1789506092.7205105,112743.9252273,61.65,60,2325,9001,279558899,0
matmul_tiny_loop_block04,1789506092.7747998,112743.9795543,61.65,60,2325,9001,279573179,0
matmul_tiny_loop_block04,1789506092.8189714,112744.0236317,61.65,60,2325,9001,279573179,0
matmul_tiny_loop_block04,1789506092.8701327,112744.0748303,62.03,60,2325,9001,279586431,0
matmul_tiny_loop_block04,1789506092.925764,112744.1308313,62.03,60,2325,9001,279586431,0
matmul_tiny_loop_block04,1789506092.9804366,112744.1855787,62.03,60,2325,9001,279610732,0
matmul_tiny_loop_block04,1789506093.0230963,112744.2278249,62.03,60,2325,9001,279610732,0
matmul_tiny_loop_block04,1789506093.0794702,112744.2842962,62.03,60,2325,9001,279628467,0
matmul_tiny_loop_block04,1789506093.1264856,112744.3311845,62.03,60,2325,9001,279628467,0
matmul_tiny_loop_block04,1789506093.1726074,112744.3791857,62.03,60,2325,9001,279647022,0
matmul_tiny_loop_block04,1789506093.216891,112744.4228834,62.03,60,2325,9001,279647022,0
matmul_tiny_loop_block04,1789506093.320418,112744.5255974,62.03,60,2325,9001,279659708,0
matmul_tiny_loop_block04,1789506093.3214185,112744.526314,62.03,60,2325,9001,279659708,0
matmul_tiny_loop_block04,1789506093.3716583,112744.5768051,61.453,60,2325,9001,279671247,0
matmul_tiny_loop_block04,1789506093.4232047,112744.6295892,61.453,60,2325,9001,279671247,0
matmul_tiny_loop_block04,1789506093.4727042,112744.6774167,61.453,60,2325,9001,279688168,0
matmul_tiny_loop_block04,1789506093.5290334,112744.7344584,61.453,60,2325,9001,279688168,0
matmul_tiny_loop_block04,1789506093.583138,112744.7878565,61.453,60,2325,9001,279707061,0
matmul_tiny_loop_block04,1789506093.6301806,112744.8348895,61.453,60,2325,9001,279707061,0
matmul_tiny_loop_block04,1789506093.6751087,112744.8799625,61.453,60,2325,9001,279729825,0
matmul_tiny_loop_block04,1789506093.7305157,112744.935239,61.453,60,2325,9001,279729825,0
matmul_tiny_loop_block04,1789506093.7831678,112744.9879211,61.453,60,2325,9001,279749198,0
matmul_tiny_loop_block04,1789506093.8284438,112745.0331739,61.453,60,2325,9001,279749198,0
matmul_tiny_loop_block04,1789506093.8758771,112745.0807164,60.854,60,2325,9001,279770925,0
matmul_tiny_loop_block04,1789506093.9275324,112745.1322433,60.854,60,2325,9001,279770925,0
matmul_tiny_loop_block04,1789506093.979361,112745.1840217,60.854,60,2325,9001,279788696,0
matmul_tiny_loop_block04,1789506094.0299184,112745.2346832,60.854,60,2325,9001,279788696,0
matmul_tiny_loop_block04,1789506094.0809474,112745.2856418,60.854,60,2325,9001,279809387,0
matmul_tiny_loop_block04,1789506094.1218796,112745.326708,60.854,60,2325,9001,279809387,0
matmul_tiny_loop_block04,1789506094.1768038,112745.3815047,60.854,60,2325,9001,279826705,0
matmul_tiny_loop_block04,1789506094.2287912,112745.4334985,60.854,60,2325,9001,279826705,0
matmul_tiny_loop_block04,1789506094.2792802,112745.4840248,60.854,60,2325,9001,279845665,0
matmul_tiny_loop_block04,1789506094.3233376,112745.5280153,60.854,60,2325,9001,279845665,0
matmul_tiny_loop_block04,1789506094.3737457,112745.5795062,60.874,60,2325,9001,279862936,0
matmul_tiny_loop_block04,1789506094.4275782,112745.6337813,60.874,60,2325,9001,279862936,0
matmul_tiny_loop_block04,1789506094.4736805,112745.6797811,60.874,60,2325,9001,279881833,0
matmul_tiny_loop_block04,1789506094.532943,112745.7376492,60.874,60,2325,9001,279890734,0
matmul_tiny_loop_block04,1789506094.5794642,112745.7843132,60.874,60,2325,9001,279890734,0
matmul_tiny_loop_block04,1789506094.7467067,112745.9523315,60.874,60,2325,9001,279908411,0
matmul_tiny_loop_block04,1789506094.7487054,112745.9535839,60.874,60,2325,9001,279908411,0
matmul_tiny_loop_block04,1789506094.8120158,112746.0178988,60.874,60,2325,9001,279908411,0
matmul_tiny_loop_block04,1789506094.9076796,112746.1132382,60.894,60,2325,9001,279922745,0
matmul_tiny_loop_block04,1789506094.9086797,112746.1140281,60.894,60,2325,9001,279922745,0
matmul_tiny_loop_block04,1789506094.9667044,112746.1718392,60.894,60,2325,9001,279938678,0
matmul_tiny_loop_block04,1789506095.017469,112746.223435,60.894,60,2325,9001,279938678,0
matmul_tiny_loop_block04,1789506095.0776024,112746.2841253,60.894,60,2325,9001,279957357,0
matmul_tiny_loop_block04,1789506095.1197014,112746.3256421,60.894,60,2325,9001,279957357,0
matmul_tiny_loop_block04,1789506095.1657848,112746.3706991,60.894,60,2325,9001,279973558,0
matmul_tiny_loop_block04,1789506095.2291765,112746.4340091,60.894,60,2325,9001,279973558,0
matmul_tiny_loop_block04,1789506095.2672696,112746.4722826,60.894,60,2325,9001,279997532,0
matmul_tiny_loop_block04,1789506095.3312476,112746.5361219,60.894,60,2325,9001,280012757,0
matmul_tiny_loop_block04,1789506095.3854423,112746.590467,60.576,60,2325,9001,280012757,0
matmul_tiny_loop_block04,1789506095.4306405,112746.63726,60.576,60,2325,9001,280027694,0
matmul_tiny_loop_block04,1789506095.4821672,112746.6873787,60.576,60,2325,9001,280027694,0
matmul_tiny_loop_block04,1789506095.5295577,112746.7346288,60.576,60,2325,9001,280027694,0
matmul_tiny_loop_block04,1789506095.6360693,112746.8416872,60.576,60,2325,9001,280057249,0
matmul_tiny_loop_block04,1789506095.6380703,112746.8435724,60.576,60,2325,9001,280057249,0
matmul_tiny_loop_block04,1789506095.7495966,112746.9551173,60.576,60,2325,9001,280064700,0
matmul_tiny_loop_block04,1789506095.7578316,112746.9651104,60.576,60,2325,9001,280064700,0
matmul_tiny_loop_block04,1789506095.8563373,112747.0616188,60.576,60,2325,9001,280075892,0
matmul_tiny_loop_block04,1789506095.8642235,112747.0706045,60.223,60,2325,9001,280075892,0
matmul_tiny_loop_block04,1789506095.9212039,112747.1265077,60.223,60,2325,9001,280075892,0
matmul_tiny_loop_block04,1789506096.078366,112747.2841948,60.223,60,2325,9001,280102353,0
matmul_tiny_loop_block04,1789506096.0803719,112747.2852106,60.223,60,2325,9001,280102353,0
matmul_tiny_loop_block04,1789506096.131084,112747.337002,60.223,60,2325,9001,280113723,0
matmul_tiny_loop_block04,1789506096.1936631,112747.4000271,60.223,60,2325,9001,280113723,0
matmul_tiny_loop_block04,1789506096.2337523,112747.4391662,60.223,60,2325,9001,280123195,0
matmul_tiny_loop_block04,1789506096.2914166,112747.4962865,60.223,60,2325,9001,280123195,0
matmul_tiny_loop_block04,1789506096.3337872,112747.5393578,60.223,60,2325,9001,280132471,0
matmul_tiny_loop_block04,1789506096.4106388,112747.6172127,60.162,60,2325,9001,280132471,0
matmul_tiny_loop_block04,1789506096.4368534,112747.642147,60.162,60,2325,9001,280142299,0
matmul_tiny_loop_block04,1789506096.510363,112747.7164809,60.162,60,2325,9001,280142299,0
matmul_tiny_loop_block04,1789506096.5326326,112747.7379335,60.162,60,2325,9001,280152129,0
matmul_tiny_loop_block04,1789506096.6038349,112747.8096677,60.162,60,2325,9001,280152129,0
matmul_tiny_loop_block04,1789506096.6662326,112747.8709725,60.162,60,2325,9001,280167134,0
matmul_tiny_loop_block04,1789506096.765723,112747.9709599,60.162,60,2325,9001,280181867,0
matmul_tiny_loop_block04,1789506096.7670734,112747.9717821,60.162,60,2325,9001,280181867,0
matmul_tiny_loop_block04,1789506096.865766,112748.0714601,60.305,60,2325,9001,280196255,0
matmul_tiny_loop_block04,1789506096.867271,112748.0722498,60.305,60,2325,9001,280196255,0
matmul_tiny_loop_block04,1789506096.9702778,112748.1755536,60.305,60,2325,9001,280211541,0
matmul_tiny_loop_block04,1789506096.9762788,112748.1814129,60.305,60,2325,9001,280211541,0
matmul_tiny_loop_block04,1789506097.049278,112748.2541993,60.305,60,2325,9001,280221237,0
matmul_tiny_loop_block04,1789506097.099171,112748.3046589,60.305,60,2325,9001,280221237,0
matmul_tiny_loop_block04,1789506097.2250633,112748.4297571,60.305,60,2325,9001,280239985,0
matmul_tiny_loop_block04,1789506097.2250633,112748.4305903,60.305,60,2325,9001,280239985,0
matmul_tiny_loop_block04,1789506097.290283,112748.4965266,60.305,60,2325,9001,280254484,0
matmul_tiny_loop_block04,1789506097.3349335,112748.5398353,60.305,60,2325,9001,280263356,0
matmul_tiny_loop_block04,1789506097.4037373,112748.6088863,60.305,59,2325,9001,280263356,0
matmul_tiny_loop_block04,1789506097.4662735,112748.6713771,60.305,59,2325,9001,280277901,0
matmul_tiny_loop_block04,1789506097.4832191,112748.6879571,60.305,59,2325,9001,280277901,0
matmul_tiny_loop_block04,1789506097.5798686,112748.7849467,60.305,59,2325,9001,280300159,0
matmul_tiny_loop_block04,1789506097.580775,112748.7857596,60.305,59,2325,9001,280300159,0
matmul_tiny_loop_block04,1789506097.631649,112748.8366064,60.305,59,2325,9001,280312756,0
matmul_tiny_loop_block04,1789506097.7539747,112748.9605424,60.305,59,2325,9001,280319187,0
matmul_tiny_loop_block04,1789506097.7595243,112748.9653921,60.305,59,2325,9001,280319187,0
matmul_tiny_loop_block04,1789506097.8188632,112749.0241593,60.305,59,2325,9001,280319187,0
matmul_tiny_loop_block04,1789506097.8848546,112749.0909716,60.386,60,2325,9001,280336052,0
matmul_tiny_loop_block04,1789506097.936868,112749.1424842,60.386,60,2325,9001,280350866,0
matmul_tiny_loop_block04,1789506097.969093,112749.1738618,60.386,60,2325,9001,280350866,0
matmul_tiny_loop_block04,1789506098.0124454,112749.2171932,60.386,60,2325,9001,280350866,0
matmul_tiny_loop_block04,1789506098.062781,112749.2677845,60.386,60,2325,9001,280369905,0
matmul_tiny_loop_block04,1789506098.1151075,112749.3213893,60.386,60,2325,9001,280369905,0
matmul_tiny_loop_block04,1789506098.166044,112749.3712971,60.386,60,2325,9001,280386990,0
matmul_tiny_loop_block04,1789506098.2167292,112749.421726,60.386,60,2325,9001,280386990,0
matmul_tiny_loop_block04,1789506098.2989275,112749.5046906,60.386,60,2325,9001,280405583,0
matmul_tiny_loop_block04,1789506098.3271167,112749.5337107,60.386,60,2325,9001,280405583,0
matmul_tiny_loop_block04,1789506098.3631268,112749.5678166,60.58,60,2325,9001,280420933,0
matmul_tiny_loop_block04,1789506098.4139662,112749.6186558,60.58,60,2325,9001,280420933,0
matmul_tiny_loop_block04,1789506098.4704154,112749.6751643,60.58,60,2325,9001,280435933,0
matmul_tiny_loop_block04,1789506098.5157092,112749.7206493,60.58,60,2325,9001,280435933,0
matmul_tiny_loop_block04,1789506098.5662766,112749.7711972,60.58,60,2325,9001,280449037,0
matmul_tiny_loop_block04,1789506098.622591,112749.8273002,60.58,60,2325,9001,280449037,0
matmul_tiny_loop_block04,1789506098.6672332,112749.8719581,60.58,60,2325,9001,280470692,0
matmul_tiny_loop_block04,1789506098.720276,112749.9250154,60.58,60,2325,9001,280470692,0
matmul_tiny_loop_block04,1789506098.7614748,112749.9661775,60.58,60,2325,9001,280492117,0
matmul_tiny_loop_block04,1789506098.815233,112750.0199389,60.58,60,2325,9001,280492117,0
matmul_tiny_loop_block04,1789506098.8671663,112750.0719332,60.697,59,2325,9001,280507819,0
matmul_tiny_loop_block04,1789506098.917807,112750.1225028,60.697,59,2325,9001,280507819,0
matmul_tiny_loop_block04,1789506098.9684324,112750.173119,60.697,59,2325,9001,280528050,0
matmul_tiny_loop_block04,1789506099.019961,112750.2246611,60.697,59,2325,9001,280528050,0
matmul_tiny_loop_block04,1789506099.0776703,112750.28358,60.697,59,2325,9001,280549886,0
matmul_tiny_loop_block04,1789506099.1398308,112750.3463574,60.697,59,2325,9001,280560896,0
matmul_tiny_loop_block04,1789506099.1667607,112750.3714519,60.697,59,2325,9001,280560896,0
matmul_tiny_loop_block04,1789506099.2173855,112750.4220906,60.697,59,2325,9001,280560896,0
matmul_tiny_loop_block04,1789506099.2678947,112750.4726309,60.697,59,2325,9001,280581761,0
matmul_tiny_loop_block04,1789506099.3200896,112750.5254392,60.697,59,2325,9001,280581761,0
matmul_tiny_loop_block04,1789506099.3646495,112750.5712627,61.037,59,2325,9001,280604296,0
matmul_tiny_loop_block04,1789506099.4195118,112750.6252322,61.037,59,2325,9001,280604296,0
matmul_tiny_loop_block04,1789506099.4618723,112750.6668967,61.037,59,2325,9001,280625356,0
matmul_tiny_loop_block04,1789506099.5116236,112750.7163393,61.037,59,2325,9001,280625356,0
matmul_tiny_loop_block04,1789506099.5736425,112750.7793817,61.037,59,2325,9001,280641287,0
matmul_tiny_loop_block04,1789506099.6196923,112750.8244996,61.037,59,2325,9001,280641287,0
matmul_tiny_loop_block04,1789506099.666676,112750.871476,61.037,59,2325,9001,280656201,0
matmul_tiny_loop_block04,1789506099.720203,112750.9249236,61.037,59,2325,9001,280656201,0
matmul_tiny_loop_block04,1789506099.7614472,112750.9661528,61.037,59,2325,9001,280677508,0
matmul_tiny_loop_block04,1789506099.8121507,112751.0170099,61.037,59,2325,9001,280677508,0
matmul_tiny_loop_block04,1789506099.8639514,112751.0687145,61.096,59,2325,9001,280692629,0
matmul_tiny_loop_block04,1789506099.9159455,112751.1207172,61.096,59,2325,9001,280692629,0
matmul_tiny_loop_block04,1789506099.967419,112751.1721613,61.096,59,2325,9001,280710530,0
matmul_tiny_loop_block04,1789506100.018477,112751.2232216,61.096,59,2325,9001,280710530,0
matmul_tiny_loop_block04,1789506100.0700033,112751.2747018,61.096,59,2325,9001,280731361,0
matmul_tiny_loop_block04,1789506100.1172032,112751.3218986,61.096,59,2325,9001,280731361,0
matmul_tiny_loop_block04,1789506100.173398,112751.3780985,61.096,59,2325,9001,280744854,0
matmul_tiny_loop_block04,1789506100.2136748,112751.4183879,61.096,59,2325,9001,280744854,0
matmul_tiny_loop_block04,1789506100.2639062,112751.4686421,61.096,59,2325,9001,280756877,0
matmul_tiny_loop_block04,1789506100.3205278,112751.5254763,61.096,59,2325,9001,280756877,0
matmul_tiny_loop_block04,1789506100.3656278,112751.5703599,61.172,60,2325,9001,280777368,0
matmul_tiny_loop_block04,1789506100.41976,112751.625252,61.172,60,2325,9001,280777368,0
matmul_tiny_loop_block05,1789506100.4613307,112751.6661594,61.172,60,2325,9001,280797989,0
matmul_tiny_loop_block05,1789506100.5204237,112751.7252528,61.172,60,2325,9001,280797989,0
matmul_tiny_loop_block05,1789506100.5622096,112751.7671241,61.172,60,2325,9001,280816967,0
matmul_tiny_loop_block05,1789506100.6206474,112751.8253243,61.172,60,2325,9001,280816967,0
matmul_tiny_loop_block05,1789506100.6655214,112751.870272,61.172,60,2325,9001,280836128,0
matmul_tiny_loop_block05,1789506100.7204654,112751.9251602,61.172,60,2325,9001,280836128,0
matmul_tiny_loop_block05,1789506100.770721,112751.9754294,61.172,60,2325,9001,280857414,0
matmul_tiny_loop_block05,1789506100.8213434,112752.0260592,61.172,60,2325,9001,280857414,0
matmul_tiny_loop_block05,1789506100.8625193,112752.0671999,61.265,59,2325,9001,280873127,0
matmul_tiny_loop_block05,1789506100.9135616,112752.1182825,61.265,59,2325,9001,280873127,0
matmul_tiny_loop_block05,1789506100.9639878,112752.1687764,61.265,59,2325,9001,280889318,0
matmul_tiny_loop_block05,1789506101.0141335,112752.2188235,61.265,59,2325,9001,280889318,0
matmul_tiny_loop_block05,1789506101.0658872,112752.2706303,61.265,59,2325,9001,280906009,0
matmul_tiny_loop_block05,1789506101.1173959,112752.3221931,61.265,59,2325,9001,280906009,0
matmul_tiny_loop_block05,1789506101.1679401,112752.3726271,61.265,59,2325,9001,280925930,0
matmul_tiny_loop_block05,1789506101.2157092,112752.4204514,61.265,59,2325,9001,280925930,0
matmul_tiny_loop_block05,1789506101.267124,112752.4718332,61.265,59,2325,9001,280946013,0
matmul_tiny_loop_block05,1789506101.3187883,112752.523475,61.265,59,2325,9001,280946013,0
matmul_tiny_loop_block05,1789506101.3700662,112752.5747496,60.972,59,2325,9001,280967596,0
matmul_tiny_loop_block05,1789506101.4209445,112752.625613,60.972,59,2325,9001,280967596,0
matmul_tiny_loop_block05,1789506101.4616644,112752.666397,60.972,59,2325,9001,280983243,0
matmul_tiny_loop_block05,1789506101.5204847,112752.7252254,60.972,59,2325,9001,280983243,0
matmul_tiny_loop_block05,1789506101.56215,112752.767188,60.972,59,2325,9001,281002723,0
matmul_tiny_loop_block05,1789506101.6203332,112752.8250312,60.972,59,2325,9001,281002723,0
matmul_tiny_loop_block05,1789506101.66166,112752.8669079,60.972,59,2325,9001,281022389,0
matmul_tiny_loop_block05,1789506101.7247376,112752.9294479,60.972,59,2325,9001,281022389,0
matmul_tiny_loop_block05,1789506101.7658474,112752.970555,60.972,59,2325,9001,281044300,0
matmul_tiny_loop_block05,1789506101.814036,112753.0187897,60.972,59,2325,9001,281044300,0
matmul_tiny_loop_block05,1789506101.8649135,112753.0696323,60.471,59,2325,9001,281062342,0
matmul_tiny_loop_block05,1789506101.916405,112753.1211398,60.471,59,2325,9001,281062342,0
matmul_tiny_loop_block05,1789506101.9684289,112753.1731613,60.471,59,2325,9001,281081486,0
matmul_tiny_loop_block05,1789506102.0196216,112753.2245841,60.471,59,2325,9001,281081486,0
matmul_tiny_loop_block05,1789506102.0709195,112753.2756235,60.471,59,2325,9001,281096525,0
matmul_tiny_loop_block05,1789506102.1122625,112753.3169837,60.471,59,2325,9001,281096525,0
matmul_tiny_loop_block05,1789506102.1633499,112753.3680061,60.471,59,2325,9001,281108412,0
matmul_tiny_loop_block05,1789506102.2149715,112753.4196729,60.471,59,2325,9001,281108412,0
matmul_tiny_loop_block05,1789506102.2677393,112753.472471,60.471,59,2325,9001,281125597,0
matmul_tiny_loop_block05,1789506102.320121,112753.5248369,60.471,59,2325,9001,281125597,0
matmul_tiny_loop_block05,1789506102.3712938,112753.5761015,60.392,59,2325,9001,281148676,0
matmul_tiny_loop_block05,1789506102.4123986,112753.6171377,60.392,59,2325,9001,281148676,0
matmul_tiny_loop_block05,1789506102.4631758,112753.6678846,60.392,59,2325,9001,281160506,0
matmul_tiny_loop_block05,1789506102.519722,112753.7244718,60.392,59,2325,9001,281160506,0
matmul_tiny_loop_block05,1789506102.566923,112753.7715887,60.392,59,2325,9001,281180719,0
matmul_tiny_loop_block05,1789506102.6204367,112753.8251622,60.392,59,2325,9001,281180719,0
matmul_tiny_loop_block05,1789506102.661978,112753.866924,60.392,59,2325,9001,281202907,0
matmul_tiny_loop_block05,1789506102.7200847,112753.9247447,60.392,59,2325,9001,281202907,0
matmul_tiny_loop_block05,1789506102.7727761,112753.9774648,60.392,59,2325,9001,281222828,0
matmul_tiny_loop_block05,1789506102.8119674,112754.0170403,60.392,59,2325,9001,281222828,0
matmul_tiny_loop_block05,1789506102.8651545,112754.0698695,60.62,59,2325,9001,281234862,0
matmul_tiny_loop_block05,1789506102.9165983,112754.1214174,60.62,59,2325,9001,281234862,0
matmul_tiny_loop_block05,1789506102.9692028,112754.17534,60.62,59,2325,9001,281254726,0
matmul_tiny_loop_block05,1789506103.018511,112754.2231977,60.62,59,2325,9001,281254726,0
matmul_tiny_loop_block05,1789506103.0694487,112754.274165,60.62,59,2325,9001,281269311,0
matmul_tiny_loop_block05,1789506103.1206882,112754.3253658,60.62,59,2325,9001,281269311,0
matmul_tiny_loop_block05,1789506103.171047,112754.3757815,60.62,59,2325,9001,281284979,0
matmul_tiny_loop_block05,1789506103.2134426,112754.4181328,60.62,59,2325,9001,281284979,0
matmul_tiny_loop_block05,1789506103.26412,112754.4687824,60.62,59,2325,9001,281297118,0
matmul_tiny_loop_block05,1789506103.3166337,112754.5215848,60.62,59,2325,9001,281297118,0
matmul_tiny_loop_block05,1789506103.3673463,112754.5720525,61.247,59,2325,9001,281316503,0
matmul_tiny_loop_block05,1789506103.4186468,112754.623367,61.247,59,2325,9001,281316503,0
matmul_tiny_loop_block05,1789506103.4749486,112754.6796542,61.247,59,2325,9001,281338376,0
matmul_tiny_loop_block05,1789506103.5202217,112754.7250315,61.247,59,2325,9001,281338376,0
matmul_tiny_loop_block05,1789506103.5760186,112754.7806959,61.247,59,2325,9001,281354675,0
matmul_tiny_loop_block05,1789506103.6204143,112754.8251767,61.247,59,2325,9001,281354675,0
matmul_tiny_loop_block05,1789506103.6699324,112754.8746295,61.247,59,2325,9001,281371414,0
matmul_tiny_loop_block05,1789506103.7332225,112754.9386014,61.247,59,2325,9001,281380427,0
matmul_tiny_loop_block05,1789506103.788554,112754.9939216,61.247,59,2325,9001,281380427,0
matmul_tiny_loop_block05,1789506103.812258,112755.0169026,61.247,59,2325,9001,281380427,0
matmul_tiny_loop_block05,1789506103.9123523,112755.117149,60.773,59,2325,9001,281392827,0
matmul_tiny_loop_block05,1789506103.9123523,112755.1188572,60.773,59,2325,9001,281392827,0
matmul_tiny_loop_block05,1789506103.9645495,112755.17108,60.773,59,2325,9001,281402315,0
matmul_tiny_loop_block05,1789506104.0146399,112755.2212467,60.773,59,2325,9001,281402315,0
matmul_tiny_loop_block05,1789506104.0651245,112755.2699099,60.773,59,2325,9001,281422902,0
matmul_tiny_loop_block05,1789506104.1173465,112755.3221018,60.773,59,2325,9001,281422902,0
matmul_tiny_loop_block05,1789506104.1674485,112755.3721197,60.773,59,2325,9001,281443869,0
matmul_tiny_loop_block05,1789506104.2224622,112755.4272073,60.773,59,2325,9001,281443869,0
matmul_tiny_loop_block05,1789506104.2636244,112755.46896,60.773,59,2325,9001,281468210,0
matmul_tiny_loop_block05,1789506104.3143098,112755.5196897,60.773,59,2325,9001,281468210,0
matmul_tiny_loop_block05,1789506104.3729408,112755.5777298,60.51,59,2325,9001,281487059,0
matmul_tiny_loop_block05,1789506104.4180312,112755.6230212,60.51,59,2325,9001,281487059,0
matmul_tiny_loop_block05,1789506104.4703665,112755.6751155,60.51,59,2325,9001,281501860,0
matmul_tiny_loop_block05,1789506104.5267682,112755.7318075,60.51,59,2325,9001,281501860,0
matmul_tiny_loop_block05,1789506104.5724208,112755.7781763,60.51,59,2325,9001,281521210,0
matmul_tiny_loop_block05,1789506104.619842,112755.8245214,60.51,59,2325,9001,281521210,0
matmul_tiny_loop_block05,1789506104.6706512,112755.8753064,60.51,59,2325,9001,281537265,0
matmul_tiny_loop_block05,1789506104.7204251,112755.9250918,60.51,59,2325,9001,281537265,0
matmul_tiny_loop_block05,1789506104.770835,112755.9755034,60.51,59,2325,9001,281553176,0
matmul_tiny_loop_block05,1789506104.8166926,112756.0215002,60.51,59,2325,9001,281553176,0
matmul_tiny_loop_block05,1789506104.8681686,112756.0729124,61.031,59,2325,9001,281567147,0
matmul_tiny_loop_block05,1789506104.9223106,112756.1270082,61.031,59,2325,9001,281567147,0
matmul_tiny_loop_block05,1789506104.9735606,112756.1782533,61.031,59,2325,9001,281583855,0
matmul_tiny_loop_block05,1789506105.014672,112756.219484,61.031,59,2325,9001,281583855,0
matmul_tiny_loop_block05,1789506105.0656965,112756.2703703,61.031,59,2325,9001,281596941,0
matmul_tiny_loop_block05,1789506105.1174362,112756.3221157,61.031,59,2325,9001,281596941,0
matmul_tiny_loop_block05,1789506105.16772,112756.3725012,61.031,59,2325,9001,281618281,0
matmul_tiny_loop_block05,1789506105.2215986,112756.4262675,61.031,59,2325,9001,281618281,0
matmul_tiny_loop_block05,1789506105.2725246,112756.4772259,61.031,59,2325,9001,281634763,0
matmul_tiny_loop_block05,1789506105.313746,112756.5189577,61.031,59,2325,9001,281634763,0
matmul_tiny_loop_block05,1789506105.365557,112756.5702694,61.157,59,2325,9001,281647645,0
matmul_tiny_loop_block05,1789506105.4262254,112756.6309455,61.157,59,2325,9001,281647645,0
matmul_tiny_loop_block05,1789506105.4788363,112756.6835085,61.157,59,2325,9001,281673254,0
matmul_tiny_loop_block05,1789506105.5204785,112756.7252175,61.157,59,2325,9001,281673254,0
matmul_tiny_loop_block05,1789506105.5704389,112756.7750922,61.157,59,2325,9001,281692305,0
matmul_tiny_loop_block05,1789506105.624644,112756.8293126,61.157,59,2325,9001,281692305,0
matmul_tiny_loop_block05,1789506105.667402,112756.8723066,61.157,59,2325,9001,281710481,0
matmul_tiny_loop_block05,1789506105.7175288,112756.9221972,61.157,59,2325,9001,281710481,0
matmul_tiny_loop_block05,1789506105.7987864,112757.0045891,61.157,59,2325,9001,281724756,0
matmul_tiny_loop_block05,1789506105.8211155,112757.0258861,61.157,59,2325,9001,281724756,0
matmul_tiny_loop_block05,1789506105.9192991,112757.1245555,60.933,59,2325,9001,281745082,0
matmul_tiny_loop_block05,1789506105.9192991,112757.1253307,60.933,59,2325,9001,281745082,0
matmul_tiny_loop_block05,1789506105.9786372,112757.1833829,60.933,59,2325,9001,281758305,0
matmul_tiny_loop_block05,1789506106.0288484,112757.2336994,60.933,59,2325,9001,281770655,0
matmul_tiny_loop_block05,1789506106.0815463,112757.2865819,60.933,59,2325,9001,281770655,0
matmul_tiny_loop_block05,1789506106.1305184,112757.3352824,60.933,59,2325,9001,281784886,0
matmul_tiny_loop_block05,1789506106.1717875,112757.3764684,60.933,59,2325,9001,281784886,0
matmul_tiny_loop_block05,1789506106.2232485,112757.4280847,60.933,59,2325,9001,281784886,0
matmul_tiny_loop_block05,1789506106.2738557,112757.4785938,60.933,59,2325,9001,281802902,0
matmul_tiny_loop_block05,1789506106.324705,112757.5293608,60.933,59,2325,9001,281802902,0
matmul_tiny_loop_block05,1789506106.3757606,112757.580438,61.235,59,2325,9001,281822058,0
matmul_tiny_loop_block05,1789506106.4274063,112757.6320957,61.235,59,2325,9001,281822058,0
matmul_tiny_loop_block05,1789506106.4746754,112757.679365,61.235,59,2325,9001,281836005,0
matmul_tiny_loop_block05,1789506106.5303,112757.7349732,61.235,59,2325,9001,281845878,0
matmul_tiny_loop_block05,1789506106.575883,112757.7805638,61.235,59,2325,9001,281845878,0
matmul_tiny_loop_block05,1789506106.630636,112757.8354579,61.235,59,2325,9001,281857311,0
matmul_tiny_loop_block05,1789506106.671414,112757.8761041,61.235,59,2325,9001,281857311,0
matmul_tiny_loop_block05,1789506106.7201734,112757.9254395,61.235,59,2325,9001,281857311,0
matmul_tiny_loop_block05,1789506106.7716815,112757.9763758,61.235,59,2325,9001,281873921,0
matmul_tiny_loop_block05,1789506106.8260992,112758.0308083,61.235,59,2325,9001,281873921,0
matmul_tiny_loop_block05,1789506106.8774388,112758.0821269,61.422,59,2325,9001,281893277,0
matmul_tiny_loop_block05,1789506106.9294076,112758.1342087,61.422,59,2325,9001,281904842,0
matmul_tiny_loop_block05,1789506106.9816,112758.1863134,61.422,59,2325,9001,281904842,0
matmul_tiny_loop_block05,1789506107.0251367,112758.2298264,61.422,59,2325,9001,281904842,0
matmul_tiny_loop_block05,1789506107.076458,112758.2811253,61.422,59,2325,9001,281928832,0
matmul_tiny_loop_block05,1789506107.12779,112758.3334563,61.422,59,2325,9001,281939706,0
matmul_tiny_loop_block05,1789506107.1777992,112758.3831298,61.422,59,2325,9001,281939706,0
matmul_tiny_loop_block05,1789506107.2281914,112758.4328927,61.422,59,2325,9001,281939706,0
matmul_tiny_loop_block05,1789506107.2793932,112758.4841297,61.422,59,2325,9001,281956121,0
matmul_tiny_loop_block05,1789506107.3305764,112758.5352429,61.422,59,2325,9001,281968877,0
matmul_tiny_loop_block05,1789506107.3790088,112758.5839517,61.026,59,2325,9001,281968877,0
matmul_tiny_loop_block05,1789506107.4214342,112758.6262247,61.026,59,2325,9001,281968877,0
matmul_tiny_loop_block05,1789506107.4818594,112758.6877726,61.026,59,2325,9001,281989685,0
matmul_tiny_loop_block05,1789506107.5267274,112758.7316423,61.026,59,2325,9001,281989685,0
matmul_tiny_loop_block05,1789506107.582939,112758.7876397,61.026,59,2325,9001,282008044,0
matmul_tiny_loop_block05,1789506107.6287098,112758.8334075,61.026,59,2325,9001,282022561,0
matmul_tiny_loop_block05,1789506107.6746194,112758.8793247,61.026,59,2325,9001,282022561,0
matmul_tiny_loop_block05,1789506107.7300866,112758.9347914,61.026,59,2325,9001,282033416,0
matmul_tiny_loop_block05,1789506107.770555,112758.9756156,61.026,59,2325,9001,282033416,0
matmul_tiny_loop_block05,1789506107.830213,112759.034967,61.026,59,2325,9001,282043225,0
matmul_tiny_loop_block05,1789506107.8716958,112759.076391,60.954,59,2325,9001,282043225,0
matmul_tiny_loop_block05,1789506107.9225264,112759.1273368,60.954,59,2325,9001,282043225,0
matmul_tiny_loop_block05,1789506107.9740353,112759.1787604,60.954,59,2325,9001,282061125,0
matmul_tiny_loop_block05,1789506108.029286,112759.2339499,60.954,59,2325,9001,282071356,0
matmul_tiny_loop_block05,1789506108.0807333,112759.2854195,60.954,59,2325,9001,282071356,0
matmul_tiny_loop_block05,1789506108.1215782,112759.3262647,60.954,59,2325,9001,282071356,0
matmul_tiny_loop_block05,1789506108.173381,112759.3781677,60.954,59,2325,9001,282093161,0
matmul_tiny_loop_block05,1789506108.224473,112759.4291812,60.954,59,2325,9001,282093161,0
matmul_tiny_loop_block05,1789506108.275992,112759.4806832,60.954,59,2325,9001,282112649,0
matmul_tiny_loop_block05,1789506108.3276677,112759.532359,60.954,59,2325,9001,282112649,0
matmul_tiny_loop_block05,1789506108.3782356,112759.5829216,61.132,59,2325,9001,282127413,0
matmul_tiny_loop_block05,1789506108.4296083,112759.6344395,61.132,59,2325,9001,282139591,0
matmul_tiny_loop_block05,1789506108.4709558,112759.6756127,61.132,59,2325,9001,282139591,0
matmul_tiny_loop_block05,1789506108.5210357,112759.7260439,61.132,59,2325,9001,282139591,0
matmul_tiny_loop_block05,1789506108.570699,112759.7757664,61.132,59,2325,9001,282156828,0
matmul_tiny_loop_block05,1789506108.648954,112759.8542069,61.132,59,2325,9001,282165860,0
matmul_tiny_loop_block05,1789506108.675019,112759.879771,61.132,59,2325,9001,282165860,0
matmul_tiny_loop_block05,1789506108.7543843,112759.9597536,61.132,59,2325,9001,282179274,0
matmul_tiny_loop_block05,1789506108.8088272,112760.0143753,61.132,59,2325,9001,282179274,0
matmul_tiny_loop_block05,1789506108.8241313,112760.0288701,61.132,59,2325,9001,282179274,0
matmul_tiny_loop_block05,1789506108.886252,112760.0915429,61.089,59,2325,9001,282198910,0
matmul_tiny_loop_block05,1789506109.0017617,112760.2067183,61.089,59,2325,9001,282207872,0
matmul_tiny_loop_block05,1789506109.0027707,112760.2074269,61.089,59,2325,9001,282207872,0
matmul_tiny_loop_block05,1789506109.3490245,112760.5544811,61.089,59,2325,9001,282240650,0
matmul_tiny_loop_block05,1789506109.3561635,112760.5613456,61.089,59,2325,9001,282240650,0
matmul_tiny_loop_block05,1789506109.4603798,112760.6668581,60.586,59,2325,9001,282251805,0
matmul_tiny_loop_block05,1789506109.4623845,112760.6676866,60.586,59,2325,9001,282251805,0
matmul_tiny_loop_block05,1789506109.5477726,112760.7530301,60.586,59,2325,9001,282266814,0
matmul_tiny_loop_block05,1789506109.5723503,112760.7771173,60.586,59,2325,9001,282266814,0
matmul_tiny_loop_block05,1789506109.668473,112760.8735871,60.586,59,2325,9001,282280644,0
matmul_tiny_loop_block05,1789506109.6722605,112760.8776911,60.586,59,2325,9001,282280644,0
matmul_tiny_loop_block06,1789506109.728199,112760.9376909,60.586,59,2325,9001,282303337,0
matmul_tiny_loop_block06,1789506109.8104024,112761.016868,60.586,59,2325,9001,282303337,0
matmul_tiny_loop_block06,1789506109.8441796,112761.0488483,60.586,59,2325,9001,282313634,0
matmul_tiny_loop_block06,1789506109.910129,112761.1155608,60.205,59,2325,9001,282313634,0
matmul_tiny_loop_block06,1789506109.9323707,112761.1381345,60.205,59,2325,9001,282329434,0
matmul_tiny_loop_block06,1789506109.986538,112761.191219,60.205,59,2325,9001,282329434,0
matmul_tiny_loop_block06,1789506110.0575588,112761.2641736,60.205,59,2325,9001,282339771,0
matmul_tiny_loop_block06,1789506110.0925944,112761.2974471,60.205,59,2325,9001,282339771,0
matmul_tiny_loop_block06,1789506110.1336372,112761.3385593,60.205,59,2325,9001,282356783,0
matmul_tiny_loop_block06,1789506110.197685,112761.4024148,60.205,59,2325,9001,282356783,0
matmul_tiny_loop_block06,1789506110.239082,112761.4438929,60.205,59,2325,9001,282370595,0
matmul_tiny_loop_block06,1789506110.2913053,112761.4961139,60.205,59,2325,9001,282370595,0
matmul_tiny_loop_block06,1789506110.3329074,112761.5384476,60.205,59,2325,9001,282383157,0
matmul_tiny_loop_block06,1789506110.3845716,112761.5893285,60.316,59,2325,9001,282383157,0
matmul_tiny_loop_block06,1789506110.4367454,112761.6415882,60.316,59,2325,9001,282400335,0
matmul_tiny_loop_block06,1789506110.488404,112761.6931606,60.316,59,2325,9001,282400335,0
matmul_tiny_loop_block06,1789506110.543589,112761.7483287,60.316,59,2325,9001,282411353,0
matmul_tiny_loop_block06,1789506110.5931895,112761.7979285,60.316,59,2325,9001,282411353,0
matmul_tiny_loop_block06,1789506110.641034,112761.8457965,60.316,59,2325,9001,282426645,0
matmul_tiny_loop_block06,1789506110.6833906,112761.8885442,60.316,59,2325,9001,282426645,0
matmul_tiny_loop_block06,1789506110.7424655,112761.9472255,60.316,59,2325,9001,282447152,0
matmul_tiny_loop_block06,1789506110.7836754,112761.9886714,60.316,59,2325,9001,282447152,0
matmul_tiny_loop_block06,1789506110.8347921,112762.0395206,60.316,59,2325,9001,282467690,0
matmul_tiny_loop_block06,1789506110.8853838,112762.0900852,60.476,59,2325,9001,282467690,0
matmul_tiny_loop_block06,1789506110.9371588,112762.1419179,60.476,59,2325,9001,282485784,0
matmul_tiny_loop_block06,1789506110.9887056,112762.1934596,60.476,59,2325,9001,282485784,0
matmul_tiny_loop_block06,1789506111.0399237,112762.2446461,60.476,59,2325,9001,282496672,0
matmul_tiny_loop_block06,1789506111.083371,112762.2884444,60.476,59,2325,9001,282496672,0
matmul_tiny_loop_block06,1789506111.134721,112762.3394742,60.476,59,2325,9001,282516150,0
matmul_tiny_loop_block06,1789506111.1873975,112762.3921192,60.476,59,2325,9001,282516150,0
matmul_tiny_loop_block06,1789506111.2387013,112762.4434078,60.476,59,2325,9001,282525638,0
matmul_tiny_loop_block06,1789506111.2864053,112762.4911252,60.476,59,2325,9001,282525638,0
matmul_tiny_loop_block06,1789506111.3374765,112762.5421582,60.476,59,2325,9001,282538344,0
matmul_tiny_loop_block06,1789506111.3890963,112762.5939067,59.998,59,2325,9001,282538344,0
matmul_tiny_loop_block06,1789506111.4404855,112762.6452089,59.998,59,2325,9001,282549380,0
matmul_tiny_loop_block06,1789506111.4871392,112762.6918613,59.998,59,2325,9001,282549380,0
matmul_tiny_loop_block06,1789506111.5411482,112762.745913,59.998,59,2325,9001,282562850,0
matmul_tiny_loop_block06,1789506111.591374,112762.7960658,59.998,59,2325,9001,282562850,0
matmul_tiny_loop_block06,1789506111.6420777,112762.8469389,59.998,59,2325,9001,282576223,0
matmul_tiny_loop_block06,1789506111.6877263,112762.8925459,59.998,59,2325,9001,282576223,0
matmul_tiny_loop_block06,1789506111.7407825,112762.9455254,59.998,59,2325,9001,282590493,0
matmul_tiny_loop_block06,1789506111.7850873,112762.9899019,59.998,59,2325,9001,282590493,0
matmul_tiny_loop_block06,1789506111.8391905,112763.0438913,59.998,59,2325,9001,282610903,0
matmul_tiny_loop_block06,1789506111.8910103,112763.0957934,59.167,59,2325,9001,282610903,0
matmul_tiny_loop_block06,1789506111.9421225,112763.1468334,59.167,59,2325,9001,282624003,0
matmul_tiny_loop_block06,1789506111.9839008,112763.1886389,59.167,59,2325,9001,282624003,0
matmul_tiny_loop_block06,1789506112.0348852,112763.2396783,59.167,59,2325,9001,282644330,0
matmul_tiny_loop_block06,1789506112.0897722,112763.2944662,59.167,59,2325,9001,282644330,0
matmul_tiny_loop_block06,1789506112.1407475,112763.3455409,59.167,59,2325,9001,282654791,0
matmul_tiny_loop_block06,1789506112.1822534,112763.3879309,59.167,59,2325,9001,282654791,0
matmul_tiny_loop_block06,1789506112.2337852,112763.4387048,59.167,59,2325,9001,282674225,0
matmul_tiny_loop_block06,1789506112.285422,112763.4901026,59.167,59,2325,9001,282674225,0
matmul_tiny_loop_block06,1789506112.339407,112763.5441424,59.167,59,2325,9001,282684822,0
matmul_tiny_loop_block06,1789506112.3899047,112763.5947239,59.264,59,2325,9001,282684822,0
matmul_tiny_loop_block06,1789506112.4410236,112763.64576,59.264,59,2325,9001,282697033,0
matmul_tiny_loop_block06,1789506112.4869387,112763.6919403,59.264,59,2325,9001,282697033,0
matmul_tiny_loop_block06,1789506112.5404499,112763.7451604,59.264,59,2325,9001,282710827,0
matmul_tiny_loop_block06,1789506112.5870645,112763.7919691,59.264,59,2325,9001,282710827,0
matmul_tiny_loop_block06,1789506112.640722,112763.8454729,59.264,59,2325,9001,282723714,0
matmul_tiny_loop_block06,1789506112.6882727,112763.8929775,59.264,59,2325,9001,282723714,0
matmul_tiny_loop_block06,1789506112.7407036,112763.9454098,59.264,59,2325,9001,282737681,0
matmul_tiny_loop_block06,1789506112.7919023,112763.9965746,59.264,59,2325,9001,282737681,0
matmul_tiny_loop_block06,1789506112.844216,112764.0489736,59.264,59,2325,9001,282751565,0
matmul_tiny_loop_block06,1789506112.8856304,112764.0904779,59.824,59,2325,9001,282751565,0
matmul_tiny_loop_block06,1789506112.9367092,112764.1413887,59.824,59,2325,9001,282767595,0
matmul_tiny_loop_block06,1789506112.9885523,112764.1932517,59.824,59,2325,9001,282767595,0
matmul_tiny_loop_block06,1789506113.0399194,112764.2447003,59.824,59,2325,9001,282778351,0
matmul_tiny_loop_block06,1789506113.0924861,112764.2973537,59.824,59,2325,9001,282778351,0
matmul_tiny_loop_block06,1789506113.1339898,112764.3386938,59.824,59,2325,9001,282792813,0
matmul_tiny_loop_block06,1789506113.1856716,112764.3903918,59.824,59,2325,9001,282792813,0
matmul_tiny_loop_block06,1789506113.2364533,112764.4411444,59.824,59,2325,9001,282802466,0
matmul_tiny_loop_block06,1789506113.2885635,112764.4932761,59.824,59,2325,9001,282802466,0
matmul_tiny_loop_block06,1789506113.339517,112764.5442155,59.824,59,2325,9001,282814359,0
matmul_tiny_loop_block06,1789506113.3927288,112764.5975501,60.167,59,2325,9001,282814359,0
matmul_tiny_loop_block06,1789506113.4340625,112764.6387518,60.167,59,2325,9001,282828304,0
matmul_tiny_loop_block06,1789506113.4927375,112764.6975964,60.167,59,2325,9001,282828304,0
matmul_tiny_loop_block06,1789506113.5400822,112764.7448585,60.167,59,2325,9001,282840725,0
matmul_tiny_loop_block06,1789506113.591765,112764.7965091,60.167,59,2325,9001,282840725,0
matmul_tiny_loop_block06,1789506113.6411471,112764.8458654,60.167,59,2325,9001,282854326,0
matmul_tiny_loop_block06,1789506113.6835675,112764.8887004,60.167,59,2325,9001,282854326,0
matmul_tiny_loop_block06,1789506113.7417748,112764.9465008,60.167,59,2325,9001,282875936,0
matmul_tiny_loop_block06,1789506113.782696,112764.9877912,60.167,59,2325,9001,282875936,0
matmul_tiny_loop_block06,1789506113.8442903,112765.0491217,60.167,59,2325,9001,282896914,0
matmul_tiny_loop_block06,1789506113.8854258,112765.0901715,60.063,59,2325,9001,282896914,0
matmul_tiny_loop_block06,1789506113.9359653,112765.1406568,60.063,59,2325,9001,282913116,0
matmul_tiny_loop_block06,1789506113.9871554,112765.1918272,60.063,59,2325,9001,282913116,0
matmul_tiny_loop_block06,1789506114.0382993,112765.243086,60.063,59,2325,9001,282923759,0
matmul_tiny_loop_block06,1789506114.0928612,112765.2975493,60.063,59,2325,9001,282923759,0
matmul_tiny_loop_block06,1789506114.1338036,112765.3387005,60.063,59,2325,9001,282938190,0
matmul_tiny_loop_block06,1789506114.1850498,112765.3897354,60.063,59,2325,9001,282938190,0
matmul_tiny_loop_block06,1789506114.235499,112765.4402519,60.063,59,2325,9001,282948127,0
matmul_tiny_loop_block06,1789506114.2870636,112765.491779,60.063,59,2325,9001,282948127,0
matmul_tiny_loop_block06,1789506114.3378868,112765.542578,60.063,59,2325,9001,282959788,0
matmul_tiny_loop_block06,1789506114.3889132,112765.5935798,60.247,59,2325,9001,282959788,0
matmul_tiny_loop_block06,1789506114.4354231,112765.6419913,60.247,59,2325,9001,282971642,0
matmul_tiny_loop_block06,1789506114.4826715,112765.687745,60.247,59,2325,9001,282971642,0
matmul_tiny_loop_block06,1789506114.5895653,112765.7954982,60.247,59,2325,9001,282990666,0
matmul_tiny_loop_block06,1789506114.591054,112765.7970213,60.247,59,2325,9001,282990666,0
matmul_tiny_loop_block06,1789506114.6615386,112765.8669646,60.247,59,2325,9001,283000745,0
matmul_tiny_loop_block06,1789506114.723188,112765.9281482,60.247,59,2325,9001,283000745,0
matmul_tiny_loop_block06,1789506114.7559035,112765.9622761,60.247,59,2325,9001,283026316,0
matmul_tiny_loop_block06,1789506114.8160384,112766.0225554,60.247,59,2325,9001,283026316,0
matmul_tiny_loop_block06,1789506115.519697,112766.724599,60.269,59,2325,9001,283081924,0
matmul_tiny_loop_block06,1789506115.5210223,112766.7263079,60.269,59,2325,9001,283081924,0
matmul_tiny_loop_block06,1789506115.5762844,112766.7812073,60.269,59,2325,9001,283097088,0
matmul_tiny_loop_block06,1789506115.639625,112766.8452706,60.269,59,2325,9001,283109542,0
matmul_tiny_loop_block06,1789506115.7756457,112766.9810921,60.269,59,2325,9001,283120616,0
matmul_tiny_loop_block06,1789506115.7776513,112766.9825758,60.269,59,2325,9001,283120616,0
matmul_tiny_loop_block06,1789506115.8410137,112767.0460087,60.269,59,2325,9001,283133594,0
matmul_tiny_loop_block06,1789506115.8803117,112767.0852749,59.875,58,2325,9001,283133594,0
matmul_tiny_loop_block06,1789506115.9345853,112767.1393202,59.875,58,2325,9001,283154321,0
matmul_tiny_loop_block06,1789506115.980965,112767.1857133,59.875,58,2325,9001,283154321,0
matmul_tiny_loop_block06,1789506116.0326371,112767.2373321,59.875,58,2325,9001,283170511,0
matmul_tiny_loop_block06,1789506116.0786624,112767.283335,59.875,58,2325,9001,283170511,0
matmul_tiny_loop_block06,1789506116.1290536,112767.3337694,59.875,58,2325,9001,283185478,0
matmul_tiny_loop_block06,1789506116.1863196,112767.3915682,59.875,58,2325,9001,283185478,0
matmul_tiny_loop_block06,1789506116.2312295,112767.4359207,59.875,58,2325,9001,283194906,0
matmul_tiny_loop_block06,1789506116.282503,112767.4873306,59.875,58,2325,9001,283194906,0
matmul_tiny_loop_block06,1789506116.3333204,112767.5380934,59.875,58,2325,9001,283211079,0
matmul_tiny_loop_block06,1789506116.378611,112767.5834966,60.2,59,2325,9001,283211079,0
matmul_tiny_loop_block06,1789506116.4281597,112767.6336873,60.2,59,2325,9001,283226341,0
matmul_tiny_loop_block06,1789506116.478615,112767.68342,60.2,59,2325,9001,283226341,0
matmul_tiny_loop_block06,1789506116.5305393,112767.7353468,60.2,59,2325,9001,283240772,0
matmul_tiny_loop_block06,1789506116.5789125,112767.7836806,60.2,59,2325,9001,283240772,0
matmul_tiny_loop_block06,1789506116.6306877,112767.8353934,60.2,59,2325,9001,283255858,0
matmul_tiny_loop_block06,1789506116.678658,112767.8833344,60.2,59,2325,9001,283255858,0
matmul_tiny_loop_block06,1789506116.735599,112767.9406312,60.2,59,2325,9001,283270178,0
matmul_tiny_loop_block06,1789506116.7872052,112767.9918768,60.2,59,2325,9001,283270178,0
matmul_tiny_loop_block06,1789506116.8282866,112768.0330231,60.2,59,2325,9001,283281355,0
matmul_tiny_loop_block06,1789506116.8918006,112768.0965933,60.367,58,2325,9001,283281355,0
matmul_tiny_loop_block06,1789506116.932035,112768.1368027,60.367,58,2325,9001,283291884,0
matmul_tiny_loop_block06,1789506116.9836342,112768.1884316,60.367,58,2325,9001,283291884,0
matmul_tiny_loop_block06,1789506117.0353165,112768.2400896,60.367,58,2325,9001,283309775,0
matmul_tiny_loop_block06,1789506117.0786934,112768.283429,60.367,58,2325,9001,283309775,0
matmul_tiny_loop_block06,1789506117.128093,112768.332955,60.367,58,2325,9001,283326769,0
matmul_tiny_loop_block06,1789506117.179268,112768.3839453,60.367,58,2325,9001,283326769,0
matmul_tiny_loop_block06,1789506117.2298033,112768.4344744,60.367,58,2325,9001,283341524,0
matmul_tiny_loop_block06,1789506117.2817056,112768.4864037,60.367,58,2325,9001,283341524,0
matmul_tiny_loop_block06,1789506117.332838,112768.5375294,60.367,58,2325,9001,283357360,0
matmul_tiny_loop_block06,1789506117.3998673,112768.6049764,60.388,58,2325,9001,283357360,0
matmul_tiny_loop_block06,1789506117.432103,112768.6378561,60.388,58,2325,9001,283372867,0
matmul_tiny_loop_block06,1789506117.487202,112768.6919061,60.388,58,2325,9001,283372867,0
matmul_tiny_loop_block06,1789506117.5294032,112768.7341224,60.388,58,2325,9001,283383758,0
matmul_tiny_loop_block06,1789506117.5800467,112768.784733,60.388,58,2325,9001,283383758,0
matmul_tiny_loop_block06,1789506117.644078,112768.8488582,60.388,58,2325,9001,283399118,0
matmul_tiny_loop_block06,1789506117.681782,112768.8865787,60.388,58,2325,9001,283399118,0
matmul_tiny_loop_block06,1789506117.7322679,112768.9370958,60.388,58,2325,9001,283417448,0
matmul_tiny_loop_block06,1789506117.786044,112768.9918334,60.388,58,2325,9001,283417448,0
matmul_tiny_loop_block06,1789506117.8366647,112769.041664,60.388,58,2325,9001,283426919,0
matmul_tiny_loop_block06,1789506117.8883371,112769.0931645,60.27,58,2325,9001,283426919,0
matmul_tiny_loop_block06,1789506117.929686,112769.1343657,60.27,58,2325,9001,283439910,0
matmul_tiny_loop_block06,1789506117.9809697,112769.1857114,60.27,58,2325,9001,283439910,0
matmul_tiny_loop_block06,1789506118.0320525,112769.2368102,60.27,58,2325,9001,283455798,0
matmul_tiny_loop_block06,1789506118.0802143,112769.286031,60.27,58,2325,9001,283455798,0
matmul_tiny_loop_block06,1789506118.1611848,112769.3675806,60.27,58,2325,9001,283472816,0
matmul_tiny_loop_block06,1789506118.182556,112769.3873013,60.27,58,2325,9001,283472816,0
matmul_tiny_loop_block06,1789506118.278642,112769.4843063,60.27,58,2325,9001,283498467,0
matmul_tiny_loop_block06,1789506118.278642,112769.4850563,60.27,58,2325,9001,283498467,0
matmul_tiny_loop_block06,1789506118.3331351,112769.5379212,60.27,58,2325,9001,283513095,0
matmul_tiny_loop_block06,1789506118.3995078,112769.6056421,60.013,58,2325,9001,283513095,0
matmul_tiny_loop_block06,1789506118.4340556,112769.6388306,60.013,58,2325,9001,283530218,0
matmul_tiny_loop_block06,1789506118.4835963,112769.6884781,60.013,58,2325,9001,283530218,0
matmul_tiny_loop_block06,1789506118.5455647,112769.7505208,60.013,58,2325,9001,283541893,0
matmul_tiny_loop_block06,1789506118.7535455,112769.9598385,60.013,58,2325,9001,283556655,0
matmul_tiny_loop_block06,1789506118.755889,112769.9608176,60.013,58,2325,9001,283556655,0
matmul_tiny_loop_block06,1789506118.8188753,112770.0242575,60.013,58,2325,9001,283556655,0
matmul_tiny_loop_block06,1789506118.8656018,112770.0703315,60.013,58,2325,9001,283577520,0
matmul_tiny_loop_block06,1789506118.9061942,112770.1109314,60.177,58,2325,9001,283577520,0
matmul_tiny_loop_block06,1789506118.9571028,112770.1618912,60.177,58,2325,9001,283589197,0
matmul_tiny_loop_block06,1789506119.0080502,112770.2127445,60.177,58,2325,9001,283589197,0
matmul_tiny_loop_block06,1789506119.0593247,112770.2641004,60.177,58,2325,9001,283604868,0
matmul_tiny_loop_block06,1789506119.1104298,112770.3151298,60.177,58,2325,9001,283604868,0
matmul_tiny_loop_block06,1789506119.161109,112770.3658975,60.177,58,2325,9001,283623364,0
matmul_tiny_loop_block06,1789506119.2062624,112770.4114837,60.177,58,2325,9001,283623364,0
matmul_tiny_loop_block06,1789506119.2563267,112770.4613777,60.177,58,2325,9001,283641929,0
matmul_tiny_loop_block06,1789506119.3092198,112770.5139317,60.177,58,2325,9001,283641929,0
matmul_tiny_loop_block06,1789506119.360259,112770.5649635,60.177,58,2325,9001,283658512,0
matmul_tiny_loop_block06,1789506119.411767,112770.6164657,60.058,58,2325,9001,283658512,0
matmul_tiny_loop_block06,1789506119.462492,112770.6672368,60.058,58,2325,9001,283677719,0
matmul_tiny_loop_block06,1789506119.5096314,112770.7143984,60.058,58,2325,9001,283677719,0
matmul_tiny_loop_block07,1789506119.5503047,112770.7605038,60.058,58,2325,9001,283698148,0
matmul_tiny_loop_block07,1789506119.6101093,112770.8148151,60.058,58,2325,9001,283698148,0
matmul_tiny_loop_block07,1789506119.660951,112770.8657534,60.058,58,2325,9001,283714264,0
matmul_tiny_loop_block07,1789506119.709731,112770.9145404,60.058,58,2325,9001,283714264,0
matmul_tiny_loop_block07,1789506119.7644546,112770.9693362,60.058,58,2325,9001,283734027,0
matmul_tiny_loop_block07,1789506119.8066423,112771.0113465,60.058,58,2325,9001,283734027,0
matmul_tiny_loop_block07,1789506119.8650227,112771.0698143,60.058,58,2325,9001,283745865,0
matmul_tiny_loop_block07,1789506119.9058235,112771.111439,59.788,58,2325,9001,283745865,0
matmul_tiny_loop_block07,1789506119.9564476,112771.1611772,59.788,58,2325,9001,283757773,0
matmul_tiny_loop_block07,1789506120.0072927,112771.2120021,59.788,58,2325,9001,283757773,0
matmul_tiny_loop_block07,1789506120.0589201,112771.2636794,59.788,58,2325,9001,283773301,0
matmul_tiny_loop_block07,1789506120.1100945,112771.3149089,59.788,58,2325,9001,283773301,0
matmul_tiny_loop_block07,1789506120.1610742,112771.3657841,59.788,58,2325,9001,283791925,0
matmul_tiny_loop_block07,1789506120.2118437,112771.4167058,59.788,58,2325,9001,283791925,0
matmul_tiny_loop_block07,1789506120.2637005,112771.4684555,59.788,58,2325,9001,283812023,0
matmul_tiny_loop_block07,1789506120.3147578,112771.5194707,59.788,58,2325,9001,283812023,0
matmul_tiny_loop_block07,1789506120.3558052,112771.5613488,59.788,58,2325,9001,283827056,0
matmul_tiny_loop_block07,1789506120.4064944,112771.6112747,59.545,58,2325,9001,283827056,0
matmul_tiny_loop_block07,1789506120.4573631,112771.662247,59.545,58,2325,9001,283842888,0
matmul_tiny_loop_block07,1789506120.5099137,112771.7146742,59.545,58,2325,9001,283842888,0
matmul_tiny_loop_block07,1789506120.561632,112771.7663108,59.545,58,2325,9001,283860819,0
matmul_tiny_loop_block07,1789506120.6108136,112771.8155091,59.545,58,2325,9001,283860819,0
matmul_tiny_loop_block07,1789506120.6619225,112771.8666876,59.545,58,2325,9001,283881041,0
matmul_tiny_loop_block07,1789506120.7098656,112771.9145452,59.545,58,2325,9001,283881041,0
matmul_tiny_loop_block07,1789506120.7608535,112771.965606,59.545,58,2325,9001,283901359,0
matmul_tiny_loop_block07,1789506120.8151622,112772.0199128,59.545,58,2325,9001,283901359,0
matmul_tiny_loop_block07,1789506120.8584886,112772.0632002,59.545,58,2325,9001,283923631,0
matmul_tiny_loop_block07,1789506120.909312,112772.1140179,59.684,58,2325,9001,283923631,0
matmul_tiny_loop_block07,1789506120.9602606,112772.1650459,59.684,58,2325,9001,283941711,0
matmul_tiny_loop_block07,1789506121.014925,112772.2196153,59.684,58,2325,9001,283941711,0
matmul_tiny_loop_block07,1789506121.0559628,112772.2613033,59.684,58,2325,9001,283963993,0
matmul_tiny_loop_block07,1789506121.1072433,112772.3120203,59.684,58,2325,9001,283963993,0
matmul_tiny_loop_block07,1789506121.159172,112772.3639016,59.684,58,2325,9001,283980372,0
matmul_tiny_loop_block07,1789506121.2103183,112772.4151194,59.684,58,2325,9001,283980372,0
matmul_tiny_loop_block07,1789506121.261014,112772.4656957,59.684,58,2325,9001,283999092,0
matmul_tiny_loop_block07,1789506121.3262954,112772.5312452,59.684,58,2325,9001,284015231,0
matmul_tiny_loop_block07,1789506121.3576543,112772.5623371,59.684,58,2325,9001,284015231,0
matmul_tiny_loop_block07,1789506121.4083228,112772.6131529,60.078,58,2325,9001,284015231,0
matmul_tiny_loop_block07,1789506121.4592924,112772.6640835,60.078,58,2325,9001,284032220,0
matmul_tiny_loop_block07,1789506121.5096915,112772.7144437,60.078,58,2325,9001,284032220,0
matmul_tiny_loop_block07,1789506121.5612469,112772.7661661,60.078,58,2325,9001,284051223,0
matmul_tiny_loop_block07,1789506121.6117208,112772.8164558,60.078,58,2325,9001,284051223,0
matmul_tiny_loop_block07,1789506121.6631076,112772.867827,60.078,58,2325,9001,284072130,0
matmul_tiny_loop_block07,1789506121.7098246,112772.9145446,60.078,58,2325,9001,284072130,0
matmul_tiny_loop_block07,1789506121.760511,112772.9653767,60.078,58,2325,9001,284084936,0
matmul_tiny_loop_block07,1789506121.812335,112773.0170414,60.078,58,2325,9001,284084936,0
matmul_tiny_loop_block07,1789506121.8593435,112773.064049,60.078,58,2325,9001,284105734,0
matmul_tiny_loop_block07,1789506121.9146216,112773.1193082,59.96,58,2325,9001,284105734,0
matmul_tiny_loop_block07,1789506121.965747,112773.1705191,59.96,58,2325,9001,284127296,0
matmul_tiny_loop_block07,1789506122.0118499,112773.2165674,59.96,58,2325,9001,284127296,0
matmul_tiny_loop_block07,1789506122.0628512,112773.2675535,59.96,58,2325,9001,284141356,0
matmul_tiny_loop_block07,1789506122.114417,112773.319168,59.96,58,2325,9001,284141356,0
matmul_tiny_loop_block07,1789506122.1559293,112773.360981,59.96,58,2325,9001,284156482,0
matmul_tiny_loop_block07,1789506122.2076874,112773.412444,59.96,58,2325,9001,284156482,0
matmul_tiny_loop_block07,1789506122.2583468,112773.4630963,59.96,58,2325,9001,284172782,0
matmul_tiny_loop_block07,1789506122.310171,112773.5150019,59.96,58,2325,9001,284172782,0
matmul_tiny_loop_block07,1789506122.3617363,112773.5664542,59.96,58,2325,9001,284191723,0
matmul_tiny_loop_block07,1789506122.4141066,112773.6188678,59.6,58,2325,9001,284191723,0
matmul_tiny_loop_block07,1789506122.4556012,112773.6607861,59.6,58,2325,9001,284214441,0
matmul_tiny_loop_block07,1789506122.509705,112773.7144242,59.6,58,2325,9001,284214441,0
matmul_tiny_loop_block07,1789506122.5601857,112773.7650495,59.6,58,2325,9001,284232451,0
matmul_tiny_loop_block07,1789506122.6110148,112773.8158963,59.6,58,2325,9001,284232451,0
matmul_tiny_loop_block07,1789506122.6629303,112773.867679,59.6,58,2325,9001,284252983,0
matmul_tiny_loop_block07,1789506122.7099097,112773.9146497,59.6,58,2325,9001,284252983,0
matmul_tiny_loop_block07,1789506122.7605958,112773.9652865,59.6,58,2325,9001,284265992,0
matmul_tiny_loop_block07,1789506122.8119915,112774.0168442,59.6,58,2325,9001,284265992,0
matmul_tiny_loop_block07,1789506122.8608387,112774.0655276,59.6,58,2325,9001,284286964,0
matmul_tiny_loop_block07,1789506122.9101284,112774.1150844,59.654,58,2325,9001,284286964,0
matmul_tiny_loop_block07,1789506122.956217,112774.1610191,59.654,58,2325,9001,284308103,0
matmul_tiny_loop_block07,1789506123.012605,112774.2173123,59.654,58,2325,9001,284308103,0
matmul_tiny_loop_block07,1789506123.0631478,112774.2678524,59.654,58,2325,9001,284326805,0
matmul_tiny_loop_block07,1789506123.1143963,112774.3192081,59.654,58,2325,9001,284326805,0
matmul_tiny_loop_block07,1789506123.1652331,112774.3699432,59.654,58,2325,9001,284342363,0
matmul_tiny_loop_block07,1789506123.20667,112774.4113679,59.654,58,2325,9001,284342363,0
matmul_tiny_loop_block07,1789506123.2582915,112774.4629817,59.654,58,2325,9001,284353920,0
matmul_tiny_loop_block07,1789506123.3096385,112774.5143501,59.654,58,2325,9001,284353920,0
matmul_tiny_loop_block07,1789506123.3610315,112774.565836,59.654,58,2325,9001,284372690,0
matmul_tiny_loop_block07,1789506123.4122412,112774.6169599,59.582,58,2310,9001,284372690,1
matmul_tiny_loop_block07,1789506123.4617057,112774.6664186,59.582,58,2310,9001,284393900,1
matmul_tiny_loop_block07,1789506123.5097346,112774.7145693,59.582,58,2310,9001,284393900,1
matmul_tiny_loop_block07,1789506123.5617743,112774.7664892,59.582,58,2310,9001,284415025,1
matmul_tiny_loop_block07,1789506123.60978,112774.8145755,59.582,58,2310,9001,284415025,1
matmul_tiny_loop_block07,1789506123.6611078,112774.8658026,59.582,58,2310,9001,284435610,1
matmul_tiny_loop_block07,1789506123.7096198,112774.9143197,59.582,58,2310,9001,284435610,1
matmul_tiny_loop_block07,1789506123.7606363,112774.9655818,59.582,58,2310,9001,284456373,1
matmul_tiny_loop_block07,1789506123.8114588,112775.0163521,59.582,58,2310,9001,284456373,1
matmul_tiny_loop_block07,1789506123.8624728,112775.0671728,59.582,58,2310,9001,284477467,1
matmul_tiny_loop_block07,1789506123.909214,112775.1139395,59.672,58,2325,9001,284477467,0
matmul_tiny_loop_block07,1789506123.9578443,112775.1625408,59.672,58,2325,9001,284490177,0
matmul_tiny_loop_block07,1789506124.018884,112775.2236602,59.672,58,2325,9001,284490177,0
matmul_tiny_loop_block07,1789506124.059413,112775.2641027,59.672,58,2325,9001,284513670,0
matmul_tiny_loop_block07,1789506124.1102777,112775.3150321,59.672,58,2325,9001,284513670,0
matmul_tiny_loop_block07,1789506124.1611362,112775.3659077,59.672,58,2325,9001,284533719,0
matmul_tiny_loop_block07,1789506124.211574,112775.4164003,59.672,58,2325,9001,284533719,0
matmul_tiny_loop_block07,1789506124.2628305,112775.4676037,59.672,58,2325,9001,284555404,0
matmul_tiny_loop_block07,1789506124.314303,112775.5192357,59.672,58,2325,9001,284555404,0
matmul_tiny_loop_block07,1789506124.3560557,112775.5610538,59.672,58,2325,9001,284571181,0
matmul_tiny_loop_block07,1789506124.4080353,112775.6127644,59.458,58,2325,9001,284571181,0
matmul_tiny_loop_block07,1789506124.4585721,112775.6632822,59.458,58,2325,9001,284588217,0
matmul_tiny_loop_block07,1789506124.5136435,112775.7183287,59.458,58,2325,9001,284588217,0
matmul_tiny_loop_block07,1789506124.570547,112775.775231,59.458,58,2325,9001,284610387,0
matmul_tiny_loop_block07,1789506124.6112132,112775.8159755,59.458,58,2325,9001,284610387,0
matmul_tiny_loop_block07,1789506124.659441,112775.8641562,59.458,58,2325,9001,284626092,0
matmul_tiny_loop_block07,1789506124.7106247,112775.9153441,59.458,58,2325,9001,284626092,0
matmul_tiny_loop_block07,1789506124.7607343,112775.9654471,59.458,58,2325,9001,284646672,0
matmul_tiny_loop_block07,1789506124.811378,112776.0162861,59.458,58,2325,9001,284646672,0
matmul_tiny_loop_block07,1789506124.8576097,112776.0623186,59.458,58,2325,9001,284667944,0
matmul_tiny_loop_block07,1789506124.911278,112776.116027,58.89,58,2325,9001,284667944,0
matmul_tiny_loop_block07,1789506124.9620929,112776.1667477,58.89,58,2325,9001,284687890,0
matmul_tiny_loop_block07,1789506125.0140452,112776.2187706,58.89,58,2325,9001,284687890,0
matmul_tiny_loop_block07,1789506125.0641017,112776.2688504,58.89,58,2325,9001,284703670,0
matmul_tiny_loop_block07,1789506125.1098945,112776.3146528,58.89,58,2325,9001,284703670,0
matmul_tiny_loop_block07,1789506125.1607733,112776.3655281,58.89,58,2325,9001,284717200,0
matmul_tiny_loop_block07,1789506125.2120583,112776.416897,58.89,58,2325,9001,284717200,0
matmul_tiny_loop_block07,1789506125.2626312,112776.4673567,58.89,58,2325,9001,284739266,0
matmul_tiny_loop_block07,1789506125.3140078,112776.5188011,58.89,58,2325,9001,284739266,0
matmul_tiny_loop_block07,1789506125.3649414,112776.569824,58.89,58,2325,9001,284754957,0
matmul_tiny_loop_block07,1789506125.4056358,112776.6108326,59.21,58,2325,9001,284754957,0
matmul_tiny_loop_block07,1789506125.4570534,112776.661919,59.21,58,2325,9001,284766675,0
matmul_tiny_loop_block07,1789506125.509436,112776.714224,59.21,58,2325,9001,284766675,0
matmul_tiny_loop_block07,1789506125.5636814,112776.7683425,59.21,58,2325,9001,284785491,0
matmul_tiny_loop_block07,1789506125.609555,112776.8143114,59.21,58,2325,9001,284785491,0
matmul_tiny_loop_block07,1789506125.6608508,112776.8656383,59.21,58,2325,9001,284798915,0
matmul_tiny_loop_block07,1789506125.709384,112776.9141277,59.21,58,2325,9001,284798915,0
matmul_tiny_loop_block07,1789506125.7603757,112776.9650781,59.21,58,2325,9001,284820291,0
matmul_tiny_loop_block07,1789506125.8109531,112777.0156265,59.21,58,2325,9001,284820291,0
matmul_tiny_loop_block07,1789506125.8567376,112777.0615579,59.21,58,2325,9001,284841750,0
matmul_tiny_loop_block07,1789506125.9129007,112777.1176811,59.811,58,2325,9001,284841750,0
matmul_tiny_loop_block07,1789506125.9649074,112777.1696943,59.811,58,2325,9001,284862654,0
matmul_tiny_loop_block07,1789506126.0059466,112777.2108206,59.811,58,2325,9001,284862654,0
matmul_tiny_loop_block07,1789506126.059767,112777.2645117,59.811,58,2325,9001,284874497,0
matmul_tiny_loop_block07,1789506126.113774,112777.3184382,59.811,58,2325,9001,284874497,0
matmul_tiny_loop_block07,1789506126.1659477,112777.3706861,59.811,58,2325,9001,284897320,0
matmul_tiny_loop_block07,1789506126.2070565,112777.4117899,59.811,58,2325,9001,284897320,0
matmul_tiny_loop_block07,1789506126.2585826,112777.4633517,59.811,58,2325,9001,284909701,0
matmul_tiny_loop_block07,1789506126.3095698,112777.5143151,59.811,58,2325,9001,284909701,0
matmul_tiny_loop_block07,1789506126.3605232,112777.5652194,59.811,58,2325,9001,284929595,0
matmul_tiny_loop_block07,1789506126.412153,112777.6168771,59.961,58,2325,9001,284929595,0
matmul_tiny_loop_block07,1789506126.4627805,112777.6675044,59.961,58,2325,9001,284951925,0
matmul_tiny_loop_block07,1789506126.5094857,112777.7142302,59.961,58,2325,9001,284951925,0
matmul_tiny_loop_block07,1789506126.56019,112777.7650808,59.961,58,2325,9001,284965354,0
matmul_tiny_loop_block07,1789506126.6102808,112777.815051,59.961,58,2325,9001,284965354,0
matmul_tiny_loop_block07,1789506126.670229,112777.8752012,59.961,58,2325,9001,284986740,0
matmul_tiny_loop_block07,1789506126.7214873,112777.9262442,59.961,58,2325,9001,284986740,0
matmul_tiny_loop_block07,1789506126.7628214,112777.9675295,59.961,58,2325,9001,285001455,0
matmul_tiny_loop_block07,1789506126.813274,112778.0179928,59.961,58,2325,9001,285001455,0
matmul_tiny_loop_block07,1789506126.8575323,112778.062282,59.961,58,2325,9001,285016830,0
matmul_tiny_loop_block07,1789506126.906528,112778.1112481,59.903,58,2325,9001,285016830,0
matmul_tiny_loop_block07,1789506126.9578748,112778.1625729,59.903,58,2325,9001,285035145,0
matmul_tiny_loop_block07,1789506127.0095747,112778.2143639,59.903,58,2325,9001,285035145,0
matmul_tiny_loop_block07,1789506127.060824,112778.2655143,59.903,58,2325,9001,285054350,0
matmul_tiny_loop_block07,1789506127.1158733,112778.3206316,59.903,58,2325,9001,285054350,0
matmul_tiny_loop_block07,1789506127.160127,112778.3649799,59.903,58,2325,9001,285071314,0
matmul_tiny_loop_block07,1789506127.2109497,112778.4156176,59.903,58,2325,9001,285071314,0
matmul_tiny_loop_block07,1789506127.2619338,112778.4666422,59.903,58,2325,9001,285093046,0
matmul_tiny_loop_block07,1789506127.3125374,112778.5172588,59.903,58,2325,9001,285093046,0
matmul_tiny_loop_block07,1789506127.3633852,112778.5680984,59.903,58,2325,9001,285108371,0
matmul_tiny_loop_block07,1789506127.4149034,112778.6195878,59.996,58,2325,9001,285108371,0
matmul_tiny_loop_block07,1789506127.4559352,112778.6612963,59.996,58,2325,9001,285124910,0
matmul_tiny_loop_block07,1789506127.5095425,112778.7142269,59.996,58,2325,9001,285124910,0
matmul_tiny_loop_block07,1789506127.5607488,112778.7655429,59.996,58,2325,9001,285144194,0
matmul_tiny_loop_block07,1789506127.6128178,112778.8175933,59.996,58,2325,9001,285144194,0
matmul_tiny_loop_block07,1789506127.6569216,112778.8616355,59.996,58,2325,9001,285159702,0
matmul_tiny_loop_block07,1789506127.709679,112778.9143635,59.996,58,2325,9001,285159702,0
matmul_tiny_loop_block07,1789506127.7600045,112778.9648084,59.996,58,2325,9001,285179180,0
matmul_tiny_loop_block07,1789506127.8112895,112779.016062,59.996,58,2325,9001,285179180,0
matmul_tiny_loop_block07,1789506127.8619196,112779.0665898,59.996,58,2325,9001,285201197,0
matmul_tiny_loop_block07,1789506127.905683,112779.1108099,60.37,58,2325,9001,285201197,0
matmul_tiny_loop_block07,1789506127.9562654,112779.1611265,60.37,58,2325,9001,285213346,0
matmul_tiny_loop_block07,1789506128.008128,112779.2128679,60.37,58,2325,9001,285213346,0
matmul_tiny_loop_block07,1789506128.0596554,112779.2643469,60.37,58,2325,9001,285231294,0
matmul_tiny_loop_block07,1789506128.1110568,112779.3157289,60.37,58,2325,9001,285231294,0
matmul_tiny_loop_block07,1789506128.1571817,112779.3618748,60.37,58,2325,9001,285253354,0
matmul_tiny_loop_block07,1789506128.206976,112779.41168,60.37,58,2325,9001,285253354,0
matmul_tiny_loop_block07,1789506128.2584,112779.4631517,60.37,58,2325,9001,285271944,0
matmul_tiny_loop_block07,1789506128.3091965,112779.5138918,60.37,58,2325,9001,285271944,0
matmul_tiny_loop_block07,1789506128.3612556,112779.5659831,60.37,58,2325,9001,285292567,0
matmul_tiny_loop_block07,1789506128.4131336,112779.6179327,60.447,58,2325,9001,285292567,0
matmul_tiny_loop_block07,1789506128.4622998,112779.6669842,60.447,58,2325,9001,285308231,0
matmul_tiny_loop_block07,1789506128.5096297,112779.7143186,60.447,58,2325,9001,285308231,0
matmul_tiny_loop_block07,1789506128.5607743,112779.7654941,60.447,58,2325,9001,285322142,0
matmul_tiny_loop_block07,1789506128.6134956,112779.8181439,60.447,58,2325,9001,285322142,0
matmul_tiny_loop_block07,1789506128.659421,112779.8640851,60.447,58,2325,9001,285338055,0
matmul_tiny_loop_block07,1789506128.7105842,112779.9152612,60.447,58,2325,9001,285338055,0
matmul_tiny_loop_block07,1789506128.75906,112779.9638334,60.447,58,2325,9001,285359983,0
matmul_tiny_loop_block07,1789506128.810461,112780.0153153,60.447,58,2325,9001,285359983,0
matmul_tiny_loop_block07,1789506128.8618362,112780.0667351,60.447,58,2325,9001,285381278,0
matmul_tiny_loop_block07,1789506128.9066029,112780.111279,59.967,58,2325,9001,285381278,0
matmul_tiny_loop_block07,1789506128.9579823,112780.1627844,59.967,58,2325,9001,285394015,0
matmul_tiny_loop_block07,1789506129.0095844,112780.2143479,59.967,58,2325,9001,285394015,0
matmul_tiny_loop_block07,1789506129.0611787,112780.2659358,59.967,58,2325,9001,285414237,0
matmul_tiny_loop_block07,1789506129.1127973,112780.3176221,59.967,58,2325,9001,285414237,0
matmul_tiny_loop_block07,1789506129.1625807,112780.3672867,59.967,58,2325,9001,285429992,0
matmul_tiny_loop_block07,1789506129.2084758,112780.4133682,59.967,58,2325,9001,285429992,0
matmul_tiny_loop_block07,1789506129.2703214,112780.4750276,59.967,58,2325,9001,285443664,0
matmul_tiny_loop_block07,1789506129.3126347,112780.5173302,59.967,58,2325,9001,285443664,0
matmul_tiny_loop_block07,1789506129.3643541,112780.5691254,59.967,58,2325,9001,285461705,0
matmul_tiny_loop_block07,1789506129.4059062,112780.6106345,60.257,58,2325,9001,285461705,0
matmul_tiny_loop_block07,1789506129.4571617,112780.6618423,60.257,58,2325,9001,285473964,0
matmul_tiny_loop_block08,1789506129.4704564,112780.6770806,60.257,58,2325,9001,285473964,0
matmul_tiny_loop_block08,1789506129.5302577,112780.7349948,60.257,58,2325,9001,285495502,0
matmul_tiny_loop_block08,1789506129.578354,112780.7831298,60.257,58,2325,9001,285495502,0
matmul_tiny_loop_block08,1789506129.630216,112780.8349157,60.257,58,2325,9001,285512520,0
matmul_tiny_loop_block08,1789506129.6790428,112780.883866,60.257,58,2325,9001,285512520,0
matmul_tiny_loop_block08,1789506129.7302053,112780.9349,60.257,58,2325,9001,285530414,0
matmul_tiny_loop_block08,1789506129.780928,112780.9857038,60.257,58,2325,9001,285530414,0
matmul_tiny_loop_block08,1789506129.8325348,112781.0373927,60.257,58,2325,9001,285540733,0
matmul_tiny_loop_block08,1789506129.8732505,112781.0779671,60.371,58,2325,9001,285540733,0
matmul_tiny_loop_block08,1789506129.931706,112781.1364212,60.371,58,2325,9001,285557292,0
matmul_tiny_loop_block08,1789506129.9726174,112781.1776701,60.371,58,2325,9001,285557292,0
matmul_tiny_loop_block08,1789506130.0243163,112781.2290684,60.371,58,2325,9001,285572232,0
matmul_tiny_loop_block08,1789506130.0757713,112781.2806353,60.371,58,2325,9001,285572232,0
matmul_tiny_loop_block08,1789506130.1267056,112781.3314294,60.371,58,2325,9001,285587304,0
matmul_tiny_loop_block08,1789506130.1805556,112781.3852551,60.371,58,2325,9001,285587304,0
matmul_tiny_loop_block08,1789506130.2317853,112781.4368018,60.371,58,2325,9001,285597129,0
matmul_tiny_loop_block08,1789506130.2731893,112781.4778849,60.371,58,2325,9001,285597129,0
matmul_tiny_loop_block08,1789506130.323526,112781.5292844,60.371,58,2325,9001,285612966,0
matmul_tiny_loop_block08,1789506130.3778496,112781.5825733,60.278,58,2325,9001,285612966,0
matmul_tiny_loop_block08,1789506130.4287803,112781.6335369,60.278,58,2325,9001,285629091,0
matmul_tiny_loop_block08,1789506130.472045,112781.677271,60.278,58,2325,9001,285629091,0
matmul_tiny_loop_block08,1789506130.5283217,112781.7329927,60.278,58,2325,9001,285643272,0
matmul_tiny_loop_block08,1789506130.578592,112781.7835866,60.278,58,2325,9001,285643272,0
matmul_tiny_loop_block08,1789506130.6303194,112781.8350619,60.278,58,2325,9001,285659768,0
matmul_tiny_loop_block08,1789506130.6786253,112781.8835136,60.278,58,2325,9001,285659768,0
matmul_tiny_loop_block08,1789506130.7300184,112781.934696,60.278,58,2325,9001,285677959,0
matmul_tiny_loop_block08,1789506130.7814934,112781.9862282,60.278,58,2325,9001,285677959,0
matmul_tiny_loop_block08,1789506130.831998,112782.0370399,60.278,58,2325,9001,285688196,0
matmul_tiny_loop_block08,1789506130.8746233,112782.0792577,60.129,58,2325,9001,285688196,0
matmul_tiny_loop_block08,1789506130.9262202,112782.1309908,60.129,58,2325,9001,285706064,0
matmul_tiny_loop_block08,1789506130.9781291,112782.1828434,60.129,58,2325,9001,285706064,0
matmul_tiny_loop_block08,1789506131.028901,112782.2336778,60.129,58,2325,9001,285722567,0
matmul_tiny_loop_block08,1789506131.0802627,112782.2850844,60.129,58,2325,9001,285722567,0
matmul_tiny_loop_block08,1789506131.132038,112782.3367402,60.129,58,2325,9001,285733421,0
matmul_tiny_loop_block08,1789506131.17303,112782.3779613,60.129,58,2325,9001,285733421,0
matmul_tiny_loop_block08,1789506131.228489,112782.4331964,60.129,58,2325,9001,285749137,0
matmul_tiny_loop_block08,1789506131.2794964,112782.4842495,60.129,58,2325,9001,285749137,0
matmul_tiny_loop_block08,1789506131.3297293,112782.5344248,60.129,58,2325,9001,285767416,0
matmul_tiny_loop_block08,1789506131.3780813,112782.5829282,59.882,58,2325,9001,285767416,0
matmul_tiny_loop_block08,1789506131.423609,112782.6284127,59.882,58,2325,9001,285784642,0
matmul_tiny_loop_block08,1789506131.4742587,112782.679223,59.882,58,2325,9001,285784642,0
matmul_tiny_loop_block08,1789506131.5300355,112782.7347516,59.882,58,2325,9001,285799148,0
matmul_tiny_loop_block08,1789506131.5783753,112782.7834647,59.882,58,2325,9001,285799148,0
matmul_tiny_loop_block08,1789506131.6295662,112782.8342972,59.882,58,2325,9001,285816624,0
matmul_tiny_loop_block08,1789506131.6753504,112782.8802011,59.882,58,2325,9001,285816624,0
matmul_tiny_loop_block08,1789506131.7639356,112782.9686397,59.882,58,2325,9001,285833453,0
matmul_tiny_loop_block08,1789506131.7742667,112782.9791611,59.882,58,2325,9001,285833453,0
matmul_tiny_loop_block08,1789506131.8223817,112783.0289679,59.882,58,2325,9001,285847438,0
matmul_tiny_loop_block08,1789506131.8768005,112783.0815845,59.928,58,2325,9001,285847438,0
matmul_tiny_loop_block08,1789506132.0893874,112783.2942271,59.928,58,2325,9001,285868859,0
matmul_tiny_loop_block08,1789506132.09039,112783.295043,59.928,58,2325,9001,285868859,0
matmul_tiny_loop_block08,1789506132.1437922,112783.3486529,59.928,58,2325,9001,285881015,0
matmul_tiny_loop_block08,1789506132.1950285,112783.3997746,59.928,58,2325,9001,285881015,0
matmul_tiny_loop_block08,1789506132.2462156,112783.4509981,59.928,58,2325,9001,285899945,0
matmul_tiny_loop_block08,1789506132.2905188,112783.4959194,59.928,58,2325,9001,285899945,0
matmul_tiny_loop_block08,1789506132.342268,112783.546989,59.928,58,2325,9001,285916363,0
matmul_tiny_loop_block08,1789506132.3926754,112783.5973403,60.183,58,2325,9001,285916363,0
matmul_tiny_loop_block08,1789506132.440668,112783.645709,60.183,58,2325,9001,285932546,0
matmul_tiny_loop_block08,1789506132.4951987,112783.6998892,60.183,58,2325,9001,285932546,0
matmul_tiny_loop_block08,1789506132.5499897,112783.7546764,60.183,58,2325,9001,285950059,0
matmul_tiny_loop_block08,1789506132.5981097,112783.802978,60.183,58,2325,9001,285950059,0
matmul_tiny_loop_block08,1789506132.6441088,112783.8503167,60.183,58,2325,9001,285971585,0
matmul_tiny_loop_block08,1789506132.6970701,112783.9019039,60.183,58,2325,9001,285971585,0
matmul_tiny_loop_block08,1789506132.748345,112783.9530337,60.183,58,2325,9001,285990917,0
matmul_tiny_loop_block08,1789506132.7903078,112783.9952682,60.183,58,2325,9001,285990917,0
matmul_tiny_loop_block08,1789506132.8452682,112784.0499929,60.183,58,2325,9001,286007530,0
matmul_tiny_loop_block08,1789506132.8971014,112784.1018012,60.068,58,2325,9001,286007530,0
matmul_tiny_loop_block08,1789506132.9481797,112784.152848,60.068,58,2325,9001,286026874,0
matmul_tiny_loop_block08,1789506132.990586,112784.1953712,60.068,58,2325,9001,286026874,0
matmul_tiny_loop_block08,1789506133.0450075,112784.2498122,60.068,58,2325,9001,286043644,0
matmul_tiny_loop_block08,1789506133.1287682,112784.3352937,60.068,58,2325,9001,286053213,0
matmul_tiny_loop_block08,1789506133.1454391,112784.3501385,60.068,58,2325,9001,286053213,0
matmul_tiny_loop_block08,1789506133.2499945,112784.4565934,60.068,58,2325,9001,286067017,0
matmul_tiny_loop_block08,1789506133.2520018,112784.4573512,60.068,58,2325,9001,286067017,0
matmul_tiny_loop_block08,1789506133.3073757,112784.5120604,60.068,58,2325,9001,286067017,0
matmul_tiny_loop_block08,1789506133.373926,112784.5791874,59.716,58,2310,9001,286084641,1
matmul_tiny_loop_block08,1789506133.459292,112784.664286,59.716,58,2310,9001,286098949,1
matmul_tiny_loop_block08,1789506133.4650156,112784.670129,59.716,58,2310,9001,286098949,1
matmul_tiny_loop_block08,1789506133.5251973,112784.7300077,59.716,58,2310,9001,286108447,1
matmul_tiny_loop_block08,1789506133.5664854,112784.7711722,59.716,58,2310,9001,286108447,1
matmul_tiny_loop_block08,1789506133.619549,112784.8242946,59.716,58,2310,9001,286108447,1
matmul_tiny_loop_block08,1789506133.6667078,112784.8714193,59.716,58,2310,9001,286122886,1
matmul_tiny_loop_block08,1789506133.729702,112784.9344229,59.716,58,2310,9001,286132717,1
matmul_tiny_loop_block08,1789506133.7771082,112784.9819864,59.716,58,2310,9001,286132717,1
matmul_tiny_loop_block08,1789506133.8240612,112785.0288064,59.716,58,2310,9001,286150035,1
matmul_tiny_loop_block08,1789506133.874449,112785.0791408,59.479,58,2325,9001,286150035,0
matmul_tiny_loop_block08,1789506133.920479,112785.1254396,59.479,58,2325,9001,286164991,0
matmul_tiny_loop_block08,1789506133.9718807,112785.1766005,59.479,58,2325,9001,286164991,0
matmul_tiny_loop_block08,1789506134.0181134,112785.2229081,59.479,58,2325,9001,286164991,0
matmul_tiny_loop_block08,1789506134.0709643,112785.2756144,59.479,58,2325,9001,286189181,0
matmul_tiny_loop_block08,1789506134.1223228,112785.3270766,59.479,58,2325,9001,286201592,0
matmul_tiny_loop_block08,1789506134.1727226,112785.3774367,59.479,58,2325,9001,286201592,0
matmul_tiny_loop_block08,1789506134.2234163,112785.4281119,59.479,58,2325,9001,286215614,0
matmul_tiny_loop_block08,1789506134.2746558,112785.4793908,59.479,58,2325,9001,286215614,0
matmul_tiny_loop_block08,1789506134.3165317,112785.5212798,59.479,58,2325,9001,286215614,0
matmul_tiny_loop_block08,1789506134.3678324,112785.5725056,59.479,58,2325,9001,286240247,0
matmul_tiny_loop_block08,1789506134.4194632,112785.6242467,59.914,58,2325,9001,286240247,0
matmul_tiny_loop_block08,1789506134.4700792,112785.6750066,59.914,58,2325,9001,286254630,0
matmul_tiny_loop_block08,1789506134.5197165,112785.7245048,59.914,58,2325,9001,286254630,0
matmul_tiny_loop_block08,1789506134.565686,112785.7705789,59.914,58,2325,9001,286270647,0
matmul_tiny_loop_block08,1789506134.6191745,112785.8239381,59.914,58,2325,9001,286270647,0
matmul_tiny_loop_block08,1789506134.670503,112785.8752717,59.914,58,2325,9001,286284271,0
matmul_tiny_loop_block08,1789506134.7672157,112785.972639,59.914,58,2325,9001,286296461,0
matmul_tiny_loop_block08,1789506134.768548,112785.9733958,59.914,58,2325,9001,286296461,0
matmul_tiny_loop_block08,1789506134.8208869,112786.025604,59.914,58,2325,9001,286307686,0
matmul_tiny_loop_block08,1789506134.8720515,112786.0767684,59.914,58,2325,9001,286307686,0
matmul_tiny_loop_block08,1789506134.9193041,112786.1239756,60.554,58,2325,9001,286307686,0
matmul_tiny_loop_block08,1789506134.9696105,112786.1743113,60.554,58,2325,9001,286324940,0
matmul_tiny_loop_block08,1789506135.0237937,112786.228541,60.554,58,2325,9001,286336758,0
matmul_tiny_loop_block08,1789506135.0706165,112786.2765403,60.554,58,2325,9001,286336758,0
matmul_tiny_loop_block08,1789506135.1573038,112786.3625928,60.554,58,2325,9001,286350376,0
matmul_tiny_loop_block08,1789506135.1753738,112786.3801035,60.554,58,2325,9001,286350376,0
matmul_tiny_loop_block08,1789506135.2232115,112786.4291796,60.554,58,2325,9001,286375378,0
matmul_tiny_loop_block08,1789506135.26932,112786.4747807,60.554,58,2325,9001,286375378,0
matmul_tiny_loop_block08,1789506135.3226206,112786.5288912,60.554,58,2325,9001,286388337,0
matmul_tiny_loop_block08,1789506135.372734,112786.5789665,60.339,58,2325,9001,286388337,0
matmul_tiny_loop_block08,1789506135.4288437,112786.6336125,60.339,58,2325,9001,286403630,0
matmul_tiny_loop_block08,1789506135.4749303,112786.6795942,60.339,58,2325,9001,286403630,0
matmul_tiny_loop_block08,1789506135.519782,112786.7246346,60.339,58,2325,9001,286420878,0
matmul_tiny_loop_block08,1789506135.5700219,112786.7746978,60.339,58,2325,9001,286420878,0
matmul_tiny_loop_block08,1789506135.6301942,112786.8349612,60.339,58,2325,9001,286433828,0
matmul_tiny_loop_block08,1789506135.6707451,112786.8754337,60.339,58,2325,9001,286433828,0
matmul_tiny_loop_block08,1789506135.7198853,112786.9249769,60.339,58,2325,9001,286449132,0
matmul_tiny_loop_block08,1789506135.7732134,112786.9780663,60.339,58,2325,9001,286449132,0
matmul_tiny_loop_block08,1789506135.8248432,112787.0295828,60.339,58,2325,9001,286463753,0
matmul_tiny_loop_block08,1789506135.8764088,112787.0812673,59.866,58,2325,9001,286463753,0
matmul_tiny_loop_block08,1789506135.9192798,112787.1240226,59.866,58,2325,9001,286463753,0
matmul_tiny_loop_block08,1789506135.970589,112787.1755766,59.866,58,2325,9001,286483544,0
matmul_tiny_loop_block08,1789506136.027256,112787.231982,59.866,58,2325,9001,286496151,0
matmul_tiny_loop_block08,1789506136.0683753,112787.2734655,59.866,58,2325,9001,286496151,0
matmul_tiny_loop_block08,1789506136.1207328,112787.3254287,59.866,58,2325,9001,286509050,0
matmul_tiny_loop_block08,1789506136.1741104,112787.3788538,59.866,58,2325,9001,286509050,0
matmul_tiny_loop_block08,1789506136.2255278,112787.430209,59.866,58,2325,9001,286524172,0
matmul_tiny_loop_block08,1789506136.2774928,112787.4823157,59.866,58,2325,9001,286524172,0
matmul_tiny_loop_block08,1789506136.31867,112787.5240771,59.866,58,2325,9001,286541105,0
matmul_tiny_loop_block08,1789506136.3699522,112787.5746412,59.866,58,2325,9001,286541105,0
matmul_tiny_loop_block08,1789506136.421734,112787.6264291,59.783,58,2325,9001,286554338,0
matmul_tiny_loop_block08,1789506136.470517,112787.6752045,59.783,58,2325,9001,286554338,0
matmul_tiny_loop_block08,1789506136.5195851,112787.7242807,59.783,58,2325,9001,286567158,0
matmul_tiny_loop_block08,1789506136.574943,112787.779607,59.783,58,2325,9001,286567158,0
matmul_tiny_loop_block08,1789506136.6201437,112787.8248598,59.783,58,2325,9001,286583147,0
matmul_tiny_loop_block08,1789506136.698752,112787.9039579,59.783,58,2325,9001,286583147,0
matmul_tiny_loop_block08,1789506136.7231631,112787.9279398,59.783,58,2325,9001,286592416,0
matmul_tiny_loop_block08,1789506136.7741945,112787.9789821,59.783,58,2325,9001,286592416,0
matmul_tiny_loop_block08,1789506136.8256662,112788.0304083,59.783,58,2325,9001,286607508,0
matmul_tiny_loop_block08,1789506136.87687,112788.081645,60.084,57,2325,9001,286607508,0
matmul_tiny_loop_block08,1789506136.9244747,112788.1292051,60.084,57,2325,9001,286624933,0
matmul_tiny_loop_block08,1789506136.9742222,112788.179086,60.084,57,2325,9001,286624933,0
matmul_tiny_loop_block08,1789506137.0188427,112788.2238942,60.084,57,2325,9001,286640287,0
matmul_tiny_loop_block08,1789506137.077577,112788.2830455,60.084,57,2325,9001,286640287,0
matmul_tiny_loop_block08,1789506137.1207771,112788.3255561,60.084,57,2325,9001,286649383,0
matmul_tiny_loop_block08,1789506137.1727211,112788.377679,60.084,57,2325,9001,286649383,0
matmul_tiny_loop_block08,1789506137.2218788,112788.4266426,60.084,57,2325,9001,286664016,0
matmul_tiny_loop_block08,1789506137.273529,112788.4784354,60.084,57,2325,9001,286664016,0
matmul_tiny_loop_block08,1789506137.325535,112788.5309872,60.084,57,2325,9001,286678741,0
matmul_tiny_loop_block08,1789506137.3767934,112788.5818279,59.913,58,2325,9001,286678741,1
matmul_tiny_loop_block08,1789506137.4183679,112788.6235524,59.913,58,2325,9001,286678741,1
matmul_tiny_loop_block08,1789506137.4702854,112788.675034,59.913,58,2325,9001,286699193,1
matmul_tiny_loop_block08,1789506137.5224771,112788.7272283,59.913,58,2325,9001,286711626,1
matmul_tiny_loop_block08,1789506137.570215,112788.7749779,59.913,58,2325,9001,286711626,1
matmul_tiny_loop_block08,1789506137.6197994,112788.8245322,59.913,58,2325,9001,286724859,1
matmul_tiny_loop_block08,1789506137.6823409,112788.8874504,59.913,58,2325,9001,286724859,1
matmul_tiny_loop_block08,1789506137.7231128,112788.9291157,59.913,58,2325,9001,286734176,1
matmul_tiny_loop_block08,1789506137.7917862,112788.997763,59.913,58,2325,9001,286734176,1
matmul_tiny_loop_block08,1789506137.8276846,112789.0332007,59.913,58,2325,9001,286749774,1
matmul_tiny_loop_block08,1789506137.8866282,112789.0921457,59.497,57,2325,9001,286749774,0
matmul_tiny_loop_block08,1789506137.9305828,112789.1354056,59.497,57,2325,9001,286764491,0
matmul_tiny_loop_block08,1789506137.971478,112789.176331,59.497,57,2325,9001,286764491,0
matmul_tiny_loop_block08,1789506138.0273044,112789.2319882,59.497,57,2325,9001,286780621,0
matmul_tiny_loop_block08,1789506138.073945,112789.278816,59.497,57,2325,9001,286780621,0
matmul_tiny_loop_block08,1789506138.1198215,112789.324513,59.497,57,2325,9001,286797411,0
matmul_tiny_loop_block08,1789506138.1710405,112789.3757554,59.497,57,2325,9001,286797411,0
matmul_tiny_loop_block08,1789506138.2217755,112789.4265168,59.497,57,2325,9001,286811025,0
matmul_tiny_loop_block08,1789506138.2984035,112789.5043637,59.497,57,2325,9001,286811025,0
matmul_tiny_loop_block08,1789506138.326556,112789.5314511,59.497,57,2325,9001,286820168,0
matmul_tiny_loop_block08,1789506138.3780737,112789.5828198,59.559,57,2325,9001,286820168,0
matmul_tiny_loop_block08,1789506138.4194899,112789.6243685,59.559,57,2325,9001,286829934,0
matmul_tiny_loop_block08,1789506138.4699984,112789.674906,59.559,57,2325,9001,286829934,0
matmul_tiny_loop_block08,1789506138.51981,112789.7245326,59.559,57,2325,9001,286842974,0
matmul_tiny_loop_block08,1789506138.570016,112789.7750084,59.559,57,2325,9001,286842974,0
matmul_tiny_loop_block08,1789506138.6200056,112789.8247049,59.559,57,2325,9001,286856192,0
matmul_tiny_loop_block08,1789506138.670991,112789.8757071,59.559,57,2325,9001,286856192,0
matmul_tiny_loop_block08,1789506138.7241375,112789.9288458,59.559,57,2325,9001,286870098,0
matmul_tiny_loop_block08,1789506138.7771811,112789.9819582,59.559,57,2325,9001,286870098,0
matmul_tiny_loop_block08,1789506138.8217797,112790.0264524,59.559,57,2325,9001,286887103,0
matmul_tiny_loop_block08,1789506138.8725042,112790.0772229,59.559,57,2325,9001,286887103,0
matmul_tiny_loop_block08,1789506138.92156,112790.1263057,59.535,57,2325,9001,286901522,0
matmul_tiny_loop_block08,1789506138.9730215,112790.1777616,59.535,57,2325,9001,286901522,0
matmul_tiny_loop_block08,1789506139.0245404,112790.2295772,59.535,57,2325,9001,286916783,0
matmul_tiny_loop_block09,1789506139.0316143,112790.2373829,59.535,57,2325,9001,286916783,0
matmul_tiny_loop_block09,1789506139.08776,112790.2925621,59.535,57,2325,9001,286916783,0
matmul_tiny_loop_block09,1789506139.1381452,112790.3428579,59.535,57,2325,9001,286933424,0
matmul_tiny_loop_block09,1789506139.188971,112790.393749,59.535,57,2325,9001,286933424,0
matmul_tiny_loop_block09,1789506139.2393756,112790.4441828,59.535,57,2325,9001,286950427,0
matmul_tiny_loop_block09,1789506139.2902167,112790.4949375,59.535,57,2325,9001,286950427,0
matmul_tiny_loop_block09,1789506139.3425946,112790.547454,59.535,57,2325,9001,286966340,0
matmul_tiny_loop_block09,1789506139.382646,112790.5876824,59.546,57,2325,9001,286966340,0
matmul_tiny_loop_block09,1789506139.4336638,112790.6383222,59.546,57,2325,9001,286978559,0
matmul_tiny_loop_block09,1789506139.494095,112790.6988338,59.546,57,2325,9001,286978559,0
matmul_tiny_loop_block09,1789506139.5395005,112790.7442115,59.546,57,2325,9001,286999450,0
matmul_tiny_loop_block09,1789506139.5865316,112790.7913861,59.546,57,2325,9001,286999450,0
matmul_tiny_loop_block09,1789506139.6417615,112790.8464671,59.546,57,2325,9001,287013574,0
matmul_tiny_loop_block09,1789506139.6950402,112790.899726,59.546,57,2325,9001,287013574,0
matmul_tiny_loop_block09,1789506139.7412944,112790.9461187,59.546,57,2325,9001,287032085,0
matmul_tiny_loop_block09,1789506139.7919767,112790.9966839,59.546,57,2325,9001,287032085,0
matmul_tiny_loop_block09,1789506139.8327994,112791.0375973,59.546,57,2325,9001,287049016,0
matmul_tiny_loop_block09,1789506139.886179,112791.090883,59.85,57,2325,9001,287049016,0
matmul_tiny_loop_block09,1789506139.9324887,112791.1378633,59.85,57,2325,9001,287065598,0
matmul_tiny_loop_block09,1789506139.9829905,112791.1882588,59.85,57,2325,9001,287065598,0
matmul_tiny_loop_block09,1789506140.0332222,112791.2378944,59.85,57,2325,9001,287079809,0
matmul_tiny_loop_block09,1789506140.0838816,112791.2886835,59.85,57,2325,9001,287079809,0
matmul_tiny_loop_block09,1789506140.134984,112791.3398041,59.85,57,2325,9001,287095327,0
matmul_tiny_loop_block09,1789506140.1863878,112791.3911884,59.85,57,2325,9001,287095327,0
matmul_tiny_loop_block09,1789506140.2379234,112791.4427032,59.85,57,2325,9001,287111914,0
matmul_tiny_loop_block09,1789506140.2886703,112791.4937087,59.85,57,2325,9001,287111914,0
matmul_tiny_loop_block09,1789506140.3401551,112791.5449234,59.85,57,2325,9001,287127244,0
matmul_tiny_loop_block09,1789506140.3981342,112791.6029396,59.784,57,2325,9001,287127244,0
matmul_tiny_loop_block09,1789506140.4401166,112791.6448054,59.784,57,2325,9001,287140607,0
matmul_tiny_loop_block09,1789506140.4867086,112791.6916224,59.784,57,2325,9001,287140607,0
matmul_tiny_loop_block09,1789506140.5414674,112791.7461428,59.784,57,2325,9001,287155041,0
matmul_tiny_loop_block09,1789506140.5869954,112791.7917024,59.784,57,2325,9001,287155041,0
matmul_tiny_loop_block09,1789506140.6409786,112791.8457952,59.784,57,2325,9001,287171064,0
matmul_tiny_loop_block09,1789506140.6850579,112791.890044,59.784,57,2325,9001,287171064,0
matmul_tiny_loop_block09,1789506140.7397604,112791.9445949,59.784,57,2325,9001,287184987,0
matmul_tiny_loop_block09,1789506140.7917268,112791.9964518,59.784,57,2325,9001,287184987,0
matmul_tiny_loop_block09,1789506140.832934,112792.0381778,59.784,57,2325,9001,287201854,0
matmul_tiny_loop_block09,1789506140.8836508,112792.0883059,59.977,57,2325,9001,287201854,0
matmul_tiny_loop_block09,1789506140.9361594,112792.1408776,59.977,57,2325,9001,287217586,0
matmul_tiny_loop_block09,1789506140.98488,112792.1896073,59.977,57,2325,9001,287217586,0
matmul_tiny_loop_block09,1789506141.0362864,112792.2410974,59.977,57,2325,9001,287234352,0
matmul_tiny_loop_block09,1789506141.0896676,112792.2944408,59.977,57,2325,9001,287234352,0
matmul_tiny_loop_block09,1789506141.1411989,112792.3458804,59.977,57,2325,9001,287254791,0
matmul_tiny_loop_block09,1789506141.1820602,112792.3876827,59.977,57,2325,9001,287254791,0
matmul_tiny_loop_block09,1789506141.2338667,112792.4385701,59.977,57,2325,9001,287268989,0
matmul_tiny_loop_block09,1789506141.2852535,112792.4899624,59.977,57,2325,9001,287268989,0
matmul_tiny_loop_block09,1789506141.3364935,112792.5411543,59.977,57,2325,9001,287285331,0
matmul_tiny_loop_block09,1789506141.3881207,112792.5929001,59.807,57,2325,9001,287285331,0
matmul_tiny_loop_block09,1789506141.438656,112792.6433842,59.807,57,2325,9001,287304079,0
matmul_tiny_loop_block09,1789506141.4833217,112792.6880091,59.807,57,2325,9001,287304079,0
matmul_tiny_loop_block09,1789506141.5366328,112792.7413822,59.807,57,2325,9001,287317001,0
matmul_tiny_loop_block09,1789506141.5870168,112792.7917759,59.807,57,2325,9001,287317001,0
matmul_tiny_loop_block09,1789506141.639971,112792.8446502,59.807,57,2325,9001,287331596,0
matmul_tiny_loop_block09,1789506141.6862018,112792.890904,59.807,57,2325,9001,287331596,0
matmul_tiny_loop_block09,1789506141.7342508,112792.9389439,59.807,57,2325,9001,287345589,0
matmul_tiny_loop_block09,1789506141.7855952,112792.9902837,59.807,57,2325,9001,287345589,0
matmul_tiny_loop_block09,1789506141.836888,112793.0416523,59.807,57,2325,9001,287361647,0
matmul_tiny_loop_block09,1789506141.8882625,112793.0930527,59.169,57,2325,9001,287361647,0
matmul_tiny_loop_block09,1789506141.9415834,112793.1462741,59.169,57,2325,9001,287377076,0
matmul_tiny_loop_block09,1789506141.9939108,112793.1987405,59.169,57,2325,9001,287377076,0
matmul_tiny_loop_block09,1789506142.0347285,112793.2394059,59.169,57,2325,9001,287397008,0
matmul_tiny_loop_block09,1789506142.0845926,112793.2893626,59.169,57,2325,9001,287397008,0
matmul_tiny_loop_block09,1789506142.1367965,112793.3415285,59.169,57,2325,9001,287414230,0
matmul_tiny_loop_block09,1789506142.1871874,112793.3918562,59.169,57,2325,9001,287414230,0
matmul_tiny_loop_block09,1789506142.2380495,112793.442883,59.169,57,2325,9001,287428795,0
matmul_tiny_loop_block09,1789506142.2893062,112793.4940511,59.169,57,2325,9001,287428795,0
matmul_tiny_loop_block09,1789506142.3406143,112793.5453562,59.169,57,2325,9001,287444742,0
matmul_tiny_loop_block09,1789506142.3924797,112793.5972941,59.333,57,2325,9001,287444742,0
matmul_tiny_loop_block09,1789506142.4333107,112793.6380896,59.333,57,2325,9001,287462417,0
matmul_tiny_loop_block09,1789506142.4835594,112793.6884979,59.333,57,2325,9001,287462417,0
matmul_tiny_loop_block09,1789506142.5402465,112793.7449586,59.333,57,2325,9001,287478519,0
matmul_tiny_loop_block09,1789506142.5866506,112793.7914612,59.333,57,2325,9001,287478519,0
matmul_tiny_loop_block09,1789506142.646655,112793.8514426,59.333,57,2325,9001,287494689,0
matmul_tiny_loop_block09,1789506142.6870325,112793.8917978,59.333,57,2325,9001,287494689,0
matmul_tiny_loop_block09,1789506142.7404685,112793.9452151,59.333,57,2325,9001,287512376,0
matmul_tiny_loop_block09,1789506142.7920723,112793.9968158,59.333,57,2325,9001,287512376,0
matmul_tiny_loop_block09,1789506142.8331728,112794.0378586,59.333,57,2325,9001,287531499,0
matmul_tiny_loop_block09,1789506142.8845687,112794.0892438,59.818,57,2325,9001,287531499,0
matmul_tiny_loop_block09,1789506142.9410844,112794.1457632,59.818,57,2325,9001,287548062,0
matmul_tiny_loop_block09,1789506142.9922092,112794.196975,59.818,57,2325,9001,287548062,0
matmul_tiny_loop_block09,1789506143.033032,112794.2377677,59.818,57,2325,9001,287567291,0
matmul_tiny_loop_block09,1789506143.0859165,112794.2907415,59.818,57,2325,9001,287567291,0
matmul_tiny_loop_block09,1789506143.1382256,112794.3429453,59.818,57,2325,9001,287584631,0
matmul_tiny_loop_block09,1789506143.1835184,112794.3881801,59.818,57,2325,9001,287584631,0
matmul_tiny_loop_block09,1789506143.2351246,112794.4398422,59.818,57,2325,9001,287599728,0
matmul_tiny_loop_block09,1789506143.286891,112794.4915508,59.818,57,2325,9001,287599728,0
matmul_tiny_loop_block09,1789506143.3387222,112794.5435052,59.818,57,2325,9001,287618700,0
matmul_tiny_loop_block09,1789506143.390742,112794.5954413,59.805,57,2325,9001,287618700,0
matmul_tiny_loop_block09,1789506143.4417353,112794.6464656,59.805,57,2325,9001,287637132,0
matmul_tiny_loop_block09,1789506143.4872377,112794.6919645,59.805,57,2325,9001,287637132,0
matmul_tiny_loop_block09,1789506143.5395339,112794.7442214,59.805,57,2325,9001,287652691,0
matmul_tiny_loop_block09,1789506143.5894134,112794.7941473,59.805,57,2325,9001,287652691,0
matmul_tiny_loop_block09,1789506143.6326892,112794.8379408,59.805,57,2325,9001,287668913,0
matmul_tiny_loop_block09,1789506143.686364,112794.8911991,59.805,57,2325,9001,287668913,0
matmul_tiny_loop_block09,1789506143.7421165,112794.9470681,59.805,57,2325,9001,287687458,0
matmul_tiny_loop_block09,1789506143.783189,112794.9883715,59.805,57,2325,9001,287687458,0
matmul_tiny_loop_block09,1789506143.8339593,112795.03883,59.805,57,2325,9001,287700827,0
matmul_tiny_loop_block09,1789506143.885443,112795.090221,59.877,57,2325,9001,287700827,0
matmul_tiny_loop_block09,1789506143.9401448,112795.1448463,59.877,57,2325,9001,287718818,0
matmul_tiny_loop_block09,1789506143.9914625,112795.1962963,59.877,57,2325,9001,287718818,0
matmul_tiny_loop_block09,1789506144.0326788,112795.2380397,59.877,57,2325,9001,287737940,0
matmul_tiny_loop_block09,1789506144.0839484,112795.2887139,59.877,57,2325,9001,287737940,0
matmul_tiny_loop_block09,1789506144.139477,112795.3441863,59.877,57,2325,9001,287754033,0
matmul_tiny_loop_block09,1789506144.1833436,112795.3880738,59.877,57,2325,9001,287754033,0
matmul_tiny_loop_block09,1789506144.2345119,112795.4394036,59.877,57,2325,9001,287768846,0
matmul_tiny_loop_block09,1789506144.285869,112795.4908229,59.877,57,2325,9001,287768846,0
matmul_tiny_loop_block09,1789506144.3371317,112795.5422029,59.877,57,2325,9001,287787204,0
matmul_tiny_loop_block09,1789506144.388475,112795.5931782,59.948,57,2325,9001,287787204,0
matmul_tiny_loop_block09,1789506144.4399598,112795.6447226,59.948,57,2325,9001,287804622,0
matmul_tiny_loop_block09,1789506144.4866533,112795.6914223,59.948,57,2325,9001,287804622,0
matmul_tiny_loop_block09,1789506144.5398386,112795.744491,59.948,57,2325,9001,287819497,0
matmul_tiny_loop_block09,1789506144.5853453,112795.7901252,59.948,57,2325,9001,287819497,0
matmul_tiny_loop_block09,1789506144.6402588,112795.8450064,59.948,57,2325,9001,287833737,0
matmul_tiny_loop_block09,1789506144.6828816,112795.887537,59.948,57,2325,9001,287833737,0
matmul_tiny_loop_block09,1789506144.7397072,112795.9443715,59.948,57,2325,9001,287846706,0
matmul_tiny_loop_block09,1789506144.7909458,112795.9957691,59.948,57,2325,9001,287846706,0
matmul_tiny_loop_block09,1789506144.8419242,112796.0466411,59.948,57,2325,9001,287864007,0
matmul_tiny_loop_block09,1789506144.8829622,112796.0881206,60.147,57,2325,9001,287864007,0
matmul_tiny_loop_block09,1789506144.9404547,112796.1455178,60.147,57,2325,9001,287878160,0
matmul_tiny_loop_block09,1789506144.9820452,112796.1876916,60.147,57,2325,9001,287878160,0
matmul_tiny_loop_block09,1789506145.0328174,112796.2376615,60.147,57,2325,9001,287891036,0
matmul_tiny_loop_block09,1789506145.083711,112796.2884304,60.147,57,2325,9001,287891036,0
matmul_tiny_loop_block09,1789506145.135533,112796.3402738,60.147,57,2325,9001,287908007,0
matmul_tiny_loop_block09,1789506145.1902735,112796.3950991,60.147,57,2325,9001,287908007,0
matmul_tiny_loop_block09,1789506145.242271,112796.4469724,60.147,57,2325,9001,287924998,0
matmul_tiny_loop_block09,1789506145.2833517,112796.4880856,60.147,57,2325,9001,287924998,0
matmul_tiny_loop_block09,1789506145.3352435,112796.5399657,60.147,57,2325,9001,287939355,0
matmul_tiny_loop_block09,1789506145.3857272,112796.5904176,60.564,57,2325,9001,287939355,0
matmul_tiny_loop_block09,1789506145.4365103,112796.6412923,60.564,57,2325,9001,287957468,0
matmul_tiny_loop_block09,1789506145.4865568,112796.6914274,60.564,57,2325,9001,287957468,0
matmul_tiny_loop_block09,1789506145.5402613,112796.7449764,60.564,57,2325,9001,287972393,0
matmul_tiny_loop_block09,1789506145.5825212,112796.7881581,60.564,57,2325,9001,287972393,0
matmul_tiny_loop_block09,1789506145.6403315,112796.8450632,60.564,57,2325,9001,287987358,0
matmul_tiny_loop_block09,1789506145.6869538,112796.8917958,60.564,57,2325,9001,287987358,0
matmul_tiny_loop_block09,1789506145.7411008,112796.9458434,60.564,57,2325,9001,288002807,0
matmul_tiny_loop_block09,1789506145.792133,112796.9969477,60.564,57,2325,9001,288002807,0
matmul_tiny_loop_block09,1789506145.8335013,112797.038228,60.564,57,2325,9001,288022530,0
matmul_tiny_loop_block09,1789506145.8847294,112797.08972,60.236,57,2325,9001,288022530,0
matmul_tiny_loop_block09,1789506145.9334714,112797.138532,60.236,57,2325,9001,288040489,0
matmul_tiny_loop_block09,1789506145.9841483,112797.1889014,60.236,57,2325,9001,288040489,0
matmul_tiny_loop_block09,1789506146.0359123,112797.2406739,60.236,57,2325,9001,288056928,0
matmul_tiny_loop_block09,1789506146.0868244,112797.2914973,60.236,57,2325,9001,288056928,0
matmul_tiny_loop_block09,1789506146.1386998,112797.3435035,60.236,57,2325,9001,288072156,0
matmul_tiny_loop_block09,1789506146.1894877,112797.3943382,60.236,57,2325,9001,288072156,0
matmul_tiny_loop_block09,1789506146.23486,112797.4396577,60.236,57,2325,9001,288090556,0
matmul_tiny_loop_block09,1789506146.2870886,112797.4918938,60.236,57,2325,9001,288090556,0
matmul_tiny_loop_block09,1789506146.339381,112797.5440977,60.236,57,2325,9001,288110748,0
matmul_tiny_loop_block09,1789506146.3910127,112797.5957991,60.103,57,2325,9001,288110748,0
matmul_tiny_loop_block09,1789506146.4320571,112797.6375332,60.103,57,2325,9001,288128049,0
matmul_tiny_loop_block09,1789506146.4877052,112797.6926012,60.103,57,2325,9001,288128049,0
matmul_tiny_loop_block09,1789506146.5399315,112797.744639,60.103,57,2325,9001,288147064,0
matmul_tiny_loop_block09,1789506146.5890055,112797.7936618,60.103,57,2325,9001,288147064,0
matmul_tiny_loop_block09,1789506146.640395,112797.8450972,60.103,57,2325,9001,288163383,0
matmul_tiny_loop_block09,1789506146.683114,112797.8883883,60.103,57,2325,9001,288163383,0
matmul_tiny_loop_block09,1789506146.7398105,112797.9445804,60.103,57,2325,9001,288177186,0
matmul_tiny_loop_block09,1789506146.78361,112797.9884868,60.103,57,2325,9001,288177186,0
matmul_tiny_loop_block09,1789506146.834478,112798.0392018,60.103,57,2325,9001,288192506,0
matmul_tiny_loop_block09,1789506146.8858125,112798.0905651,59.56,57,2325,9001,288192506,0
matmul_tiny_loop_block09,1789506146.9382381,112798.1432365,59.56,57,2325,9001,288211984,0
matmul_tiny_loop_block09,1789506146.9891593,112798.1939031,59.56,57,2325,9001,288211984,0
matmul_tiny_loop_block09,1789506147.0408442,112798.2455761,59.56,57,2325,9001,288230221,0
matmul_tiny_loop_block09,1789506147.0918891,112798.2966266,59.56,57,2325,9001,288230221,0
matmul_tiny_loop_block09,1789506147.142567,112798.3472338,59.56,57,2325,9001,288249085,0
matmul_tiny_loop_block09,1789506147.1830034,112798.3880019,59.56,57,2325,9001,288249085,0
matmul_tiny_loop_block09,1789506147.2387733,112798.4435165,59.56,57,2325,9001,288264712,0
matmul_tiny_loop_block09,1789506147.300928,112798.5058988,59.56,57,2325,9001,288264712,0
matmul_tiny_loop_block09,1789506147.342226,112798.5470465,59.56,57,2325,9001,288277299,0
matmul_tiny_loop_block09,1789506147.3832078,112798.5879197,59.495,57,2325,9001,288277299,0
matmul_tiny_loop_block09,1789506147.4344735,112798.6391411,59.495,57,2325,9001,288292418,0
matmul_tiny_loop_block09,1789506147.4871027,112798.6918357,59.495,57,2325,9001,288292418,0
matmul_tiny_loop_block09,1789506147.5391457,112798.743875,59.495,57,2325,9001,288312490,0
matmul_tiny_loop_block09,1789506147.586677,112798.7914611,59.495,57,2325,9001,288312490,0
matmul_tiny_loop_block09,1789506147.639835,112798.8445074,59.495,57,2325,9001,288329470,0
matmul_tiny_loop_block09,1789506147.6907685,112798.8955212,59.495,57,2325,9001,288329470,0
matmul_tiny_loop_block09,1789506147.7318277,112798.9375627,59.495,57,2325,9001,288347288,0
matmul_tiny_loop_block09,1789506147.7832897,112798.987986,59.495,57,2325,9001,288347288,0
matmul_tiny_loop_block09,1789506147.8365357,112799.041365,59.495,57,2325,9001,288363614,0
matmul_tiny_loop_block09,1789506147.887289,112799.0919855,59.567,57,2325,9001,288363614,0
matmul_tiny_loop_block09,1789506147.9383764,112799.1432034,59.567,57,2325,9001,288379301,0
matmul_tiny_loop_block09,1789506147.9898872,112799.1947004,59.567,57,2325,9001,288379301,0
matmul_tiny_loop_block09,1789506148.0407968,112799.2454864,59.567,57,2325,9001,288396452,0
matmul_tiny_loop_block09,1789506148.0916278,112799.296364,59.567,57,2325,9001,288396452,0
matmul_tiny_loop_block09,1789506148.141984,112799.3469626,59.567,57,2325,9001,288415414,0
matmul_tiny_loop_block09,1789506148.1926935,112799.3974437,59.567,57,2325,9001,288415414,0
matmul_tiny_loop_block09,1789506148.2333992,112799.4382022,59.567,57,2325,9001,288435528,0
matmul_tiny_loop_block09,1789506148.2840734,112799.4888112,59.567,57,2325,9001,288435528,0
matmul_tiny_loop_block09,1789506148.334672,112799.5393848,59.567,57,2325,9001,288453539,0
matmul_tiny_loop_block09,1789506148.392353,112799.5972449,59.505,57,2325,9001,288453539,0
matmul_tiny_loop_block09,1789506148.4341257,112799.6388613,59.505,57,2325,9001,288473856,0
matmul_tiny_loop_block09,1789506148.4947822,112799.6996609,59.505,57,2325,9001,288473856,0
