window,t_wall,t_perf,power_w,temp_c,sm_clock_mhz,mem_clock_mhz,energy_mj,throttle_mask
matmul_tiny_loop_L0.5_r2,1789506150.5397193,112801.7455785,59.746,57,2325,9001,288610923,0
matmul_tiny_loop_L0.5_r2,1789506150.5945783,112801.7994329,59.746,57,2325,9001,288610923,0
matmul_tiny_loop_L0.5_r2,1789506150.651362,112801.8560451,59.746,57,2325,9001,288623345,0
matmul_tiny_loop_L0.5_r2,1789506150.6906958,112801.8960096,59.746,57,2325,9001,288623345,0
matmul_tiny_loop_L0.5_r2,1789506150.7400212,112801.9457555,59.746,57,2325,9001,288648221,0
matmul_tiny_loop_L0.5_r2,1789506150.7916281,112801.9965209,59.746,57,2325,9001,288648221,0
matmul_tiny_loop_L0.5_r2,1789506150.8433094,112802.0479981,59.746,57,2325,9001,288667747,0
matmul_tiny_loop_L0.5_r2,1789506150.894817,112802.0995397,59.646,57,2325,9001,288667747,0
matmul_tiny_loop_L0.5_r2,1789506150.9485557,112802.1533484,59.646,57,2325,9001,288681725,0
matmul_tiny_loop_L0.5_r2,1789506151.0018141,112802.2065888,59.646,57,2325,9001,288681725,0
matmul_tiny_loop_L1_r3,1789506153.0295668,112804.2350197,59.782,57,2325,9001,288823369,0
matmul_tiny_loop_L1_r3,1789506153.086612,112804.2913102,59.782,57,2325,9001,288823369,0
matmul_tiny_loop_L1_r3,1789506153.1401565,112804.3448616,59.782,57,2325,9001,288842840,0
matmul_tiny_loop_L1_r3,1789506153.1816485,112804.3864069,59.782,57,2325,9001,288842840,0
matmul_tiny_loop_L1_r3,1789506153.2334666,112804.4381423,59.782,57,2325,9001,288858112,0
matmul_tiny_loop_L1_r3,1789506153.2852945,112804.490074,59.782,57,2325,9001,288858112,0
matmul_tiny_loop_L1_r3,1789506153.3361223,112804.5408903,59.782,57,2325,9001,288873776,0
matmul_tiny_loop_L1_r3,1789506153.3876495,112804.5923694,59.848,57,2325,9001,288873776,0
matmul_tiny_loop_L1_r3,1789506153.439738,112804.6447468,59.848,57,2325,9001,288890550,0
matmul_tiny_loop_L1_r3,1789506153.4870842,112804.6917689,59.848,57,2325,9001,288890550,0
matmul_tiny_loop_L1_r3,1789506153.5340018,112804.7387594,59.848,57,2325,9001,288908187,0
matmul_tiny_loop_L1_r3,1789506153.5826347,112804.787351,59.848,57,2325,9001,288908187,0
matmul_tiny_loop_L1_r3,1789506153.6393745,112804.8441676,59.848,57,2325,9001,288922252,0
matmul_tiny_loop_L1_r3,1789506153.6945784,112804.899283,59.848,57,2325,9001,288922252,0
matmul_tiny_loop_L1_r3,1789506153.733567,112804.9382511,59.848,57,2325,9001,288935054,0
matmul_tiny_loop_L1_r3,1789506153.784893,112804.9895937,59.848,57,2325,9001,288935054,0
matmul_tiny_loop_L1_r3,1789506153.8412755,112805.0459412,59.848,57,2325,9001,288952106,0
matmul_tiny_loop_L1_r3,1789506153.8858926,112805.0910875,59.702,57,2325,9001,288952106,0
matmul_tiny_loop_L1_r3,1789506153.9318259,112805.1367206,59.702,57,2325,9001,288969960,0
matmul_tiny_loop_L1_r3,1789506153.9817214,112805.1865144,59.702,57,2325,9001,288969960,0
matmul_tiny_loop_L1_r0,1789506155.9852629,112807.1914563,59.374,57,2325,9001,289101200,0
matmul_tiny_loop_L1_r0,1789506156.0372615,112807.2420592,59.374,57,2325,9001,289114885,0
matmul_tiny_loop_L1_r0,1789506156.0905557,112807.2953493,59.374,57,2325,9001,289114885,0
matmul_tiny_loop_L1_r0,1789506156.1423736,112807.347187,59.374,57,2325,9001,289133848,0
matmul_tiny_loop_L1_r0,1789506156.1940992,112807.3987944,59.374,57,2325,9001,289133848,0
matmul_tiny_loop_L1_r0,1789506156.245581,112807.4503248,59.374,57,2325,9001,289148087,0
matmul_tiny_loop_L1_r0,1789506156.2872398,112807.4921441,59.374,57,2325,9001,289148087,0
matmul_tiny_loop_L1_r0,1789506156.339362,112807.5441113,59.374,57,2325,9001,289169741,0
matmul_tiny_loop_L1_r0,1789506156.3906121,112807.5957599,59.376,57,2325,9001,289169741,0
matmul_tiny_loop_L1_r0,1789506156.4420867,112807.6469017,59.376,57,2325,9001,289189534,0
matmul_tiny_loop_L1_r0,1789506156.4894805,112807.6941639,59.376,57,2325,9001,289189534,0
matmul_tiny_loop_L1_r0,1789506156.546203,112807.7509538,59.376,57,2325,9001,289210427,0
matmul_tiny_loop_L1_r0,1789506156.5868523,112807.7916874,59.376,57,2325,9001,289210427,0
matmul_tiny_loop_L1_r0,1789506156.6401982,112807.8450245,59.376,57,2325,9001,289231444,0
matmul_tiny_loop_L1_r0,1789506156.6913898,112807.8961138,59.376,57,2325,9001,289231444,0
matmul_tiny_loop_L1_r0,1789506156.7412543,112807.9459917,59.376,57,2325,9001,289252548,0
matmul_tiny_loop_L1_r0,1789506156.7925014,112807.9972944,59.376,57,2325,9001,289252548,0
matmul_tiny_loop_L1_r0,1789506156.8458323,112808.0505603,59.376,57,2325,9001,289265830,0
matmul_tiny_loop_L1_r0,1789506156.8876498,112808.0923794,59.38,57,2325,9001,289265830,0
matmul_tiny_loop_L1_r0,1789506156.9448326,112808.149584,59.38,57,2325,9001,289287908,0
matmul_tiny_loop_L10_r0,1789506158.948524,112810.1542081,59.192,57,2325,9001,289413726,0
matmul_tiny_loop_L10_r0,1789506159.0048,112810.2095256,59.192,57,2325,9001,289413726,0
matmul_tiny_loop_L10_r0,1789506159.0562038,112810.2609213,59.192,57,2325,9001,289436639,0
matmul_tiny_loop_L10_r0,1789506159.107457,112810.3121642,59.192,57,2325,9001,289436639,0
matmul_tiny_loop_L10_r0,1789506159.150244,112810.3549233,59.192,57,2325,9001,289454228,0
matmul_tiny_loop_L10_r0,1789506159.2022116,112810.40691,59.192,57,2325,9001,289454228,0
matmul_tiny_loop_L10_r0,1789506159.2538364,112810.458526,59.192,57,2325,9001,289476038,0
matmul_tiny_loop_L10_r0,1789506159.3048246,112810.5097221,59.192,57,2325,9001,289476038,0
matmul_tiny_loop_L10_r0,1789506159.3566072,112810.5613358,59.192,57,2325,9001,289492549,0
matmul_tiny_loop_L10_r0,1789506159.407863,112810.6125644,59.254,57,2325,9001,289492549,0
matmul_tiny_loop_L10_r0,1789506159.4494655,112810.6543319,59.254,57,2325,9001,289510615,0
matmul_tiny_loop_L10_r0,1789506159.5086567,112810.7133578,59.254,57,2325,9001,289510615,0
matmul_tiny_loop_L10_r0,1789506159.5596507,112810.7643355,59.254,57,2325,9001,289536301,0
matmul_tiny_loop_L10_r0,1789506159.6092553,112810.8139731,59.254,57,2325,9001,289536301,0
matmul_tiny_loop_L10_r0,1789506159.6527596,112810.8574599,59.254,57,2325,9001,289556480,0
matmul_tiny_loop_L10_r0,1789506159.7096827,112810.9144335,59.254,57,2325,9001,289556480,0
matmul_tiny_loop_L10_r0,1789506159.7507687,112810.9554314,59.254,57,2325,9001,289575557,0
matmul_tiny_loop_L10_r0,1789506159.8021088,112811.0067973,59.254,57,2325,9001,289575557,0
matmul_tiny_loop_L10_r0,1789506159.8533268,112811.0580974,59.254,57,2325,9001,289598186,0
matmul_tiny_loop_L10_r0,1789506159.9045668,112811.1092635,59.829,57,2325,9001,289598186,0
matmul_tiny_loop_L10_r0,1789506159.9901137,112811.195431,59.829,57,2325,9001,289614451,0
matmul_tiny_loop_L10_r0,1789506160.001884,112811.2066235,59.829,57,2325,9001,289614451,0
matmul_tiny_loop_L10_r0,1789506160.0605543,112811.2661724,59.829,57,2325,9001,289636871,0
matmul_tiny_loop_L10_r0,1789506160.1036644,112811.3083659,59.829,57,2325,9001,289636871,0
matmul_tiny_loop_L10_r0,1789506160.149948,112811.3551022,59.829,57,2325,9001,289655351,0
matmul_tiny_loop_L10_r0,1789506160.201456,112811.4061349,59.829,57,2325,9001,289655351,0
matmul_tiny_loop_L10_r0,1789506160.2530742,112811.4578113,59.829,57,2325,9001,289677451,0
matmul_tiny_loop_L10_r0,1789506160.304203,112811.5088833,59.829,57,2325,9001,289677451,0
matmul_tiny_loop_L10_r0,1789506160.3560696,112811.5607571,59.829,57,2325,9001,289693638,0
matmul_tiny_loop_L10_r0,1789506160.4074123,112811.6120919,60.051,56,2325,9001,289693638,0
matmul_tiny_loop_L10_r0,1789506160.4589167,112811.6637021,60.051,56,2325,9001,289711441,0
matmul_tiny_loop_L10_r0,1789506160.4995446,112811.7044853,60.051,56,2325,9001,289711441,0
matmul_tiny_loop_L10_r0,1789506160.5532196,112811.7580087,60.051,56,2325,9001,289726364,0
matmul_tiny_loop_L10_r0,1789506160.6087685,112811.813456,60.051,56,2325,9001,289726364,0
matmul_tiny_loop_L10_r0,1789506160.6598496,112811.864595,60.051,56,2325,9001,289745022,0
matmul_tiny_loop_L10_r0,1789506160.7000885,112811.90479,60.051,56,2325,9001,289745022,0
matmul_tiny_loop_L10_r0,1789506160.751887,112811.9565799,60.051,56,2325,9001,289761049,0
matmul_tiny_loop_L10_r0,1789506160.803964,112812.0086678,60.051,56,2325,9001,289761049,0
matmul_tiny_loop_L10_r0,1789506160.8565161,112812.0620598,60.051,56,2325,9001,289777278,0
matmul_tiny_loop_L10_r0,1789506160.9101422,112812.115669,59.376,56,2325,9001,289777278,0
matmul_tiny_loop_L10_r0,1789506160.9570086,112812.1617991,59.376,56,2325,9001,289790711,0
matmul_tiny_loop_L10_r0,1789506161.0019906,112812.2066412,59.376,56,2325,9001,289790711,0
matmul_tiny_loop_L10_r0,1789506161.053845,112812.2585383,59.376,56,2325,9001,289806111,0
matmul_tiny_loop_L10_r0,1789506161.1060383,112812.3107154,59.376,56,2325,9001,289806111,0
matmul_tiny_loop_L10_r0,1789506161.1574037,112812.3620812,59.376,56,2325,9001,289823373,0
matmul_tiny_loop_L10_r0,1789506161.2019458,112812.4066382,59.376,56,2325,9001,289823373,0
matmul_tiny_loop_L10_r0,1789506161.2536948,112812.4583633,59.376,56,2325,9001,289839371,0
matmul_tiny_loop_L10_r0,1789506161.305376,112812.5100495,59.376,56,2325,9001,289839371,0
matmul_tiny_loop_L10_r0,1789506161.3566904,112812.5613816,59.376,56,2325,9001,289856299,0
matmul_tiny_loop_L10_r0,1789506161.4085836,112812.6132875,59.667,57,2325,9001,289856299,0
matmul_tiny_loop_L10_r0,1789506161.4502065,112812.6550142,59.667,57,2325,9001,289875423,0
matmul_tiny_loop_L10_r0,1789506161.5091445,112812.713857,59.667,57,2325,9001,289875423,0
matmul_tiny_loop_L10_r0,1789506161.5543938,112812.7594532,59.667,57,2325,9001,289902401,0
matmul_tiny_loop_L10_r0,1789506161.6010134,112812.8057745,59.667,57,2325,9001,289902401,0
matmul_tiny_loop_L10_r0,1789506161.6562805,112812.8616999,59.667,57,2325,9001,289917046,0
matmul_tiny_loop_L10_r0,1789506161.6999946,112812.9051521,59.667,57,2325,9001,289917046,0
matmul_tiny_loop_L10_r0,1789506161.7514923,112812.9561798,59.667,57,2325,9001,289932008,0
matmul_tiny_loop_L10_r0,1789506161.802999,112813.007725,59.667,57,2325,9001,289932008,0
matmul_tiny_loop_L10_r0,1789506161.8548174,112813.0594752,59.667,57,2325,9001,289947784,0
matmul_tiny_loop_L10_r0,1789506161.9068441,112813.1115828,60.002,57,2325,9001,289947784,0
matmul_tiny_loop_L10_r0,1789506161.9499266,112813.154581,60.002,57,2325,9001,289965653,0
matmul_tiny_loop_L10_r0,1789506162.018414,112813.2244088,60.002,57,2325,9001,289982055,0
matmul_tiny_loop_L10_r0,1789506162.0558598,112813.2605726,60.002,57,2325,9001,289982055,0
matmul_tiny_loop_L10_r0,1789506162.1064343,112813.3111327,60.002,57,2325,9001,289982055,0
matmul_tiny_loop_L10_r0,1789506162.1584702,112813.3635328,60.002,57,2325,9001,290001955,0
matmul_tiny_loop_L10_r0,1789506162.2023213,112813.4070599,60.002,57,2325,9001,290001955,0
matmul_tiny_loop_L10_r0,1789506162.253883,112813.4585889,60.002,57,2325,9001,290019189,0
matmul_tiny_loop_L10_r0,1789506162.3047378,112813.5093931,60.002,57,2325,9001,290019189,0
matmul_tiny_loop_L10_r0,1789506162.3565173,112813.5612655,60.002,57,2325,9001,290035815,0
matmul_tiny_loop_L10_r0,1789506162.408164,112813.6128918,60.159,56,2325,9001,290035815,0
matmul_tiny_loop_L10_r0,1789506162.4496045,112813.6549885,60.159,56,2325,9001,290054960,0
matmul_tiny_loop_L10_r0,1789506162.505156,112813.7098637,60.159,56,2325,9001,290054960,0
matmul_tiny_loop_L10_r0,1789506162.5497975,112813.7545976,60.159,56,2325,9001,290072085,0
matmul_tiny_loop_L10_r0,1789506162.6052341,112813.8099401,60.159,56,2325,9001,290072085,0
matmul_tiny_loop_L10_r0,1789506162.6570299,112813.8617686,60.159,56,2325,9001,290089204,0
matmul_tiny_loop_L10_r0,1789506162.7004585,112813.9051434,60.159,56,2325,9001,290089204,0
matmul_tiny_loop_L10_r0,1789506162.7519968,112813.9566799,60.159,56,2325,9001,290104710,0
matmul_tiny_loop_L10_r0,1789506162.8028557,112814.0075486,60.159,56,2325,9001,290104710,0
matmul_tiny_loop_L10_r0,1789506162.854106,112814.0589398,60.159,56,2325,9001,290120509,0
matmul_tiny_loop_L10_r0,1789506162.9054294,112814.1101317,60.094,56,2325,9001,290120509,0
matmul_tiny_loop_L10_r0,1789506162.9523654,112814.1576897,60.094,56,2325,9001,290137732,0
matmul_tiny_loop_L10_r0,1789506163.0076969,112814.2123868,60.094,56,2325,9001,290137732,0
matmul_tiny_loop_L10_r0,1789506163.0591795,112814.2638533,60.094,56,2325,9001,290156286,0
matmul_tiny_loop_L10_r0,1789506163.1000435,112814.3047236,60.094,56,2325,9001,290156286,0
matmul_tiny_loop_L10_r0,1789506163.1516833,112814.3563832,60.094,56,2325,9001,290172371,0
matmul_tiny_loop_L10_r0,1789506163.202969,112814.4076723,60.094,56,2325,9001,290172371,0
matmul_tiny_loop_L10_r0,1789506163.25575,112814.460479,60.094,56,2325,9001,290188283,0
matmul_tiny_loop_L10_r0,1789506163.3073218,112814.5120173,60.094,56,2325,9001,290188283,0
matmul_tiny_loop_L10_r0,1789506163.358785,112814.5634681,60.094,56,2325,9001,290206750,0
matmul_tiny_loop_L10_r0,1789506163.3998218,112814.6051749,59.661,57,2325,9001,290206750,0
matmul_tiny_loop_L10_r0,1789506163.451854,112814.6565491,59.661,57,2325,9001,290223147,0
matmul_tiny_loop_L10_r0,1789506163.5068223,112814.7118358,59.661,57,2325,9001,290223147,0
matmul_tiny_loop_L10_r0,1789506163.5524042,112814.7570732,59.661,57,2325,9001,290241356,0
matmul_tiny_loop_L10_r0,1789506163.6092746,112814.8139789,59.661,57,2325,9001,290241356,0
matmul_tiny_loop_L10_r0,1789506163.6506934,112814.8555101,59.661,57,2325,9001,290260760,0
matmul_tiny_loop_L10_r0,1789506163.7099764,112814.9147029,59.661,57,2325,9001,290260760,0
matmul_tiny_loop_L10_r0,1789506163.7545314,112814.959231,59.661,57,2325,9001,290273402,0
matmul_tiny_loop_L10_r0,1789506163.8065772,112815.0112941,59.661,57,2325,9001,290273402,0
matmul_tiny_loop_L10_r0,1789506163.8581839,112815.0628949,59.661,57,2325,9001,290291151,0
matmul_tiny_loop_L10_r0,1789506163.8994613,112815.1047162,59.652,56,2325,9001,290291151,0
matmul_tiny_loop_L10_r0,1789506163.9506588,112815.1553436,59.652,56,2325,9001,290307100,0
matmul_tiny_loop_L10_r0,1789506163.9999156,112815.2050258,59.652,56,2325,9001,290307100,0
matmul_tiny_loop_L10_r0,1789506164.0516598,112815.256546,59.652,56,2325,9001,290321794,0
matmul_tiny_loop_L10_r0,1789506164.1030385,112815.3077821,59.652,56,2325,9001,290321794,0
matmul_tiny_loop_L10_r0,1789506164.1541803,112815.3588702,59.652,56,2325,9001,290337952,0
matmul_tiny_loop_L10_r0,1789506164.205522,112815.4102357,59.652,56,2325,9001,290337952,0
matmul_tiny_loop_L10_r0,1789506164.2598882,112815.4647687,59.652,56,2325,9001,290355383,0
matmul_tiny_loop_L10_r0,1789506164.301297,112815.5060185,59.652,56,2325,9001,290355383,0
matmul_tiny_loop_L10_r0,1789506164.3522835,112815.5569969,59.652,56,2325,9001,290373170,0
matmul_tiny_loop_L10_r0,1789506164.4035277,112815.6082154,59.889,56,2325,9001,290373170,0
matmul_tiny_loop_L10_r0,1789506164.4552712,112815.6599708,59.889,56,2325,9001,290389668,0
matmul_tiny_loop_L10_r0,1789506164.5002096,112815.7049138,59.889,56,2325,9001,290389668,0
matmul_tiny_loop_L10_r0,1789506164.5578864,112815.7626107,59.889,56,2325,9001,290404415,0
matmul_tiny_loop_L10_r0,1789506164.6091301,112815.8139448,59.889,56,2325,9001,290404415,0
matmul_tiny_loop_L10_r0,1789506164.6498253,112815.8547161,59.889,56,2325,9001,290425543,0
matmul_tiny_loop_L10_r0,1789506164.7090816,112815.9137692,59.889,56,2325,9001,290425543,0
matmul_tiny_loop_L10_r0,1789506164.7503343,112815.9550503,59.889,56,2325,9001,290444768,0
matmul_tiny_loop_L10_r0,1789506164.8090968,112816.0138245,59.889,56,2325,9001,290444768,0
matmul_tiny_loop_L10_r0,1789506164.850124,112816.0548688,59.889,56,2325,9001,290464391,0
matmul_tiny_loop_L10_r0,1789506164.9019146,112816.1066868,59.976,56,2325,9001,290464391,0
matmul_tiny_loop_L10_r0,1789506164.9549656,112816.1596727,59.976,56,2325,9001,290480313,0
matmul_tiny_loop_L10_r0,1789506165.0021222,112816.2067733,59.976,56,2325,9001,290480313,0
matmul_tiny_loop_L10_r0,1789506165.0534155,112816.2580978,59.976,56,2325,9001,290496079,0
matmul_tiny_loop_L10_r0,1789506165.1049902,112816.3096735,59.976,56,2325,9001,290496079,0
matmul_tiny_loop_L10_r0,1789506165.1569457,112816.3616406,59.976,56,2325,9001,290513388,0
matmul_tiny_loop_L10_r0,1789506165.2079754,112816.4126806,59.976,56,2325,9001,290513388,0
matmul_tiny_loop_L10_r0,1789506165.2589886,112816.4638019,59.976,56,2325,9001,290533300,0
matmul_tiny_loop_L10_r0,1789506165.3132854,112816.5181204,59.976,56,2325,9001,290544485,0
matmul_tiny_loop_L10_r0,1789506165.3542147,112816.5590429,59.976,56,2325,9001,290544485,0
matmul_tiny_loop_L10_r0,1789506165.4053419,112816.6100334,59.535,56,2325,9001,290544485,0
matmul_tiny_loop_L10_r0,1789506165.4559314,112816.6606309,59.535,56,2325,9001,290562388,0
matmul_tiny_loop_L10_r0,1789506165.5005703,112816.70536,59.535,56,2325,9001,290562388,0
matmul_tiny_loop_L10_r0,1789506165.5518334,112816.7565212,59.535,56,2325,9001,290578288,0
matmul_tiny_loop_L10_r0,1789506165.6087976,112816.8134985,59.535,56,2325,9001,290578288,0
matmul_tiny_loop_L10_r0,1789506165.649589,112816.8542995,59.535,56,2325,9001,290597792,0
matmul_tiny_loop_L10_r0,1789506165.7101367,112816.9148211,59.535,56,2325,9001,290597792,0
matmul_tiny_loop_L10_r0,1789506165.751187,112816.9560217,59.535,56,2325,9001,290610620,0
matmul_tiny_loop_L10_r0,1789506165.802482,112817.0071524,59.535,56,2325,9001,290610620,0
matmul_tiny_loop_L10_r0,1789506165.8570173,112817.0617545,59.535,56,2325,9001,290626613,0
matmul_tiny_loop_L10_r0,1789506165.9086108,112817.113668,59.585,56,2325,9001,290626613,0
matmul_tiny_loop_L10_r0,1789506165.9494011,112817.1544337,59.585,56,2325,9001,290647268,0
matmul_tiny_loop_L10_r0,1789506165.999462,112817.2044875,59.585,56,2325,9001,290647268,0
matmul_tiny_loop_L10_r0,1789506166.0535502,112817.2582921,59.585,56,2325,9001,290661936,0
matmul_tiny_loop_L10_r0,1789506166.1039443,112817.3086508,59.585,56,2325,9001,290661936,0
matmul_tiny_loop_L10_r0,1789506166.1556382,112817.3603407,59.585,56,2325,9001,290678847,0
matmul_tiny_loop_L10_r0,1789506166.2064629,112817.4111466,59.585,56,2325,9001,290678847,0
matmul_tiny_loop_L10_r0,1789506166.2575982,112817.462283,59.585,56,2325,9001,290697934,0
matmul_tiny_loop_L10_r0,1789506166.3089106,112817.5136492,59.585,56,2325,9001,290697934,0
matmul_tiny_loop_L10_r0,1789506166.349946,112817.5546743,59.585,56,2325,9001,290712239,0
matmul_tiny_loop_L10_r0,1789506166.4017773,112817.606492,59.643,56,2325,9001,290712239,0
matmul_tiny_loop_L10_r0,1789506166.4537115,112817.6584526,59.643,56,2325,9001,290727812,0
matmul_tiny_loop_L10_r0,1789506166.5089848,112817.7137422,59.643,56,2325,9001,290727812,0
matmul_tiny_loop_L10_r0,1789506166.5523696,112817.7570574,59.643,56,2325,9001,290740384,0
matmul_tiny_loop_L10_r0,1789506166.5995202,112817.8043048,59.643,56,2325,9001,290740384,0
matmul_tiny_loop_L10_r0,1789506166.6505878,112817.8552887,59.643,56,2325,9001,290754813,0
matmul_tiny_loop_L10_r0,1789506166.6998193,112817.9045049,59.643,56,2325,9001,290754813,0
matmul_tiny_loop_L10_r0,1789506166.7498977,112817.9547067,59.643,56,2325,9001,290769682,0
matmul_tiny_loop_L10_r0,1789506166.801655,112818.0065082,59.643,56,2325,9001,290769682,0
matmul_tiny_loop_L10_r0,1789506166.852352,112818.0570692,59.643,56,2325,9001,290785534,0
matmul_tiny_loop_L10_r0,1789506166.9034085,112818.1081346,59.529,56,2325,9001,290785534,0
matmul_tiny_loop_L10_r0,1789506166.9535222,112818.1584125,59.529,56,2325,9001,290802246,0
matmul_tiny_loop_L10_r0,1789506167.0053346,112818.2100431,59.529,56,2325,9001,290802246,0
matmul_tiny_loop_L10_r0,1789506167.0581584,112818.262873,59.529,56,2325,9001,290820135,0
matmul_tiny_loop_L10_r0,1789506167.0996156,112818.3046194,59.529,56,2325,9001,290820135,0
matmul_tiny_loop_L10_r0,1789506167.150744,112818.3554203,59.529,56,2325,9001,290836946,0
matmul_tiny_loop_L10_r0,1789506167.2020566,112818.4067749,59.529,56,2325,9001,290836946,0
matmul_tiny_loop_L10_r0,1789506167.2526636,112818.457365,59.529,56,2325,9001,290853258,0
matmul_tiny_loop_L10_r0,1789506167.304351,112818.5090306,59.529,56,2325,9001,290853258,0
matmul_tiny_loop_L10_r0,1789506167.3559232,112818.5605952,59.529,56,2325,9001,290870473,0
matmul_tiny_loop_L10_r0,1789506167.4078133,112818.61252,59.209,56,2325,9001,290870473,1
matmul_tiny_loop_L10_r0,1789506167.4520679,112818.6567846,59.209,56,2325,9001,290890569,1
matmul_tiny_loop_L10_r0,1789506167.5088556,112818.7136436,59.209,56,2325,9001,290890569,1
matmul_tiny_loop_L10_r0,1789506167.5527086,112818.7574169,59.209,56,2325,9001,290903320,1
matmul_tiny_loop_L10_r0,1789506167.608918,112818.813698,59.209,56,2325,9001,290903320,1
matmul_tiny_loop_L10_r0,1789506167.6496582,112818.8548311,59.209,56,2325,9001,290915750,1
matmul_tiny_loop_L10_r0,1789506167.70519,112818.9099265,59.209,56,2325,9001,290915750,1
matmul_tiny_loop_L10_r0,1789506167.7507644,112818.9555987,59.209,56,2325,9001,290933478,1
matmul_tiny_loop_L10_r0,1789506167.801597,112819.0063154,59.209,56,2325,9001,290933478,1
matmul_tiny_loop_L10_r0,1789506167.8534498,112819.0581267,59.209,56,2325,9001,290949426,1
matmul_tiny_loop_L10_r0,1789506167.9055579,112819.1102744,59.098,56,2325,9001,290949426,0
matmul_tiny_loop_L10_r0,1789506167.965414,112819.1701611,59.098,56,2325,9001,290967583,0
matmul_tiny_loop_L10_r0,1789506168.0057755,112819.2104642,59.098,56,2325,9001,290967583,0
matmul_tiny_loop_L10_r0,1789506168.0507808,112819.2554744,59.098,56,2325,9001,290991732,0
matmul_tiny_loop_L10_r0,1789506168.1023223,112819.3070372,59.098,56,2325,9001,290991732,0
matmul_tiny_loop_L10_r0,1789506168.153987,112819.3586917,59.098,56,2325,9001,291008164,0
matmul_tiny_loop_L10_r0,1789506168.2053242,112819.4099984,59.098,56,2325,9001,291008164,0
matmul_tiny_loop_L10_r0,1789506168.2563014,112819.4609973,59.098,56,2325,9001,291026532,0
matmul_tiny_loop_L5_r0,1789506170.2991264,112821.5072856,59.354,56,2325,9001,291154929,0
matmul_tiny_loop_L5_r0,1789506170.3610997,112821.5657752,59.354,56,2325,9001,291169206,0
matmul_tiny_loop_L5_r0,1789506170.4022486,112821.6075556,59.34,56,2325,9001,291169206,0
matmul_tiny_loop_L5_r0,1789506170.454268,112821.6589735,59.34,56,2325,9001,291190474,0
matmul_tiny_loop_L5_r0,1789506170.5045247,112821.7091892,59.34,56,2325,9001,291190474,0
matmul_tiny_loop_L5_r0,1789506170.5593755,112821.7641107,59.34,56,2325,9001,291209258,0
matmul_tiny_loop_L5_r0,1789506170.6118875,112821.816552,59.34,56,2325,9001,291221678,0
matmul_tiny_loop_L5_r0,1789506170.6533725,112821.858056,59.34,56,2325,9001,291221678,0
matmul_tiny_loop_L5_r0,1789506170.7099042,112821.9146081,59.34,56,2325,9001,291231242,0
matmul_tiny_loop_L5_r0,1789506170.76112,112821.9658573,59.34,56,2325,9001,291231242,0
matmul_tiny_loop_L5_r0,1789506170.8028584,112822.0076688,59.34,56,2325,9001,291231242,0
matmul_tiny_loop_L5_r0,1789506170.85479,112822.0594994,59.34,56,2325,9001,291253167,0
matmul_tiny_loop_L5_r0,1789506170.9061422,112822.1108713,59.875,56,2325,9001,291253167,0
matmul_tiny_loop_L5_r0,1789506170.9574838,112822.1621783,59.875,56,2325,9001,291273513,0
matmul_tiny_loop_L5_r0,1789506171.0096347,112822.214384,59.875,56,2325,9001,291284883,0
matmul_tiny_loop_L5_r0,1789506171.060984,112822.2658534,59.875,56,2325,9001,291284883,0
matmul_tiny_loop_L5_r0,1789506171.1055129,112822.3101901,59.875,56,2325,9001,291284883,0
matmul_tiny_loop_L5_r0,1789506171.156721,112822.3615423,59.875,56,2325,9001,291307927,0
matmul_tiny_loop_L5_r0,1789506171.2084255,112822.4131736,59.875,56,2325,9001,291307927,0
matmul_tiny_loop_L5_r0,1789506171.2600303,112822.464723,59.875,56,2325,9001,291322537,0
matmul_tiny_loop_L5_r0,1789506171.3116322,112822.5163636,59.875,56,2325,9001,291334996,0
matmul_tiny_loop_L5_r0,1789506171.3522916,112822.5579422,59.875,56,2325,9001,291334996,0
matmul_tiny_loop_L5_r0,1789506171.403386,112822.6080657,59.819,56,2325,9001,291334996,0
matmul_tiny_loop_L5_r0,1789506171.4542391,112822.6589116,59.819,56,2325,9001,291353662,0
matmul_tiny_loop_L5_r0,1789506171.5081139,112822.7127905,59.819,56,2325,9001,291353662,0
matmul_tiny_loop_L5_r0,1789506171.5595891,112822.7643786,59.819,56,2325,9001,291367239,0
matmul_tiny_loop_L5_r0,1789506171.608788,112822.8135215,59.819,56,2325,9001,291379244,0
matmul_tiny_loop_L5_r0,1789506171.6600525,112822.8647212,59.819,56,2325,9001,291379244,0
matmul_tiny_loop_L5_r0,1789506171.7089357,112822.9136377,59.819,56,2325,9001,291392379,0
matmul_tiny_loop_L5_r0,1789506171.7590978,112822.963828,59.819,56,2325,9001,291392379,0
matmul_tiny_loop_L5_r0,1789506171.810001,112823.0147164,59.819,56,2325,9001,291405211,0
matmul_tiny_loop_L5_r0,1789506171.8610702,112823.0658244,59.819,56,2325,9001,291405211,0
matmul_tiny_loop_L5_r0,1789506171.9119244,112823.1166639,58.627,56,2325,9001,291418836,0
matmul_tiny_loop_L5_r0,1789506171.9679213,112823.1726278,58.627,56,2325,9001,291418836,0
matmul_tiny_loop_L5_r0,1789506172.0125139,112823.2172253,58.627,56,2325,9001,291428149,0
matmul_tiny_loop_L5_r0,1789506172.053764,112823.2585237,58.627,56,2325,9001,291428149,0
matmul_tiny_loop_L5_r0,1789506172.1081233,112823.3129455,58.627,56,2325,9001,291428149,0
matmul_tiny_loop_L5_r0,1789506172.158994,112823.3637423,58.627,56,2325,9001,291441945,0
matmul_tiny_loop_L5_r0,1789506172.2086902,112823.4134369,58.627,56,2325,9001,291453883,0
matmul_tiny_loop_L5_r0,1789506172.254636,112823.459377,58.627,56,2325,9001,291453883,0
matmul_tiny_loop_L5_r0,1789506172.3060975,112823.5108455,58.627,56,2325,9001,291453883,0
matmul_tiny_loop_L5_r0,1789506172.3580246,112823.5627634,58.627,56,2325,9001,291474154,0
matmul_tiny_loop_L5_r0,1789506172.4099133,112823.6146319,58.497,56,2325,9001,291485924,0
matmul_tiny_loop_L5_r0,1789506172.4609792,112823.6656643,58.497,56,2325,9001,291485924,0
matmul_tiny_loop_L5_r0,1789506172.5020463,112823.7074795,58.497,56,2325,9001,291485924,0
matmul_tiny_loop_L5_r0,1789506172.560699,112823.765407,58.497,56,2325,9001,291507955,0
matmul_tiny_loop_L5_r0,1789506172.608821,112823.8135239,58.497,56,2325,9001,291521139,0
matmul_tiny_loop_L5_r0,1789506172.659909,112823.8647029,58.497,56,2325,9001,291521139,0
matmul_tiny_loop_L5_r0,1789506172.7091002,112823.9137695,58.497,56,2325,9001,291534233,0
matmul_tiny_loop_L5_r0,1789506172.753391,112823.9582,58.497,56,2325,9001,291534233,0
matmul_tiny_loop_L5_r0,1789506172.8049548,112824.0096411,58.497,56,2325,9001,291534233,0
matmul_tiny_loop_L5_r0,1789506172.855103,112824.0598598,58.497,56,2325,9001,291554171,0
matmul_tiny_loop_L5_r0,1789506172.9066124,112824.1113578,58.718,56,2325,9001,291554171,0
matmul_tiny_loop_L5_r0,1789506172.9575744,112824.1622652,58.718,56,2325,9001,291574886,0
matmul_tiny_loop_L5_r0,1789506173.012521,112824.2172325,58.718,56,2325,9001,291586379,0
matmul_tiny_loop_L5_r0,1789506173.0535283,112824.2582599,58.718,56,2325,9001,291586379,0
matmul_tiny_loop_L5_r0,1789506173.1100278,112824.3147407,58.718,56,2325,9001,291596607,0
matmul_tiny_loop_L5_r0,1789506173.1604867,112824.3651859,58.718,56,2325,9001,291596607,0
matmul_tiny_loop_L5_r0,1789506173.212444,112824.4171491,58.718,56,2325,9001,291610350,0
matmul_tiny_loop_L5_r0,1789506173.2677913,112824.4725616,58.718,56,2325,9001,291610350,0
matmul_tiny_loop_L5_r0,1789506173.3080783,112824.5129467,58.718,56,2325,9001,291619873,0
matmul_tiny_loop_L5_r0,1789506173.35945,112824.5641528,58.718,56,2325,9001,291619873,0
matmul_tiny_loop_L5_r0,1789506173.4104748,112824.6152286,59.161,56,2325,9001,291633381,0
matmul_tiny_loop_L5_r0,1789506173.4617755,112824.666544,59.161,56,2325,9001,291633381,0
matmul_tiny_loop_L5_r0,1789506173.5090976,112824.7138351,59.161,56,2325,9001,291647731,0
matmul_tiny_loop_L5_r0,1789506173.5609658,112824.765697,59.161,56,2325,9001,291647731,0
matmul_tiny_loop_L5_r0,1789506173.6090734,112824.8137755,59.161,56,2325,9001,291661814,0
matmul_tiny_loop_L5_r0,1789506173.6538432,112824.858547,59.161,56,2325,9001,291661814,0
matmul_tiny_loop_L5_r0,1789506173.7086532,112824.9133555,59.161,56,2325,9001,291672009,0
matmul_tiny_loop_L5_r0,1789506173.7595055,112824.9643321,59.161,56,2325,9001,291672009,0
matmul_tiny_loop_L5_r0,1789506173.8031616,112825.008102,59.161,56,2325,9001,291672009,0
matmul_tiny_loop_L5_r0,1789506173.8548534,112825.0596431,59.161,56,2325,9001,291694220,0
matmul_tiny_loop_L5_r0,1789506173.9060886,112825.1109223,59.057,56,2325,9001,291694220,0
matmul_tiny_loop_L5_r0,1789506173.9577374,112825.1625931,59.057,56,2325,9001,291714982,0
matmul_tiny_loop_L5_r0,1789506174.011564,112825.2162389,59.057,56,2325,9001,291726942,0
matmul_tiny_loop_L5_r0,1789506174.0524943,112825.2575251,59.057,56,2325,9001,291726942,0
matmul_tiny_loop_L5_r0,1789506174.1037931,112825.308601,59.057,56,2325,9001,291726942,0
matmul_tiny_loop_L5_r0,1789506174.157891,112825.3625934,59.057,56,2325,9001,291745776,0
matmul_tiny_loop_L5_r0,1789506174.2093644,112825.4140445,59.057,56,2325,9001,291758062,0
matmul_tiny_loop_L5_r0,1789506174.2616742,112825.4663784,59.057,56,2325,9001,291758062,0
matmul_tiny_loop_L5_r0,1789506174.3026557,112825.5074202,59.057,56,2325,9001,291758062,0
matmul_tiny_loop_L5_r0,1789506174.355865,112825.5607808,59.057,56,2325,9001,291781111,0
matmul_tiny_loop_L5_r0,1789506174.4071224,112825.6117764,59.116,56,2325,9001,291781111,0
matmul_tiny_loop_L5_r0,1789506174.458706,112825.6634036,59.116,56,2325,9001,291795916,0
matmul_tiny_loop_L5_r0,1789506174.502769,112825.7081459,59.116,56,2325,9001,291795916,0
matmul_tiny_loop_L5_r0,1789506174.5594394,112825.7658612,59.116,56,2325,9001,291817456,0
matmul_tiny_loop_L5_r0,1789506174.6049814,112825.8115454,59.116,56,2325,9001,291817456,0
matmul_tiny_loop_L5_r0,1789506174.7101226,112825.9147693,59.116,56,2325,9001,291841047,0
matmul_tiny_loop_L5_r0,1789506174.7126312,112825.9199468,59.116,56,2325,9001,291841047,0
matmul_tiny_loop_L5_r0,1789506174.7732801,112825.9779963,59.116,56,2325,9001,291841047,0
matmul_tiny_loop_L5_r0,1789506174.824254,112826.0289514,59.116,56,2325,9001,291852752,0
matmul_tiny_loop_L5_r0,1789506174.8656948,112826.0706777,59.116,56,2325,9001,291852752,0
matmul_tiny_loop_L5_r0,1789506174.9169846,112826.1217146,59.665,56,2325,9001,291875649,0
matmul_tiny_loop_L5_r0,1789506174.9668093,112826.171486,59.665,56,2325,9001,291875649,0
matmul_tiny_loop_L5_r0,1789506175.0149696,112826.2203028,59.665,56,2325,9001,291886173,0
matmul_tiny_loop_L5_r0,1789506175.0661037,112826.2708496,59.665,56,2325,9001,291886173,0
matmul_tiny_loop_L5_r0,1789506175.1179478,112826.3226702,59.665,56,2325,9001,291904646,0
matmul_tiny_loop_L2_r2,1789506177.1736763,112828.3789712,59.326,56,2310,9001,292028524,1
matmul_tiny_loop_L2_r2,1789506177.2267458,112828.4314345,59.326,56,2310,9001,292039072,1
matmul_tiny_loop_L2_r2,1789506177.27855,112828.4832522,59.326,56,2310,9001,292039072,1
matmul_tiny_loop_L2_r2,1789506177.3294308,112828.534116,59.326,56,2310,9001,292054882,1
matmul_tiny_loop_L2_r2,1789506177.3811283,112828.5858536,59.326,56,2310,9001,292054882,1
matmul_tiny_loop_L2_r2,1789506177.4328594,112828.6375352,59.391,56,2325,9001,292072122,0
matmul_tiny_loop_L2_r2,1789506177.4782252,112828.6829261,59.391,56,2325,9001,292072122,0
matmul_tiny_loop_L2_r2,1789506177.5252557,112828.7299552,59.391,56,2325,9001,292088924,0
matmul_tiny_loop_L2_r2,1789506177.5818186,112828.7867763,59.391,56,2325,9001,292088924,0
matmul_tiny_loop_L2_r2,1789506177.6295853,112828.834688,59.391,56,2325,9001,292110204,0
matmul_tiny_loop_L2_r2,1789506177.6776655,112828.8825788,59.391,56,2325,9001,292110204,0
matmul_tiny_loop_L2_r2,1789506177.7297947,112828.9345399,59.391,56,2325,9001,292125703,0
matmul_tiny_loop_L2_r2,1789506177.7811544,112828.9858248,59.391,56,2325,9001,292125703,0
matmul_tiny_loop_L2_r2,1789506177.832824,112829.0375465,59.391,56,2325,9001,292144695,0
matmul_tiny_loop_L2_r2,1789506177.8838303,112829.0885413,59.391,56,2325,9001,292144695,0
matmul_tiny_loop_L2_r2,1789506177.9249992,112829.1296996,59.632,56,2325,9001,292164627,0
matmul_tiny_loop_L2_r2,1789506177.9792895,112829.1839968,59.632,56,2325,9001,292164627,0
matmul_tiny_loop_L2_r2,1789506178.0338368,112829.2385586,59.632,56,2325,9001,292184366,0
matmul_tiny_loop_L2_r2,1789506178.074178,112829.2793037,59.632,56,2325,9001,292184366,0
matmul_tiny_loop_L2_r2,1789506178.1255584,112829.3303035,59.632,56,2325,9001,292200025,0
matmul_tiny_loop_L2_r2,1789506178.176144,112829.3809472,59.632,56,2325,9001,292200025,0
matmul_tiny_loop_L2_r2,1789506178.2388096,112829.4435851,59.632,56,2325,9001,292216323,0
matmul_tiny_loop_L2_r2,1789506178.2798584,112829.4846234,59.632,56,2325,9001,292216323,0
matmul_tiny_loop_L2_r2,1789506178.3306708,112829.5356181,59.632,56,2325,9001,292237546,0
matmul_tiny_loop_L2_r2,1789506178.3824148,112829.5871977,59.632,56,2325,9001,292237546,0
matmul_tiny_loop_L2_r2,1789506178.4335015,112829.6382041,59.505,56,2325,9001,292257432,0
matmul_tiny_loop_L2_r2,1789506178.4775832,112829.6825638,59.505,56,2325,9001,292257432,0
matmul_tiny_loop_L2_r2,1789506178.5306363,112829.7353449,59.505,56,2325,9001,292274695,0
matmul_tiny_loop_L2_r2,1789506178.5779078,112829.7825674,59.505,56,2325,9001,292274695,0
matmul_tiny_loop_L2_r2,1789506178.6307628,112829.8354412,59.505,56,2325,9001,292290419,0
matmul_tiny_loop_L2_r2,1789506178.6850944,112829.8898539,59.505,56,2325,9001,292290419,0
matmul_tiny_loop_L2_r2,1789506178.729671,112829.9343489,59.505,56,2325,9001,292310339,0
matmul_tiny_loop_L2_r2,1789506178.782807,112829.9875339,59.505,56,2325,9001,292310339,0
matmul_tiny_loop_L2_r2,1789506178.82394,112830.0292651,59.505,56,2325,9001,292328691,0
matmul_tiny_loop_L2_r2,1789506178.8755221,112830.0802812,59.505,56,2325,9001,292328691,0
matmul_tiny_loop_L2_r2,1789506178.9271288,112830.1318588,59.634,56,2325,9001,292347565,0
matmul_tiny_loop_L2_r2,1789506178.9805245,112830.1853006,59.634,56,2325,9001,292347565,0
matmul_tiny_loop_L2_r2,1789506179.024292,112830.2290694,59.634,56,2325,9001,292366283,0
matmul_tiny_loop_L0.5_r0,1789506181.053446,112832.258595,59.396,56,2325,9001,292495474,0
matmul_tiny_loop_L0.5_r0,1789506181.1071532,112832.3118208,59.396,56,2325,9001,292506367,0
matmul_tiny_loop_L0.5_r0,1789506181.157703,112832.362506,59.396,56,2325,9001,292506367,0
matmul_tiny_loop_L0.5_r0,1789506181.2177048,112832.4224975,59.396,56,2325,9001,292519903,0
matmul_tiny_loop_L0.5_r0,1789506181.2634342,112832.4681579,59.396,56,2325,9001,292519903,0
matmul_tiny_loop_L0.5_r0,1789506181.3036008,112832.5089965,59.396,56,2325,9001,292519903,0
matmul_tiny_loop_L0.5_r0,1789506181.3551528,112832.560088,59.396,56,2325,9001,292550386,0
matmul_tiny_loop_L0.5_r0,1789506181.4061084,112832.6107987,59.749,56,2325,9001,292561985,0
matmul_tiny_loop_L0.5_r0,1789506181.4570198,112832.6619373,59.749,56,2325,9001,292561985,0
matmul_tiny_loop_L0.5_r3,1789506183.5166986,112834.7231151,59.949,56,2325,9001,292696756,0
matmul_tiny_loop_L0.5_r3,1789506183.5707474,112834.7754079,59.949,56,2325,9001,292696756,0
matmul_tiny_loop_L0.5_r3,1789506183.6246765,112834.8293786,59.949,56,2325,9001,292710111,0
matmul_tiny_loop_L0.5_r3,1789506183.673977,112834.8786933,59.949,56,2325,9001,292710111,0
matmul_tiny_loop_L0.5_r3,1789506183.7191918,112834.9239104,59.949,56,2325,9001,292724495,0
matmul_tiny_loop_L0.5_r3,1789506183.7699387,112834.9747296,59.949,56,2325,9001,292724495,0
matmul_tiny_loop_L0.5_r3,1789506183.8218138,112835.0265179,59.949,56,2325,9001,292738371,0
matmul_tiny_loop_L0.5_r3,1789506183.8728893,112835.0776146,59.949,56,2325,9001,292738371,0
matmul_tiny_loop_L0.5_r3,1789506183.9238942,112835.1287057,59.442,56,2325,9001,292755938,0
matmul_tiny_loop_L0.5_r3,1789506183.9747627,112835.1794564,59.442,56,2325,9001,292755938,0
matmul_tiny_loop_L5_r4,1789506186.0119374,112837.2181687,58.879,56,2325,9001,292891087,0
matmul_tiny_loop_L5_r4,1789506186.064874,112837.2696414,58.879,56,2325,9001,292891087,0
matmul_tiny_loop_L5_r4,1789506186.1160014,112837.3207919,58.879,56,2325,9001,292902400,0
matmul_tiny_loop_L5_r4,1789506186.1733787,112837.3781713,58.879,56,2325,9001,292902400,0
matmul_tiny_loop_L5_r4,1789506186.2159972,112837.4208524,58.879,56,2325,9001,292916977,0
matmul_tiny_loop_L5_r4,1789506186.2674544,112837.4722634,58.879,56,2325,9001,292916977,0
matmul_tiny_loop_L5_r4,1789506186.3186707,112837.5234429,58.879,56,2325,9001,292929219,0
matmul_tiny_loop_L5_r4,1789506186.3702178,112837.5749976,58.879,56,2325,9001,292929219,0
matmul_tiny_loop_L5_r4,1789506186.421453,112837.6261994,59.149,56,2325,9001,292943797,0
matmul_tiny_loop_L5_r4,1789506186.469354,112837.6741773,59.149,56,2325,9001,292943797,0
matmul_tiny_loop_L5_r4,1789506186.5221353,112837.7269474,59.149,56,2325,9001,292960130,0
matmul_tiny_loop_L5_r4,1789506186.5690925,112837.773879,59.149,56,2325,9001,292960130,0
matmul_tiny_loop_L5_r4,1789506186.619195,112837.8238809,59.149,56,2325,9001,292976148,0
matmul_tiny_loop_L5_r4,1789506186.6701415,112837.8751159,59.149,56,2325,9001,292976148,0
matmul_tiny_loop_L5_r4,1789506186.7188673,112837.9236096,59.149,56,2325,9001,292992132,0
matmul_tiny_loop_L5_r4,1789506186.7708006,112837.9756355,59.149,56,2325,9001,292992132,0
matmul_tiny_loop_L5_r4,1789506186.822347,112838.0271788,59.149,56,2325,9001,293007069,0
matmul_tiny_loop_L5_r4,1789506186.8633025,112838.0681945,59.149,56,2325,9001,293007069,0
matmul_tiny_loop_L5_r4,1789506186.9146855,112838.1193596,60.061,56,2325,9001,293023312,0
matmul_tiny_loop_L5_r4,1789506186.9656637,112838.1704081,60.061,56,2325,9001,293023312,0
matmul_tiny_loop_L5_r4,1789506187.0231428,112838.2278951,60.061,56,2325,9001,293034428,0
matmul_tiny_loop_L5_r4,1789506187.0739317,112838.2788948,60.061,56,2325,9001,293034428,0
matmul_tiny_loop_L5_r4,1789506187.1300626,112838.3355405,60.061,56,2325,9001,293049641,0
matmul_tiny_loop_L5_r4,1789506187.176772,112838.3825641,60.061,56,2325,9001,293049641,0
matmul_tiny_loop_L5_r4,1789506187.3090155,112838.514643,60.061,56,2325,9001,293073695,0
matmul_tiny_loop_L5_r4,1789506187.3090155,112838.5164506,60.061,56,2325,9001,293073695,0
matmul_tiny_loop_L5_r4,1789506187.3776577,112838.5825775,60.061,56,2325,9001,293073695,0
matmul_tiny_loop_L5_r4,1789506187.4221928,112838.6287215,59.815,56,2325,9001,293090143,0
matmul_tiny_loop_L5_r4,1789506187.484787,112838.6908062,59.815,56,2325,9001,293090143,0
matmul_tiny_loop_L5_r4,1789506187.518686,112838.723984,59.815,56,2325,9001,293101793,0
matmul_tiny_loop_L5_r4,1789506187.5648549,112838.7695921,59.815,56,2325,9001,293101793,0
matmul_tiny_loop_L5_r4,1789506187.6182144,112838.8238898,59.815,56,2325,9001,293115717,0
matmul_tiny_loop_L5_r4,1789506187.6695313,112838.8742894,59.815,56,2325,9001,293115717,0
matmul_tiny_loop_L5_r4,1789506187.7186503,112838.9233299,59.815,56,2325,9001,293131384,0
matmul_tiny_loop_L5_r4,1789506187.7698102,112838.9746157,59.815,56,2325,9001,293131384,0
matmul_tiny_loop_L5_r4,1789506187.8217897,112839.0282589,59.815,56,2325,9001,293145848,0
matmul_tiny_loop_L5_r4,1789506187.8644087,112839.0690834,59.815,56,2325,9001,293145848,0
matmul_tiny_loop_L5_r4,1789506187.9214919,112839.1264194,59.433,56,2325,9001,293157604,0
matmul_tiny_loop_L5_r4,1789506187.9619129,112839.1667996,59.433,56,2325,9001,293157604,0
matmul_tiny_loop_L5_r4,1789506188.015935,112839.2207161,59.433,56,2325,9001,293180305,0
matmul_tiny_loop_L5_r4,1789506188.0716033,112839.278235,59.433,56,2325,9001,293180305,0
matmul_tiny_loop_L5_r4,1789506188.1229608,112839.3280439,59.433,56,2325,9001,293196694,0
matmul_tiny_loop_L5_r4,1789506188.1654484,112839.3701212,59.433,56,2325,9001,293196694,0
matmul_tiny_loop_L5_r4,1789506188.2280495,112839.433918,59.433,56,2325,9001,293208361,0
matmul_tiny_loop_L5_r4,1789506188.3300538,112839.5355215,59.433,56,2325,9001,293218247,0
matmul_tiny_loop_L5_r4,1789506188.332059,112839.5368573,59.433,56,2325,9001,293218247,0
matmul_tiny_loop_L5_r4,1789506188.3944206,112839.5992589,59.566,56,2325,9001,293218247,0
matmul_tiny_loop_L5_r4,1789506188.4322243,112839.6371067,59.566,56,2325,9001,293235942,0
matmul_tiny_loop_L5_r4,1789506188.4874086,112839.6932837,59.566,56,2325,9001,293235942,0
matmul_tiny_loop_L5_r4,1789506188.5365303,112839.7416081,59.566,56,2325,9001,293251303,0
matmul_tiny_loop_L5_r4,1789506188.5851443,112839.7898532,59.566,56,2325,9001,293251303,0
matmul_tiny_loop_L5_r4,1789506188.6416652,112839.8466275,59.566,56,2325,9001,293267976,0
matmul_tiny_loop_L5_r4,1789506188.6901553,112839.8949079,59.566,56,2325,9001,293267976,0
matmul_tiny_loop_L5_r4,1789506188.7406404,112839.9455006,59.566,56,2325,9001,293289373,0
matmul_tiny_loop_L5_r4,1789506188.7935278,112839.9984744,59.566,56,2325,9001,293289373,0
matmul_tiny_loop_L5_r4,1789506188.8903337,112840.0950105,59.566,56,2325,9001,293311500,0
matmul_tiny_loop_L5_r4,1789506188.8903337,112840.0957258,59.566,56,2325,9001,293311500,0
matmul_tiny_loop_L5_r4,1789506188.9430568,112840.1488995,59.721,56,2325,9001,293322226,0
matmul_tiny_loop_L5_r4,1789506189.017065,112840.2218207,59.721,56,2325,9001,293330981,0
matmul_tiny_loop_L5_r4,1789506189.0433102,112840.2482084,59.721,56,2325,9001,293330981,0
matmul_tiny_loop_L5_r4,1789506189.0960147,112840.3007171,59.721,56,2325,9001,293330981,0
matmul_tiny_loop_L5_r4,1789506189.147561,112840.3522617,59.721,56,2325,9001,293351863,0
matmul_tiny_loop_L5_r4,1789506189.196238,112840.4009758,59.721,56,2325,9001,293351863,0
matmul_tiny_loop_L5_r4,1789506189.2501938,112840.4550221,59.721,56,2325,9001,293368585,0
matmul_tiny_loop_L5_r4,1789506189.3187113,112840.5242181,59.721,56,2325,9001,293379027,0
matmul_tiny_loop_L5_r4,1789506189.3509939,112840.555925,59.721,56,2325,9001,293379027,0
matmul_tiny_loop_L5_r4,1789506189.3911028,112840.5966886,59.721,56,2325,9001,293379027,0
matmul_tiny_loop_L5_r4,1789506189.4512634,112840.656123,59.575,56,2325,9001,293401299,0
matmul_tiny_loop_L5_r4,1789506189.6120157,112840.8169572,59.575,56,2325,9001,293418006,0
matmul_tiny_loop_L5_r4,1789506189.6129174,112840.8177333,59.575,56,2325,9001,293418006,0
matmul_tiny_loop_L5_r4,1789506189.710843,112840.9166524,59.575,56,2325,9001,293426646,0
matmul_tiny_loop_L5_r4,1789506189.7123492,112840.9180907,59.575,56,2325,9001,293426646,0
matmul_tiny_loop_L5_r4,1789506189.7686255,112840.9734076,59.575,56,2325,9001,293426646,0
matmul_tiny_loop_L5_r4,1789506189.8307796,112841.0365896,59.575,56,2325,9001,293438363,0
matmul_tiny_loop_L5_r4,1789506189.8691022,112841.0739386,59.575,56,2325,9001,293438363,0
matmul_tiny_loop_L5_r4,1789506189.919979,112841.1249312,59.303,56,2325,9001,293454151,0
matmul_tiny_loop_L5_r4,1789506189.968224,112841.1730789,59.303,56,2325,9001,293454151,0
matmul_tiny_loop_L5_r4,1789506190.0160692,112841.220767,59.303,56,2325,9001,293469680,0
matmul_tiny_loop_L5_r4,1789506190.0656173,112841.2703863,59.303,56,2325,9001,293469680,0
matmul_tiny_loop_L5_r4,1789506190.1173685,112841.3221333,59.303,56,2325,9001,293483117,0
matmul_tiny_loop_L5_r4,1789506190.1674438,112841.3723162,59.303,56,2325,9001,293483117,0
matmul_tiny_loop_L5_r4,1789506190.2247458,112841.4297615,59.303,56,2325,9001,293496759,0
matmul_tiny_loop_L5_r4,1789506190.2766032,112841.4822299,59.303,56,2325,9001,293496759,0
matmul_tiny_loop_L5_r4,1789506190.316418,112841.5212096,59.303,56,2325,9001,293514201,0
matmul_tiny_loop_L5_r4,1789506190.3703399,112841.5750253,59.303,56,2325,9001,293514201,0
matmul_tiny_loop_L5_r4,1789506190.422414,112841.6271149,59.543,56,2325,9001,293528463,0
matmul_tiny_loop_L5_r4,1789506190.463609,112841.6684202,59.543,56,2325,9001,293528463,0
matmul_tiny_loop_L5_r4,1789506190.5182693,112841.7230282,59.543,56,2325,9001,293540198,0
matmul_tiny_loop_L5_r4,1789506190.5700197,112841.7748785,59.543,56,2325,9001,293540198,0
matmul_tiny_loop_L5_r4,1789506190.6188474,112841.8235975,59.543,56,2325,9001,293555234,0
matmul_tiny_loop_L1_r4,1789506192.6283467,112843.8347076,59.035,56,2325,9001,293682397,0
matmul_tiny_loop_L1_r4,1789506192.6859386,112843.8906272,59.035,56,2325,9001,293682397,0
matmul_tiny_loop_L1_r4,1789506192.7380624,112843.9431094,59.035,56,2325,9001,293696759,0
matmul_tiny_loop_L1_r4,1789506192.7863188,112843.9911075,59.035,56,2325,9001,293696759,0
matmul_tiny_loop_L1_r4,1789506192.8383977,112844.0432236,59.035,56,2325,9001,293714669,0
matmul_tiny_loop_L1_r4,1789506192.884483,112844.0892874,59.035,56,2325,9001,293714669,0
matmul_tiny_loop_L1_r4,1789506192.9359503,112844.1406789,59.169,56,2325,9001,293733194,0
matmul_tiny_loop_L1_r4,1789506192.9919658,112844.1966913,59.169,56,2325,9001,293733194,0
matmul_tiny_loop_L1_r4,1789506193.03927,112844.2440066,59.169,56,2325,9001,293752542,0
matmul_tiny_loop_L1_r4,1789506193.0802605,112844.2852575,59.169,56,2325,9001,293752542,0
matmul_tiny_loop_L1_r4,1789506193.3070765,112844.5129805,59.169,56,2325,9001,293791346,0
matmul_tiny_loop_L1_r4,1789506193.3070765,112844.5146768,59.169,56,2325,9001,293791346,0
matmul_tiny_loop_L1_r4,1789506193.3633664,112844.5680511,59.169,56,2325,9001,293791346,0
matmul_tiny_loop_L1_r4,1789506193.414263,112844.619105,59.404,56,2325,9001,293801285,0
matmul_tiny_loop_L1_r4,1789506193.4668996,112844.6716485,59.404,56,2325,9001,293801285,0
matmul_tiny_loop_L1_r4,1789506193.5191402,112844.7238191,59.404,56,2325,9001,293815254,0
matmul_tiny_loop_L1_r4,1789506193.559568,112844.7650619,59.404,56,2325,9001,293815254,0
matmul_tiny_loop_L20_r1,1789506195.585976,112846.7911016,59.524,56,2325,9001,293960511,0
matmul_tiny_loop_L20_r1,1789506195.6554756,112846.8619813,59.524,56,2325,9001,293969892,0
matmul_tiny_loop_L20_r1,1789506195.6939101,112846.8988152,59.524,56,2325,9001,293969892,0
matmul_tiny_loop_L20_r1,1789506195.7383058,112846.9430261,59.524,56,2325,9001,293992641,0
matmul_tiny_loop_L20_r1,1789506195.8607366,112847.0667151,59.524,56,2325,9001,294008341,0
matmul_tiny_loop_L20_r1,1789506195.8656783,112847.0708993,59.524,56,2325,9001,294008341,0
matmul_tiny_loop_L20_r1,1789506195.979242,112847.1857818,59.51,56,2325,9001,294017994,0
matmul_tiny_loop_L20_r1,1789506195.985866,112847.1908938,59.51,56,2325,9001,294017994,0
matmul_tiny_loop_L20_r1,1789506196.0484235,112847.2531464,59.51,56,2325,9001,294028058,0
matmul_tiny_loop_L20_r1,1789506196.1074996,112847.3128704,59.51,56,2325,9001,294038502,0
matmul_tiny_loop_L20_r1,1789506196.141059,112847.3458162,59.51,56,2325,9001,294038502,0
matmul_tiny_loop_L20_r1,1789506196.2237778,112847.4291077,59.51,56,2325,9001,294047779,0
matmul_tiny_loop_L20_r1,1789506196.241903,112847.4467738,59.51,56,2325,9001,294047779,0
matmul_tiny_loop_L20_r1,1789506196.2924027,112847.4972186,59.51,56,2325,9001,294047779,0
matmul_tiny_loop_L20_r1,1789506196.3566685,112847.5616338,59.51,56,2325,9001,294066601,0
matmul_tiny_loop_L20_r1,1789506196.388851,112847.5950026,59.51,56,2325,9001,294066601,0
matmul_tiny_loop_L20_r1,1789506196.4426255,112847.6492383,59.273,56,2325,9001,294087281,0
matmul_tiny_loop_L20_r1,1789506196.4939606,112847.6989832,59.273,56,2325,9001,294087281,0
matmul_tiny_loop_L20_r1,1789506196.5448449,112847.7502623,59.273,56,2325,9001,294104142,0
matmul_tiny_loop_L20_r1,1789506196.6093495,112847.8159027,59.273,56,2325,9001,294113275,0
matmul_tiny_loop_L20_r1,1789506196.6427357,112847.8486035,59.273,56,2325,9001,294113275,0
matmul_tiny_loop_L20_r1,1789506196.695537,112847.9002726,59.273,56,2325,9001,294113275,0
matmul_tiny_loop_L20_r1,1789506196.7388756,112847.9436127,59.273,56,2325,9001,294133438,0
matmul_tiny_loop_L20_r1,1789506196.789774,112847.9945605,59.273,56,2325,9001,294133438,0
matmul_tiny_loop_L20_r1,1789506196.840573,112848.0452878,59.273,56,2325,9001,294155272,0
matmul_tiny_loop_L20_r1,1789506196.891364,112848.0960785,59.273,56,2325,9001,294155272,0
matmul_tiny_loop_L20_r1,1789506196.9424648,112848.1471426,59.024,56,2325,9001,294170480,0
matmul_tiny_loop_L20_r1,1789506196.989293,112848.1939739,59.024,56,2325,9001,294170480,0
matmul_tiny_loop_L20_r1,1789506197.036725,112848.2418911,59.024,56,2325,9001,294184723,0
matmul_tiny_loop_L20_r1,1789506197.091101,112848.2958617,59.024,56,2325,9001,294184723,0
matmul_tiny_loop_L20_r1,1789506197.143067,112848.3478057,59.024,56,2325,9001,294206685,0
matmul_tiny_loop_L20_r1,1789506197.1943614,112848.3990926,59.024,56,2325,9001,294206685,0
matmul_tiny_loop_L20_r1,1789506197.2460282,112848.4511609,59.024,56,2325,9001,294223744,0
matmul_tiny_loop_L20_r1,1789506197.2870853,112848.4918628,59.024,56,2325,9001,294223744,0
matmul_tiny_loop_L20_r1,1789506197.3385625,112848.5433876,59.024,56,2325,9001,294238013,0
matmul_tiny_loop_L20_r1,1789506197.3899426,112848.5946011,59.024,56,2325,9001,294238013,0
matmul_tiny_loop_L20_r1,1789506197.441083,112848.6457983,59.555,56,2325,9001,294260132,0
matmul_tiny_loop_L20_r1,1789506197.491123,112848.6959336,59.555,56,2325,9001,294260132,0
matmul_tiny_loop_L20_r1,1789506197.5385993,112848.7436987,59.555,56,2325,9001,294275546,0
matmul_tiny_loop_L20_r1,1789506197.589973,112848.7948791,59.555,56,2325,9001,294275546,0
matmul_tiny_loop_L20_r1,1789506197.645813,112848.8505072,59.555,56,2325,9001,294297814,0
matmul_tiny_loop_L20_r1,1789506197.6910062,112848.8957891,59.555,56,2325,9001,294297814,0
matmul_tiny_loop_L20_r1,1789506197.7395706,112848.9443308,59.555,56,2325,9001,294313716,0
matmul_tiny_loop_L20_r1,1789506197.7910104,112848.9957943,59.555,56,2325,9001,294313716,0
matmul_tiny_loop_L20_r1,1789506197.8449576,112849.0497568,59.555,56,2325,9001,294328840,0
matmul_tiny_loop_L20_r1,1789506197.8959017,112849.1006911,59.555,56,2325,9001,294328840,0
matmul_tiny_loop_L20_r1,1789506197.946073,112849.1508066,59.857,56,2325,9001,294347073,0
matmul_tiny_loop_L20_r1,1789506197.9862304,112849.1912895,59.857,56,2325,9001,294347073,0
matmul_tiny_loop_L20_r1,1789506198.0377202,112849.2424732,59.857,56,2325,9001,294360830,0
matmul_tiny_loop_L20_r1,1789506198.0928411,112849.2976641,59.857,56,2325,9001,294360830,0
matmul_tiny_loop_L20_r1,1789506198.1445599,112849.349369,59.857,56,2325,9001,294384272,0
matmul_tiny_loop_L20_r1,1789506198.1957638,112849.400521,59.857,56,2325,9001,294384272,0
matmul_tiny_loop_L20_r1,1789506198.2409546,112849.4459732,59.857,56,2325,9001,294402148,0
matmul_tiny_loop_L20_r1,1789506198.2931175,112849.4978094,59.857,56,2325,9001,294402148,0
matmul_tiny_loop_L20_r1,1789506198.3439765,112849.5489074,59.857,56,2325,9001,294418739,0
matmul_tiny_loop_L20_r1,1789506198.3946044,112849.5993731,59.857,56,2325,9001,294418739,0
matmul_tiny_loop_L20_r1,1789506198.4459567,112849.6507516,59.65,56,2325,9001,294435993,0
matmul_tiny_loop_L20_r1,1789506198.4901917,112849.6948756,59.65,56,2325,9001,294435993,0
matmul_tiny_loop_L20_r1,1789506198.5389092,112849.7436988,59.65,56,2325,9001,294451795,0
matmul_tiny_loop_L20_r1,1789506198.5856616,112849.7911055,59.65,56,2325,9001,294451795,0
matmul_tiny_loop_L20_r1,1789506198.641484,112849.8462194,59.65,56,2325,9001,294472320,0
matmul_tiny_loop_L20_r1,1789506198.6899526,112849.8946757,59.65,56,2325,9001,294472320,0
matmul_tiny_loop_L20_r1,1789506198.7389228,112849.9437454,59.65,56,2325,9001,294487185,0
matmul_tiny_loop_L20_r1,1789506198.789464,112849.9942682,59.65,56,2325,9001,294487185,0
matmul_tiny_loop_L20_r1,1789506198.835713,112850.0411277,59.65,56,2325,9001,294502130,0
matmul_tiny_loop_L20_r1,1789506198.8902676,112850.0949452,59.65,56,2325,9001,294502130,0
matmul_tiny_loop_L20_r1,1789506198.9369285,112850.1419268,59.097,56,2325,9001,294523453,0
matmul_tiny_loop_L20_r1,1789506198.9898646,112850.1946068,59.097,56,2325,9001,294523453,0
matmul_tiny_loop_L20_r1,1789506199.0376947,112850.2425797,59.097,56,2325,9001,294544708,0
matmul_tiny_loop_L20_r1,1789506199.091897,112850.2966402,59.097,56,2325,9001,294544708,0
matmul_tiny_loop_L20_r1,1789506199.1359508,112850.3414029,59.097,56,2325,9001,294567980,0
matmul_tiny_loop_L20_r1,1789506199.1958306,112850.4005638,59.097,56,2325,9001,294567980,0
matmul_tiny_loop_L20_r1,1789506199.2377336,112850.4424726,59.097,56,2325,9001,294591867,0
matmul_tiny_loop_L20_r1,1789506199.289212,112850.4938927,59.097,56,2325,9001,294591867,0
matmul_tiny_loop_L20_r1,1789506199.3407693,112850.545572,59.097,56,2325,9001,294613758,0
matmul_tiny_loop_L20_r1,1789506199.3922055,112850.5969389,59.097,56,2325,9001,294613758,0
matmul_tiny_loop_L20_r1,1789506199.4436035,112850.6483041,59.15,56,2325,9001,294629904,0
matmul_tiny_loop_L20_r1,1789506199.4940054,112850.6988541,59.15,56,2325,9001,294629904,0
matmul_tiny_loop_L20_r1,1789506199.5392525,112850.743947,59.15,56,2325,9001,294646940,0
matmul_tiny_loop_L20_r1,1789506199.5857441,112850.7912824,59.15,56,2325,9001,294646940,0
matmul_tiny_loop_L20_r1,1789506199.6364584,112850.8411464,59.15,56,2325,9001,294659999,0
matmul_tiny_loop_L20_r1,1789506199.6942081,112850.8989328,59.15,56,2325,9001,294659999,0
matmul_tiny_loop_L20_r1,1789506199.7404642,112850.9451733,59.15,56,2325,9001,294683848,0
matmul_tiny_loop_L20_r1,1789506199.793781,112850.9984937,59.15,56,2325,9001,294683848,0
matmul_tiny_loop_L20_r1,1789506199.8460543,112851.0508076,59.15,56,2325,9001,294700904,0
matmul_tiny_loop_L20_r1,1789506199.887611,112851.0923439,59.15,56,2325,9001,294700904,0
matmul_tiny_loop_L20_r1,1789506199.939061,112851.1439476,59.331,56,2325,9001,294715433,0
matmul_tiny_loop_L20_r1,1789506199.9903667,112851.1951169,59.331,56,2325,9001,294715433,0
matmul_tiny_loop_L20_r1,1789506200.037675,112851.2423821,59.331,56,2325,9001,294730638,0
matmul_tiny_loop_L20_r1,1789506200.0915012,112851.2961927,59.331,56,2325,9001,294730638,0
matmul_tiny_loop_L20_r1,1789506200.1442451,112851.3490533,59.331,56,2325,9001,294754006,0
matmul_tiny_loop_L20_r1,1789506200.1957216,112851.4004292,59.331,56,2325,9001,294754006,0
matmul_tiny_loop_L20_r1,1789506200.2371862,112851.4419733,59.331,56,2325,9001,294772432,0
matmul_tiny_loop_L20_r1,1789506200.2857966,112851.4913844,59.331,56,2325,9001,294772432,0
matmul_tiny_loop_L20_r1,1789506200.3361015,112851.5411493,59.331,56,2325,9001,294793066,0
matmul_tiny_loop_L20_r1,1789506200.387296,112851.5919693,59.331,56,2325,9001,294793066,0
matmul_tiny_loop_L20_r1,1789506200.4388347,112851.6435678,59.508,56,2325,9001,294813064,0
matmul_tiny_loop_L20_r1,1789506200.4940457,112851.6988471,59.508,56,2325,9001,294813064,0
matmul_tiny_loop_L20_r1,1789506200.5394428,112851.7441306,59.508,56,2325,9001,294830431,0
matmul_tiny_loop_L20_r1,1789506200.5904899,112851.7952548,59.508,56,2325,9001,294830431,0
matmul_tiny_loop_L20_r1,1789506200.6417127,112851.8463832,59.508,56,2325,9001,294845981,0
matmul_tiny_loop_L20_r1,1789506200.6940842,112851.8988304,59.508,56,2325,9001,294845981,0
matmul_tiny_loop_L20_r1,1789506200.739262,112851.9440029,59.508,56,2325,9001,294863331,0
matmul_tiny_loop_L20_r1,1789506200.7908435,112851.9956044,59.508,56,2325,9001,294863331,0
matmul_tiny_loop_L20_r1,1789506200.8368785,112852.0415625,59.508,56,2325,9001,294878974,0
matmul_tiny_loop_L20_r1,1789506200.8881028,112852.0928848,59.508,56,2325,9001,294878974,0
matmul_tiny_loop_L20_r1,1789506200.939369,112852.1440695,59.737,56,2325,9001,294900207,0
matmul_tiny_loop_L20_r1,1789506200.99082,112852.1955005,59.737,56,2325,9001,294900207,0
matmul_tiny_loop_L20_r1,1789506201.0418777,112852.2468036,59.737,56,2325,9001,294916121,0
matmul_tiny_loop_L20_r1,1789506201.086848,112852.2917606,59.737,56,2325,9001,294916121,0
matmul_tiny_loop_L20_r1,1789506201.1384106,112852.3431691,59.737,56,2325,9001,294929591,0
matmul_tiny_loop_L20_r1,1789506201.1919494,112852.3966493,59.737,56,2325,9001,294929591,0
matmul_tiny_loop_L20_r1,1789506201.2436178,112852.4484476,59.737,56,2325,9001,294945674,0
matmul_tiny_loop_L20_r1,1789506201.295128,112852.499935,59.737,56,2325,9001,294945674,0
matmul_tiny_loop_L20_r1,1789506201.358022,112852.5627223,59.737,56,2325,9001,294963761,0
matmul_tiny_loop_L20_r1,1789506201.3890252,112852.5937876,59.737,56,2325,9001,294963761,0
matmul_tiny_loop_L20_r1,1789506201.440637,112852.6454072,59.168,56,2325,9001,294986013,0
matmul_tiny_loop_L20_r1,1789506201.4940903,112852.6988162,59.168,56,2325,9001,294986013,0
matmul_tiny_loop_L20_r1,1789506201.5396545,112852.7444319,59.168,56,2325,9001,295003470,0
matmul_tiny_loop_L20_r1,1789506201.5939748,112852.7986824,59.168,56,2325,9001,295003470,0
matmul_tiny_loop_L20_r1,1789506201.6390345,112852.8437125,59.168,56,2325,9001,295020984,0
matmul_tiny_loop_L20_r1,1789506201.749537,112852.9542548,59.168,56,2325,9001,295029835,0
matmul_tiny_loop_L20_r1,1789506201.749537,112852.9550967,59.168,56,2325,9001,295029835,0
matmul_tiny_loop_L20_r1,1789506201.8151803,112853.0200005,59.168,56,2325,9001,295042074,0
matmul_tiny_loop_L20_r1,1789506201.8599873,112853.0652119,59.168,56,2325,9001,295042074,0
matmul_tiny_loop_L20_r1,1789506201.908585,112853.1132344,58.872,56,2325,9001,295057166,0
matmul_tiny_loop_L20_r1,1789506201.9588013,112853.1635821,58.872,56,2325,9001,295057166,0
matmul_tiny_loop_L20_r1,1789506202.0089018,112853.215075,58.872,56,2325,9001,295067446,0
matmul_tiny_loop_L20_r1,1789506202.0765924,112853.2818738,58.872,56,2325,9001,295067446,0
matmul_tiny_loop_L20_r1,1789506202.1078415,112853.3129948,58.872,56,2325,9001,295086785,0
matmul_tiny_loop_L20_r1,1789506202.1600041,112853.3657048,58.872,56,2325,9001,295086785,0
matmul_tiny_loop_L20_r1,1789506202.2802727,112853.4861508,58.872,56,2325,9001,295097115,0
matmul_tiny_loop_L20_r1,1789506202.2822812,112853.4890214,58.872,56,2325,9001,295097115,0
matmul_tiny_loop_L20_r1,1789506202.336927,112853.5418117,58.872,56,2325,9001,295106650,0
matmul_tiny_loop_L20_r1,1789506202.4016097,112853.6078192,59.246,56,2325,9001,295122739,0
matmul_tiny_loop_L20_r1,1789506202.4352837,112853.640008,59.246,56,2325,9001,295122739,0
matmul_tiny_loop_L20_r1,1789506202.5219069,112853.7281595,59.246,56,2325,9001,295138395,0
matmul_tiny_loop_L20_r1,1789506202.5421376,112853.7469541,59.246,56,2325,9001,295138395,0
matmul_tiny_loop_L20_r1,1789506202.5897553,112853.7944863,59.246,56,2325,9001,295138395,0
matmul_tiny_loop_L20_r1,1789506202.639408,112853.8452001,59.246,56,2325,9001,295156609,0
matmul_tiny_loop_L20_r1,1789506202.685927,112853.8905628,59.246,56,2325,9001,295156609,0
matmul_tiny_loop_L20_r1,1789506202.8015788,112854.0072799,59.246,56,2325,9001,295175640,0
matmul_tiny_loop_L20_r1,1789506202.805589,112854.0107996,59.246,56,2325,9001,295175640,0
matmul_tiny_loop_L20_r1,1789506202.885786,112854.0921185,59.246,56,2325,9001,295175640,0
matmul_tiny_loop_L20_r1,1789506202.9088469,112854.1143334,59.157,56,2325,9001,295188502,0
matmul_tiny_loop_L20_r1,1789506202.9679923,112854.1739715,59.157,56,2325,9001,295188502,0
matmul_tiny_loop_L20_r1,1789506203.0134728,112854.2181922,59.157,56,2325,9001,295202788,0
matmul_tiny_loop_L20_r1,1789506203.0685558,112854.273462,59.157,56,2325,9001,295202788,0
matmul_tiny_loop_L20_r1,1789506203.1096985,112854.3144788,59.157,56,2325,9001,295219513,0
matmul_tiny_loop_L20_r1,1789506203.161333,112854.3661364,59.157,56,2325,9001,295219513,0
matmul_tiny_loop_L20_r1,1789506203.2137938,112854.4185218,59.157,56,2325,9001,295230702,0
matmul_tiny_loop_L20_r1,1789506203.2622223,112854.4668993,59.157,56,2325,9001,295230702,0
matmul_tiny_loop_L20_r1,1789506203.3063533,112854.511536,59.157,56,2325,9001,295244541,0
matmul_tiny_loop_L20_r1,1789506203.358745,112854.5634348,59.157,56,2325,9001,295244541,0
matmul_tiny_loop_L20_r1,1789506203.409732,112854.6145595,59.133,56,2325,9001,295254287,0
matmul_tiny_loop_L20_r1,1789506203.4680452,112854.6727594,59.133,56,2325,9001,295254287,0
matmul_tiny_loop_L20_r1,1789506203.508364,112854.7130648,59.133,56,2325,9001,295269008,0
matmul_tiny_loop_L20_r1,1789506203.5588424,112854.764768,59.133,56,2325,9001,295269008,0
matmul_tiny_loop_L20_r1,1789506203.7542336,112854.9597641,59.133,56,2325,9001,295285355,0
matmul_tiny_loop_L20_r1,1789506203.7562337,112854.9616766,59.133,56,2325,9001,295285355,0
matmul_tiny_loop_L20_r1,1789506203.873157,112855.0787192,59.133,56,2325,9001,295301437,0
matmul_tiny_loop_L20_r1,1789506203.873157,112855.0794848,59.133,56,2325,9001,295301437,0
matmul_tiny_loop_L20_r1,1789506203.9679704,112855.1744125,58.945,55,2325,9001,295316522,0
matmul_tiny_loop_L20_r1,1789506203.9977467,112855.2033754,58.945,55,2325,9001,295329093,0
matmul_tiny_loop_L20_r1,1789506204.0260644,112855.2320554,58.945,55,2325,9001,295329093,0
matmul_tiny_loop_L20_r1,1789506204.078581,112855.2832694,58.945,55,2325,9001,295329093,0
matmul_tiny_loop_L20_r1,1789506204.1302574,112855.3351918,58.945,55,2325,9001,295344014,0
matmul_tiny_loop_L20_r1,1789506204.181689,112855.3864698,58.945,55,2325,9001,295344014,0
matmul_tiny_loop_L20_r1,1789506204.232516,112855.4372694,58.945,55,2325,9001,295359344,0
matmul_tiny_loop_L20_r1,1789506204.2761917,112855.4808744,58.945,55,2325,9001,295359344,0
matmul_tiny_loop_L20_r1,1789506204.3275213,112855.5321955,58.945,55,2325,9001,295383715,0
matmul_tiny_loop_L20_r1,1789506204.3786514,112855.5833988,58.945,55,2325,9001,295383715,0
matmul_tiny_loop_L20_r1,1789506204.4300811,112855.6351494,59.221,56,2325,9001,295397535,0
matmul_tiny_loop_L20_r1,1789506204.477344,112855.6822528,59.221,56,2325,9001,295397535,0
matmul_tiny_loop_L20_r1,1789506204.5313108,112855.7361601,59.221,56,2325,9001,295413565,0
matmul_tiny_loop_L20_r1,1789506204.5808077,112855.7855628,59.221,56,2325,9001,295413565,0
matmul_tiny_loop_L20_r1,1789506204.6286974,112855.8334815,59.221,56,2325,9001,295429459,0
matmul_tiny_loop_L20_r1,1789506204.6827319,112855.8874549,59.221,56,2325,9001,295429459,0
matmul_tiny_loop_L20_r1,1789506204.729105,112855.9338744,59.221,56,2325,9001,295444872,0
matmul_tiny_loop_L20_r1,1789506204.7848947,112855.9896802,59.221,56,2325,9001,295444872,0
matmul_tiny_loop_L20_r1,1789506204.8270843,112856.0317985,59.221,56,2325,9001,295460707,0
matmul_tiny_loop_L20_r1,1789506204.8781404,112856.0828289,59.221,56,2325,9001,295460707,0
matmul_tiny_loop_L20_r1,1789506204.9298382,112856.1345325,59.321,55,2325,9001,295475030,0
matmul_tiny_loop_L20_r1,1789506204.9813123,112856.1860715,59.321,55,2325,9001,295475030,0
matmul_tiny_loop_L20_r1,1789506205.0322022,112856.2369586,59.321,55,2325,9001,295489994,0
matmul_tiny_loop_L20_r1,1789506205.0801332,112856.2850753,59.321,55,2325,9001,295489994,0
matmul_tiny_loop_L20_r1,1789506205.1366813,112856.3421152,59.321,55,2325,9001,295507007,0
matmul_tiny_loop_L20_r1,1789506205.181142,112856.3858994,59.321,55,2325,9001,295507007,0
matmul_tiny_loop_L20_r1,1789506205.2391198,112856.444741,59.321,55,2325,9001,295518735,0
matmul_tiny_loop_L20_r1,1789506205.2772105,112856.4822261,59.321,55,2325,9001,295518735,0
matmul_tiny_loop_L20_r1,1789506205.3327749,112856.5374764,59.321,55,2325,9001,295530504,0
matmul_tiny_loop_L20_r1,1789506205.3846557,112856.5894782,59.321,55,2325,9001,295530504,0
matmul_tiny_loop_L20_r1,1789506205.4258373,112856.6306375,59.383,55,2325,9001,295548373,0
matmul_tiny_loop_L20_r1,1789506205.4813864,112856.6861997,59.383,55,2325,9001,295548373,0
matmul_tiny_loop_L20_r1,1789506205.529269,112856.7339786,59.383,55,2325,9001,295562080,0
matmul_tiny_loop_L20_r1,1789506205.581343,112856.7860453,59.383,55,2325,9001,295562080,0
matmul_tiny_loop_L20_r1,1789506205.629259,112856.8340575,59.383,55,2325,9001,295576798,0
matmul_tiny_loop_L20_r1,1789506205.6772833,112856.8819512,59.383,55,2325,9001,295576798,0
matmul_tiny_loop_L20_r1,1789506205.729514,112856.934233,59.383,55,2325,9001,295592196,0
matmul_tiny_loop_L20_r1,1789506205.781261,112856.9861994,59.383,55,2325,9001,295592196,0
matmul_tiny_loop_L20_r1,1789506205.8325586,112857.0374895,59.383,55,2325,9001,295607205,0
matmul_tiny_loop_L20_r1,1789506205.8830626,112857.0881407,59.383,55,2325,9001,295607205,0
matmul_tiny_loop_L20_r1,1789506206.0059881,112857.2122716,59.199,55,2325,9001,295631537,0
matmul_tiny_loop_L20_r1,1789506206.0079925,112857.2141284,59.199,55,2325,9001,295631537,0
matmul_tiny_loop_L20_r1,1789506206.13517,112857.3402335,59.199,55,2325,9001,295641037,0
matmul_tiny_loop_L20_r1,1789506206.1426024,112857.3482011,59.199,55,2325,9001,295641037,0
matmul_tiny_loop_L20_r1,1789506206.2387595,112857.4441414,59.199,55,2325,9001,295650693,0
matmul_tiny_loop_L20_r1,1789506206.246522,112857.45288,59.199,55,2325,9001,295650693,0
matmul_tiny_loop_L20_r1,1789506206.2951238,112857.5007962,59.199,55,2325,9001,295650693,0
matmul_tiny_loop_L20_r1,1789506206.3611302,112857.5661771,59.199,55,2325,9001,295673204,0
matmul_tiny_loop_L20_r1,1789506206.4012887,112857.6060623,59.022,55,2325,9001,295682007,0
matmul_tiny_loop_L20_r1,1789506206.443509,112857.6494617,59.022,55,2325,9001,295682007,0
matmul_tiny_loop_L20_r1,1789506206.5058925,112857.7116301,59.022,55,2325,9001,295692592,0
matmul_tiny_loop_L20_r1,1789506206.6066215,112857.8121373,59.022,55,2325,9001,295699799,0
matmul_tiny_loop_L20_r1,1789506206.6082947,112857.8137159,59.022,55,2325,9001,295699799,0
matmul_tiny_loop_L20_r1,1789506206.722866,112857.927924,59.022,55,2325,9001,295709244,0
matmul_tiny_loop_L20_r1,1789506206.724294,112857.9291516,59.022,55,2325,9001,295709244,0
matmul_tiny_loop_L20_r1,1789506206.7808254,112857.9861079,59.022,55,2325,9001,295709244,0
matmul_tiny_loop_L20_r1,1789506206.8419719,112858.0482014,59.022,55,2325,9001,295721914,0
matmul_tiny_loop_L20_r1,1789506206.898285,112858.1030356,59.022,55,2325,9001,295731700,0
matmul_tiny_loop_L20_r1,1789506206.946805,112858.1527479,59.082,55,2325,9001,295731700,0
matmul_tiny_loop_L20_r1,1789506206.9797041,112858.1844227,59.082,55,2325,9001,295731700,0
matmul_tiny_loop_L20_r1,1789506207.0331986,112858.2378653,59.082,55,2325,9001,295747319,0
matmul_tiny_loop_L20_r1,1789506207.0812945,112858.2859703,59.082,55,2325,9001,295747319,0
matmul_tiny_loop_L20_r1,1789506207.12719,112858.331975,59.082,55,2325,9001,295765204,0
matmul_tiny_loop_L20_r1,1789506207.173213,112858.379417,59.082,55,2325,9001,295765204,0
matmul_tiny_loop_L20_r1,1789506207.2893183,112858.495118,59.082,55,2325,9001,295786792,0
matmul_tiny_loop_L20_r1,1789506207.2893183,112858.4958984,59.082,55,2325,9001,295786792,0
matmul_tiny_loop_L20_r1,1789506207.346318,112858.5511132,59.082,55,2325,9001,295800543,0
matmul_tiny_loop_L20_r1,1789506207.3965428,112858.6014983,59.082,55,2325,9001,295800543,0
matmul_tiny_loop_L20_r1,1789506207.4526675,112858.6577315,58.953,55,2325,9001,295815477,0
matmul_tiny_loop_L20_r1,1789506207.6367912,112858.8414376,58.953,55,2325,9001,295836360,0
matmul_tiny_loop_L20_r1,1789506207.6392572,112858.8476762,58.953,55,2325,9001,295836360,0
matmul_tiny_loop_L20_r1,1789506207.6937435,112858.8985263,58.953,55,2325,9001,295836360,0
matmul_tiny_loop_L20_r1,1789506207.7469184,112858.9527911,58.953,55,2325,9001,295855503,0
matmul_tiny_loop_L20_r1,1789506207.797813,112859.0026318,58.953,55,2325,9001,295867761,0
matmul_tiny_loop_L20_r1,1789506207.8489788,112859.053846,58.953,55,2325,9001,295867761,0
matmul_tiny_loop_L20_r1,1789506207.9004986,112859.1051803,58.999,55,2325,9001,295881025,0
matmul_tiny_loop_L20_r1,1789506207.951803,112859.1566647,58.999,55,2325,9001,295881025,0
matmul_tiny_loop_L20_r1,1789506208.0033853,112859.2082539,58.999,55,2325,9001,295895901,0
matmul_tiny_loop_L20_r1,1789506208.0480397,112859.2527848,58.999,55,2325,9001,295895901,0
matmul_tiny_loop_L20_r1,1789506208.10178,112859.3065438,58.999,55,2325,9001,295908681,0
matmul_tiny_loop_L20_r1,1789506208.1540508,112859.3587624,58.999,55,2325,9001,295908681,0
matmul_tiny_loop_L20_r1,1789506208.194584,112859.3993439,58.999,55,2325,9001,295908681,0
matmul_tiny_loop_L20_r1,1789506208.2568762,112859.4616368,58.999,55,2325,9001,295934909,0
matmul_tiny_loop_L20_r1,1789506208.2979364,112859.5027036,58.999,55,2325,9001,295943542,0
matmul_tiny_loop_L20_r1,1789506208.3494236,112859.5541612,58.999,55,2325,9001,295943542,0
matmul_tiny_loop_L20_r1,1789506208.401344,112859.6060794,59.078,55,2325,9001,295957351,0
matmul_tiny_loop_L20_r1,1789506208.4518647,112859.6566077,59.078,55,2325,9001,295957351,0
matmul_tiny_loop_L20_r1,1789506208.5092127,112859.7139612,59.078,55,2325,9001,295972403,0
matmul_tiny_loop_L20_r1,1789506208.550526,112859.7551972,59.078,55,2325,9001,295972403,0
matmul_tiny_loop_L20_r1,1789506208.5988145,112859.8035641,59.078,55,2325,9001,295988791,0
matmul_tiny_loop_L20_r1,1789506208.6483138,112859.8529857,59.078,55,2325,9001,295988791,0
matmul_tiny_loop_L20_r1,1789506208.6952384,112859.8999825,59.078,55,2325,9001,295988791,0
matmul_tiny_loop_L20_r1,1789506208.750343,112859.9551637,59.078,55,2325,9001,296011881,0
matmul_tiny_loop_L20_r1,1789506208.8015585,112860.006524,59.078,55,2325,9001,296025632,0
matmul_tiny_loop_L20_r1,1789506208.8521156,112860.0567996,59.078,55,2325,9001,296025632,0
matmul_tiny_loop_L20_r1,1789506208.8928192,112860.0980492,59.078,55,2325,9001,296025632,0
matmul_tiny_loop_L20_r1,1789506208.9425297,112860.1480802,59.17,55,2325,9001,296050006,0
matmul_tiny_loop_L20_r1,1789506208.99334,112860.19814,59.17,55,2325,9001,296050006,0
matmul_tiny_loop_L20_r1,1789506209.0448394,112860.2495961,59.17,55,2325,9001,296069333,0
matmul_tiny_loop_L20_r1,1789506209.1024227,112860.3071693,59.17,55,2325,9001,296080009,0
matmul_tiny_loop_L20_r1,1789506209.1443067,112860.3502176,59.17,55,2325,9001,296080009,0
matmul_tiny_loop_L20_r1,1789506209.1941023,112860.39874,59.17,55,2325,9001,296080009,0
matmul_tiny_loop_L20_r1,1789506209.252299,112860.4571977,59.17,55,2325,9001,296101313,0
matmul_tiny_loop_L20_r1,1789506209.2991006,112860.5044737,59.17,55,2325,9001,296115914,0
matmul_tiny_loop_L20_r1,1789506209.345217,112860.5500413,59.17,55,2325,9001,296115914,0
matmul_tiny_loop_L20_r1,1789506209.3942928,112860.5993226,59.17,55,2325,9001,296115914,0
matmul_tiny_loop_L20_r1,1789506209.4477692,112860.6530297,58.523,55,2325,9001,296137552,0
matmul_tiny_loop_L20_r1,1789506209.4979038,112860.7026645,58.523,55,2325,9001,296150052,0
matmul_tiny_loop_L20_r1,1789506209.5460672,112860.750757,58.523,55,2325,9001,296150052,0
matmul_tiny_loop_L20_r1,1789506209.5938668,112860.798518,58.523,55,2325,9001,296150052,0
matmul_tiny_loop_L20_r1,1789506209.6475987,112860.8522796,58.523,55,2325,9001,296171714,0
matmul_tiny_loop_L20_r1,1789506209.7082436,112860.9130471,58.523,55,2325,9001,296183931,0
matmul_tiny_loop_L20_r1,1789506209.7489257,112860.9536083,58.523,55,2325,9001,296183931,0
matmul_tiny_loop_L20_r1,1789506209.8007255,112861.0054821,58.523,55,2325,9001,296199443,0
matmul_tiny_loop_L20_r1,1789506209.8510091,112861.0557586,58.523,55,2325,9001,296199443,0
matmul_tiny_loop_L20_r1,1789506209.8970032,112861.1016586,58.523,55,2325,9001,296214254,0
matmul_tiny_loop_L20_r1,1789506209.9461417,112861.1509426,58.612,55,2325,9001,296214254,0
matmul_tiny_loop_L20_r1,1789506209.9982405,112861.2029625,58.612,55,2325,9001,296226678,0
matmul_tiny_loop_L20_r1,1789506210.0483525,112861.2530393,58.612,55,2325,9001,296226678,0
matmul_tiny_loop_L20_r1,1789506210.095803,112861.3005745,58.612,55,2325,9001,296226678,0
matmul_tiny_loop_L20_r1,1789506210.1475992,112861.3523033,58.612,55,2325,9001,296243626,0
matmul_tiny_loop_L20_r1,1789506210.1944869,112861.3992309,58.612,55,2325,9001,296243626,0
matmul_tiny_loop_L20_r1,1789506210.244052,112861.4488648,58.612,55,2325,9001,296265979,0
matmul_tiny_loop_L20_r1,1789506210.2953625,112861.5001455,58.612,55,2325,9001,296265979,0
matmul_tiny_loop_L20_r1,1789506210.3470962,112861.5518058,58.612,55,2325,9001,296280230,0
matmul_tiny_loop_L20_r1,1789506210.3966823,112861.6014648,58.612,55,2325,9001,296292147,0
matmul_tiny_loop_L20_r1,1789506210.4474552,112861.6521143,59.254,55,2325,9001,296292147,0
matmul_tiny_loop_L20_r1,1789506210.4986732,112861.7034899,59.254,55,2325,9001,296305223,0
matmul_tiny_loop_L20_r1,1789506210.5489004,112861.7536444,59.254,55,2325,9001,296305223,0
matmul_tiny_loop_L20_r1,1789506210.5939848,112861.7988664,59.254,55,2325,9001,296305223,0
matmul_tiny_loop_L20_r1,1789506210.6505575,112861.8552834,59.254,55,2325,9001,296329045,0
matmul_tiny_loop_L20_r1,1789506210.6952052,112861.9000065,59.254,55,2325,9001,296329045,0
matmul_tiny_loop_L20_r1,1789506210.7511322,112861.9558614,59.254,55,2325,9001,296346750,0
matmul_tiny_loop_L20_r1,1789506210.7928398,112861.9977046,59.254,55,2325,9001,296346750,0
matmul_tiny_loop_L20_r1,1789506210.844313,112862.0490357,59.254,55,2325,9001,296370273,0
matmul_tiny_loop_L20_r1,1789506210.9020712,112862.1068461,58.855,55,2310,9001,296381062,1
matmul_tiny_loop_L20_r1,1789506210.9429862,112862.1478917,58.855,55,2310,9001,296381062,1
matmul_tiny_loop_L20_r1,1789506210.9946682,112862.1993883,58.855,55,2310,9001,296381062,1
matmul_tiny_loop_L20_r1,1789506211.0457783,112862.2504969,58.855,55,2310,9001,296402544,1
matmul_tiny_loop_L20_r1,1789506211.0959163,112862.3006282,58.855,55,2310,9001,296402544,1
matmul_tiny_loop_L20_r1,1789506211.1475039,112862.3522135,58.855,55,2310,9001,296417858,1
matmul_tiny_loop_L20_r1,1789506211.2011712,112862.4059603,58.855,55,2310,9001,296430247,1
matmul_tiny_loop_L20_r1,1789506211.2428195,112862.4482209,58.855,55,2310,9001,296430247,1
matmul_tiny_loop_L20_r1,1789506211.294688,112862.4993964,58.855,55,2310,9001,296430247,1
matmul_tiny_loop_L20_r1,1789506211.3454294,112862.5502069,58.855,55,2310,9001,296451341,1
matmul_tiny_loop_L20_r1,1789506211.3970437,112862.6017127,58.855,55,2310,9001,296462587,1
matmul_tiny_loop_L20_r1,1789506211.4516654,112862.6563563,58.849,55,2325,9001,296462587,0
matmul_tiny_loop_L20_r1,1789506211.5084877,112862.7132351,58.849,55,2325,9001,296477390,0
matmul_tiny_loop_L20_r1,1789506211.5487835,112862.7535703,58.849,55,2325,9001,296477390,0
matmul_tiny_loop_L20_r1,1789506211.6093516,112862.8141338,58.849,55,2325,9001,296493517,0
matmul_tiny_loop_L20_r1,1789506211.6510909,112862.8558643,58.849,55,2325,9001,296493517,0
matmul_tiny_loop_L20_r1,1789506211.697973,112862.902908,58.849,55,2325,9001,296511953,0
matmul_tiny_loop_L20_r1,1789506211.7430818,112862.9479338,58.849,55,2325,9001,296511953,0
matmul_tiny_loop_L20_r1,1789506211.7946622,112862.9994156,58.849,55,2325,9001,296511953,0
matmul_tiny_loop_L20_r1,1789506211.846927,112863.0516516,58.849,55,2325,9001,296533277,0
matmul_tiny_loop_L20_r1,1789506211.8984528,112863.103129,58.849,55,2325,9001,296545503,0
matmul_tiny_loop_L20_r1,1789506211.9498253,112863.1546016,58.92,55,2325,9001,296545503,0
matmul_tiny_loop_L20_r1,1789506212.0004368,112863.205274,58.92,55,2325,9001,296560098,0
matmul_tiny_loop_L20_r1,1789506212.0510979,112863.255844,58.92,55,2325,9001,296560098,0
matmul_tiny_loop_L20_r1,1789506212.1006248,112863.3055234,58.92,55,2325,9001,296575234,0
matmul_tiny_loop_L20_r1,1789506212.1514122,112863.3562052,58.92,55,2325,9001,296575234,0
matmul_tiny_loop_L20_r1,1789506212.2029371,112863.4077128,58.92,55,2325,9001,296590864,0
matmul_tiny_loop_L20_r1,1789506212.2485213,112863.453227,58.92,55,2325,9001,296590864,0
matmul_tiny_loop_L20_r1,1789506212.2989485,112863.503662,58.92,55,2325,9001,296605467,0
matmul_tiny_loop_L20_r1,1789506212.3501358,112863.554949,58.92,55,2325,9001,296605467,0
matmul_tiny_loop_L20_r1,1789506212.401806,112863.6065127,59.202,55,2325,9001,296620019,0
matmul_tiny_loop_L20_r1,1789506212.443451,112863.6486869,59.202,55,2325,9001,296620019,0
matmul_tiny_loop_L20_r1,1789506212.497903,112863.7026806,59.202,55,2325,9001,296631343,0
matmul_tiny_loop_L20_r1,1789506212.5495784,112863.7543411,59.202,55,2325,9001,296631343,0
matmul_tiny_loop_L20_r1,1789506212.5940266,112863.7988133,59.202,55,2325,9001,296631343,0
matmul_tiny_loop_L20_r1,1789506212.6506884,112863.8553681,59.202,55,2325,9001,296656495,0
matmul_tiny_loop_L20_r1,1789506212.698096,112863.9030927,59.202,55,2325,9001,296670764,0
matmul_tiny_loop_L20_r1,1789506212.752077,112863.9567468,59.202,55,2325,9001,296670764,0
matmul_tiny_loop_L20_r1,1789506212.8048847,112864.0110852,59.202,55,2325,9001,296686213,0
matmul_tiny_loop_L20_r1,1789506212.8437526,112864.0495465,59.202,55,2325,9001,296686213,0
matmul_tiny_loop_L20_r1,1789506212.9058478,112864.1113088,59.267,55,2325,9001,296700495,0
matmul_tiny_loop_L20_r1,1789506212.9497545,112864.1545265,59.267,55,2325,9001,296700495,0
matmul_tiny_loop_L20_r1,1789506212.9937327,112864.1984958,59.267,55,2325,9001,296700495,0
matmul_tiny_loop_L20_r1,1789506213.0461395,112864.2509179,59.267,55,2325,9001,296726942,0
matmul_tiny_loop_L20_r1,1789506213.100313,112864.3068319,59.267,55,2325,9001,296738974,0
matmul_tiny_loop_L20_r1,1789506213.6070275,112864.8119556,58.818,55,2325,9001,296769437,0
matmul_tiny_loop_L20_r1,1789506213.608038,112864.8126829,58.818,55,2325,9001,296769437,0
matmul_tiny_loop_L20_r1,1789506213.6654463,112864.8702004,58.818,55,2325,9001,296769437,0
matmul_tiny_loop_L20_r1,1789506213.7076626,112864.913022,58.818,55,2325,9001,296785238,0
matmul_tiny_loop_L20_r1,1789506213.7640247,112864.9687745,58.818,55,2325,9001,296785238,0
matmul_tiny_loop_L20_r1,1789506213.8110106,112865.0159636,58.818,55,2325,9001,296799536,0
matmul_tiny_loop_L20_r1,1789506213.8630931,112865.0678886,58.818,55,2325,9001,296799536,0
matmul_tiny_loop_L20_r1,1789506213.914189,112865.1189961,58.582,55,2325,9001,296816117,0
matmul_tiny_loop_L20_r1,1789506213.9657815,112865.1704675,58.582,55,2325,9001,296816117,0
matmul_tiny_loop_L20_r1,1789506214.017045,112865.2218969,58.582,55,2325,9001,296834702,0
matmul_tiny_loop_L20_r1,1789506214.0583022,112865.26334,58.582,55,2325,9001,296834702,0
matmul_tiny_loop_L20_r1,1789506214.1135278,112865.3183297,58.582,55,2325,9001,296846508,0
matmul_tiny_loop_L20_r1,1789506214.1659758,112865.3707269,58.582,55,2325,9001,296846508,0
matmul_tiny_loop_L20_r1,1789506214.2178109,112865.422551,58.582,55,2325,9001,296865033,0
matmul_tiny_loop_L20_r1,1789506214.258964,112865.4637346,58.582,55,2325,9001,296865033,0
matmul_tiny_loop_L20_r1,1789506214.309873,112865.5146214,58.582,55,2325,9001,296876740,0
matmul_tiny_loop_L20_r1,1789506214.3612032,112865.5659598,58.582,55,2325,9001,296876740,0
matmul_tiny_loop_L20_r1,1789506214.4122403,112865.6169356,58.827,55,2325,9001,296890738,0
matmul_tiny_loop_L20_r1,1789506214.4648535,112865.6695582,58.827,55,2325,9001,296890738,0
matmul_tiny_loop_L20_r1,1789506214.508152,112865.7133039,58.827,55,2325,9001,296908638,0
matmul_tiny_loop_L20_r1,1789506214.5592275,112865.7640279,58.827,55,2325,9001,296908638,0
matmul_tiny_loop_L20_r1,1789506214.608498,112865.8133353,58.827,55,2325,9001,296921188,0
matmul_tiny_loop_L10_r2,1789506216.6386743,112867.8497301,59.412,55,2325,9001,297047381,0
matmul_tiny_loop_L10_r2,1789506216.6960719,112867.9009003,59.412,55,2325,9001,297059908,0
matmul_tiny_loop_L10_r2,1789506216.7543254,112867.9590196,59.412,55,2325,9001,297059908,0
matmul_tiny_loop_L10_r2,1789506216.7959247,112868.0007261,59.412,55,2325,9001,297069372,0
matmul_tiny_loop_L10_r2,1789506216.8479133,112868.0526076,59.412,55,2325,9001,297069372,0
matmul_tiny_loop_L10_r2,1789506216.8994277,112868.1043465,59.412,55,2325,9001,297083397,0
matmul_tiny_loop_L10_r2,1789506216.9508636,112868.1556556,59.426,55,2325,9001,297083397,0
matmul_tiny_loop_L10_r2,1789506217.0021317,112868.2068326,59.426,55,2325,9001,297099048,0
matmul_tiny_loop_L10_r2,1789506217.053952,112868.2586449,59.426,55,2325,9001,297099048,0
matmul_tiny_loop_L10_r2,1789506217.1022518,112868.3070748,59.426,55,2325,9001,297109551,0
matmul_tiny_loop_L10_r2,1789506217.1471162,112868.3518234,59.426,55,2325,9001,297109551,0
matmul_tiny_loop_L10_r2,1789506217.1993792,112868.4040398,59.426,55,2325,9001,297123271,0
matmul_tiny_loop_L10_r2,1789506217.2538538,112868.4588253,59.426,55,2325,9001,297123271,0
matmul_tiny_loop_L10_r2,1789506217.295754,112868.5005416,59.426,55,2325,9001,297132956,0
matmul_tiny_loop_L10_r2,1789506217.3472795,112868.5519998,59.426,55,2325,9001,297132956,0
matmul_tiny_loop_L10_r2,1789506217.3994527,112868.6042283,59.426,55,2325,9001,297146803,0
matmul_tiny_loop_L10_r2,1789506217.4510887,112868.655858,59.41,55,2325,9001,297146803,0
matmul_tiny_loop_L10_r2,1789506217.4961817,112868.7008653,59.41,55,2325,9001,297162672,0
matmul_tiny_loop_L10_r2,1789506217.5491138,112868.7538611,59.41,55,2325,9001,297162672,0
matmul_tiny_loop_L10_r2,1789506217.6095555,112868.8143194,59.41,55,2325,9001,297177989,0
matmul_tiny_loop_L10_r2,1789506217.6510353,112868.8558212,59.41,55,2325,9001,297177989,0
matmul_tiny_loop_L10_r2,1789506217.7079957,112868.9127827,59.41,55,2325,9001,297199070,0
matmul_tiny_loop_L10_r2,1789506217.7491472,112868.9539022,59.41,55,2325,9001,297199070,0
matmul_tiny_loop_L10_r2,1789506217.8018944,112869.0067016,59.41,55,2325,9001,297217288,0
matmul_tiny_loop_L10_r2,1789506217.8530483,112869.0578071,59.41,55,2325,9001,297217288,0
matmul_tiny_loop_L10_r2,1789506217.9042282,112869.1089712,59.636,55,2325,9001,297235362,0
matmul_tiny_loop_L10_r2,1789506217.9453754,112869.1501844,59.636,55,2325,9001,297235362,0
matmul_tiny_loop_L10_r2,1789506217.9973269,112869.2020547,59.636,55,2325,9001,297249427,0
matmul_tiny_loop_L10_r2,1789506218.0473871,112869.2521025,59.636,55,2325,9001,297249427,0
matmul_tiny_loop_L10_r2,1789506218.0950484,112869.2999586,59.636,55,2325,9001,297263202,0
matmul_tiny_loop_L10_r2,1789506218.1467478,112869.3515037,59.636,55,2325,9001,297263202,0
matmul_tiny_loop_L10_r2,1789506218.2032058,112869.4079992,59.636,55,2325,9001,297276894,0
matmul_tiny_loop_L10_r2,1789506218.2457857,112869.4505323,59.636,55,2325,9001,297276894,0
matmul_tiny_loop_L10_r2,1789506218.2970278,112869.5017525,59.636,55,2325,9001,297291808,0
matmul_tiny_loop_L10_r2,1789506218.3511598,112869.5559234,59.636,55,2325,9001,297291808,0
matmul_tiny_loop_L10_r2,1789506218.4024372,112869.6071682,59.636,55,2325,9001,297307727,0
matmul_tiny_loop_L10_r2,1789506218.4537373,112869.658538,59.715,55,2325,9001,297307727,0
matmul_tiny_loop_L10_r2,1789506218.4957814,112869.7005423,59.715,55,2325,9001,297318499,0
matmul_tiny_loop_L10_r2,1789506218.551798,112869.756596,59.715,55,2325,9001,297318499,0
matmul_tiny_loop_L10_r2,1789506218.601014,112869.8058271,59.715,55,2325,9001,297335127,0
matmul_tiny_loop_L10_r2,1789506218.6545231,112869.859269,59.715,55,2325,9001,297335127,0
matmul_tiny_loop_L10_r2,1789506218.6978626,112869.9028024,59.715,55,2325,9001,297345123,0
matmul_tiny_loop_L10_r2,1789506218.7529857,112869.9577095,59.715,55,2325,9001,297345123,0
matmul_tiny_loop_L10_r2,1789506218.8038592,112870.0085851,59.715,55,2325,9001,297354456,0
matmul_tiny_loop_L10_r2,1789506218.8462565,112870.0509706,59.715,55,2325,9001,297354456,0
matmul_tiny_loop_L10_r2,1789506218.8978117,112870.1026208,59.715,55,2325,9001,297370116,0
matmul_tiny_loop_L10_r2,1789506218.9498317,112870.1545837,59.224,55,2325,9001,297370116,0
matmul_tiny_loop_L10_r2,1789506219.0010357,112870.2057556,59.224,55,2325,9001,297385886,0
matmul_tiny_loop_L10_r2,1789506219.0525873,112870.2573921,59.224,55,2325,9001,297385886,0
matmul_tiny_loop_L10_r2,1789506219.0950718,112870.3001245,59.224,55,2325,9001,297403713,0
matmul_tiny_loop_L10_r2,1789506219.145202,112870.3505148,59.224,55,2325,9001,297403713,0
matmul_tiny_loop_L10_r2,1789506219.196273,112870.4013901,59.224,55,2325,9001,297417202,0
matmul_tiny_loop_L10_r2,1789506219.2462957,112870.4510253,59.224,55,2325,9001,297417202,0
matmul_tiny_loop_L10_r2,1789506219.2965233,112870.5012882,59.224,55,2325,9001,297430808,0
matmul_tiny_loop_L10_r2,1789506219.3473804,112870.5521685,59.224,55,2325,9001,297430808,0
matmul_tiny_loop_L10_r2,1789506219.3995304,112870.6042045,59.224,55,2325,9001,297445346,0
matmul_tiny_loop_L10_r2,1789506219.4504817,112870.6551634,59.571,55,2325,9001,297445346,0
matmul_tiny_loop_L10_r2,1789506219.4998984,112870.7048887,59.571,55,2325,9001,297461400,0
matmul_tiny_loop_L10_r2,1789506219.5513387,112870.7560622,59.571,55,2325,9001,297461400,0
matmul_tiny_loop_L10_r2,1789506219.6078959,112870.8125587,59.571,55,2325,9001,297478450,0
matmul_tiny_loop_L10_r2,1789506219.6492603,112870.8540311,59.571,55,2325,9001,297478450,0
matmul_tiny_loop_L10_r2,1789506219.6989875,112870.9037748,59.571,55,2325,9001,297497776,0
matmul_tiny_loop_L10_r2,1789506219.7510457,112870.9557974,59.571,55,2325,9001,297497776,0
matmul_tiny_loop_L10_r2,1789506219.80155,112871.0064003,59.571,55,2325,9001,297514347,0
matmul_tiny_loop_L10_r2,1789506219.853297,112871.0580383,59.571,55,2325,9001,297514347,0
matmul_tiny_loop_L10_r2,1789506219.9085793,112871.1133488,59.95,55,2325,9001,297524611,0
matmul_tiny_loop_L10_r2,1789506219.9467158,112871.1527309,59.95,55,2325,9001,297524611,0
matmul_tiny_loop_L10_r2,1789506220.0035641,112871.2082706,59.95,55,2325,9001,297543197,0
matmul_tiny_loop_L10_r2,1789506220.0545285,112871.2599979,59.95,55,2325,9001,297543197,0
matmul_tiny_loop_L10_r2,1789506220.1043901,112871.3110234,59.95,55,2325,9001,297554246,0
matmul_tiny_loop_L10_r2,1789506220.1608493,112871.3663087,59.95,55,2325,9001,297554246,0
matmul_tiny_loop_L10_r2,1789506220.2051635,112871.410833,59.95,55,2325,9001,297568274,0
matmul_tiny_loop_L10_r2,1789506220.2854707,112871.4910269,59.95,55,2325,9001,297568274,0
matmul_tiny_loop_L10_r2,1789506220.3054495,112871.5109311,59.95,55,2325,9001,297586187,0
matmul_tiny_loop_L10_r2,1789506220.3456595,112871.5504546,59.95,55,2325,9001,297586187,0
matmul_tiny_loop_L10_r2,1789506220.3989992,112871.6046188,59.95,55,2325,9001,297602553,0
matmul_tiny_loop_L10_r2,1789506220.4518743,112871.6565202,59.447,55,2325,9001,297602553,0
matmul_tiny_loop_L10_r2,1789506220.49909,112871.7040602,59.447,55,2325,9001,297619655,0
matmul_tiny_loop_L10_r2,1789506220.5503633,112871.7550849,59.447,55,2325,9001,297619655,0
matmul_tiny_loop_L10_r2,1789506220.594702,112871.7998114,59.447,55,2325,9001,297635883,0
matmul_tiny_loop_L10_r2,1789506220.6466658,112871.8513364,59.447,55,2325,9001,297635883,0
matmul_tiny_loop_L10_r2,1789506220.7002828,112871.9049674,59.447,55,2325,9001,297649679,0
matmul_tiny_loop_L10_r2,1789506220.7488813,112871.9536146,59.447,55,2325,9001,297649679,0
matmul_tiny_loop_L10_r2,1789506220.8005416,112872.0053437,59.447,55,2325,9001,297666199,0
matmul_tiny_loop_L10_r2,1789506220.8517659,112872.0564621,59.447,55,2325,9001,297666199,0
matmul_tiny_loop_L10_r2,1789506220.9026444,112872.1073832,59.447,55,2325,9001,297684099,0
matmul_tiny_loop_L10_r2,1789506220.9562821,112872.1609877,59.043,55,2325,9001,297684099,0
matmul_tiny_loop_L10_r2,1789506220.9956684,112872.2003903,59.043,55,2325,9001,297694409,0
matmul_tiny_loop_L10_r2,1789506221.0473356,112872.2521666,59.043,55,2325,9001,297694409,0
matmul_tiny_loop_L10_r2,1789506221.0995781,112872.3042652,59.043,55,2325,9001,297708767,0
matmul_tiny_loop_L10_r2,1789506221.1454256,112872.3502111,59.043,55,2325,9001,297708767,0
matmul_tiny_loop_L10_r2,1789506221.1970797,112872.4017749,59.043,55,2325,9001,297722465,0
matmul_tiny_loop_L10_r2,1789506221.24893,112872.453633,59.043,55,2325,9001,297722465,0
matmul_tiny_loop_L10_r2,1789506221.300473,112872.5052119,59.043,55,2325,9001,297737566,0
matmul_tiny_loop_L10_r2,1789506221.3519921,112872.5566828,59.043,55,2325,9001,297737566,0
matmul_tiny_loop_L10_r2,1789506221.4033215,112872.6080497,59.043,55,2325,9001,297754342,0
matmul_tiny_loop_L10_r2,1789506221.444843,112872.6498051,58.861,55,2325,9001,297754342,0
matmul_tiny_loop_L10_r2,1789506221.4960585,112872.7007357,58.861,55,2325,9001,297770196,0
matmul_tiny_loop_L10_r2,1789506221.5496294,112872.7545294,58.861,55,2325,9001,297770196,0
matmul_tiny_loop_L10_r2,1789506221.6010494,112872.8058401,58.861,55,2325,9001,297786373,0
matmul_tiny_loop_L10_r2,1789506221.6474524,112872.8526502,58.861,55,2325,9001,297786373,0
matmul_tiny_loop_L10_r2,1789506221.7081487,112872.9128962,58.861,55,2325,9001,297802531,0
matmul_tiny_loop_L10_r2,1789506221.7497504,112872.9544763,58.861,55,2325,9001,297802531,0
matmul_tiny_loop_L10_r2,1789506221.800854,112873.005646,58.861,55,2325,9001,297822250,0
matmul_tiny_loop_L10_r2,1789506221.8525717,112873.0572676,58.861,55,2325,9001,297822250,0
matmul_tiny_loop_L10_r2,1789506221.9038591,112873.108583,59.13,55,2325,9001,297832534,0
matmul_tiny_loop_L10_r2,1789506221.954775,112873.1599349,59.13,55,2325,9001,297832534,0
matmul_tiny_loop_L10_r2,1789506221.9953022,112873.1999923,59.13,55,2325,9001,297843560,0
matmul_tiny_loop_L10_r2,1789506222.0771105,112873.2825867,59.13,55,2325,9001,297843560,0
matmul_tiny_loop_L10_r2,1789506222.110267,112873.3162614,59.13,55,2325,9001,297853208,0
matmul_tiny_loop_L10_r2,1789506222.1519608,112873.3568429,59.13,55,2325,9001,297853208,0
matmul_tiny_loop_L10_r2,1789506222.2101898,112873.4155723,59.13,55,2325,9001,297868435,0
matmul_tiny_loop_L10_r2,1789506222.246787,112873.4525645,59.13,55,2325,9001,297868435,0
matmul_tiny_loop_L10_r2,1789506222.2971852,112873.5027097,59.13,55,2325,9001,297889352,0
matmul_tiny_loop_L10_r2,1789506222.3477132,112873.5528791,59.13,55,2325,9001,297889352,0
matmul_tiny_loop_L10_r2,1789506222.4147232,112873.6195556,59.171,55,2325,9001,297904779,0
matmul_tiny_loop_L10_r2,1789506222.4548118,112873.6595434,59.171,55,2325,9001,297904779,0
matmul_tiny_loop_L10_r2,1789506222.511669,112873.7169163,59.171,55,2325,9001,297916489,0
matmul_tiny_loop_L10_r2,1789506222.5539644,112873.7586932,59.171,55,2325,9001,297916489,0
matmul_tiny_loop_L10_r2,1789506222.597764,112873.8025563,59.171,55,2325,9001,297929871,0
matmul_tiny_loop_L10_r2,1789506222.6539187,112873.8586169,59.171,55,2325,9001,297929871,0
matmul_tiny_loop_L10_r2,1789506222.7081637,112873.9129016,59.171,55,2325,9001,297939356,0
matmul_tiny_loop_L10_r2,1789506222.7492485,112873.9540049,59.171,55,2325,9001,297939356,0
matmul_tiny_loop_L10_r2,1789506222.800991,112874.0058597,59.171,55,2325,9001,297959227,0
matmul_tiny_loop_L10_r2,1789506222.8529308,112874.0577581,59.171,55,2325,9001,297959227,0
matmul_tiny_loop_L10_r2,1789506222.9032795,112874.1080975,59.171,55,2325,9001,297970119,0
matmul_tiny_loop_L10_r2,1789506222.9450235,112874.1502989,59.307,55,2325,9001,297970119,0
matmul_tiny_loop_L10_r2,1789506222.9997354,112874.2044388,59.307,55,2325,9001,297985574,0
matmul_tiny_loop_L10_r2,1789506223.0438414,112874.2502022,59.307,55,2325,9001,297985574,0
matmul_tiny_loop_L10_r2,1789506223.1033633,112874.3083582,59.307,55,2325,9001,298000340,0
matmul_tiny_loop_L10_r2,1789506223.1495044,112874.3542773,59.307,55,2325,9001,298000340,0
matmul_tiny_loop_L10_r2,1789506223.2009103,112874.4056055,59.307,55,2325,9001,298018182,0
matmul_tiny_loop_L10_r2,1789506223.251658,112874.4564304,59.307,55,2325,9001,298018182,0
matmul_tiny_loop_L10_r2,1789506223.3030372,112874.5077299,59.307,55,2325,9001,298029028,0
matmul_tiny_loop_L10_r2,1789506223.3544369,112874.559313,59.307,55,2325,9001,298029028,0
matmul_tiny_loop_L10_r2,1789506223.3955684,112874.600448,59.307,55,2325,9001,298039889,0
matmul_tiny_loop_L10_r2,1789506223.4470103,112874.6517103,59.299,55,2325,9001,298039889,0
matmul_tiny_loop_L10_r2,1789506223.501009,112874.7057966,59.299,55,2325,9001,298054717,0
matmul_tiny_loop_L10_r2,1789506223.547311,112874.7520032,59.299,55,2325,9001,298054717,0
matmul_tiny_loop_L10_r2,1789506223.617412,112874.822238,59.299,55,2325,9001,298070222,0
matmul_tiny_loop_L10_r2,1789506223.6482334,112874.8529129,59.299,55,2325,9001,298070222,0
matmul_tiny_loop_L10_r2,1789506223.694514,112874.9000249,59.299,55,2325,9001,298088835,0
matmul_tiny_loop_L10_r2,1789506223.750083,112874.9548731,59.299,55,2325,9001,298088835,0
matmul_tiny_loop_L10_r2,1789506223.7988462,112875.0040095,59.299,55,2325,9001,298105583,0
matmul_tiny_loop_L10_r2,1789506223.8524897,112875.0572926,59.299,55,2325,9001,298105583,0
matmul_tiny_loop_L10_r2,1789506223.9038997,112875.1086448,59.299,55,2325,9001,298115706,0
matmul_tiny_loop_L10_r2,1789506223.9446158,112875.1499333,59.431,55,2325,9001,298115706,0
matmul_tiny_loop_L10_r2,1789506223.996436,112875.2011501,59.431,55,2325,9001,298131275,0
matmul_tiny_loop_L10_r2,1789506224.0546043,112875.2610278,59.431,55,2325,9001,298131275,0
matmul_tiny_loop_L10_r2,1789506224.1070275,112875.3119868,59.431,55,2325,9001,298140998,0
matmul_tiny_loop_L10_r2,1789506224.1639755,112875.3693646,59.431,55,2325,9001,298140998,0
matmul_tiny_loop_L10_r2,1789506224.2014449,112875.4062128,59.431,55,2325,9001,298158656,0
matmul_tiny_loop_L10_r2,1789506224.252105,112875.4567714,59.431,55,2325,9001,298158656,0
matmul_tiny_loop_L10_r2,1789506224.3031693,112875.507925,59.431,55,2325,9001,298169593,0
matmul_tiny_loop_L10_r2,1789506224.3536704,112875.558427,59.431,55,2325,9001,298169593,0
matmul_tiny_loop_L10_r2,1789506224.4043753,112875.6090634,59.431,55,2325,9001,298180483,0
matmul_tiny_loop_L10_r2,1789506224.4449172,112875.6499304,59.244,55,2325,9001,298180483,0
matmul_tiny_loop_L10_r2,1789506224.4976907,112875.7024779,59.244,55,2325,9001,298197350,0
matmul_tiny_loop_L10_r2,1789506224.5494125,112875.7541225,59.244,55,2325,9001,298197350,0
matmul_tiny_loop_L10_r2,1789506224.6040382,112875.8088114,59.244,55,2325,9001,298213771,0
matmul_tiny_loop_L10_r2,1789506224.6460485,112875.850773,59.244,55,2325,9001,298213771,0
matmul_tiny_loop_L10_r2,1789506224.7024648,112875.9073669,59.244,55,2325,9001,298231765,0
matmul_tiny_loop_L10_r2,1789506224.7530227,112875.9577952,59.244,55,2325,9001,298231765,0
matmul_tiny_loop_L10_r2,1789506224.804608,112876.0094032,59.244,55,2325,9001,298242728,0
matmul_tiny_loop_L10_r2,1789506224.8460276,112876.0507356,59.244,55,2325,9001,298242728,0
matmul_tiny_loop_L10_r2,1789506224.8965473,112876.1012325,59.244,55,2325,9001,298260990,0
matmul_tiny_loop_L10_r2,1789506224.946794,112876.151718,59.186,55,2325,9001,298260990,0
matmul_tiny_loop_L10_r2,1789506225.009372,112876.2152445,59.186,55,2325,9001,298276306,0
matmul_tiny_loop_L10_r2,1789506225.1016188,112876.3067251,59.186,55,2325,9001,298289082,0
matmul_tiny_loop_L10_r2,1789506225.1016188,112876.3079697,59.186,55,2325,9001,298289082,0
matmul_tiny_loop_L10_r2,1789506225.158455,112876.3632044,59.186,55,2325,9001,298289082,0
matmul_tiny_loop_L10_r2,1789506225.2102258,112876.4149318,59.186,55,2325,9001,298301110,0
matmul_tiny_loop_L10_r2,1789506225.2585025,112876.4632925,59.186,55,2325,9001,298301110,0
matmul_tiny_loop_L10_r2,1789506225.3092082,112876.5140074,59.186,55,2325,9001,298318525,0
matmul_tiny_loop_L10_r2,1789506225.385977,112876.5910594,59.186,55,2325,9001,298318525,0
matmul_tiny_loop_L10_r2,1789506225.4044118,112876.6110379,58.989,55,2325,9001,298338379,0
matmul_tiny_loop_L10_r2,1789506225.4608943,112876.6669556,58.989,55,2325,9001,298338379,0
matmul_tiny_loop_L10_r2,1789506225.7550144,112876.9605776,58.989,55,2325,9001,298367628,0
matmul_tiny_loop_L10_r2,1789506225.7570148,112876.9618549,58.989,55,2325,9001,298367628,0
matmul_tiny_loop_L10_r2,1789506225.810439,112877.015153,58.989,55,2325,9001,298377107,0
matmul_tiny_loop_L10_r2,1789506225.8640926,112877.0692421,58.989,55,2325,9001,298377107,0
matmul_tiny_loop_L20_r4,1789506227.9032204,112879.1103044,59.058,55,2325,9001,298517756,0
matmul_tiny_loop_L20_r4,1789506227.9586167,112879.1633157,59.232,55,2325,9001,298517756,0
matmul_tiny_loop_L20_r4,1789506228.0096285,112879.2143535,59.232,55,2325,9001,298533165,0
matmul_tiny_loop_L20_r4,1789506228.0605674,112879.2652975,59.232,55,2325,9001,298533165,0
matmul_tiny_loop_L20_r4,1789506228.1123667,112879.3171283,59.232,55,2325,9001,298552275,0
matmul_tiny_loop_L20_r4,1789506228.1600177,112879.3647786,59.232,55,2325,9001,298552275,0
matmul_tiny_loop_L20_r4,1789506228.2111652,112879.4159484,59.232,55,2325,9001,298566536,0
matmul_tiny_loop_L20_r4,1789506228.262195,112879.4671296,59.232,55,2325,9001,298566536,0
matmul_tiny_loop_L20_r4,1789506228.313328,112879.518142,59.232,55,2325,9001,298581973,0
matmul_tiny_loop_L20_r4,1789506228.3650937,112879.5698462,59.232,55,2325,9001,298581973,0
matmul_tiny_loop_L20_r4,1789506228.4072006,112879.611949,59.585,55,2325,9001,298600780,0
matmul_tiny_loop_L20_r4,1789506228.4579196,112879.6627531,59.585,55,2325,9001,298600780,0
matmul_tiny_loop_L20_r4,1789506228.508085,112879.7128123,59.585,55,2325,9001,298616742,0
matmul_tiny_loop_L20_r4,1789506228.55923,112879.7640693,59.585,55,2325,9001,298616742,0
matmul_tiny_loop_L20_r4,1789506228.6081355,112879.8129067,59.585,55,2325,9001,298633240,0
matmul_tiny_loop_L20_r4,1789506228.6597712,112879.8645651,59.585,55,2325,9001,298633240,0
matmul_tiny_loop_L20_r4,1789506228.7060242,112879.9107402,59.585,55,2325,9001,298651141,0
matmul_tiny_loop_L20_r4,1789506228.7645464,112879.9698733,59.585,55,2325,9001,298651141,0
matmul_tiny_loop_L20_r4,1789506228.8114543,112880.0162859,59.585,55,2325,9001,298669683,0
matmul_tiny_loop_L20_r4,1789506228.9217474,112880.1274137,59.193,55,2325,9001,298678466,0
matmul_tiny_loop_L20_r4,1789506228.9217474,112880.1283542,59.193,55,2325,9001,298678466,0
matmul_tiny_loop_L20_r4,1789506228.9798207,112880.1858336,59.193,55,2325,9001,298678466,0
matmul_tiny_loop_L20_r4,1789506229.1101427,112880.3161398,59.193,55,2325,9001,298703359,0
matmul_tiny_loop_L20_r4,1789506229.1161609,112880.3217267,59.193,55,2325,9001,298703359,0
matmul_tiny_loop_L20_r4,1789506229.2228155,112880.42844,59.193,55,2325,9001,298712838,0
matmul_tiny_loop_L20_r4,1789506229.2228155,112880.42999,59.193,55,2325,9001,298712838,0
matmul_tiny_loop_L20_r4,1789506229.281125,112880.48607,59.193,55,2325,9001,298712838,0
matmul_tiny_loop_L20_r4,1789506229.3312447,112880.5359686,59.193,55,2325,9001,298733491,0
matmul_tiny_loop_L20_r4,1789506229.4295003,112880.6360548,59.001,55,2325,9001,298742346,0
matmul_tiny_loop_L20_r4,1789506229.4361463,112880.6410263,59.001,55,2325,9001,298742346,0
matmul_tiny_loop_L20_r4,1789506229.4876502,112880.6941436,59.001,55,2325,9001,298742346,0
matmul_tiny_loop_L20_r4,1789506229.5473666,112880.7525865,59.001,55,2325,9001,298762496,0
matmul_tiny_loop_L20_r4,1789506229.6020238,112880.8067745,59.001,55,2325,9001,298777811,0
matmul_tiny_loop_L20_r4,1789506229.6395948,112880.8443027,59.001,55,2325,9001,298777811,0
matmul_tiny_loop_L20_r4,1789506229.6901824,112880.8949991,59.001,55,2325,9001,298777811,0
matmul_tiny_loop_L20_r4,1789506229.7393467,112880.944216,59.001,55,2325,9001,298796350,0
matmul_tiny_loop_L20_r4,1789506229.8073459,112881.0130865,59.001,55,2325,9001,298807362,0
matmul_tiny_loop_L20_r4,1789506229.8510485,112881.0565919,59.001,55,2325,9001,298807362,0
matmul_tiny_loop_L20_r4,1789506229.88947,112881.094181,59.001,55,2325,9001,298807362,0
matmul_tiny_loop_L20_r4,1789506229.9402251,112881.145075,58.903,55,2325,9001,298833480,0
matmul_tiny_loop_L20_r4,1789506229.988972,112881.1936697,58.903,55,2325,9001,298833480,0
matmul_tiny_loop_L20_r4,1789506230.044379,112881.2491754,58.903,55,2325,9001,298855683,0
matmul_tiny_loop_L20_r4,1789506230.095144,112881.2999639,58.903,55,2325,9001,298869832,0
matmul_tiny_loop_L20_r4,1789506230.1388927,112881.3438139,58.903,55,2325,9001,298869832,0
matmul_tiny_loop_L20_r4,1789506230.1897006,112881.3943782,58.903,55,2325,9001,298869832,0
matmul_tiny_loop_L20_r4,1789506230.2409298,112881.4456986,58.903,55,2325,9001,298885100,0
matmul_tiny_loop_L20_r4,1789506230.2929764,112881.4976896,58.903,55,2325,9001,298897093,0
matmul_tiny_loop_L20_r4,1789506230.3448198,112881.549622,58.903,55,2325,9001,298897093,0
matmul_tiny_loop_L20_r4,1789506230.3862114,112881.5913511,58.903,55,2325,9001,298897093,0
matmul_tiny_loop_L20_r4,1789506230.4380198,112881.642717,59.013,55,2325,9001,298920854,0
matmul_tiny_loop_L20_r4,1789506230.5080566,112881.7128249,59.013,55,2325,9001,298931273,0
matmul_tiny_loop_L20_r4,1789506230.542803,112881.7474971,59.013,55,2325,9001,298931273,0
matmul_tiny_loop_L20_r4,1789506230.5900636,112881.797326,59.013,55,2325,9001,298950217,0
matmul_tiny_loop_L20_r4,1789506230.6402414,112881.8449276,59.013,55,2325,9001,298950217,0
matmul_tiny_loop_L20_r4,1789506230.6905017,112881.8952541,59.013,55,2325,9001,298962225,0
matmul_tiny_loop_L20_r4,1789506230.7446637,112881.9493764,59.013,55,2325,9001,298962225,0
matmul_tiny_loop_L20_r4,1789506230.7859569,112881.991164,59.013,55,2325,9001,298962225,0
matmul_tiny_loop_L20_r4,1789506230.8451838,112882.0499425,59.013,55,2325,9001,298986220,0
matmul_tiny_loop_L20_r4,1789506230.886347,112882.091738,59.013,55,2325,9001,298986220,0
matmul_tiny_loop_L20_r4,1789506230.937759,112882.1424956,59.291,55,2325,9001,299010245,0
matmul_tiny_loop_L20_r4,1789506230.9884417,112882.1931378,59.291,55,2325,9001,299010245,0
matmul_tiny_loop_L20_r4,1789506231.044022,112882.2487763,59.291,55,2325,9001,299030920,0
matmul_tiny_loop_L20_r4,1789506231.0925095,112882.2972026,59.291,55,2325,9001,299044844,0
matmul_tiny_loop_L20_r4,1789506231.1392171,112882.3438974,59.291,55,2325,9001,299044844,0
matmul_tiny_loop_L20_r4,1789506231.1934578,112882.3983566,59.291,55,2325,9001,299056410,0
matmul_tiny_loop_L20_r4,1789506231.2456448,112882.4504052,59.291,55,2325,9001,299056410,0
matmul_tiny_loop_L20_r4,1789506231.2866373,112882.491422,59.291,55,2325,9001,299056410,0
matmul_tiny_loop_L20_r4,1789506231.3383408,112882.543043,59.291,55,2325,9001,299080817,0
matmul_tiny_loop_L20_r4,1789506231.3892276,112882.5939776,59.291,55,2325,9001,299080817,0
matmul_tiny_loop_L20_r4,1789506231.4406185,112882.6454124,58.677,55,2325,9001,299095127,0
matmul_tiny_loop_L20_r4,1789506231.4977493,112882.7024919,58.677,55,2325,9001,299107067,0
matmul_tiny_loop_L20_r4,1789506231.5413127,112882.7461348,58.677,55,2325,9001,299107067,0
matmul_tiny_loop_L20_r4,1789506231.5876915,112882.7923505,58.677,55,2325,9001,299107067,0
matmul_tiny_loop_L20_r4,1789506231.6400065,112882.8447166,58.677,55,2325,9001,299130300,0
matmul_tiny_loop_L20_r4,1789506231.6864457,112882.8915437,58.677,55,2325,9001,299130300,0
matmul_tiny_loop_L20_r4,1789506231.7404852,112882.9452063,58.677,55,2325,9001,299151485,0
matmul_tiny_loop_L20_r4,1789506231.7919927,112882.9966771,58.677,55,2325,9001,299163299,0
matmul_tiny_loop_L20_r4,1789506231.843085,112883.0480869,58.677,55,2325,9001,299163299,0
matmul_tiny_loop_L20_r4,1789506231.9003775,112883.1051616,58.677,55,2325,9001,299177221,0
matmul_tiny_loop_L20_r4,1789506231.9406476,112883.1453718,58.016,55,2325,9001,299177221,0
matmul_tiny_loop_L20_r4,1789506231.9922132,112883.1971923,58.016,55,2325,9001,299191296,0
matmul_tiny_loop_L20_r4,1789506232.0474696,112883.2522588,58.016,55,2325,9001,299191296,0
matmul_tiny_loop_L20_r4,1789506232.100229,112883.3051186,58.016,55,2325,9001,299207384,0
matmul_tiny_loop_L20_r4,1789506232.1436062,112883.3483845,58.016,55,2325,9001,299207384,0
matmul_tiny_loop_L20_r4,1789506232.1938777,112883.3986644,58.016,55,2325,9001,299223349,0
matmul_tiny_loop_L20_r4,1789506232.2449875,112883.4497261,58.016,55,2325,9001,299223349,0
matmul_tiny_loop_L20_r4,1789506232.295548,112883.5002774,58.016,55,2325,9001,299238540,0
matmul_tiny_loop_L20_r4,1789506232.3365545,112883.5419095,58.016,55,2325,9001,299238540,0
matmul_tiny_loop_L20_r4,1789506232.3881898,112883.5929265,58.016,55,2325,9001,299238540,0
matmul_tiny_loop_L20_r4,1789506232.439951,112883.6447314,58.363,55,2325,9001,299259757,0
matmul_tiny_loop_L20_r4,1789506232.489259,112883.6939727,58.363,55,2325,9001,299259757,0
matmul_tiny_loop_L20_r4,1789506232.5398808,112883.7446401,58.363,55,2325,9001,299275801,0
matmul_tiny_loop_L20_r4,1789506232.5935717,112883.7985038,58.363,55,2325,9001,299287456,0
matmul_tiny_loop_L20_r4,1789506232.6368918,112883.8416326,58.363,55,2325,9001,299287456,0
matmul_tiny_loop_L20_r4,1789506232.685947,112883.8914109,58.363,55,2325,9001,299287456,0
matmul_tiny_loop_L20_r4,1789506232.7401948,112883.944916,58.363,55,2325,9001,299307975,0
matmul_tiny_loop_L20_r4,1789506232.7898822,112883.9946116,58.363,55,2325,9001,299320116,0
matmul_tiny_loop_L20_r4,1789506232.8413527,112884.0461943,58.363,55,2325,9001,299320116,0
matmul_tiny_loop_L20_r4,1789506232.8930295,112884.0977318,58.363,55,2325,9001,299333494,0
matmul_tiny_loop_L20_r4,1789506232.944025,112884.1487287,58.433,55,2325,9001,299333494,0
matmul_tiny_loop_L20_r4,1789506232.9949553,112884.1997635,58.433,55,2325,9001,299348421,0
matmul_tiny_loop_L20_r4,1789506233.0360487,112884.2414551,58.433,55,2325,9001,299348421,0
matmul_tiny_loop_L20_r4,1789506233.0898135,112884.2947375,58.433,55,2325,9001,299358975,0
matmul_tiny_loop_L20_r4,1789506233.1441057,112884.3488129,58.433,55,2325,9001,299358975,0
matmul_tiny_loop_L20_r4,1789506233.1897886,112884.3944751,58.433,55,2325,9001,299374095,0
matmul_tiny_loop_L20_r4,1789506233.2408204,112884.445612,58.433,55,2325,9001,299374095,0
matmul_tiny_loop_L20_r4,1789506233.2916126,112884.496334,58.433,55,2325,9001,299386770,0
matmul_tiny_loop_L20_r4,1789506233.341797,112884.5465805,58.433,55,2325,9001,299386770,0
matmul_tiny_loop_L20_r4,1789506233.393127,112884.5978323,58.433,55,2325,9001,299400308,0
matmul_tiny_loop_L20_r4,1789506233.4441056,112884.6487849,58.702,55,2325,9001,299400308,0
matmul_tiny_loop_L20_r4,1789506233.486652,112884.6915591,58.702,55,2325,9001,299400308,0
matmul_tiny_loop_L20_r4,1789506233.5435264,112884.7482948,58.702,55,2325,9001,299424825,0
matmul_tiny_loop_L20_r4,1789506233.589348,112884.7944164,58.702,55,2325,9001,299438869,0
matmul_tiny_loop_L20_r4,1789506233.6424778,112884.8472595,58.702,55,2325,9001,299438869,0
matmul_tiny_loop_L20_r4,1789506233.697889,112884.9025642,58.702,55,2325,9001,299452626,0
matmul_tiny_loop_L20_r4,1789506233.7399044,112884.9447078,58.702,55,2325,9001,299452626,0
matmul_tiny_loop_L20_r4,1789506233.790695,112884.9956117,58.702,55,2325,9001,299465768,0
matmul_tiny_loop_L20_r4,1789506233.8421738,112885.0468699,58.702,55,2325,9001,299465768,0
matmul_tiny_loop_L20_r4,1789506233.8939328,112885.0987392,58.702,55,2325,9001,299479525,0
matmul_tiny_loop_L20_r4,1789506233.945372,112885.1500366,58.782,55,2325,9001,299479525,0
matmul_tiny_loop_L20_r4,1789506233.9869545,112885.1917681,58.782,55,2325,9001,299479525,0
matmul_tiny_loop_L20_r4,1789506234.0381114,112885.2428085,58.782,55,2325,9001,299505293,0
matmul_tiny_loop_L20_r4,1789506234.0901444,112885.2949356,58.782,55,2325,9001,299516577,0
matmul_tiny_loop_L20_r4,1789506234.1391814,112885.3439368,58.782,55,2325,9001,299516577,0
matmul_tiny_loop_L20_r4,1789506234.188722,112885.3933934,58.782,55,2325,9001,299516577,0
matmul_tiny_loop_L20_r4,1789506234.241095,112885.4458914,58.782,55,2325,9001,299532392,0
matmul_tiny_loop_L20_r4,1789506234.2920883,112885.4967398,58.782,55,2325,9001,299545191,0
matmul_tiny_loop_L20_r4,1789506234.3431878,112885.5479444,58.782,55,2325,9001,299545191,0
matmul_tiny_loop_L20_r4,1789506234.394563,112885.5993549,58.782,55,2325,9001,299559747,0
matmul_tiny_loop_L20_r4,1789506234.4362156,112885.6411415,58.927,55,2325,9001,299559747,0
matmul_tiny_loop_L20_r4,1789506234.4934363,112885.6981283,58.927,55,2325,9001,299570655,0
matmul_tiny_loop_L20_r4,1789506234.542589,112885.7484001,58.927,55,2325,9001,299570655,0
matmul_tiny_loop_L20_r4,1789506234.5934215,112885.7983172,58.927,55,2325,9001,299585336,0
matmul_tiny_loop_L20_r4,1789506234.6379886,112885.8426675,58.927,55,2325,9001,299585336,0
matmul_tiny_loop_L20_r4,1789506234.6897087,112885.8946403,58.927,55,2325,9001,299596849,0
matmul_tiny_loop_L20_r4,1789506234.7435453,112885.9483291,58.927,55,2325,9001,299596849,0
matmul_tiny_loop_L20_r4,1789506234.7916498,112885.9968846,58.927,55,2325,9001,299611905,0
matmul_tiny_loop_L20_r4,1789506234.839421,112886.0441409,58.927,55,2325,9001,299611905,0
matmul_tiny_loop_L20_r4,1789506234.9236348,112886.1286975,59.128,55,2325,9001,299624169,0
matmul_tiny_loop_L20_r4,1789506234.938081,112886.1440307,59.128,55,2325,9001,299624169,0
matmul_tiny_loop_L20_r4,1789506234.9923797,112886.198081,59.128,55,2325,9001,299643919,0
matmul_tiny_loop_L20_r4,1789506235.0425732,112886.2472477,59.128,55,2325,9001,299643919,0
matmul_tiny_loop_L20_r4,1789506235.0898523,112886.2945623,59.128,55,2325,9001,299658021,0
matmul_tiny_loop_L20_r4,1789506235.139273,112886.3442053,59.128,55,2325,9001,299658021,0
matmul_tiny_loop_L20_r4,1789506235.191742,112886.3967119,59.128,55,2325,9001,299670886,0
matmul_tiny_loop_L20_r4,1789506235.2684822,112886.4741137,59.128,55,2325,9001,299670886,0
matmul_tiny_loop_L20_r4,1789506235.295589,112886.5004626,59.128,55,2325,9001,299680016,0
matmul_tiny_loop_L20_r4,1789506235.3457477,112886.5504842,59.128,55,2325,9001,299680016,0
matmul_tiny_loop_L20_r4,1789506235.3970046,112886.6025129,59.128,55,2325,9001,299696521,0
matmul_tiny_loop_L20_r4,1789506235.4376867,112886.6424167,59.056,55,2325,9001,299696521,0
matmul_tiny_loop_L20_r4,1789506235.4894822,112886.6942719,59.056,55,2325,9001,299709784,0
matmul_tiny_loop_L20_r4,1789506235.539795,112886.7445163,59.056,55,2325,9001,299709784,0
matmul_tiny_loop_L20_r4,1789506235.589289,112886.7940721,59.056,55,2325,9001,299722982,0
matmul_tiny_loop_L20_r4,1789506235.6403103,112886.8450103,59.056,55,2325,9001,299722982,0
matmul_tiny_loop_L20_r4,1789506235.6975908,112886.902303,59.056,55,2325,9001,299736265,0
matmul_tiny_loop_L20_r4,1789506235.7379358,112886.9426787,59.056,55,2325,9001,299736265,0
matmul_tiny_loop_L20_r4,1789506235.7899823,112886.9947694,59.056,55,2325,9001,299748818,0
matmul_tiny_loop_L20_r4,1789506235.84217,112887.0469367,59.056,55,2325,9001,299748818,0
matmul_tiny_loop_L20_r4,1789506235.8941774,112887.0989914,59.056,55,2325,9001,299762714,0
matmul_tiny_loop_L20_r4,1789506235.9459996,112887.1507049,59.282,55,2325,9001,299762714,0
matmul_tiny_loop_L20_r4,1789506235.9876332,112887.1923147,59.282,55,2325,9001,299762714,0
matmul_tiny_loop_L20_r4,1789506236.0385456,112887.2432335,59.282,55,2325,9001,299790194,0
matmul_tiny_loop_L20_r4,1789506236.0906365,112887.2953051,59.282,55,2325,9001,299801793,0
matmul_tiny_loop_L20_r4,1789506236.1369905,112887.3417448,59.282,55,2325,9001,299801793,0
matmul_tiny_loop_L20_r4,1789506236.1925025,112887.3971812,59.282,55,2325,9001,299813212,0
matmul_tiny_loop_L20_r4,1789506236.2433712,112887.4481229,59.282,55,2325,9001,299813212,0
matmul_tiny_loop_L20_r4,1789506236.2948048,112887.4995896,59.282,55,2325,9001,299827988,0
matmul_tiny_loop_L20_r4,1789506236.337337,112887.5420417,59.282,55,2325,9001,299827988,0
matmul_tiny_loop_L20_r4,1789506236.3889866,112887.5939405,59.282,55,2325,9001,299840027,0
matmul_tiny_loop_L20_r4,1789506236.4409342,112887.6456321,59.517,55,2325,9001,299840027,0
matmul_tiny_loop_L20_r4,1789506236.5007095,112887.7055536,59.517,55,2325,9001,299853752,0
matmul_tiny_loop_L20_r4,1789506236.5429773,112887.747783,59.517,55,2325,9001,299853752,0
matmul_tiny_loop_L20_r4,1789506236.5882914,112887.7929525,59.517,55,2325,9001,299853752,0
matmul_tiny_loop_L20_r4,1789506236.64456,112887.8493248,59.517,55,2325,9001,299874555,0
matmul_tiny_loop_L20_r4,1789506236.6861084,112887.8913727,59.517,55,2325,9001,299874555,0
matmul_tiny_loop_L20_r4,1789506236.7389421,112887.9436604,59.517,55,2325,9001,299899811,0
matmul_tiny_loop_L20_r4,1789506236.7906473,112887.995376,59.517,55,2325,9001,299911899,0
matmul_tiny_loop_L20_r4,1789506236.840817,112888.0455446,59.517,55,2325,9001,299911899,0
matmul_tiny_loop_L20_r4,1789506236.892806,112888.09758,59.517,55,2325,9001,299925106,0
matmul_tiny_loop_L20_r4,1789506236.9440928,112888.1487723,59.171,55,2325,9001,299925106,0
matmul_tiny_loop_L20_r4,1789506236.9949157,112888.199675,59.171,55,2325,9001,299940866,0
matmul_tiny_loop_L20_r4,1789506237.0363445,112888.2418274,59.171,55,2325,9001,299940866,0
matmul_tiny_loop_L20_r4,1789506237.0880353,112888.2927234,59.171,55,2325,9001,299940866,0
matmul_tiny_loop_L20_r4,1789506237.142355,112888.3470226,59.171,55,2325,9001,299956813,0
matmul_tiny_loop_L20_r4,1789506237.1971042,112888.4019009,59.171,55,2325,9001,299970652,0
matmul_tiny_loop_L20_r4,1789506237.237279,112888.4419289,59.171,55,2325,9001,299970652,0
matmul_tiny_loop_L20_r4,1789506237.2887912,112888.4934578,59.171,55,2325,9001,299983918,0
matmul_tiny_loop_L20_r4,1789506237.3403308,112888.5450399,59.171,55,2325,9001,299983918,0
matmul_tiny_loop_L20_r4,1789506237.390937,112888.5957076,59.171,55,2325,9001,299997545,0
matmul_tiny_loop_L20_r4,1789506237.4418764,112888.6466485,59.104,55,2325,9001,299997545,0
matmul_tiny_loop_L20_r4,1789506237.4863026,112888.6911387,59.104,55,2325,9001,299997545,0
matmul_tiny_loop_L20_r4,1789506237.5471523,112888.7518742,59.104,55,2325,9001,300022073,0
matmul_tiny_loop_L20_r4,1789506237.593313,112888.7980256,59.104,55,2325,9001,300038556,0
matmul_tiny_loop_L20_r4,1789506237.6386933,112888.8434412,59.104,55,2325,9001,300038556,0
matmul_tiny_loop_L20_r4,1789506237.6934114,112888.8982291,59.104,55,2325,9001,300050826,0
matmul_tiny_loop_L20_r4,1789506237.7385135,112888.9431992,59.104,55,2325,9001,300050826,0
matmul_tiny_loop_L20_r4,1789506237.7903092,112888.9949932,59.104,55,2325,9001,300063804,0
matmul_tiny_loop_L20_r4,1789506237.8414187,112889.0461694,59.104,55,2325,9001,300063804,0
matmul_tiny_loop_L20_r4,1789506237.8933573,112889.0981981,59.104,55,2325,9001,300077777,0
matmul_tiny_loop_L20_r4,1789506237.9365523,112889.1415592,59.31,55,2325,9001,300077777,0
matmul_tiny_loop_L20_r4,1789506237.9871585,112889.1918471,59.31,55,2325,9001,300077777,0
matmul_tiny_loop_L20_r4,1789506238.0389674,112889.2437044,59.31,55,2325,9001,300093286,0
matmul_tiny_loop_L20_r4,1789506238.0907702,112889.2955017,59.31,55,2325,9001,300105250,0
matmul_tiny_loop_L20_r4,1789506238.141532,112889.3462995,59.31,55,2325,9001,300105250,0
matmul_tiny_loop_L20_r4,1789506238.1860662,112889.3917312,59.31,55,2325,9001,300105250,0
matmul_tiny_loop_L20_r4,1789506238.23787,112889.4426063,59.31,55,2325,9001,300123363,0
matmul_tiny_loop_L20_r4,1789506238.289601,112889.494284,59.31,55,2325,9001,300134954,0
matmul_tiny_loop_L20_r4,1789506238.34085,112889.5455434,59.31,55,2325,9001,300134954,0
matmul_tiny_loop_L20_r4,1789506238.3924403,112889.5972542,59.31,55,2325,9001,300148572,0
matmul_tiny_loop_L20_r4,1789506238.4437084,112889.6483919,58.898,55,2325,9001,300148572,0
matmul_tiny_loop_L20_r4,1789506238.4934185,112889.6981294,58.898,55,2325,9001,300164379,0
matmul_tiny_loop_L20_r4,1789506238.5389686,112889.7436469,58.898,55,2325,9001,300164379,0
matmul_tiny_loop_L20_r4,1789506238.5948298,112889.7995388,58.898,55,2325,9001,300177653,0
matmul_tiny_loop_L20_r4,1789506238.6390872,112889.8438271,58.898,55,2325,9001,300177653,0
matmul_tiny_loop_L20_r4,1789506238.7082138,112889.9130003,58.898,55,2325,9001,300191672,0
matmul_tiny_loop_L20_r4,1789506238.7390692,112889.9438843,58.898,55,2325,9001,300191672,0
matmul_tiny_loop_L20_r4,1789506238.7902713,112889.9950205,58.898,55,2325,9001,300207015,0
matmul_tiny_loop_L20_r4,1789506238.8412807,112890.0459385,58.898,55,2325,9001,300207015,0
matmul_tiny_loop_L20_r4,1789506238.8922622,112890.096982,58.898,55,2325,9001,300220949,0
matmul_tiny_loop_L20_r4,1789506238.9442806,112890.1490231,59.04,55,2325,9001,300220949,0
matmul_tiny_loop_L20_r4,1789506238.9879985,112890.1928516,59.04,55,2325,9001,300237140,0
matmul_tiny_loop_L20_r4,1789506239.038907,112890.2436396,59.04,55,2325,9001,300237140,0
matmul_tiny_loop_L20_r4,1789506239.0897412,112890.2945078,59.04,55,2325,9001,300250202,0
matmul_tiny_loop_L20_r4,1789506239.14057,112890.345325,59.04,55,2325,9001,300250202,0
matmul_tiny_loop_L20_r4,1789506239.195948,112890.40066,59.04,55,2325,9001,300264117,0
matmul_tiny_loop_L20_r4,1789506239.2376442,112890.4424303,59.04,55,2325,9001,300264117,0
matmul_tiny_loop_L20_r4,1789506239.2898102,112890.4946031,59.04,55,2325,9001,300277428,0
matmul_tiny_loop_L20_r4,1789506239.341862,112890.5465995,59.04,55,2325,9001,300277428,0
matmul_tiny_loop_L20_r4,1789506239.3933706,112890.5981348,59.04,55,2325,9001,300291736,0
matmul_tiny_loop_L20_r4,1789506239.444147,112890.6488455,59.307,55,2325,9001,300291736,0
matmul_tiny_loop_L20_r4,1789506239.4932115,112890.6979235,59.307,55,2325,9001,300307399,0
matmul_tiny_loop_L20_r4,1789506239.5363727,112890.7411597,59.307,55,2325,9001,300307399,0
matmul_tiny_loop_L20_r4,1789506239.5892649,112890.7942003,59.307,55,2325,9001,300319154,0
matmul_tiny_loop_L20_r4,1789506239.6387215,112890.8434774,59.307,55,2325,9001,300319154,0
matmul_tiny_loop_L20_r4,1789506239.6860268,112890.8912712,59.307,55,2325,9001,300319154,0
matmul_tiny_loop_L20_r4,1789506239.7388344,112890.9436507,59.307,55,2325,9001,300335862,0
matmul_tiny_loop_L20_r4,1789506239.7904983,112890.9951798,59.307,55,2325,9001,300348282,0
matmul_tiny_loop_L20_r4,1789506239.8413842,112891.046191,59.307,55,2325,9001,300348282,0
matmul_tiny_loop_L20_r4,1789506239.8926528,112891.0973513,59.307,55,2325,9001,300362663,0
matmul_tiny_loop_L20_r4,1789506239.9444654,112891.1492349,59.067,55,2325,9001,300362663,0
matmul_tiny_loop_L20_r4,1789506239.9959004,112891.2006753,59.067,55,2325,9001,300379145,0
matmul_tiny_loop_L20_r4,1789506240.0494735,112891.2541763,59.067,55,2325,9001,300379145,0
matmul_tiny_loop_L20_r4,1789506240.0910163,112891.2958862,59.067,55,2325,9001,300390237,0
matmul_tiny_loop_L20_r4,1789506240.1432803,112891.3479587,59.067,55,2325,9001,300390237,0
matmul_tiny_loop_L20_r4,1789506240.1881368,112891.3928161,59.067,55,2325,9001,300406161,0
matmul_tiny_loop_L20_r4,1789506240.2460358,112891.4507418,59.067,55,2325,9001,300406161,0
matmul_tiny_loop_L20_r4,1789506240.2870886,112891.4918276,59.067,55,2325,9001,300406161,0
matmul_tiny_loop_L20_r4,1789506240.3391693,112891.5438951,59.067,55,2325,9001,300426706,0
matmul_tiny_loop_L20_r4,1789506240.3906603,112891.5953636,59.067,55,2325,9001,300439315,0
matmul_tiny_loop_L20_r4,1789506240.442133,112891.6469228,59.144,55,2325,9001,300439315,0
matmul_tiny_loop_L20_r4,1789506240.4885058,112891.6932383,59.144,55,2325,9001,300454034,0
matmul_tiny_loop_L20_r4,1789506240.5384128,112891.7431924,59.144,55,2325,9001,300454034,0
matmul_tiny_loop_L20_r4,1789506240.5924459,112891.7971578,59.144,55,2325,9001,300467038,0
matmul_tiny_loop_L20_r4,1789506240.6408036,112891.8455513,59.144,55,2325,9001,300467038,0
matmul_tiny_loop_L20_r4,1789506240.689585,112891.8942794,59.144,55,2325,9001,300481521,0
matmul_tiny_loop_L20_r4,1789506240.7390745,112891.9437988,59.144,55,2325,9001,300481521,0
matmul_tiny_loop_L20_r4,1789506240.7903373,112891.9951281,59.144,55,2325,9001,300494805,0
matmul_tiny_loop_L20_r4,1789506240.8412423,112892.0459881,59.144,55,2325,9001,300494805,0
matmul_tiny_loop_L20_r4,1789506240.8929887,112892.0978058,59.144,55,2325,9001,300509201,0
matmul_tiny_loop_L20_r4,1789506240.944604,112892.1493254,59.412,55,2325,9001,300509201,0
matmul_tiny_loop_L20_r4,1789506240.9862697,112892.1912692,59.412,55,2325,9001,300509201,0
matmul_tiny_loop_L20_r4,1789506241.0377421,112892.242472,59.412,55,2325,9001,300529137,0
matmul_tiny_loop_L20_r4,1789506241.0892532,112892.2939511,59.412,55,2325,9001,300541128,0
matmul_tiny_loop_L20_r4,1789506241.1434824,112892.3481509,59.412,55,2325,9001,300541128,0
matmul_tiny_loop_L20_r4,1789506241.1885173,112892.3932643,59.412,55,2325,9001,300556432,0
matmul_tiny_loop_L20_r4,1789506241.2425954,112892.4473625,59.412,55,2325,9001,300556432,0
matmul_tiny_loop_L20_r4,1789506241.2940528,112892.4988377,59.412,55,2325,9001,300571544,0
matmul_tiny_loop_L20_r4,1789506241.3455505,112892.5502649,59.412,55,2325,9001,300571544,0
matmul_tiny_loop_L20_r4,1789506241.396598,112892.6014032,59.412,55,2325,9001,300589180,0
matmul_tiny_loop_L20_r4,1789506241.4375067,112892.6423963,58.978,55,2325,9001,300589180,0
matmul_tiny_loop_L20_r4,1789506241.5006409,112892.7053913,58.978,55,2325,9001,300603942,0
matmul_tiny_loop_L20_r4,1789506241.541697,112892.7463717,58.978,55,2325,9001,300603942,0
matmul_tiny_loop_L20_r4,1789506241.5882163,112892.7930027,58.978,55,2325,9001,300622000,0
matmul_tiny_loop_L20_r4,1789506241.6386302,112892.8433931,58.978,55,2325,9001,300622000,0
matmul_tiny_loop_L20_r4,1789506241.6986322,112892.9034539,58.978,55,2325,9001,300635103,0
matmul_tiny_loop_L20_r4,1789506241.7429094,112892.9476441,58.978,55,2325,9001,300635103,0
matmul_tiny_loop_L20_r4,1789506241.7938504,112892.9989299,58.978,55,2325,9001,300652732,0
matmul_tiny_loop_L20_r4,1789506241.8420587,112893.0468578,58.978,55,2325,9001,300652732,0
matmul_tiny_loop_L20_r4,1789506241.8945644,112893.0993857,58.978,55,2325,9001,300668505,0
matmul_tiny_loop_L20_r4,1789506241.945398,112893.1501144,58.974,55,2325,9001,300668505,0
matmul_tiny_loop_L20_r4,1789506241.9958482,112893.2005423,58.974,55,2325,9001,300685483,0
matmul_tiny_loop_L20_r4,1789506242.0364902,112893.2414728,58.974,55,2325,9001,300685483,0
matmul_tiny_loop_L20_r4,1789506242.0876975,112893.292368,58.974,55,2325,9001,300699357,0
matmul_tiny_loop_L20_r4,1789506242.1381545,112893.3429921,58.974,55,2325,9001,300699357,0
matmul_tiny_loop_L20_r4,1789506242.188521,112893.3932454,58.974,55,2325,9001,300712491,0
matmul_tiny_loop_L20_r4,1789506242.241385,112893.4461527,58.974,55,2325,9001,300712491,0
matmul_tiny_loop_L20_r4,1789506242.292957,112893.4977821,58.974,55,2325,9001,300727134,0
matmul_tiny_loop_L20_r4,1789506242.3519158,112893.556731,58.974,55,2325,9001,300727134,0
matmul_tiny_loop_L20_r4,1789506242.3947146,112893.5994334,58.974,55,2325,9001,300737877,0
matmul_tiny_loop_L20_r4,1789506242.4451687,112893.6501073,59.262,55,2325,9001,300737877,0
matmul_tiny_loop_L20_r4,1789506242.4890437,112893.6940052,59.262,55,2325,9001,300755718,0
matmul_tiny_loop_L20_r4,1789506242.5380373,112893.7439727,59.262,55,2325,9001,300755718,0
matmul_tiny_loop_L20_r4,1789506242.5926409,112893.7973132,59.262,55,2325,9001,300769766,0
matmul_tiny_loop_L20_r4,1789506242.6451592,112893.8499143,59.262,55,2325,9001,300769766,0
matmul_tiny_loop_L20_r4,1789506242.6933618,112893.8981859,59.262,55,2325,9001,300786778,0
matmul_tiny_loop_L20_r4,1789506242.7360754,112893.9418224,59.262,55,2325,9001,300786778,0
matmul_tiny_loop_L20_r4,1789506242.786492,112893.9916791,59.262,55,2325,9001,300800113,0
matmul_tiny_loop_L20_r4,1789506242.8373828,112894.0421478,59.262,55,2325,9001,300800113,0
matmul_tiny_loop_L20_r4,1789506242.8881319,112894.0927988,59.262,55,2325,9001,300812833,0
matmul_tiny_loop_L20_r4,1789506242.9387715,112894.1435064,59.311,55,2325,9001,300812833,0
matmul_tiny_loop_L20_r4,1789506242.9905097,112894.195195,59.311,55,2325,9001,300826420,0
matmul_tiny_loop_L20_r4,1789506243.0412343,112894.2461144,59.311,55,2325,9001,300826420,0
matmul_tiny_loop_L20_r4,1789506243.0907688,112894.2954243,59.311,55,2325,9001,300841563,0
matmul_tiny_loop_L20_r4,1789506243.1421463,112894.3468833,59.311,55,2325,9001,300841563,0
matmul_tiny_loop_L20_r4,1789506243.188782,112894.3935972,59.311,55,2325,9001,300857163,0
matmul_tiny_loop_L20_r4,1789506243.2440052,112894.4487122,59.311,55,2325,9001,300857163,0
matmul_tiny_loop_L20_r4,1789506243.2948227,112894.49963,59.311,55,2325,9001,300873658,0
matmul_tiny_loop_L20_r4,1789506243.335989,112894.5415124,59.311,55,2325,9001,300873658,0
matmul_tiny_loop_L20_r4,1789506243.386817,112894.5915301,59.311,55,2325,9001,300886954,0
matmul_tiny_loop_L20_r4,1789506243.437726,112894.6423835,59.286,55,2325,9001,300886954,0
matmul_tiny_loop_L20_r4,1789506243.4934201,112894.6981104,59.286,55,2325,9001,300900077,0
matmul_tiny_loop_L20_r4,1789506243.538407,112894.7431523,59.286,55,2325,9001,300900077,0
matmul_tiny_loop_L20_r4,1789506243.5931888,112894.7980693,59.286,55,2325,9001,300913608,0
matmul_tiny_loop_L20_r4,1789506243.638535,112894.8433002,59.286,55,2325,9001,300913608,0
matmul_tiny_loop_L20_r4,1789506243.6925058,112894.8972057,59.286,55,2325,9001,300928150,0
matmul_tiny_loop_L20_r4,1789506243.7386742,112894.9434254,59.286,55,2325,9001,300928150,0
matmul_tiny_loop_L20_r4,1789506243.786393,112894.991159,59.286,55,2325,9001,300928150,0
matmul_tiny_loop_L20_r4,1789506243.8376074,112895.0424065,59.286,55,2325,9001,300945876,0
matmul_tiny_loop_L20_r4,1789506243.8889341,112895.0937372,59.286,55,2325,9001,300958193,0
matmul_tiny_loop_L20_r4,1789506243.9405026,112895.1454139,59.349,55,2325,9001,300958193,0
matmul_tiny_loop_L20_r4,1789506243.9932427,112895.1979257,59.349,55,2325,9001,300972976,0
matmul_tiny_loop_L20_r4,1789506244.0439434,112895.2490421,59.349,55,2325,9001,300972976,0
matmul_tiny_loop_L20_r4,1789506244.094625,112895.2994001,59.349,55,2325,9001,300990718,0
matmul_tiny_loop_L20_r4,1789506244.1359215,112895.3412915,59.349,55,2325,9001,300990718,0
matmul_tiny_loop_L20_r4,1789506244.2102377,112895.4167045,59.349,55,2325,9001,301003928,0
matmul_tiny_loop_L20_r4,1789506244.243163,112895.4479764,59.349,55,2325,9001,301003928,0
matmul_tiny_loop_L20_r4,1789506244.2872074,112895.4919864,59.349,55,2325,9001,301023119,0
matmul_tiny_loop_L20_r4,1789506244.338567,112895.5433577,59.349,55,2325,9001,301023119,0
matmul_tiny_loop_L20_r4,1789506244.3903852,112895.5952281,59.349,55,2325,9001,301036848,0
matmul_tiny_loop_L20_r4,1789506244.4421382,112895.6468344,59.622,55,2325,9001,301036848,0
matmul_tiny_loop_L20_r4,1789506244.4932938,112895.6981061,59.622,55,2325,9001,301052491,0
matmul_tiny_loop_L20_r4,1789506244.542727,112895.7474277,59.622,55,2325,9001,301052491,0
matmul_tiny_loop_L20_r4,1789506244.5915394,112895.7963289,59.622,55,2325,9001,301068213,0
matmul_tiny_loop_L20_r4,1789506244.640073,112895.8448318,59.622,55,2325,9001,301068213,0
matmul_tiny_loop_L20_r4,1789506244.6950743,112895.8997607,59.622,55,2325,9001,301083046,0
matmul_tiny_loop_L20_r4,1789506244.7385936,112895.9433986,59.622,55,2325,9001,301083046,0
matmul_tiny_loop_L20_r4,1789506244.7901125,112895.9949,59.622,55,2325,9001,301097621,0
matmul_tiny_loop_L20_r4,1789506244.842851,112896.0475598,59.622,55,2325,9001,301097621,0
matmul_tiny_loop_L20_r4,1789506244.8940303,112896.0988822,59.622,55,2325,9001,301113970,0
matmul_tiny_loop_L20_r4,1789506244.9459577,112896.1506418,59.656,55,2325,9001,301113970,0
matmul_tiny_loop_L20_r4,1789506244.9921322,112896.1968203,59.656,55,2325,9001,301123242,0
matmul_tiny_loop_L20_r4,1789506245.0435793,112896.2482626,59.656,55,2325,9001,301123242,0
matmul_tiny_loop_L20_r4,1789506245.0940654,112896.2988215,59.656,55,2325,9001,301139288,0
matmul_tiny_loop_L20_r4,1789506245.1449897,112896.3497569,59.656,55,2325,9001,301139288,0
matmul_tiny_loop_L20_r4,1789506245.1947505,112896.3995088,59.656,55,2325,9001,301149042,0
matmul_tiny_loop_L20_r4,1789506245.2452953,112896.4500637,59.656,55,2325,9001,301149042,0
matmul_tiny_loop_L20_r4,1789506245.2863362,112896.491789,59.656,55,2325,9001,301159501,0
matmul_tiny_loop_L20_r4,1789506245.3499386,112896.5546572,59.656,55,2325,9001,301159501,0
matmul_tiny_loop_L20_r4,1789506245.391873,112896.5966488,59.656,55,2325,9001,301169812,0
matmul_tiny_loop_L20_r4,1789506245.4437196,112896.6484246,59.498,55,2325,9001,301169812,0
matmul_tiny_loop_L20_r4,1789506245.5033872,112896.7081308,59.498,55,2325,9001,301186970,0
matmul_tiny_loop_L20_r4,1789506245.5384269,112896.743142,59.498,55,2325,9001,301186970,0
matmul_tiny_loop_L20_r4,1789506245.607848,112896.8126787,59.498,55,2325,9001,301205815,0
matmul_tiny_loop_L20_r4,1789506245.6384754,112896.8431383,59.498,55,2325,9001,301205815,0
matmul_tiny_loop_L20_r4,1789506245.6895707,112896.894308,59.498,55,2325,9001,301221655,0
matmul_tiny_loop_L20_r4,1789506245.7383785,112896.9431456,59.498,55,2325,9001,301221655,0
matmul_tiny_loop_L20_r4,1789506245.7904663,112896.9951658,59.498,55,2325,9001,301235818,0
matmul_tiny_loop_L20_r4,1789506245.842075,112897.0467872,59.498,55,2325,9001,301235818,0
matmul_tiny_loop_L20_r4,1789506245.8956327,112897.1004343,59.498,55,2325,9001,301251212,0
matmul_tiny_loop_L20_r4,1789506245.9371393,112897.1418694,59.1,55,2310,9001,301251212,1
matmul_tiny_loop_L20_r4,1789506245.9887612,112897.1935045,59.1,55,2310,9001,301265609,1
matmul_tiny_loop_L20_r4,1789506246.0420687,112897.2468546,59.1,55,2310,9001,301265609,1
matmul_tiny_loop_L20_r4,1789506246.0937295,112897.2984411,59.1,55,2310,9001,301281168,1
matmul_tiny_loop_L20_r4,1789506246.1454556,112897.3502046,59.1,55,2310,9001,301281168,1
matmul_tiny_loop_L20_r4,1789506246.1867502,112897.3915974,59.1,55,2310,9001,301290989,1
matmul_tiny_loop_L20_r4,1789506246.2385015,112897.4433967,59.1,55,2310,9001,301290989,1
matmul_tiny_loop_L20_r4,1789506246.289653,112897.4944543,59.1,55,2310,9001,301304884,1
matmul_tiny_loop_L20_r4,1789506246.3413255,112897.5461235,59.1,55,2310,9001,301304884,1
matmul_tiny_loop_L20_r4,1789506246.3988588,112897.6035226,59.1,55,2310,9001,301320429,1
matmul_tiny_loop_L20_r4,1789506246.444179,112897.6490249,59.289,55,2325,9001,301320429,0
matmul_tiny_loop_L20_r4,1789506246.4897802,112897.694532,59.289,55,2325,9001,301341073,0
matmul_tiny_loop_L20_r4,1789506246.5387115,112897.7434334,59.289,55,2325,9001,301341073,0
matmul_tiny_loop_L20_r4,1789506246.5894454,112897.7942215,59.289,55,2325,9001,301355337,0
matmul_tiny_loop_L20_r3,1789506248.6255424,112899.8355047,59.223,55,2325,9001,301483301,0
matmul_tiny_loop_L20_r3,1789506248.687737,112899.8926051,59.223,55,2325,9001,301492992,0
matmul_tiny_loop_L20_r3,1789506248.7380362,112899.9440249,59.223,55,2325,9001,301492992,0
matmul_tiny_loop_L20_r3,1789506248.784687,112899.989891,59.223,55,2325,9001,301508344,0
matmul_tiny_loop_L20_r3,1789506248.8390117,112900.0437412,59.223,55,2325,9001,301508344,0
matmul_tiny_loop_L20_r3,1789506248.8801172,112900.0856092,59.223,55,2325,9001,301508344,0
matmul_tiny_loop_L20_r3,1789506248.9313974,112900.1363731,59.066,55,2325,9001,301531882,0
matmul_tiny_loop_L20_r3,1789506248.9818144,112900.186595,59.066,55,2325,9001,301531882,0
matmul_tiny_loop_L20_r3,1789506249.0336616,112900.2383897,59.066,55,2325,9001,301552162,0
matmul_tiny_loop_L20_r3,1789506249.0850189,112900.2896898,59.066,55,2325,9001,301563746,0
matmul_tiny_loop_L20_r3,1789506249.133028,112900.3377914,59.066,55,2325,9001,301563746,0
matmul_tiny_loop_L20_r3,1789506249.188871,112900.3935848,59.066,55,2325,9001,301575447,0
matmul_tiny_loop_L20_r3,1789506249.2343442,112900.4390401,59.066,55,2325,9001,301575447,0
matmul_tiny_loop_L20_r3,1789506249.2855687,112900.490274,59.066,55,2325,9001,301588008,0
matmul_tiny_loop_L20_r3,1789506249.336924,112900.5416357,59.066,55,2325,9001,301588008,0
matmul_tiny_loop_L20_r3,1789506249.3885427,112900.5935804,59.066,55,2325,9001,301601461,0
matmul_tiny_loop_L20_r3,1789506249.440217,112900.6449029,59.37,55,2325,9001,301601461,0
matmul_tiny_loop_L20_r3,1789506249.493366,112900.6980992,59.37,55,2325,9001,301616809,0
matmul_tiny_loop_L20_r3,1789506249.538614,112900.7435284,59.37,55,2325,9001,301616809,0
matmul_tiny_loop_L20_r3,1789506249.5809014,112900.7862884,59.37,55,2325,9001,301616809,0
matmul_tiny_loop_L20_r3,1789506249.6366162,112900.8413336,59.37,55,2325,9001,301641793,0
matmul_tiny_loop_L20_r3,1789506249.6868374,112900.8916254,59.37,55,2325,9001,301654724,0
matmul_tiny_loop_L20_r3,1789506249.739515,112900.944219,59.37,55,2325,9001,301654724,0
matmul_tiny_loop_L20_r3,1789506249.780832,112900.9862976,59.37,55,2325,9001,301654724,0
matmul_tiny_loop_L20_r3,1789506249.8325152,112901.0372832,59.37,55,2325,9001,301679921,0
matmul_tiny_loop_L20_r3,1789506249.88448,112901.0893369,59.37,55,2325,9001,301679921,0
matmul_tiny_loop_L20_r3,1789506249.9366605,112901.1417514,59.359,55,2325,9001,301694335,0
matmul_tiny_loop_L20_r3,1789506249.9880292,112901.1927455,59.359,55,2325,9001,301707479,0
matmul_tiny_loop_L20_r3,1789506250.039392,112901.2441708,59.359,55,2325,9001,301707479,0
matmul_tiny_loop_L20_r3,1789506250.0860174,112901.2908349,59.359,55,2325,9001,301722076,0
matmul_tiny_loop_L20_r3,1789506250.1369267,112901.3417321,59.359,55,2325,9001,301722076,0
matmul_tiny_loop_L20_r3,1789506250.1848056,112901.3896913,59.359,55,2325,9001,301736146,0
matmul_tiny_loop_L20_r3,1789506250.2313764,112901.4360748,59.359,55,2325,9001,301736146,0
matmul_tiny_loop_L20_r3,1789506250.2832303,112901.4879508,59.359,55,2325,9001,301736146,0
matmul_tiny_loop_L20_r3,1789506250.334875,112901.539667,59.359,55,2325,9001,301757822,0
matmul_tiny_loop_L20_r3,1789506250.3862908,112901.5911646,59.359,55,2325,9001,301769987,0
matmul_tiny_loop_L20_r3,1789506250.437421,112901.6421482,59.089,55,2325,9001,301769987,0
matmul_tiny_loop_L20_r3,1789506250.4885807,112901.6933972,59.089,55,2325,9001,301783767,0
matmul_tiny_loop_L20_r3,1789506250.540427,112901.7451413,59.089,55,2325,9001,301783767,0
matmul_tiny_loop_L20_r3,1789506250.5812545,112901.7859885,59.089,55,2325,9001,301783767,0
matmul_tiny_loop_L20_r3,1789506250.6502576,112901.8551515,59.089,55,2325,9001,301809091,0
matmul_tiny_loop_L20_r3,1789506250.684989,112901.8898495,59.089,55,2325,9001,301818874,0
matmul_tiny_loop_L20_r3,1789506250.7384398,112901.9431517,59.089,55,2325,9001,301818874,0
matmul_tiny_loop_L20_r3,1789506250.7898455,112901.994557,59.089,55,2325,9001,301833745,0
matmul_tiny_loop_L20_r3,1789506250.831553,112902.0363005,59.089,55,2325,9001,301833745,0
matmul_tiny_loop_L20_r3,1789506250.8833334,112902.0881035,59.089,55,2325,9001,301833745,0
matmul_tiny_loop_L20_r3,1789506250.9347026,112902.1393973,59.194,55,2325,9001,301848549,0
matmul_tiny_loop_L20_r3,1789506250.986297,112902.1909717,59.194,55,2325,9001,301860384,0
matmul_tiny_loop_L20_r3,1789506251.038327,112902.2430388,59.194,55,2325,9001,301860384,0
matmul_tiny_loop_L20_r3,1789506251.089914,112902.2946695,59.194,55,2325,9001,301874735,0
matmul_tiny_loop_L20_r3,1789506251.1341803,112902.3389232,59.194,55,2325,9001,301874735,0
matmul_tiny_loop_L20_r3,1789506251.188077,112902.3929543,59.194,55,2325,9001,301887691,0
matmul_tiny_loop_L20_r3,1789506251.2324204,112902.4371641,59.194,55,2325,9001,301887691,0
matmul_tiny_loop_L20_r3,1789506251.283599,112902.4882834,59.194,55,2325,9001,301887691,0
matmul_tiny_loop_L20_r3,1789506251.335737,112902.5404487,59.194,55,2325,9001,301902978,0
matmul_tiny_loop_L20_r3,1789506251.3869307,112902.5916648,59.194,55,2325,9001,301915647,0
matmul_tiny_loop_L20_r3,1789506251.4382546,112902.6429529,59.194,55,2325,9001,301915647,0
matmul_tiny_loop_L20_r3,1789506251.4892356,112902.6941149,59.194,55,2325,9001,301930095,0
matmul_tiny_loop_L20_r3,1789506251.5388923,112902.7436103,59.194,55,2325,9001,301930095,0
matmul_tiny_loop_L20_r3,1789506251.5847864,112902.7896015,59.194,55,2325,9001,301945432,0
matmul_tiny_loop_L20_r3,1789506251.6388814,112902.8435831,59.194,55,2325,9001,301945432,0
matmul_tiny_loop_L20_r3,1789506251.6849225,112902.8897062,59.194,55,2325,9001,301960591,0
matmul_tiny_loop_L20_r3,1789506251.7402396,112902.9449444,59.194,55,2325,9001,301960591,0
matmul_tiny_loop_L20_r3,1789506251.7811327,112902.9859234,59.194,55,2325,9001,301960591,0
matmul_tiny_loop_L20_r3,1789506251.832281,112903.0369907,59.194,55,2325,9001,301986280,0
matmul_tiny_loop_L20_r3,1789506251.8842692,112903.0889556,59.194,55,2325,9001,301997191,0
matmul_tiny_loop_L20_r3,1789506251.9355774,112903.1403244,59.415,55,2325,9001,301997191,0
matmul_tiny_loop_L20_r3,1789506251.9867954,112903.1916356,59.415,55,2325,9001,302010443,0
matmul_tiny_loop_L20_r3,1789506252.0374699,112903.2421508,59.415,55,2325,9001,302010443,0
matmul_tiny_loop_L20_r3,1789506252.0889852,112903.2936677,59.415,55,2325,9001,302024932,0
matmul_tiny_loop_L20_r3,1789506252.1329372,112903.3376169,59.415,55,2325,9001,302024932,0
matmul_tiny_loop_L20_r3,1789506252.1841793,112903.3888903,59.415,55,2325,9001,302037280,0
matmul_tiny_loop_L20_r3,1789506252.2408614,112903.4456518,59.415,55,2325,9001,302037280,0
matmul_tiny_loop_L20_r3,1789506252.2822835,112903.4871175,59.415,55,2325,9001,302037280,0
matmul_tiny_loop_L20_r3,1789506252.333979,112903.5387021,59.415,55,2325,9001,302064245,0
matmul_tiny_loop_L20_r3,1789506252.3854673,112903.5901218,59.415,55,2325,9001,302076193,0
matmul_tiny_loop_L20_r3,1789506252.4370897,112903.6418737,59.271,55,2325,9001,302076193,0
matmul_tiny_loop_L20_r3,1789506252.493584,112903.6984901,59.271,55,2325,9001,302090446,0
matmul_tiny_loop_L20_r3,1789506252.538581,112903.7434238,59.271,55,2325,9001,302090446,0
matmul_tiny_loop_L20_r3,1789506252.5880127,112903.792879,59.271,55,2325,9001,302107002,0
matmul_tiny_loop_L20_r3,1789506252.6303165,112903.8355288,59.271,55,2325,9001,302107002,0
matmul_tiny_loop_L20_r3,1789506252.6805487,112903.8862579,59.271,55,2325,9001,302107002,0
matmul_tiny_loop_L20_r3,1789506252.738049,112903.9428113,59.271,55,2325,9001,302128089,0
matmul_tiny_loop_L20_r3,1789506252.7804246,112903.9855976,59.271,55,2325,9001,302128089,0
matmul_tiny_loop_L20_r3,1789506252.8314855,112904.0363594,59.271,55,2325,9001,302152154,0
matmul_tiny_loop_L20_r3,1789506252.8836017,112904.0883165,59.271,55,2325,9001,302152154,0
matmul_tiny_loop_L20_r3,1789506252.9357398,112904.1406743,59.183,55,2325,9001,302166411,0
matmul_tiny_loop_L20_r3,1789506252.9879968,112904.1928323,59.183,55,2325,9001,302179175,0
matmul_tiny_loop_L20_r3,1789506253.0399234,112904.2446755,59.183,55,2325,9001,302179175,0
matmul_tiny_loop_L20_r3,1789506253.0806937,112904.2870016,59.183,55,2325,9001,302195370,0
matmul_tiny_loop_L20_r3,1789506253.1344898,112904.33923,59.183,55,2325,9001,302195370,0
matmul_tiny_loop_L20_r3,1789506253.1853328,112904.3900037,59.183,55,2325,9001,302208518,0
matmul_tiny_loop_L20_r3,1789506253.2370436,112904.4418694,59.183,55,2325,9001,302208518,0
matmul_tiny_loop_L20_r3,1789506253.299851,112904.5047526,59.183,55,2325,9001,302223288,0
matmul_tiny_loop_L20_r3,1789506253.3403106,112904.5450239,59.183,55,2325,9001,302223288,0
matmul_tiny_loop_L20_r3,1789506253.381343,112904.5860278,59.183,55,2325,9001,302223288,0
matmul_tiny_loop_L20_r3,1789506253.4316313,112904.636285,59.183,55,2325,9001,302254138,0
matmul_tiny_loop_L20_r3,1789506253.483638,112904.6884626,59.183,55,2325,9001,302265025,0
matmul_tiny_loop_L20_r3,1789506253.5328145,112904.7375005,59.183,55,2325,9001,302265025,0
matmul_tiny_loop_L20_r3,1789506253.5882149,112904.7928776,59.183,55,2325,9001,302277404,0
matmul_tiny_loop_L20_r3,1789506253.632663,112904.8374426,59.183,55,2325,9001,302277404,0
matmul_tiny_loop_L20_r3,1789506253.6807406,112904.8862804,59.183,55,2325,9001,302277404,0
matmul_tiny_loop_L20_r3,1789506253.733325,112904.9380629,59.183,55,2325,9001,302299564,0
matmul_tiny_loop_L20_r3,1789506253.7840748,112904.9887806,59.183,55,2325,9001,302311333,0
matmul_tiny_loop_L20_r3,1789506253.838393,112905.0430829,59.183,55,2325,9001,302311333,0
matmul_tiny_loop_L20_r3,1789506253.8843923,112905.0891834,59.183,55,2325,9001,302326039,0
matmul_tiny_loop_L20_r3,1789506253.9360628,112905.1408447,58.831,55,2325,9001,302326039,0
matmul_tiny_loop_L20_r3,1789506253.987397,112905.1923266,58.831,55,2325,9001,302340237,0
matmul_tiny_loop_L20_r3,1789506254.0393703,112905.2452281,58.831,55,2325,9001,302340237,0
matmul_tiny_loop_L20_r3,1789506254.0905137,112905.2952539,58.831,55,2325,9001,302356684,0
matmul_tiny_loop_L20_r3,1789506254.1313233,112905.3361343,58.831,55,2325,9001,302356684,0
matmul_tiny_loop_L20_r3,1789506254.1862462,112905.3909449,58.831,55,2325,9001,302367925,0
matmul_tiny_loop_L20_r3,1789506254.2389765,112905.4437462,58.831,55,2325,9001,302367925,0
matmul_tiny_loop_L20_r3,1789506254.2908845,112905.4956052,58.831,55,2325,9001,302383492,0
matmul_tiny_loop_L20_r3,1789506254.3323677,112905.5371265,58.831,55,2325,9001,302383492,0
matmul_tiny_loop_L20_r3,1789506254.3846028,112905.5894745,58.831,55,2325,9001,302395314,0
matmul_tiny_loop_L20_r3,1789506254.4359992,112905.640701,59.011,55,2325,9001,302395314,0
matmul_tiny_loop_L20_r3,1789506254.4962878,112905.7010378,59.011,55,2325,9001,302409263,0
matmul_tiny_loop_L20_r3,1789506254.5324798,112905.7371775,59.011,55,2325,9001,302409263,0
matmul_tiny_loop_L20_r3,1789506254.5888188,112905.7935087,59.011,55,2325,9001,302424245,0
matmul_tiny_loop_L20_r3,1789506254.6389577,112905.8436787,59.011,55,2325,9001,302424245,0
matmul_tiny_loop_L20_r3,1789506254.6877098,112905.8923784,59.011,55,2325,9001,302440197,0
matmul_tiny_loop_L20_r3,1789506254.7401166,112905.9447673,59.011,55,2325,9001,302440197,0
matmul_tiny_loop_L20_r3,1789506254.7817774,112905.9865663,59.011,55,2325,9001,302440197,0
matmul_tiny_loop_L20_r3,1789506254.8327978,112906.0375235,59.011,55,2325,9001,302467221,0
matmul_tiny_loop_L20_r3,1789506254.8819895,112906.0867419,59.011,55,2325,9001,302467221,0
matmul_tiny_loop_L20_r3,1789506254.9330797,112906.1379473,59.434,55,2325,9001,302482302,0
matmul_tiny_loop_L20_r3,1789506254.9843707,112906.1890708,59.434,55,2325,9001,302494190,0
matmul_tiny_loop_L20_r3,1789506255.0352666,112906.2399566,59.434,55,2325,9001,302494190,0
matmul_tiny_loop_L20_r3,1789506255.0863192,112906.2911056,59.434,55,2325,9001,302507850,0
matmul_tiny_loop_L20_r3,1789506255.1386514,112906.3434531,59.434,55,2325,9001,302507850,0
matmul_tiny_loop_L20_r3,1789506255.1838877,112906.3886123,59.434,55,2325,9001,302523912,0
matmul_tiny_loop_L20_r3,1789506255.231744,112906.4364718,59.434,55,2325,9001,302523912,0
matmul_tiny_loop_L20_r3,1789506255.2830591,112906.4877415,59.434,55,2325,9001,302535677,0
matmul_tiny_loop_L20_r3,1789506255.3356302,112906.5404197,59.434,55,2325,9001,302535677,0
matmul_tiny_loop_L20_r3,1789506255.3871493,112906.5918524,59.434,55,2325,9001,302549735,0
matmul_tiny_loop_L20_r3,1789506255.4317594,112906.6365216,59.676,55,2325,9001,302549735,0
matmul_tiny_loop_L20_r3,1789506255.4826303,112906.6872867,59.676,55,2325,9001,302549735,0
matmul_tiny_loop_L20_r3,1789506255.5388877,112906.7435599,59.676,55,2325,9001,302565336,0
matmul_tiny_loop_L20_r3,1789506255.5847495,112906.789533,59.676,55,2325,9001,302580282,0
matmul_tiny_loop_L20_r3,1789506255.639057,112906.8437576,59.676,55,2325,9001,302580282,0
matmul_tiny_loop_L20_r3,1789506255.6855092,112906.8901832,59.676,55,2325,9001,302595619,0
matmul_tiny_loop_L20_r3,1789506255.7390528,112906.943783,59.676,55,2325,9001,302595619,0
matmul_tiny_loop_L20_r3,1789506255.7907243,112906.9955441,59.676,55,2325,9001,302611248,0
matmul_tiny_loop_L20_r3,1789506255.8320513,112907.0367293,59.676,55,2325,9001,302611248,0
matmul_tiny_loop_L20_r3,1789506255.883345,112907.0881182,59.676,55,2325,9001,302624638,0
matmul_tiny_loop_L20_r3,1789506255.9417055,112907.1464374,59.218,55,2325,9001,302624638,0
matmul_tiny_loop_L20_r3,1789506255.9857087,112907.1903989,59.218,55,2325,9001,302634295,0
matmul_tiny_loop_L20_r3,1789506256.0362773,112907.2410534,59.218,55,2325,9001,302634295,0
matmul_tiny_loop_L20_r3,1789506256.0879016,112907.2926435,59.218,55,2325,9001,302649224,0
matmul_tiny_loop_L20_r3,1789506256.1391766,112907.3439215,59.218,55,2325,9001,302649224,0
matmul_tiny_loop_L20_r3,1789506256.1821802,112907.3869115,59.218,55,2325,9001,302649224,0
matmul_tiny_loop_L20_r3,1789506256.2377708,112907.4424558,59.218,55,2325,9001,302669114,0
matmul_tiny_loop_L20_r3,1789506256.2899427,112907.4948204,59.218,55,2325,9001,302683509,0
matmul_tiny_loop_L20_r3,1789506256.3313196,112907.5362943,59.218,55,2325,9001,302683509,0
matmul_tiny_loop_L20_r3,1789506256.3858144,112907.5908711,59.218,55,2325,9001,302695216,0
matmul_tiny_loop_L20_r3,1789506256.4379227,112907.6426616,59.291,55,2325,9001,302695216,0
matmul_tiny_loop_L20_r3,1789506256.4823484,112907.6870349,59.291,55,2325,9001,302695216,0
matmul_tiny_loop_L20_r3,1789506256.5386136,112907.7434024,59.291,55,2325,9001,302714357,0
matmul_tiny_loop_L20_r3,1789506256.584947,112907.7897976,59.291,55,2325,9001,302729187,0
matmul_tiny_loop_L20_r3,1789506256.6401484,112907.8448788,59.291,55,2325,9001,302729187,0
matmul_tiny_loop_L20_r3,1789506256.6861205,112907.8908878,59.291,55,2325,9001,302745468,0
matmul_tiny_loop_L20_r3,1789506256.738538,112907.9433128,59.291,55,2325,9001,302745468,0
matmul_tiny_loop_L20_r3,1789506256.790022,112907.994771,59.291,55,2325,9001,302761283,0
matmul_tiny_loop_L20_r3,1789506256.8310554,112908.0358753,59.291,55,2325,9001,302761283,0
matmul_tiny_loop_L20_r3,1789506256.8816726,112908.0863378,59.291,55,2325,9001,302761283,0
matmul_tiny_loop_L20_r3,1789506256.9325883,112908.1372888,59.501,55,2325,9001,302777405,0
matmul_tiny_loop_L20_r3,1789506256.9825683,112908.1873198,59.501,55,2325,9001,302789072,0
matmul_tiny_loop_L20_r3,1789506257.0397794,112908.2445555,59.501,55,2325,9001,302789072,0
matmul_tiny_loop_L20_r3,1789506257.0910487,112908.2957806,59.501,55,2325,9001,302805480,0
matmul_tiny_loop_L20_r3,1789506257.1325033,112908.3373409,59.501,55,2325,9001,302805480,0
matmul_tiny_loop_L20_r3,1789506257.181652,112908.3863743,59.501,55,2325,9001,302805480,0
matmul_tiny_loop_L20_r3,1789506257.2313898,112908.4363141,59.501,55,2325,9001,302822097,0
matmul_tiny_loop_L20_r3,1789506257.283224,112908.4879514,59.501,55,2325,9001,302833265,0
matmul_tiny_loop_L20_r3,1789506257.3351133,112908.5398797,59.501,55,2325,9001,302833265,0
matmul_tiny_loop_L20_r3,1789506257.3858852,112908.5905991,59.501,55,2325,9001,302847387,0
matmul_tiny_loop_L20_r3,1789506257.4374938,112908.6423257,58.686,55,2325,9001,302847387,0
matmul_tiny_loop_L20_r3,1789506257.480671,112908.6861253,58.686,55,2325,9001,302847387,0
matmul_tiny_loop_L20_r3,1789506257.5408185,112908.7456386,58.686,55,2325,9001,302866226,0
matmul_tiny_loop_L20_r3,1789506257.581165,112908.7863694,58.686,55,2325,9001,302866226,0
matmul_tiny_loop_L20_r3,1789506257.639165,112908.8439531,58.686,55,2325,9001,302886019,0
matmul_tiny_loop_L20_r3,1789506257.6848521,112908.8897422,58.686,55,2325,9001,302901666,0
matmul_tiny_loop_L20_r3,1789506257.7388005,112908.9434869,58.686,55,2325,9001,302901666,0
matmul_tiny_loop_L20_r3,1789506257.7903593,112908.9951581,58.686,55,2325,9001,302917671,0
matmul_tiny_loop_L20_r3,1789506257.8321342,112909.0368583,58.686,55,2325,9001,302917671,0
matmul_tiny_loop_L20_r3,1789506257.884252,112909.0889766,58.686,55,2325,9001,302931591,0
matmul_tiny_loop_L20_r3,1789506257.9362886,112909.1409417,58.959,55,2325,9001,302931591,0
matmul_tiny_loop_L20_r3,1789506257.9879282,112909.1927259,58.959,55,2325,9001,302946255,0
matmul_tiny_loop_L20_r3,1789506258.0387776,112909.2435319,58.959,55,2325,9001,302946255,0
matmul_tiny_loop_L20_r3,1789506258.0906072,112909.2955284,58.959,55,2325,9001,302962057,0
matmul_tiny_loop_L20_r3,1789506258.1322806,112909.3370461,58.959,55,2325,9001,302962057,0
matmul_tiny_loop_L20_r3,1789506258.1832128,112909.3879186,58.959,55,2325,9001,302975640,0
matmul_tiny_loop_L20_r3,1789506258.2311213,112909.4359457,58.959,55,2325,9001,302975640,0
matmul_tiny_loop_L20_r3,1789506258.2821543,112909.4869295,58.959,55,2325,9001,302987324,0
matmul_tiny_loop_L20_r3,1789506258.3339303,112909.5387095,58.959,55,2325,9001,302987324,0
matmul_tiny_loop_L20_r3,1789506258.385395,112909.5901947,58.959,55,2325,9001,303000696,0
matmul_tiny_loop_L20_r3,1789506258.436644,112909.6413445,59.432,55,2325,9001,303000696,0
matmul_tiny_loop_L20_r3,1789506258.4929845,112909.6977237,59.432,55,2325,9001,303015361,0
matmul_tiny_loop_L20_r3,1789506258.5386875,112909.743409,59.432,55,2325,9001,303015361,0
matmul_tiny_loop_L20_r3,1789506258.5933785,112909.798035,59.432,55,2325,9001,303033281,0
matmul_tiny_loop_L20_r3,1789506258.6390564,112909.8437261,59.432,55,2325,9001,303033281,0
matmul_tiny_loop_L20_r3,1789506258.6853082,112909.890144,59.432,55,2325,9001,303052648,0
matmul_tiny_loop_L20_r3,1789506258.7389386,112909.9436603,59.432,55,2325,9001,303052648,0
matmul_tiny_loop_L20_r3,1789506258.790125,112909.9948073,59.432,55,2325,9001,303068991,0
matmul_tiny_loop_L20_r3,1789506258.8313482,112910.0360308,59.432,55,2325,9001,303068991,0
matmul_tiny_loop_L20_r3,1789506258.8825722,112910.0872929,59.432,55,2325,9001,303082106,0
matmul_tiny_loop_L20_r3,1789506258.9336827,112910.1384966,59.138,55,2325,9001,303082106,0
matmul_tiny_loop_L20_r3,1789506258.9842882,112910.1890322,59.138,55,2325,9001,303095634,0
matmul_tiny_loop_L20_r3,1789506259.0348022,112910.2396572,59.138,55,2325,9001,303095634,0
matmul_tiny_loop_L20_r3,1789506259.0908983,112910.2956136,59.138,55,2325,9001,303109812,0
matmul_tiny_loop_L20_r3,1789506259.139024,112910.3436828,59.138,55,2325,9001,303109812,0
matmul_tiny_loop_L20_r3,1789506259.1893485,112910.3941974,59.138,55,2325,9001,303126778,0
matmul_tiny_loop_L20_r3,1789506259.2341003,112910.4388322,59.138,55,2325,9001,303126778,0
matmul_tiny_loop_L20_r3,1789506259.2854261,112910.4902631,59.138,55,2325,9001,303141765,0
matmul_tiny_loop_L20_r3,1789506259.3366847,112910.5414315,59.138,55,2325,9001,303141765,0
matmul_tiny_loop_L20_r3,1789506259.387876,112910.5925911,59.138,55,2325,9001,303157122,0
matmul_tiny_loop_L20_r3,1789506259.4388492,112910.6436488,59.065,55,2325,9001,303157122,0
matmul_tiny_loop_L20_r3,1789506259.4845812,112910.6893787,59.065,55,2325,9001,303173881,0
matmul_tiny_loop_L20_r3,1789506259.5379274,112910.742632,59.065,55,2325,9001,303173881,0
matmul_tiny_loop_L20_r3,1789506259.5895867,112910.7944191,59.065,55,2325,9001,303189608,0
matmul_tiny_loop_L20_r3,1789506259.637728,112910.8424033,59.065,55,2325,9001,303189608,0
matmul_tiny_loop_L20_r3,1789506259.6812737,112910.8861463,59.065,55,2325,9001,303189608,0
matmul_tiny_loop_L20_r3,1789506259.738063,112910.9428905,59.065,55,2325,9001,303210359,0
matmul_tiny_loop_L20_r3,1789506259.790084,112910.9948109,59.065,55,2325,9001,303225633,0
matmul_tiny_loop_L20_r3,1789506259.8309276,112911.035686,59.065,55,2325,9001,303225633,0
matmul_tiny_loop_L20_r3,1789506259.8827507,112911.0875124,59.065,55,2325,9001,303239334,0
matmul_tiny_loop_L20_r3,1789506259.9338174,112911.1385874,59.343,55,2325,9001,303239334,0
matmul_tiny_loop_L20_r3,1789506259.9856226,112911.190343,59.343,55,2325,9001,303253029,0
matmul_tiny_loop_L20_r3,1789506260.0367734,112911.2415109,59.343,55,2325,9001,303253029,0
matmul_tiny_loop_L20_r3,1789506260.087861,112911.2926162,59.343,55,2325,9001,303268030,0
matmul_tiny_loop_L20_r3,1789506260.1583235,112911.3649546,59.343,55,2325,9001,303268030,0
matmul_tiny_loop_L20_r3,1789506260.1884239,112911.3932127,59.343,55,2325,9001,303278252,0
matmul_tiny_loop_L20_r3,1789506260.2371004,112911.4418666,59.343,55,2325,9001,303278252,0
matmul_tiny_loop_L20_r3,1789506260.3161001,112911.5222342,59.343,55,2325,9001,303294715,0
matmul_tiny_loop_L20_r3,1789506260.345748,112911.5521022,59.343,55,2325,9001,303294715,0
matmul_tiny_loop_L20_r3,1789506260.3918471,112911.5966979,59.343,55,2325,9001,303313630,0
matmul_tiny_loop_L20_r3,1789506260.4378805,112911.6426246,59.413,55,2325,9001,303313630,0
matmul_tiny_loop_L20_r3,1789506260.4846587,112911.68938,59.413,55,2325,9001,303332239,0
matmul_tiny_loop_L20_r3,1789506260.5376482,112911.7437567,59.413,55,2325,9001,303332239,0
matmul_tiny_loop_L20_r3,1789506260.580797,112911.7865059,59.413,55,2325,9001,303348897,0
matmul_tiny_loop_L20_r3,1789506260.6381223,112911.8429151,59.413,55,2325,9001,303348897,0
matmul_tiny_loop_L20_r3,1789506260.6827576,112911.8874674,59.413,55,2325,9001,303365067,0
matmul_tiny_loop_L20_r3,1789506260.7344117,112911.9391161,59.413,55,2325,9001,303365067,0
matmul_tiny_loop_L20_r3,1789506260.785293,112911.991307,59.413,55,2325,9001,303379316,0
matmul_tiny_loop_L20_r3,1789506260.8359814,112912.040721,59.413,55,2325,9001,303379316,0
matmul_tiny_loop_L20_r3,1789506260.887452,112912.0922624,59.413,55,2325,9001,303394290,0
matmul_tiny_loop_L20_r3,1789506260.938777,112912.1435151,59.259,55,2325,9001,303394290,0
matmul_tiny_loop_L20_r3,1789506260.9899356,112912.1946893,59.259,55,2325,9001,303411523,0
matmul_tiny_loop_L20_r3,1789506261.0311801,112912.2364986,59.259,55,2325,9001,303411523,0
matmul_tiny_loop_L20_r3,1789506261.0826085,112912.2872881,59.259,55,2325,9001,303425737,0
matmul_tiny_loop_L20_r3,1789506261.1329024,112912.3376569,59.259,55,2325,9001,303425737,0
matmul_tiny_loop_L20_r3,1789506261.1828375,112912.3877707,59.259,55,2325,9001,303439052,0
matmul_tiny_loop_L20_r3,1789506261.2494226,112912.454388,59.259,55,2325,9001,303439052,0
matmul_tiny_loop_L20_r3,1789506261.289652,112912.4945787,59.259,55,2325,9001,303451023,0
matmul_tiny_loop_L20_r3,1789506261.3308716,112912.5358885,59.259,55,2325,9001,303451023,0
matmul_tiny_loop_L20_r3,1789506261.3824136,112912.587081,59.259,55,2325,9001,303464158,0
matmul_tiny_loop_L20_r3,1789506261.4337356,112912.6385266,59.084,55,2325,9001,303464158,0
matmul_tiny_loop_L20_r3,1789506261.4846,112912.6894259,59.084,55,2325,9001,303477762,0
matmul_tiny_loop_L20_r3,1789506261.5333061,112912.7396976,59.084,55,2325,9001,303477762,0
matmul_tiny_loop_L20_r3,1789506261.5821924,112912.7868921,59.084,55,2325,9001,303492310,0
matmul_tiny_loop_L20_r3,1789506261.630091,112912.8357289,59.084,55,2325,9001,303492310,0
matmul_tiny_loop_L20_r3,1789506261.6852174,112912.8900874,59.084,55,2325,9001,303504505,0
matmul_tiny_loop_L20_r3,1789506261.7395387,112912.9443139,59.084,55,2325,9001,303504505,0
matmul_tiny_loop_L20_r3,1789506261.7831244,112912.9879571,59.084,55,2325,9001,303521647,0
matmul_tiny_loop_L20_r3,1789506261.834509,112913.0392139,59.084,55,2325,9001,303521647,0
matmul_tiny_loop_L20_r3,1789506261.8862457,112913.0909982,59.084,55,2325,9001,303536116,0
matmul_tiny_loop_L20_r3,1789506261.9375553,112913.1423586,59.213,55,2325,9001,303536116,0
matmul_tiny_loop_L20_r3,1789506261.9837487,112913.188542,59.213,55,2325,9001,303552677,0
matmul_tiny_loop_L20_r3,1789506262.03391,112913.2386008,59.213,55,2325,9001,303552677,0
matmul_tiny_loop_L20_r3,1789506262.0854568,112913.2902593,59.213,55,2325,9001,303566253,0
matmul_tiny_loop_L20_r3,1789506262.136726,112913.3414045,59.213,55,2325,9001,303566253,0
matmul_tiny_loop_L20_r3,1789506262.1878257,112913.3925881,59.213,55,2325,9001,303582251,0
matmul_tiny_loop_L20_r3,1789506262.231753,112913.4364479,59.213,55,2325,9001,303582251,0
matmul_tiny_loop_L20_r3,1789506262.2827084,112913.4874982,59.213,55,2325,9001,303596340,0
matmul_tiny_loop_L20_r3,1789506262.3319228,112913.5366038,59.213,55,2325,9001,303596340,0
matmul_tiny_loop_L20_r3,1789506262.3841622,112913.588966,59.213,55,2325,9001,303609477,0
matmul_tiny_loop_L20_r3,1789506262.4360785,112913.6408117,59.56,55,2325,9001,303609477,0
matmul_tiny_loop_L20_r3,1789506262.4890199,112913.6937473,59.56,55,2325,9001,303624847,0
matmul_tiny_loop_L20_r3,1789506262.5378077,112913.7425449,59.56,55,2325,9001,303624847,0
matmul_tiny_loop_L20_r3,1789506262.5847769,112913.7895357,59.56,55,2325,9001,303641792,0
matmul_tiny_loop_L20_r3,1789506262.6382852,112913.8430366,59.56,55,2325,9001,303641792,0
matmul_tiny_loop_L20_r3,1789506262.6845315,112913.8895997,59.56,55,2325,9001,303658480,0
matmul_tiny_loop_L20_r3,1789506262.7382455,112913.943313,59.56,55,2325,9001,303658480,0
matmul_tiny_loop_L20_r3,1789506262.79045,112913.9951289,59.56,55,2325,9001,303675397,0
matmul_tiny_loop_L20_r3,1789506262.8317828,112914.0366378,59.56,55,2325,9001,303675397,0
matmul_tiny_loop_L20_r3,1789506262.8830225,112914.087725,59.56,55,2325,9001,303690822,0
matmul_tiny_loop_L20_r3,1789506262.934092,112914.138813,59.571,55,2325,9001,303690822,0
matmul_tiny_loop_L20_r3,1789506262.9856098,112914.1903859,59.571,55,2325,9001,303705306,0
matmul_tiny_loop_L20_r3,1789506263.0342972,112914.2391146,59.571,55,2325,9001,303705306,0
matmul_tiny_loop_L20_r3,1789506263.0860207,112914.2907079,59.571,55,2325,9001,303720038,0
matmul_tiny_loop_L20_r3,1789506263.137271,112914.3422202,59.571,55,2325,9001,303720038,0
matmul_tiny_loop_L20_r3,1789506263.188243,112914.3930726,59.571,55,2325,9001,303736469,0
matmul_tiny_loop_L20_r3,1789506263.2328658,112914.4376675,59.571,55,2325,9001,303736469,0
matmul_tiny_loop_L20_r3,1789506263.2872367,112914.4919973,59.571,55,2325,9001,303751562,0
matmul_tiny_loop_L20_r3,1789506263.3393676,112914.544073,59.571,55,2325,9001,303751562,0
matmul_tiny_loop_L20_r3,1789506263.3887732,112914.5935789,59.571,55,2325,9001,303762039,0
matmul_tiny_loop_L20_r3,1789506263.4395673,112914.6442389,59.077,55,2325,9001,303762039,0
matmul_tiny_loop_L20_r3,1789506263.4852312,112914.6899576,59.077,55,2325,9001,303772624,0
matmul_tiny_loop_L20_r3,1789506263.537191,112914.7418563,59.077,55,2325,9001,303772624,0
matmul_tiny_loop_L20_r3,1789506263.5806918,112914.7859173,59.077,55,2325,9001,303789009,0
matmul_tiny_loop_L20_r3,1789506263.6381686,112914.842928,59.077,55,2325,9001,303789009,0
matmul_tiny_loop_L20_r3,1789506263.6858358,112914.8906601,59.077,55,2325,9001,303805377,0
matmul_tiny_loop_L20_r3,1789506263.7383285,112914.9430824,59.077,55,2325,9001,303805377,0
matmul_tiny_loop_L20_r3,1789506263.7899892,112914.9947221,59.077,55,2325,9001,303822151,0
matmul_tiny_loop_L20_r3,1789506263.830993,112915.0365191,59.077,55,2325,9001,303822151,0
matmul_tiny_loop_L20_r3,1789506263.8886967,112915.0934189,59.077,55,2325,9001,303837417,0
matmul_tiny_loop_L20_r3,1789506263.9369287,112915.1416964,59.164,55,2325,9001,303837417,0
matmul_tiny_loop_L20_r3,1789506263.9884384,112915.1933566,59.164,55,2325,9001,303854098,0
matmul_tiny_loop_L20_r3,1789506264.0336568,112915.2383311,59.164,55,2325,9001,303854098,0
matmul_tiny_loop_L20_r3,1789506264.0859087,112915.2906787,59.164,55,2325,9001,303868892,0
matmul_tiny_loop_L20_r3,1789506264.137299,112915.3420106,59.164,55,2325,9001,303868892,0
matmul_tiny_loop_L20_r3,1789506264.1880083,112915.3927833,59.164,55,2325,9001,303885197,0
matmul_tiny_loop_L20_r3,1789506264.234259,112915.4390327,59.164,55,2325,9001,303885197,0
matmul_tiny_loop_L20_r3,1789506264.285874,112915.4906494,59.164,55,2325,9001,303900925,0
matmul_tiny_loop_L20_r3,1789506264.337519,112915.5422357,59.164,55,2325,9001,303900925,0
matmul_tiny_loop_L20_r3,1789506264.389615,112915.5942982,59.164,55,2325,9001,303917948,0
matmul_tiny_loop_L20_r3,1789506264.4347513,112915.6395048,59.353,55,2325,9001,303917948,0
matmul_tiny_loop_L20_r3,1789506264.4947696,112915.6994657,59.353,55,2325,9001,303934810,0
matmul_tiny_loop_L20_r3,1789506264.5883584,112915.7943468,59.353,55,2325,9001,303945001,0
matmul_tiny_loop_L20_r3,1789506264.590364,112915.7950976,59.353,55,2325,9001,303945001,0
matmul_tiny_loop_L20_r3,1789506264.650141,112915.8548534,59.353,55,2325,9001,303945001,0
matmul_tiny_loop_L20_r3,1789506264.6934001,112915.8981097,59.353,55,2325,9001,303960198,0
matmul_tiny_loop_L20_r3,1789506264.7478597,112915.9527544,59.353,55,2325,9001,303960198,0
matmul_tiny_loop_L20_r3,1789506264.799129,112916.0040952,59.353,55,2325,9001,303974974,0
matmul_tiny_loop_L20_r3,1789506264.8501115,112916.0549268,59.353,55,2325,9001,303974974,0
matmul_tiny_loop_L20_r3,1789506264.8915892,112916.0963531,59.353,55,2325,9001,303989861,0
matmul_tiny_loop_L20_r3,1789506264.9428167,112916.1476275,58.953,54,2325,9001,303989861,0
matmul_tiny_loop_L20_r3,1789506264.9941375,112916.199245,58.953,54,2325,9001,304001360,0
matmul_tiny_loop_L20_r3,1789506265.0489771,112916.2538275,58.953,54,2325,9001,304001360,0
matmul_tiny_loop_L20_r3,1789506265.0900378,112916.2956479,58.953,54,2325,9001,304018415,0
matmul_tiny_loop_L20_r3,1789506265.1417344,112916.3465861,58.953,54,2325,9001,304018415,0
matmul_tiny_loop_L20_r3,1789506265.1929624,112916.3976423,58.953,54,2325,9001,304029713,0
matmul_tiny_loop_L20_r3,1789506265.2404687,112916.4453943,58.953,54,2325,9001,304029713,0
matmul_tiny_loop_L20_r3,1789506265.2922819,112916.4970082,58.953,54,2325,9001,304043106,0
matmul_tiny_loop_L20_r3,1789506265.3442814,112916.5491119,58.953,54,2325,9001,304043106,0
matmul_tiny_loop_L20_r3,1789506265.3957882,112916.6007425,58.953,54,2325,9001,304055505,0
matmul_tiny_loop_L20_r3,1789506265.4468305,112916.6515549,59.37,55,2325,9001,304055505,0
matmul_tiny_loop_L20_r3,1789506265.4934275,112916.6981212,59.37,55,2325,9001,304071967,0
matmul_tiny_loop_L20_r3,1789506265.5510325,112916.7557941,59.37,55,2325,9001,304071967,0
matmul_tiny_loop_L20_r3,1789506265.5954072,112916.8000867,59.37,55,2325,9001,304088303,0
matmul_tiny_loop_L20_r3,1789506265.6482234,112916.8529519,59.37,55,2325,9001,304088303,0
matmul_tiny_loop_L20_r3,1789506265.699881,112916.9045742,59.37,55,2325,9001,304105703,0
matmul_tiny_loop_L20_r3,1789506265.750255,112916.9549422,59.37,55,2325,9001,304105703,0
matmul_tiny_loop_L20_r3,1789506265.7908092,112916.9957529,59.37,55,2325,9001,304122372,0
matmul_tiny_loop_L20_r3,1789506265.8418477,112917.0465923,59.37,55,2325,9001,304122372,0
matmul_tiny_loop_L20_r3,1789506265.893316,112917.0982373,59.37,55,2325,9001,304134799,0
matmul_tiny_loop_L20_r3,1789506265.9448862,112917.1496542,59.289,55,2325,9001,304134799,0
matmul_tiny_loop_L20_r3,1789506265.9963732,112917.2011212,59.289,55,2325,9001,304148462,0
matmul_tiny_loop_L20_r3,1789506266.045856,112917.2506669,59.289,55,2325,9001,304148462,0
matmul_tiny_loop_L20_r3,1789506266.0968876,112917.3016867,59.289,55,2325,9001,304165082,0
matmul_tiny_loop_L20_r3,1789506266.1484568,112917.3531991,59.289,55,2325,9001,304165082,0
matmul_tiny_loop_L20_r3,1789506266.2002597,112917.4049755,59.289,55,2325,9001,304181912,0
matmul_tiny_loop_L20_r3,1789506266.2489407,112917.4537274,59.289,55,2325,9001,304181912,0
matmul_tiny_loop_L20_r3,1789506266.3000433,112917.5047774,59.289,55,2325,9001,304196553,0
matmul_tiny_loop_L20_r3,1789506266.341152,112917.5458891,59.289,55,2325,9001,304196553,0
matmul_tiny_loop_L20_r3,1789506266.3924913,112917.5972941,59.289,55,2325,9001,304209780,0
matmul_tiny_loop_L20_r3,1789506266.44448,112917.6492471,59.153,55,2325,9001,304209780,0
matmul_tiny_loop_L20_r3,1789506266.5075424,112917.7123328,59.153,55,2325,9001,304223962,0
matmul_tiny_loop_L20_r3,1789506266.5486698,112917.7533728,59.153,55,2325,9001,304223962,0
matmul_tiny_loop_L20_r3,1789506266.5923388,112917.7970129,59.153,55,2325,9001,304240119,0
matmul_tiny_loop_L20_r3,1789506266.643458,112917.8483535,59.153,55,2325,9001,304240119,0
matmul_tiny_loop_L20_r3,1789506266.6930819,112917.897823,59.153,55,2325,9001,304253452,0
matmul_tiny_loop_L20_r3,1789506266.748395,112917.9530997,59.153,55,2325,9001,304253452,0
matmul_tiny_loop_L20_r3,1789506266.799492,112918.0042746,59.153,55,2325,9001,304268722,0
matmul_tiny_loop_L20_r3,1789506266.8402872,112918.0451177,59.153,55,2325,9001,304268722,0
matmul_tiny_loop_L20_r3,1789506266.8918593,112918.0966246,59.153,55,2325,9001,304280280,0
matmul_tiny_loop_L2_r1,1789506268.9237952,112920.1326098,58.979,54,2325,9001,304404006,0
matmul_tiny_loop_L2_r1,1789506268.985579,112920.1912555,58.979,54,2325,9001,304415475,0
matmul_tiny_loop_L2_r1,1789506269.0271928,112920.2328406,58.979,54,2325,9001,304415475,0
matmul_tiny_loop_L2_r1,1789506269.0837715,112920.2885397,58.979,54,2325,9001,304429637,0
matmul_tiny_loop_L2_r1,1789506269.1345315,112920.3392883,58.979,54,2325,9001,304429637,0
matmul_tiny_loop_L2_r1,1789506269.1827946,112920.3875308,58.979,54,2325,9001,304445572,0
matmul_tiny_loop_L2_r1,1789506269.2302556,112920.4349428,58.979,54,2325,9001,304445572,0
matmul_tiny_loop_L2_r1,1789506269.2857401,112920.4904617,58.979,54,2325,9001,304459163,0
matmul_tiny_loop_L2_r1,1789506269.3367388,112920.5415919,58.979,54,2325,9001,304459163,0
matmul_tiny_loop_L2_r1,1789506269.3788004,112920.5836091,58.979,54,2325,9001,304476001,0
matmul_tiny_loop_L2_r1,1789506269.4300203,112920.6347543,59.138,54,2325,9001,304476001,0
matmul_tiny_loop_L2_r1,1789506269.484553,112920.689249,59.138,54,2325,9001,304489283,0
matmul_tiny_loop_L2_r1,1789506269.5320766,112920.7368181,59.138,54,2325,9001,304489283,0
matmul_tiny_loop_L2_r1,1789506269.5809271,112920.785683,59.138,54,2325,9001,304504051,0
matmul_tiny_loop_L2_r1,1789506269.6292632,112920.8340314,59.138,54,2325,9001,304504051,0
matmul_tiny_loop_L2_r1,1789506269.6847749,112920.889562,59.138,54,2325,9001,304516632,0
matmul_tiny_loop_L2_r1,1789506269.7280016,112920.9332465,59.138,54,2325,9001,304516632,0
matmul_tiny_loop_L2_r1,1789506269.779497,112920.9842348,59.138,54,2325,9001,304530258,0
matmul_tiny_loop_L2_r1,1789506269.8359084,112921.0405919,59.138,54,2325,9001,304530258,0
matmul_tiny_loop_L2_r1,1789506269.8868299,112921.091596,59.138,54,2325,9001,304546328,0
matmul_tiny_loop_L2_r1,1789506269.9284275,112921.1331535,59.196,55,2325,9001,304546328,0
matmul_tiny_loop_L2_r1,1789506269.980062,112921.184799,59.196,55,2325,9001,304559009,0
matmul_tiny_loop_L2_r1,1789506270.0313857,112921.236424,59.196,55,2325,9001,304559009,0
matmul_tiny_loop_L2_r1,1789506270.0823967,112921.287231,59.196,55,2325,9001,304572954,0
matmul_tiny_loop_L2_r1,1789506270.1364431,112921.3413421,59.196,55,2325,9001,304572954,0
matmul_tiny_loop_L2_r1,1789506270.178138,112921.3833359,59.196,55,2325,9001,304589968,0
matmul_tiny_loop_L2_r1,1789506270.2303076,112921.4350024,59.196,55,2325,9001,304589968,0
matmul_tiny_loop_L2_r1,1789506270.2845032,112921.4899194,59.196,55,2325,9001,304603318,0
matmul_tiny_loop_L2_r1,1789506270.3359404,112921.5411128,59.196,55,2325,9001,304603318,0
matmul_tiny_loop_L2_r1,1789506270.386824,112921.591778,59.196,55,2325,9001,304621084,0
matmul_tiny_loop_L2_r1,1789506270.428087,112921.6332615,58.859,55,2325,9001,304621084,0
matmul_tiny_loop_L2_r1,1789506270.4823775,112921.6870465,58.859,55,2325,9001,304634794,0
matmul_tiny_loop_L2_r1,1789506270.5325847,112921.7373987,58.859,55,2325,9001,304634794,0
matmul_tiny_loop_L2_r1,1789506270.584748,112921.7894861,58.859,55,2325,9001,304649621,0
matmul_tiny_loop_L2_r1,1789506270.6311908,112921.8360669,58.859,55,2325,9001,304649621,0
matmul_tiny_loop_L2_r1,1789506270.6859386,112921.8907133,58.859,55,2325,9001,304664224,0
matmul_tiny_loop_L2_r1,1789506270.7358065,112921.9406013,58.859,55,2325,9001,304664224,0
matmul_tiny_loop_L5_r1,1789506272.785898,112923.9915059,58.677,54,2325,9001,304799314,0
matmul_tiny_loop_L5_r1,1789506272.8390877,112924.0438325,58.677,54,2325,9001,304799314,0
matmul_tiny_loop_L5_r1,1789506272.890056,112924.094754,58.677,54,2325,9001,304810832,0
matmul_tiny_loop_L5_r1,1789506272.9437375,112924.148427,59.078,55,2325,9001,304810832,0
matmul_tiny_loop_L5_r1,1789506272.9947844,112924.1994994,59.078,55,2325,9001,304824094,0
matmul_tiny_loop_L5_r1,1789506273.045673,112924.2504816,59.078,55,2325,9001,304824094,0
matmul_tiny_loop_L5_r1,1789506273.0869353,112924.2922661,59.078,55,2325,9001,304842204,0
matmul_tiny_loop_L5_r1,1789506273.1459603,112924.350666,59.078,55,2325,9001,304842204,0
matmul_tiny_loop_L5_r1,1789506273.1972294,112924.402079,59.078,55,2325,9001,304855317,0
matmul_tiny_loop_L5_r1,1789506273.2385411,112924.4432833,59.078,55,2325,9001,304855317,0
matmul_tiny_loop_L5_r1,1789506273.2922366,112924.4969823,59.078,55,2325,9001,304867067,0
matmul_tiny_loop_L5_r1,1789506273.343225,112924.5479297,59.078,55,2325,9001,304867067,0
matmul_tiny_loop_L5_r1,1789506273.3945005,112924.5992584,59.078,55,2325,9001,304881184,0
matmul_tiny_loop_L5_r1,1789506273.4366424,112924.6420243,59.977,55,2325,9001,304881184,0
matmul_tiny_loop_L5_r1,1789506273.4928153,112924.6975193,59.977,55,2325,9001,304896865,0
matmul_tiny_loop_L5_r1,1789506273.5382044,112924.7429789,59.977,55,2325,9001,304896865,0
matmul_tiny_loop_L5_r1,1789506273.5929043,112924.797641,59.977,55,2325,9001,304910363,0
matmul_tiny_loop_L5_r1,1789506273.6386716,112924.8434025,59.977,55,2325,9001,304910363,0
matmul_tiny_loop_L5_r1,1789506273.6967168,112924.9014205,59.977,55,2325,9001,304925162,0
matmul_tiny_loop_L5_r1,1789506273.7405038,112924.9451718,59.977,55,2325,9001,304925162,0
matmul_tiny_loop_L5_r1,1789506273.7919896,112924.9966526,59.977,55,2325,9001,304936680,0
matmul_tiny_loop_L5_r1,1789506273.843171,112925.0478683,59.977,55,2325,9001,304936680,0
matmul_tiny_loop_L5_r1,1789506273.8939722,112925.0988165,59.977,55,2325,9001,304951913,0
matmul_tiny_loop_L5_r1,1789506273.9455655,112925.1502889,59.999,55,2325,9001,304951913,0
matmul_tiny_loop_L5_r1,1789506273.9915087,112925.1962227,59.999,55,2325,9001,304968496,0
matmul_tiny_loop_L5_r1,1789506274.0425432,112925.2472049,59.999,55,2325,9001,304968496,0
matmul_tiny_loop_L5_r1,1789506274.0931091,112925.2978843,59.999,55,2325,9001,304983500,0
matmul_tiny_loop_L5_r1,1789506274.144118,112925.3488386,59.999,55,2325,9001,304983500,0
matmul_tiny_loop_L5_r1,1789506274.191443,112925.3961148,59.999,55,2325,9001,304998776,0
matmul_tiny_loop_L5_r1,1789506274.25393,112925.4587331,59.999,55,2325,9001,304998776,0
matmul_tiny_loop_L5_r1,1789506274.2941086,112925.4988062,59.999,55,2325,9001,305020000,0
matmul_tiny_loop_L5_r1,1789506274.345943,112925.550781,59.999,55,2325,9001,305020000,0
matmul_tiny_loop_L5_r1,1789506274.387089,112925.5918035,59.999,55,2325,9001,305037116,0
matmul_tiny_loop_L5_r1,1789506274.4384491,112925.6435784,59.551,54,2325,9001,305037116,0
matmul_tiny_loop_L5_r1,1789506274.4973683,112925.7020276,59.551,54,2325,9001,305048828,0
matmul_tiny_loop_L5_r1,1789506274.537804,112925.7425755,59.551,54,2325,9001,305048828,0
matmul_tiny_loop_L5_r1,1789506274.5929077,112925.7977165,59.551,54,2325,9001,305062264,0
matmul_tiny_loop_L5_r1,1789506274.641647,112925.8463786,59.551,54,2325,9001,305062264,0
matmul_tiny_loop_L5_r1,1789506274.688719,112925.8936425,59.551,54,2325,9001,305077564,0
matmul_tiny_loop_L5_r1,1789506274.7427073,112925.9474792,59.551,54,2325,9001,305077564,0
matmul_tiny_loop_L5_r1,1789506274.7941685,112925.9988601,59.551,54,2325,9001,305089929,0
matmul_tiny_loop_L5_r1,1789506274.8452196,112926.049917,59.551,54,2325,9001,305089929,0
matmul_tiny_loop_L5_r1,1789506274.8863046,112926.0919178,59.551,54,2325,9001,305107623,0
matmul_tiny_loop_L5_r1,1789506274.9379835,112926.1426785,59.044,54,2325,9001,305107623,0
matmul_tiny_loop_L5_r1,1789506274.989291,112926.1939665,59.044,54,2325,9001,305118252,0
matmul_tiny_loop_L5_r1,1789506275.0437446,112926.2485212,59.044,54,2325,9001,305118252,0
matmul_tiny_loop_L5_r1,1789506275.095372,112926.3001018,59.044,54,2325,9001,305133138,0
matmul_tiny_loop_L5_r1,1789506275.146703,112926.3516192,59.044,54,2325,9001,305133138,0
matmul_tiny_loop_L5_r1,1789506275.1912866,112926.3960168,59.044,54,2325,9001,305151323,0
matmul_tiny_loop_L5_r1,1789506275.2386198,112926.4434517,59.044,54,2325,9001,305151323,0
matmul_tiny_loop_L5_r1,1789506275.2962255,112926.5009552,59.044,54,2325,9001,305165378,0
matmul_tiny_loop_L5_r1,1789506275.336506,112926.541918,59.044,54,2325,9001,305165378,0
matmul_tiny_loop_L5_r1,1789506275.3868287,112926.5916078,59.044,54,2325,9001,305177122,0
matmul_tiny_loop_L5_r1,1789506275.4388838,112926.6436479,58.873,54,2325,9001,305177122,0
matmul_tiny_loop_L5_r1,1789506275.4906483,112926.6954245,58.873,54,2325,9001,305188722,0
matmul_tiny_loop_L5_r1,1789506275.5383422,112926.7431746,58.873,54,2325,9001,305188722,0
matmul_tiny_loop_L5_r1,1789506275.5926843,112926.7974434,58.873,54,2325,9001,305201282,0
matmul_tiny_loop_L5_r1,1789506275.6368587,112926.8419619,58.873,54,2325,9001,305201282,0
matmul_tiny_loop_L5_r1,1789506275.690906,112926.8955698,58.873,54,2325,9001,305216337,0
matmul_tiny_loop_L5_r1,1789506275.7384608,112926.9431823,58.873,54,2325,9001,305216337,0
matmul_tiny_loop_L5_r1,1789506275.790097,112926.9947859,58.873,54,2325,9001,305229342,0
matmul_tiny_loop_L5_r1,1789506275.8417218,112927.0465388,58.873,54,2325,9001,305229342,0
matmul_tiny_loop_L5_r1,1789506275.8929365,112927.0976847,58.873,54,2325,9001,305243843,0
matmul_tiny_loop_L5_r1,1789506275.944154,112927.1488469,58.808,54,2325,9001,305243843,0
matmul_tiny_loop_L5_r1,1789506275.9963603,112927.2010515,58.808,54,2325,9001,305259709,0
matmul_tiny_loop_L5_r1,1789506276.0378091,112927.2425225,58.808,54,2325,9001,305259709,0
matmul_tiny_loop_L5_r1,1789506276.090172,112927.2949182,58.808,54,2325,9001,305271356,0
matmul_tiny_loop_L5_r1,1789506276.1413605,112927.3461239,58.808,54,2325,9001,305271356,0
matmul_tiny_loop_L5_r1,1789506276.1967711,112927.4014295,58.808,54,2325,9001,305284640,0
matmul_tiny_loop_L5_r1,1789506276.250638,112927.4556392,58.808,54,2325,9001,305284640,0
matmul_tiny_loop_L5_r1,1789506276.2913141,112927.4960588,58.808,54,2325,9001,305301858,0
matmul_tiny_loop_L5_r1,1789506276.343075,112927.5479137,58.808,54,2325,9001,305301858,0
matmul_tiny_loop_L5_r1,1789506276.3945932,112927.5996638,58.808,54,2325,9001,305316585,0
matmul_tiny_loop_L5_r1,1789506276.44583,112927.6505958,59.226,55,2325,9001,305316585,0
matmul_tiny_loop_L5_r1,1789506276.4885638,112927.6934944,59.226,55,2325,9001,305335686,0
matmul_tiny_loop_L5_r1,1789506276.5384376,112927.7432118,59.226,55,2325,9001,305335686,0
matmul_tiny_loop_L5_r1,1789506276.5928175,112927.7975897,59.226,55,2325,9001,305347604,0
matmul_tiny_loop_L5_r1,1789506276.6457267,112927.8503994,59.226,55,2325,9001,305347604,0
matmul_tiny_loop_L5_r1,1789506276.6884558,112927.8934086,59.226,55,2325,9001,305365461,0
matmul_tiny_loop_L5_r1,1789506276.7385077,112927.9432096,59.226,55,2325,9001,305365461,0
matmul_tiny_loop_L5_r1,1789506276.7890964,112927.9938482,59.226,55,2325,9001,305377306,0
matmul_tiny_loop_L5_r1,1789506276.8397863,112928.0444715,59.226,55,2325,9001,305377306,0
matmul_tiny_loop_L5_r1,1789506276.8912766,112928.096008,59.226,55,2325,9001,305390610,0
matmul_tiny_loop_L5_r1,1789506276.9421086,112928.1469817,59.366,54,2325,9001,305390610,0
matmul_tiny_loop_L5_r1,1789506276.991866,112928.1965495,59.366,54,2325,9001,305404728,0
matmul_tiny_loop_L5_r1,1789506277.0421534,112928.2468886,59.366,54,2325,9001,305404728,0
matmul_tiny_loop_L5_r1,1789506277.0927732,112928.2975278,59.366,54,2325,9001,305420414,0
matmul_tiny_loop_L5_r1,1789506277.145566,112928.3502781,59.366,54,2325,9001,305420414,0
matmul_tiny_loop_L5_r1,1789506277.2022057,112928.4069262,59.366,54,2325,9001,305437329,0
matmul_tiny_loop_L5_r1,1789506277.243033,112928.4478438,59.366,54,2325,9001,305437329,0
matmul_tiny_loop_L5_r1,1789506277.287778,112928.492481,59.366,54,2325,9001,305451636,0
matmul_tiny_loop_L5_r1,1789506277.3389583,112928.5437429,59.366,54,2325,9001,305451636,0
matmul_tiny_loop_L20_r0,1789506279.3369174,112930.5509913,58.981,54,2325,9001,305577450,0
matmul_tiny_loop_L20_r0,1789506279.3993564,112930.6040544,58.981,54,2325,9001,305590085,0
matmul_tiny_loop_L20_r0,1789506279.4500122,112930.6546926,59.103,54,2325,9001,305590085,0
matmul_tiny_loop_L20_r0,1789506279.5053778,112930.710203,59.103,54,2325,9001,305607462,0
matmul_tiny_loop_L20_r0,1789506279.5503845,112930.7550632,59.103,54,2325,9001,305607462,0
matmul_tiny_loop_L20_r0,1789506279.5981328,112930.8028138,59.103,54,2325,9001,305627528,0
matmul_tiny_loop_L20_r0,1789506279.6521313,112930.8568354,59.103,54,2325,9001,305627528,0
matmul_tiny_loop_L20_r0,1789506279.707034,112930.9117723,59.103,54,2325,9001,305645940,0
matmul_tiny_loop_L20_r0,1789506279.7478552,112930.9525299,59.103,54,2325,9001,305645940,0
matmul_tiny_loop_L20_r0,1789506279.797567,112931.0023093,59.103,54,2325,9001,305665396,0
matmul_tiny_loop_L20_r0,1789506279.8485067,112931.0532526,59.103,54,2325,9001,305665396,0
matmul_tiny_loop_L20_r0,1789506279.8987901,112931.103544,59.103,54,2325,9001,305681979,0
matmul_tiny_loop_L20_r0,1789506279.949933,112931.1546211,59.3,54,2325,9001,305681979,0
matmul_tiny_loop_L20_r0,1789506279.9959414,112931.2015497,59.3,54,2325,9001,305701078,0
matmul_tiny_loop_L20_r0,1789506280.046795,112931.2516402,59.3,54,2325,9001,305701078,0
matmul_tiny_loop_L20_r0,1789506280.097808,112931.3025944,59.3,54,2325,9001,305716688,0
matmul_tiny_loop_L20_r0,1789506280.149893,112931.3546558,59.3,54,2325,9001,305716688,0
matmul_tiny_loop_L20_r0,1789506280.2015064,112931.4063363,59.3,54,2325,9001,305734049,0
matmul_tiny_loop_L20_r0,1789506280.2467268,112931.4514629,59.3,54,2325,9001,305734049,0
matmul_tiny_loop_L20_r0,1789506280.2967224,112931.5014841,59.3,54,2325,9001,305750986,0
matmul_tiny_loop_L20_r0,1789506280.347884,112931.5525977,59.3,54,2325,9001,305750986,0
matmul_tiny_loop_L20_r0,1789506280.3999362,112931.6046368,59.3,54,2325,9001,305767355,0
matmul_tiny_loop_L20_r0,1789506280.4515662,112931.6562691,59.444,54,2325,9001,305767355,0
matmul_tiny_loop_L20_r0,1789506280.4965165,112931.7012089,59.444,54,2325,9001,305786050,0
matmul_tiny_loop_L20_r0,1789506280.5497334,112931.7544839,59.444,54,2325,9001,305786050,0
matmul_tiny_loop_L20_r0,1789506280.6073682,112931.8121673,59.444,54,2325,9001,305803123,0
matmul_tiny_loop_L20_r0,1789506280.648726,112931.8535157,59.444,54,2325,9001,305803123,0
matmul_tiny_loop_L20_r0,1789506280.6973207,112931.9020103,59.444,54,2325,9001,305824255,0
matmul_tiny_loop_L20_r0,1789506280.7478538,112931.9525531,59.444,54,2325,9001,305824255,0
matmul_tiny_loop_L20_r0,1789506280.7992284,112932.0040202,59.444,54,2325,9001,305840322,0
matmul_tiny_loop_L20_r0,1789506280.8578277,112932.0626547,59.444,54,2325,9001,305840322,0
matmul_tiny_loop_L20_r0,1789506280.8986065,112932.1032981,59.444,54,2325,9001,305852342,0
matmul_tiny_loop_L20_r0,1789506280.9502752,112932.1550372,59.222,54,2325,9001,305852342,0
matmul_tiny_loop_L20_r0,1789506281.0042164,112932.2088952,59.222,54,2325,9001,305869964,0
matmul_tiny_loop_L20_r0,1789506281.0558457,112932.2606634,59.222,54,2325,9001,305869964,0
matmul_tiny_loop_L20_r0,1789506281.0971758,112932.3018605,59.222,54,2325,9001,305884326,0
matmul_tiny_loop_L20_r0,1789506281.1482694,112932.3530304,59.222,54,2325,9001,305884326,0
matmul_tiny_loop_L20_r0,1789506281.1994739,112932.4042328,59.222,54,2325,9001,305900752,0
matmul_tiny_loop_L20_r0,1789506281.2475133,112932.4522169,59.222,54,2325,9001,305900752,0
matmul_tiny_loop_L20_r0,1789506281.2980194,112932.5027573,59.222,54,2325,9001,305917527,0
matmul_tiny_loop_L20_r0,1789506281.3482394,112932.5529844,59.222,54,2325,9001,305917527,0
matmul_tiny_loop_L20_r0,1789506281.4007795,112932.6054921,59.222,54,2325,9001,305935793,0
matmul_tiny_loop_L20_r0,1789506281.4517035,112932.6564706,59.051,55,2325,9001,305935793,0
matmul_tiny_loop_L20_r0,1789506281.497227,112932.7021234,59.051,55,2325,9001,305955221,0
matmul_tiny_loop_L20_r0,1789506281.5480325,112932.7527775,59.051,55,2325,9001,305955221,0
matmul_tiny_loop_L20_r0,1789506281.6014009,112932.8061711,59.051,55,2325,9001,305973433,0
matmul_tiny_loop_L20_r0,1789506281.6511908,112932.8559008,59.051,55,2325,9001,305973433,0
matmul_tiny_loop_L20_r0,1789506281.7079804,112932.9129412,59.051,55,2325,9001,305993170,0
matmul_tiny_loop_L20_r0,1789506281.7480938,112932.9528901,59.051,55,2325,9001,305993170,0
matmul_tiny_loop_L20_r0,1789506281.7987266,112933.0034474,59.051,55,2325,9001,306014255,0
matmul_tiny_loop_L20_r0,1789506281.8492944,112933.0539601,59.051,55,2325,9001,306014255,0
matmul_tiny_loop_L20_r0,1789506281.9007792,112933.1055767,59.051,55,2325,9001,306031597,0
matmul_tiny_loop_L20_r0,1789506281.9520197,112933.1567796,59.582,55,2325,9001,306031597,0
matmul_tiny_loop_L20_r0,1789506282.004095,112933.2087643,59.582,55,2325,9001,306051303,0
matmul_tiny_loop_L20_r0,1789506282.0556276,112933.2604743,59.582,55,2325,9001,306051303,0
matmul_tiny_loop_L20_r0,1789506282.097103,112933.3019193,59.582,55,2325,9001,306066029,0
matmul_tiny_loop_L20_r0,1789506282.1475072,112933.3521662,59.582,55,2325,9001,306066029,0
matmul_tiny_loop_L20_r0,1789506282.1981227,112933.4027889,59.582,55,2325,9001,306081999,0
matmul_tiny_loop_L20_r0,1789506282.2489002,112933.4537017,59.582,55,2325,9001,306081999,0
matmul_tiny_loop_L20_r0,1789506282.2976637,112933.5024377,59.582,55,2325,9001,306099153,0
matmul_tiny_loop_L20_r0,1789506282.3482068,112933.5529095,59.582,55,2325,9001,306099153,0
matmul_tiny_loop_L20_r0,1789506282.3981414,112933.6029738,59.582,55,2325,9001,306117309,0
matmul_tiny_loop_L20_r0,1789506282.4533906,112933.658131,59.727,54,2325,9001,306117309,0
matmul_tiny_loop_L20_r0,1789506282.5072696,112933.7119917,59.727,54,2325,9001,306128913,0
matmul_tiny_loop_L20_r0,1789506282.5505776,112933.7553202,59.727,54,2325,9001,306128913,0
matmul_tiny_loop_L20_r0,1789506282.5985534,112933.8032935,59.727,54,2325,9001,306151094,0
matmul_tiny_loop_L20_r0,1789506282.6494853,112933.8542804,59.727,54,2325,9001,306151094,0
matmul_tiny_loop_L20_r0,1789506282.7070267,112933.9118252,59.727,54,2325,9001,306168628,0
matmul_tiny_loop_L20_r0,1789506282.7476118,112933.9523179,59.727,54,2325,9001,306168628,0
matmul_tiny_loop_L20_r0,1789506282.798713,112934.0034185,59.727,54,2325,9001,306189157,0
matmul_tiny_loop_L20_r0,1789506282.8494887,112934.0542639,59.727,54,2325,9001,306189157,0
matmul_tiny_loop_L20_r0,1789506282.8994253,112934.1042822,59.727,54,2325,9001,306206951,0
matmul_tiny_loop_L20_r0,1789506282.9493155,112934.1539734,59.446,54,2325,9001,306206951,0
matmul_tiny_loop_L20_r0,1789506283.0029464,112934.2076494,59.446,54,2325,9001,306226114,0
matmul_tiny_loop_L20_r0,1789506283.0493002,112934.2540147,59.446,54,2325,9001,306226114,0
matmul_tiny_loop_L20_r0,1789506283.1008956,112934.3057879,59.446,54,2325,9001,306245956,0
matmul_tiny_loop_L20_r0,1789506283.1528318,112934.3575326,59.446,54,2325,9001,306245956,0
matmul_tiny_loop_L20_r0,1789506283.204058,112934.4089666,59.446,54,2325,9001,306266102,0
matmul_tiny_loop_L20_r0,1789506283.2547235,112934.4595279,59.446,54,2325,9001,306266102,0
matmul_tiny_loop_L20_r0,1789506283.3012753,112934.5059292,59.446,54,2325,9001,306280843,0
matmul_tiny_loop_L20_r0,1789506283.3523679,112934.5570958,59.446,54,2325,9001,306280843,0
matmul_tiny_loop_L20_r0,1789506283.40427,112934.6091587,59.446,54,2325,9001,306300873,0
matmul_tiny_loop_L20_r0,1789506283.4546926,112934.6594923,59.005,55,2325,9001,306300873,0
matmul_tiny_loop_L20_r0,1789506283.4967983,112934.7019358,59.005,55,2325,9001,306315797,0
matmul_tiny_loop_L20_r0,1789506283.5510666,112934.7557865,59.005,55,2325,9001,306315797,0
matmul_tiny_loop_L20_r0,1789506283.6078382,112934.8125236,59.005,55,2325,9001,306334312,0
matmul_tiny_loop_L20_r0,1789506283.6491163,112934.8538807,59.005,55,2325,9001,306334312,0
matmul_tiny_loop_L20_r0,1789506283.6969116,112934.901912,59.005,55,2325,9001,306356785,0
matmul_tiny_loop_L20_r0,1789506283.7484748,112934.9531764,59.005,55,2325,9001,306356785,0
matmul_tiny_loop_L20_r0,1789506283.7993362,112935.0041036,59.005,55,2325,9001,306373897,0
matmul_tiny_loop_L20_r0,1789506283.8496277,112935.0544189,59.005,55,2325,9001,306373897,0
matmul_tiny_loop_L20_r0,1789506283.8997838,112935.1045508,59.005,55,2325,9001,306392581,0
matmul_tiny_loop_L20_r0,1789506283.9508593,112935.1556095,59.043,55,2325,9001,306392581,0
matmul_tiny_loop_L20_r0,1789506284.0020554,112935.2067818,59.043,55,2325,9001,306412897,0
matmul_tiny_loop_L20_r0,1789506284.0499282,112935.254674,59.043,55,2325,9001,306412897,0
matmul_tiny_loop_L20_r0,1789506284.100963,112935.3057655,59.043,55,2325,9001,306432923,0
matmul_tiny_loop_L20_r0,1789506284.1521664,112935.3568719,59.043,55,2325,9001,306432923,0
matmul_tiny_loop_L20_r0,1789506284.2036245,112935.4087193,59.043,55,2325,9001,306453847,0
matmul_tiny_loop_L20_r0,1789506284.2550344,112935.4598713,59.043,55,2325,9001,306453847,0
matmul_tiny_loop_L20_r0,1789506284.298449,112935.5032027,59.043,55,2325,9001,306468553,0
matmul_tiny_loop_L20_r0,1789506284.3499506,112935.5547495,59.043,55,2325,9001,306468553,0
matmul_tiny_loop_L20_r0,1789506284.4015217,112935.6063133,59.043,55,2325,9001,306488192,0
matmul_tiny_loop_L20_r0,1789506284.453351,112935.6585438,59.094,54,2325,9001,306488192,0
matmul_tiny_loop_L20_r0,1789506284.5008664,112935.7057871,59.094,54,2325,9001,306501574,0
matmul_tiny_loop_L20_r0,1789506284.5549972,112935.7597081,59.094,54,2325,9001,306501574,0
matmul_tiny_loop_L20_r0,1789506284.6031349,112935.8079249,59.094,54,2325,9001,306514899,0
matmul_tiny_loop_L20_r0,1789506284.656199,112935.8608866,59.094,54,2325,9001,306514899,0
matmul_tiny_loop_L20_r0,1789506284.708554,112935.9132531,59.094,54,2325,9001,306529316,0
matmul_tiny_loop_L20_r0,1789506284.7498386,112935.9547502,59.094,54,2325,9001,306529316,0
matmul_tiny_loop_L20_r0,1789506284.8008106,112936.0056055,59.094,54,2325,9001,306552650,0
matmul_tiny_loop_L20_r0,1789506284.852482,112936.0572174,59.094,54,2325,9001,306552650,0
matmul_tiny_loop_L20_r0,1789506284.9037673,112936.1085675,59.094,54,2325,9001,306565911,0
matmul_tiny_loop_L20_r0,1789506284.9548674,112936.1595559,59.23,54,2325,9001,306565911,0
matmul_tiny_loop_L20_r0,1789506285.0052025,112936.2098693,59.23,54,2325,9001,306580383,0
matmul_tiny_loop_L20_r0,1789506285.0527616,112936.2576234,59.23,54,2325,9001,306580383,0
matmul_tiny_loop_L20_r0,1789506285.0994213,112936.3042367,59.23,54,2325,9001,306595865,0
matmul_tiny_loop_L20_r0,1789506285.1503325,112936.3550296,59.23,54,2325,9001,306595865,0
matmul_tiny_loop_L20_r0,1789506285.2001894,112936.4049699,59.23,54,2325,9001,306614107,0
matmul_tiny_loop_L20_r0,1789506285.2517934,112936.4564898,59.23,54,2325,9001,306614107,0
matmul_tiny_loop_L20_r0,1789506285.3017678,112936.5065267,59.23,54,2325,9001,306634420,0
matmul_tiny_loop_L20_r0,1789506285.3529763,112936.5579217,59.23,54,2325,9001,306634420,0
matmul_tiny_loop_L20_r0,1789506285.4037366,112936.6084735,59.23,54,2325,9001,306647689,0
matmul_tiny_loop_L20_r0,1789506285.4542322,112936.6591261,58.715,54,2325,9001,306647689,0
matmul_tiny_loop_L20_r0,1789506285.4970715,112936.7017396,58.715,54,2325,9001,306662549,0
matmul_tiny_loop_L20_r0,1789506285.5519657,112936.7566697,58.715,54,2325,9001,306662549,0
matmul_tiny_loop_L20_r0,1789506285.6063998,112936.8112123,58.715,54,2325,9001,306683351,0
matmul_tiny_loop_L20_r0,1789506285.64798,112936.8526599,58.715,54,2325,9001,306683351,0
matmul_tiny_loop_L20_r0,1789506285.7070675,112936.9117534,58.715,54,2325,9001,306705238,0
matmul_tiny_loop_L20_r0,1789506285.748033,112936.9527688,58.715,54,2325,9001,306705238,0
matmul_tiny_loop_L20_r0,1789506285.7981732,112937.0030175,58.715,54,2325,9001,306726961,0
matmul_tiny_loop_L20_r0,1789506285.8494332,112937.0541673,58.715,54,2325,9001,306726961,0
matmul_tiny_loop_L20_r0,1789506285.9014225,112937.1062333,58.715,54,2325,9001,306745448,0
matmul_tiny_loop_L20_r0,1789506285.9528275,112937.157793,58.849,54,2325,9001,306745448,0
matmul_tiny_loop_L20_r0,1789506286.0043056,112937.209121,58.849,54,2325,9001,306758450,0
matmul_tiny_loop_L20_r0,1789506286.0551693,112937.2599145,58.849,54,2325,9001,306758450,0
matmul_tiny_loop_L20_r0,1789506286.0995104,112937.3043436,58.849,54,2325,9001,306773680,0
matmul_tiny_loop_L20_r0,1789506286.1571872,112937.3619874,58.849,54,2325,9001,306773680,0
matmul_tiny_loop_L20_r0,1789506286.1962245,112937.4013071,58.849,54,2325,9001,306786436,0
matmul_tiny_loop_L20_r0,1789506286.2468169,112937.4515738,58.849,54,2325,9001,306786436,0
matmul_tiny_loop_L20_r0,1789506286.3016353,112937.5063644,58.849,54,2325,9001,306803131,0
matmul_tiny_loop_L20_r0,1789506286.3532233,112937.55792,58.849,54,2325,9001,306803131,0
matmul_tiny_loop_L20_r0,1789506286.4042723,112937.6091429,58.849,54,2325,9001,306816934,0
matmul_tiny_loop_L20_r0,1789506286.456414,112937.6611973,59.329,55,2325,9001,306816934,0
matmul_tiny_loop_L20_r0,1789506286.496743,112937.7015008,59.329,55,2325,9001,306832435,0
matmul_tiny_loop_L20_r0,1789506286.5527542,112937.7575532,59.329,55,2325,9001,306832435,0
matmul_tiny_loop_L20_r0,1789506286.6023057,112937.8070974,59.329,55,2325,9001,306844215,0
matmul_tiny_loop_L20_r0,1789506286.6469953,112937.8518756,59.329,55,2325,9001,306844215,0
matmul_tiny_loop_L20_r0,1789506286.7110188,112937.9157495,59.329,55,2325,9001,306863769,0
matmul_tiny_loop_L20_r0,1789506286.7519403,112937.9568007,59.329,55,2325,9001,306863769,0
matmul_tiny_loop_L20_r0,1789506286.802175,112938.006871,59.329,55,2325,9001,306882425,0
matmul_tiny_loop_L20_r0,1789506286.852607,112938.0573169,59.329,55,2325,9001,306882425,0
matmul_tiny_loop_L20_r0,1789506286.9034739,112938.1083613,59.329,55,2325,9001,306896752,0
matmul_tiny_loop_L20_r0,1789506286.955263,112938.1599835,59.641,55,2325,9001,306896752,0
matmul_tiny_loop_L20_r0,1789506287.0060973,112938.2107634,59.641,55,2325,9001,306911284,0
matmul_tiny_loop_L20_r0,1789506287.0471175,112938.2518264,59.641,55,2325,9001,306911284,0
matmul_tiny_loop_L20_r0,1789506287.106118,112938.3109196,59.641,55,2325,9001,306932874,0
matmul_tiny_loop_L20_r0,1789506287.1477442,112938.3525767,59.641,55,2325,9001,306932874,0
matmul_tiny_loop_L20_r0,1789506287.1991544,112938.403867,59.641,55,2325,9001,306954326,0
matmul_tiny_loop_L20_r0,1789506287.251321,112938.4560877,59.641,55,2325,9001,306954326,0
matmul_tiny_loop_L20_r0,1789506287.3063908,112938.511106,59.641,55,2325,9001,306974610,0
matmul_tiny_loop_L20_r0,1789506287.3486009,112938.5533667,59.641,55,2325,9001,306974610,0
matmul_tiny_loop_L20_r0,1789506287.3981776,112938.6028884,59.641,55,2325,9001,306996819,0
matmul_tiny_loop_L20_r0,1789506287.4485104,112938.6532565,59.42,54,2325,9001,306996819,0
matmul_tiny_loop_L20_r0,1789506287.4967587,112938.7017407,59.42,54,2325,9001,307015505,0
matmul_tiny_loop_L20_r0,1789506287.5478354,112938.7525404,59.42,54,2325,9001,307015505,0
matmul_tiny_loop_L20_r0,1789506287.5967085,112938.8015526,59.42,54,2325,9001,307035209,0
matmul_tiny_loop_L20_r0,1789506287.6524236,112938.8571985,59.42,54,2325,9001,307035209,0
matmul_tiny_loop_L20_r0,1789506287.6980116,112938.9027713,59.42,54,2325,9001,307047038,0
matmul_tiny_loop_L20_r0,1789506287.7486413,112938.953445,59.42,54,2325,9001,307047038,0
matmul_tiny_loop_L20_r0,1789506287.8026307,112939.0074813,59.42,54,2325,9001,307065340,0
matmul_tiny_loop_L20_r0,1789506287.8544147,112939.0591343,59.42,54,2325,9001,307065340,0
matmul_tiny_loop_L20_r0,1789506287.9058118,112939.1106206,59.42,54,2325,9001,307080066,0
matmul_tiny_loop_L20_r0,1789506287.9462419,112939.1514578,59.258,54,2325,9001,307080066,0
matmul_tiny_loop_L20_r0,1789506287.996859,112939.2017177,59.258,54,2325,9001,307101239,0
matmul_tiny_loop_L20_r0,1789506288.0478728,112939.2525855,59.258,54,2325,9001,307101239,0
matmul_tiny_loop_L20_r0,1789506288.0984645,112939.3031417,59.258,54,2325,9001,307118847,0
matmul_tiny_loop_L20_r0,1789506288.1490827,112939.3538592,59.258,54,2325,9001,307118847,0
matmul_tiny_loop_L20_r0,1789506288.2007442,112939.4054719,59.258,54,2325,9001,307138664,0
matmul_tiny_loop_L20_r0,1789506288.2522686,112939.456968,59.258,54,2325,9001,307138664,0
matmul_tiny_loop_L20_r0,1789506288.3051836,112939.5098945,59.258,54,2325,9001,307152384,0
matmul_tiny_loop_L20_r0,1789506288.3564353,112939.5612083,59.258,54,2325,9001,307152384,0
matmul_tiny_loop_L20_r0,1789506288.397984,112939.6027955,59.258,54,2325,9001,307168220,0
matmul_tiny_loop_L20_r0,1789506288.4490263,112939.6537805,59.337,54,2325,9001,307168220,0
matmul_tiny_loop_L20_r0,1789506288.5071597,112939.7118766,59.337,54,2325,9001,307187411,0
matmul_tiny_loop_L20_r0,1789506288.5482302,112939.7530528,59.337,54,2325,9001,307187411,0
matmul_tiny_loop_L20_r0,1789506288.596896,112939.8018492,59.337,54,2325,9001,307210170,0
matmul_tiny_loop_L20_r0,1789506288.6498578,112939.8545702,59.337,54,2325,9001,307210170,0
matmul_tiny_loop_L20_r0,1789506288.707007,112939.9117944,59.337,54,2325,9001,307229063,0
matmul_tiny_loop_L20_r0,1789506288.7483103,112939.9530794,59.337,54,2325,9001,307229063,0
matmul_tiny_loop_L20_r0,1789506288.8009942,112940.0059502,59.337,54,2325,9001,307251952,0
matmul_tiny_loop_L20_r0,1789506288.9189968,112940.1242661,59.337,54,2325,9001,307263252,0
matmul_tiny_loop_L20_r0,1789506288.9189968,112940.1250692,59.337,54,2325,9001,307263252,0
matmul_tiny_loop_L20_r0,1789506288.9773824,112940.1821338,59.114,54,2325,9001,307273701,0
matmul_tiny_loop_L20_r0,1789506289.0276322,112940.2323172,59.114,54,2325,9001,307273701,0
matmul_tiny_loop_L20_r0,1789506289.0786378,112940.2833932,59.114,54,2325,9001,307288866,0
matmul_tiny_loop_L20_r0,1789506289.1216924,112940.3265572,59.114,54,2325,9001,307288866,0
matmul_tiny_loop_L20_r0,1789506289.175537,112940.3802435,59.114,54,2325,9001,307301116,0
matmul_tiny_loop_L20_r0,1789506289.22654,112940.4313176,59.114,54,2325,9001,307301116,0
matmul_tiny_loop_L20_r0,1789506289.271545,112940.4762472,59.114,54,2325,9001,307301116,0
matmul_tiny_loop_L20_r0,1789506289.338968,112940.543729,59.114,54,2325,9001,307319487,0
matmul_tiny_loop_L20_r0,1789506289.3791785,112940.5839543,59.114,54,2325,9001,307329633,0
matmul_tiny_loop_L20_r0,1789506289.429303,112940.6340292,59.53,54,2325,9001,307329633,0
matmul_tiny_loop_L20_r0,1789506289.475927,112940.6807035,59.53,54,2325,9001,307346672,0
matmul_tiny_loop_L20_r0,1789506289.5277748,112940.7326257,59.53,54,2325,9001,307346672,0
matmul_tiny_loop_L20_r0,1789506289.5718496,112940.7766495,59.53,54,2325,9001,307346672,0
matmul_tiny_loop_L20_r0,1789506289.6216035,112940.8263698,59.53,54,2325,9001,307365733,0
matmul_tiny_loop_L20_r0,1789506289.6800396,112940.8847469,59.53,54,2325,9001,307377156,0
matmul_tiny_loop_L20_r0,1789506289.725105,112940.9297728,59.53,54,2325,9001,307377156,0
matmul_tiny_loop_L20_r0,1789506289.7762463,112940.9809793,59.53,54,2325,9001,307390863,0
matmul_tiny_loop_L20_r0,1789506289.8281546,112941.0328815,59.53,54,2325,9001,307390863,0
matmul_tiny_loop_L20_r0,1789506289.8807335,112941.0854559,59.53,54,2325,9001,307406514,0
matmul_tiny_loop_L20_r0,1789506289.9216056,112941.1263247,59.53,54,2325,9001,307406514,0
matmul_tiny_loop_L20_r0,1789506289.9726942,112941.1775848,59.604,54,2325,9001,307419312,0
matmul_tiny_loop_L20_r0,1789506290.0239565,112941.2287214,59.604,54,2325,9001,307419312,0
matmul_tiny_loop_L20_r0,1789506290.0750668,112941.2798381,59.604,54,2325,9001,307432667,0
matmul_tiny_loop_L20_r0,1789506290.1253998,112941.3302375,59.604,54,2325,9001,307432667,0
matmul_tiny_loop_L20_r0,1789506290.1719267,112941.3766787,59.604,54,2325,9001,307432667,0
matmul_tiny_loop_L20_r0,1789506290.223664,112941.4284297,59.604,54,2325,9001,307450636,0
matmul_tiny_loop_L20_r0,1789506290.2794716,112941.4842041,59.604,54,2325,9001,307462925,0
matmul_tiny_loop_L20_r0,1789506290.3298008,112941.5345386,59.604,54,2325,9001,307462925,0
matmul_tiny_loop_L20_r0,1789506290.3704283,112941.5753121,59.604,54,2325,9001,307462925,0
matmul_tiny_loop_L20_r0,1789506290.425493,112941.6302787,59.184,54,2325,9001,307489830,0
matmul_tiny_loop_L20_r0,1789506290.471784,112941.6765398,59.184,54,2325,9001,307489830,0
matmul_tiny_loop_L20_r0,1789506290.527146,112941.7318359,59.184,54,2325,9001,307507346,0
matmul_tiny_loop_L20_r0,1789506290.57656,112941.7812574,59.184,54,2325,9001,307521585,0
matmul_tiny_loop_L20_r0,1789506290.6226113,112941.827452,59.184,54,2325,9001,307521585,0
matmul_tiny_loop_L20_r0,1789506290.680245,112941.8849308,59.184,54,2325,9001,307534489,0
matmul_tiny_loop_L20_r0,1789506290.7270198,112941.9317951,59.184,54,2325,9001,307534489,0
matmul_tiny_loop_L20_r0,1789506290.7777689,112941.982452,59.184,54,2325,9001,307550030,0
matmul_tiny_loop_L20_r0,1789506290.829303,112942.0340949,59.184,54,2325,9001,307550030,0
matmul_tiny_loop_L20_r0,1789506290.8699858,112942.0751341,59.184,54,2325,9001,307550030,0
matmul_tiny_loop_L20_r0,1789506290.9248083,112942.1296651,58.937,54,2325,9001,307577187,0
matmul_tiny_loop_L20_r0,1789506290.9771872,112942.1819055,58.937,54,2325,9001,307590525,0
matmul_tiny_loop_L20_r0,1789506291.0286865,112942.2334709,58.937,54,2325,9001,307590525,0
matmul_tiny_loop_L20_r0,1789506291.0801008,112942.2848715,58.937,54,2325,9001,307606725,0
matmul_tiny_loop_L20_r0,1789506291.1212385,112942.3259587,58.937,54,2325,9001,307606725,0
matmul_tiny_loop_L20_r0,1789506291.1732767,112942.3779754,58.937,54,2325,9001,307619017,0
matmul_tiny_loop_L20_r0,1789506291.2258224,112942.4305332,58.937,54,2325,9001,307619017,0
matmul_tiny_loop_L20_r0,1789506291.2910612,112942.4958243,58.937,54,2325,9001,307633704,0
matmul_tiny_loop_L20_r0,1789506291.3218682,112942.5265609,58.937,54,2325,9001,307633704,0
matmul_tiny_loop_L20_r0,1789506291.3723702,112942.5770362,58.937,54,2325,9001,307649744,0
matmul_tiny_loop_L20_r0,1789506291.423597,112942.628532,58.852,54,2325,9001,307649744,0
matmul_tiny_loop_L20_r0,1789506291.4762917,112942.6809853,58.852,54,2325,9001,307662904,0
matmul_tiny_loop_L20_r0,1789506291.5212462,112942.7259868,58.852,54,2325,9001,307662904,0
matmul_tiny_loop_L20_r0,1789506291.5721982,112942.7768658,58.852,54,2325,9001,307674852,0
matmul_tiny_loop_L20_r0,1789506291.6226368,112942.8273367,58.852,54,2325,9001,307674852,0
matmul_tiny_loop_L20_r0,1789506291.6789336,112942.8836915,58.852,54,2325,9001,307687631,0
matmul_tiny_loop_L20_r0,1789506291.7216253,112942.926309,58.852,54,2325,9001,307687631,0
matmul_tiny_loop_L20_r0,1789506291.7734754,112942.9782053,58.852,54,2325,9001,307700543,0
matmul_tiny_loop_L20_r0,1789506291.8250337,112943.0297289,58.852,54,2325,9001,307700543,0
matmul_tiny_loop_L20_r0,1789506291.8763356,112943.0811271,58.852,54,2325,9001,307714397,0
matmul_tiny_loop_L20_r0,1789506291.9277265,112943.1325198,57.92,54,2325,9001,307714397,0
matmul_tiny_loop_L20_r0,1789506291.9901004,112943.1949482,57.92,54,2325,9001,307730312,0
matmul_tiny_loop_L20_r0,1789506292.0207076,112943.2257452,57.92,54,2325,9001,307730312,0
matmul_tiny_loop_L20_r0,1789506292.0721812,112943.2769141,57.92,54,2325,9001,307749112,0
matmul_tiny_loop_L20_r0,1789506292.123792,112943.3285278,57.92,54,2325,9001,307749112,0
matmul_tiny_loop_L20_r0,1789506292.1745682,112943.3793546,57.92,54,2325,9001,307762921,0
matmul_tiny_loop_L20_r0,1789506292.2284324,112943.4332603,57.92,54,2325,9001,307762921,0
matmul_tiny_loop_L20_r0,1789506292.2842603,112943.4890377,57.92,54,2325,9001,307779157,0
matmul_tiny_loop_L20_r0,1789506292.3249793,112943.5298338,57.92,54,2325,9001,307779157,0
matmul_tiny_loop_L20_r0,1789506292.3767269,112943.5816974,57.92,54,2325,9001,307796229,0
matmul_tiny_loop_L20_r0,1789506292.4242632,112943.6290044,57.643,54,2325,9001,307796229,0
matmul_tiny_loop_L20_r0,1789506292.4718597,112943.676584,57.643,54,2325,9001,307810207,0
matmul_tiny_loop_L20_r0,1789506292.526161,112943.7309547,57.643,54,2325,9001,307810207,0
matmul_tiny_loop_L20_r0,1789506292.576077,112943.7809424,57.643,54,2325,9001,307825173,0
matmul_tiny_loop_L20_r0,1789506292.6271331,112943.8318821,57.643,54,2325,9001,307825173,0
matmul_tiny_loop_L20_r0,1789506292.6821423,112943.8870199,57.643,54,2325,9001,307840870,0
matmul_tiny_loop_L20_r0,1789506292.7236,112943.9283018,57.643,54,2325,9001,307840870,0
matmul_tiny_loop_L20_r0,1789506292.775378,112943.9800629,57.643,54,2325,9001,307856174,0
matmul_tiny_loop_L20_r0,1789506292.8264709,112944.0312342,57.643,54,2325,9001,307856174,0
matmul_tiny_loop_L20_r0,1789506292.8777385,112944.0824275,57.643,54,2325,9001,307870924,0
matmul_tiny_loop_L20_r0,1789506292.9290886,112944.1338514,58.27,54,2325,9001,307870924,0
matmul_tiny_loop_L20_r0,1789506292.980168,112944.1849205,58.27,54,2325,9001,307888276,0
matmul_tiny_loop_L20_r0,1789506293.020968,112944.225781,58.27,54,2325,9001,307888276,0
matmul_tiny_loop_L20_r0,1789506293.0704732,112944.2756357,58.27,54,2325,9001,307888276,0
matmul_tiny_loop_L20_r0,1789506293.1215682,112944.3262762,58.27,54,2325,9001,307905783,0
matmul_tiny_loop_L20_r0,1789506293.1724963,112944.3772232,58.27,54,2325,9001,307917544,0
matmul_tiny_loop_L20_r0,1789506293.227197,112944.4319106,58.27,54,2325,9001,307917544,0
matmul_tiny_loop_L20_r0,1789506293.276597,112944.4812667,58.27,54,2325,9001,307932592,0
matmul_tiny_loop_L20_r0,1789506293.3284461,112944.5332223,58.27,54,2325,9001,307932592,0
matmul_tiny_loop_L20_r0,1789506293.380071,112944.5848695,58.27,54,2325,9001,307949188,0
matmul_tiny_loop_L20_r0,1789506293.4211006,112944.625942,58.27,54,2325,9001,307949188,0
matmul_tiny_loop_L20_r0,1789506293.471873,112944.6766278,58.133,54,2325,9001,307963239,0
matmul_tiny_loop_L20_r0,1789506293.5212426,112944.7260196,58.133,54,2325,9001,307963239,0
matmul_tiny_loop_L20_r0,1789506293.5761967,112944.780916,58.133,54,2325,9001,307975660,0
matmul_tiny_loop_L20_r0,1789506293.6222794,112944.8269701,58.133,54,2325,9001,307975660,0
matmul_tiny_loop_L20_r0,1789506293.6725674,112944.877406,58.133,54,2325,9001,307988729,0
matmul_tiny_loop_L20_r0,1789506293.723651,112944.9283478,58.133,54,2325,9001,307988729,0
matmul_tiny_loop_L20_r0,1789506293.7746375,112944.9793234,58.133,54,2325,9001,308002445,0
matmul_tiny_loop_L20_r0,1789506293.8257685,112945.030483,58.133,54,2325,9001,308002445,0
matmul_tiny_loop_L20_r0,1789506293.8764725,112945.0812332,58.133,54,2325,9001,308017374,0
matmul_tiny_loop_L20_r0,1789506293.9273686,112945.1323789,57.679,54,2325,9001,308017374,0
matmul_tiny_loop_L20_r0,1789506293.9784331,112945.1831539,57.679,54,2325,9001,308033354,0
matmul_tiny_loop_L20_r0,1789506294.0298057,112945.2345516,57.679,54,2325,9001,308033354,0
matmul_tiny_loop_L20_r0,1789506294.0708072,112945.2757292,57.679,54,2325,9001,308033354,0
matmul_tiny_loop_L20_r0,1789506294.1233125,112945.3281396,57.679,54,2325,9001,308047550,0
matmul_tiny_loop_L20_r0,1789506294.1742525,112945.3794465,57.679,54,2325,9001,308060588,0
matmul_tiny_loop_L20_r0,1789506294.2250779,112945.4298356,57.679,54,2325,9001,308060588,0
matmul_tiny_loop_L20_r0,1789506294.2762177,112945.4809413,57.679,54,2325,9001,308075373,0
matmul_tiny_loop_L20_r0,1789506294.3236184,112945.528372,57.679,54,2325,9001,308075373,0
matmul_tiny_loop_L20_r0,1789506294.3753548,112945.5800649,57.679,54,2325,9001,308089269,0
matmul_tiny_loop_L20_r0,1789506294.4272401,112945.6322956,58.058,55,2325,9001,308089269,0
matmul_tiny_loop_L20_r0,1789506294.4760299,112945.6809537,58.058,55,2325,9001,308105330,0
matmul_tiny_loop_L20_r0,1789506294.5310378,112945.7358605,58.058,55,2325,9001,308105330,0
matmul_tiny_loop_L20_r0,1789506294.5721033,112945.7768536,58.058,55,2325,9001,308115067,0
matmul_tiny_loop_L20_r0,1789506294.6317956,112945.8364762,58.058,55,2325,9001,308115067,0
matmul_tiny_loop_L20_r0,1789506294.6723244,112945.8770553,58.058,55,2325,9001,308124292,0
matmul_tiny_loop_L20_r0,1789506294.7313654,112945.9360324,58.058,55,2325,9001,308124292,0
matmul_tiny_loop_L20_r0,1789506294.7716873,112945.9764453,58.058,55,2325,9001,308133964,0
matmul_tiny_loop_L20_r0,1789506294.822427,112946.0272131,58.058,55,2325,9001,308133964,0
matmul_tiny_loop_L20_r0,1789506294.8744097,112946.0791214,58.058,55,2325,9001,308147346,0
matmul_tiny_loop_L20_r0,1789506294.92636,112946.1311484,58.804,54,2325,9001,308147346,0
matmul_tiny_loop_L20_r0,1789506294.9772344,112946.1819445,58.804,54,2325,9001,308162628,0
matmul_tiny_loop_L20_r0,1789506295.0231442,112946.2285568,58.804,54,2325,9001,308162628,0
matmul_tiny_loop_L20_r0,1789506295.0798118,112946.2845505,58.804,54,2325,9001,308177857,0
matmul_tiny_loop_L20_r0,1789506295.1205664,112946.3258868,58.804,54,2325,9001,308177857,0
matmul_tiny_loop_L20_r0,1789506295.1752884,112946.3800494,58.804,54,2325,9001,308191452,0
matmul_tiny_loop_L20_r0,1789506295.2266266,112946.4313408,58.804,54,2325,9001,308191452,0
matmul_tiny_loop_L20_r0,1789506295.2777321,112946.4824631,58.804,54,2325,9001,308207424,0
matmul_tiny_loop_L20_r0,1789506295.327562,112946.5323884,58.804,54,2325,9001,308207424,0
matmul_tiny_loop_L20_r0,1789506295.3778136,112946.5825708,58.804,54,2325,9001,308224369,0
matmul_tiny_loop_L20_r0,1789506295.429175,112946.6341116,59.397,54,2325,9001,308224369,0
matmul_tiny_loop_L20_r0,1789506295.4718435,112946.6765648,59.397,54,2325,9001,308242504,0
matmul_tiny_loop_L20_r0,1789506295.5250504,112946.7297022,59.397,54,2325,9001,308242504,0
matmul_tiny_loop_L20_r0,1789506295.57601,112946.7809811,59.397,54,2325,9001,308257915,0
matmul_tiny_loop_L20_r0,1789506295.626456,112946.8312074,59.397,54,2325,9001,308257915,0
matmul_tiny_loop_L20_r0,1789506295.6715338,112946.8761905,59.397,54,2325,9001,308273410,0
matmul_tiny_loop_L20_r0,1789506295.7272525,112946.9319776,59.397,54,2325,9001,308273410,0
matmul_tiny_loop_L20_r0,1789506295.7788055,112946.9836505,59.397,54,2325,9001,308289308,0
matmul_tiny_loop_L20_r0,1789506295.820453,112947.0254498,59.397,54,2325,9001,308289308,0
matmul_tiny_loop_L20_r0,1789506295.8713126,112947.0759866,59.397,54,2325,9001,308302865,0
matmul_tiny_loop_L20_r0,1789506295.9221258,112947.1269594,59.397,54,2325,9001,308302865,0
matmul_tiny_loop_L20_r0,1789506295.974322,112947.1790245,59.441,54,2325,9001,308316217,0
matmul_tiny_loop_L20_r0,1789506296.0288692,112947.2337145,59.441,54,2325,9001,308316217,0
matmul_tiny_loop_L20_r0,1789506296.0699258,112947.2755685,59.441,54,2325,9001,308333313,0
matmul_tiny_loop_L20_r0,1789506296.1203184,112947.3252331,59.441,54,2325,9001,308333313,0
matmul_tiny_loop_L20_r0,1789506296.1704383,112947.3759978,59.441,54,2325,9001,308346005,0
matmul_tiny_loop_L20_r0,1789506296.2235096,112947.4283207,59.441,54,2325,9001,308346005,0
matmul_tiny_loop_L20_r0,1789506296.2739818,112947.4787383,59.441,54,2325,9001,308359909,0
matmul_tiny_loop_L20_r0,1789506296.3205101,112947.5258536,59.441,54,2325,9001,308359909,0
matmul_tiny_loop_L20_r0,1789506296.3715804,112947.5762986,59.441,54,2325,9001,308373079,0
matmul_tiny_loop_L20_r0,1789506296.422957,112947.6276418,59.441,54,2325,9001,308373079,0
matmul_tiny_loop_L20_r0,1789506296.4757156,112947.6806322,59.064,54,2325,9001,308386814,0
matmul_tiny_loop_L20_r0,1789506296.5211549,112947.7259043,59.064,54,2325,9001,308386814,0
matmul_tiny_loop_L20_r0,1789506296.5711527,112947.7759119,59.064,54,2325,9001,308400042,0
matmul_tiny_loop_L20_r0,1789506296.6214623,112947.8261717,59.064,54,2325,9001,308400042,0
matmul_tiny_loop_L20_r0,1789506296.6719456,112947.8768683,59.064,54,2325,9001,308412751,0
matmul_tiny_loop_L20_r0,1789506296.7357178,112947.9406509,59.064,54,2325,9001,308412751,0
matmul_tiny_loop_L20_r0,1789506296.7786427,112947.9833891,59.064,54,2325,9001,308422901,0
matmul_tiny_loop_L20_r0,1789506296.8200777,112948.02517,59.064,54,2325,9001,308422901,0
matmul_tiny_loop_L20_r0,1789506296.8718011,112948.0764918,59.064,54,2325,9001,308436538,0
matmul_tiny_loop_L20_r0,1789506296.9228933,112948.1276848,59.064,54,2325,9001,308436538,0
matmul_tiny_loop_L20_r0,1789506296.9746873,112948.1794267,58.901,54,2325,9001,308450871,0
matmul_tiny_loop_L20_r0,1789506297.0303383,112948.2351539,58.901,54,2325,9001,308450871,0
matmul_tiny_loop_L20_r0,1789506297.0710158,112948.2759023,58.901,54,2325,9001,308460424,0
matmul_tiny_loop_L20_r0,1789506297.1213858,112948.3261479,58.901,54,2325,9001,308460424,0
matmul_tiny_loop_L20_r0,1789506297.1720371,112948.3768342,58.901,54,2325,9001,308473648,0
matmul_tiny_loop_L20_r0,1789506297.2224188,112948.427135,58.901,54,2325,9001,308473648,0
matmul_tiny_loop_L20_r0,1789506297.2713559,112948.4762091,58.901,54,2325,9001,308490447,0
matmul_tiny_loop_L20_r0,1789506297.3259447,112948.5307098,58.901,54,2325,9001,308490447,0
matmul_tiny_loop_L20_r0,1789506297.3762,112948.580903,58.901,54,2325,9001,308506265,0
matmul_tiny_loop_L20_r0,1789506297.4265008,112948.6312079,59.13,54,2325,9001,308506265,0
matmul_tiny_loop_L20_r0,1789506297.4800532,112948.6847128,59.13,54,2325,9001,308522374,0
matmul_tiny_loop_L20_r0,1789506297.5269113,112948.7316305,59.13,54,2325,9001,308522374,0
matmul_tiny_loop_L20_r0,1789506297.5799735,112948.7848971,59.13,54,2325,9001,308539663,0
matmul_tiny_loop_L20_r0,1789506297.6207454,112948.8257132,59.13,54,2325,9001,308539663,0
matmul_tiny_loop_L20_r0,1789506297.6756299,112948.8803111,59.13,54,2325,9001,308555045,0
matmul_tiny_loop_L20_r0,1789506297.720329,112948.9254516,59.13,54,2325,9001,308555045,0
matmul_tiny_loop_L20_r0,1789506297.770784,112948.9755298,59.13,54,2325,9001,308568117,0
matmul_tiny_loop_L20_r0,1789506297.8252964,112949.0301455,59.13,54,2325,9001,308568117,0
matmul_tiny_loop_L20_r0,1789506297.8768325,112949.0815206,59.13,54,2325,9001,308583497,0
matmul_tiny_loop_L20_r0,1789506297.9277215,112949.1324942,58.915,54,2325,9001,308583497,0
matmul_tiny_loop_L1_r1,1789506299.9762135,112951.1839105,59.335,54,2325,9001,308719703,0
matmul_tiny_loop_L1_r1,1789506300.0375545,112951.2423385,59.335,54,2325,9001,308719703,0
matmul_tiny_loop_L1_r1,1789506300.0792181,112951.2846619,59.335,54,2325,9001,308734241,0
matmul_tiny_loop_L1_r1,1789506300.1329012,112951.337756,59.335,54,2325,9001,308734241,0
matmul_tiny_loop_L1_r1,1789506300.1846004,112951.3893138,59.335,54,2325,9001,308745187,0
matmul_tiny_loop_L1_r1,1789506300.2362642,112951.4410388,59.335,54,2325,9001,308745187,0
matmul_tiny_loop_L1_r1,1789506300.2867262,112951.4914002,59.335,54,2325,9001,308761540,0
matmul_tiny_loop_L1_r1,1789506300.3353548,112951.5400445,59.335,54,2325,9001,308761540,0
matmul_tiny_loop_L1_r1,1789506300.3854983,112951.5902671,59.335,54,2325,9001,308777686,0
matmul_tiny_loop_L1_r1,1789506300.4366117,112951.6413664,58.882,54,2325,9001,308777686,0
matmul_tiny_loop_L1_r1,1789506300.4845095,112951.6892813,58.882,54,2325,9001,308794654,0
matmul_tiny_loop_L1_r1,1789506300.5373483,112951.7420221,58.882,54,2325,9001,308794654,0
matmul_tiny_loop_L1_r1,1789506300.5903165,112951.7951344,58.882,54,2325,9001,308810474,0
matmul_tiny_loop_L1_r1,1789506300.640128,112951.8450913,58.882,54,2325,9001,308810474,0
matmul_tiny_loop_L1_r1,1789506300.6862454,112951.8909614,58.882,54,2325,9001,308826102,0
matmul_tiny_loop_L1_r1,1789506300.7287445,112951.9344624,58.882,54,2325,9001,308826102,0
matmul_tiny_loop_L1_r1,1789506300.7803223,112951.9850619,58.882,54,2325,9001,308840582,0
matmul_tiny_loop_L1_r1,1789506300.8314426,112952.0363419,58.882,54,2325,9001,308840582,0
matmul_tiny_loop_L5_r3,1789506302.8776584,112954.0851228,59.307,54,2325,9001,308971666,0
matmul_tiny_loop_L5_r3,1789506302.939237,112954.1439418,58.957,54,2325,9001,308971666,0
matmul_tiny_loop_L5_r3,1789506302.9803524,112954.1856823,58.957,54,2325,9001,308987616,0
matmul_tiny_loop_L5_r3,1789506303.0316155,112954.2363052,58.957,54,2325,9001,308987616,0
matmul_tiny_loop_L5_r3,1789506303.082341,112954.2871126,58.957,54,2325,9001,309000589,0
matmul_tiny_loop_L5_r3,1789506303.134306,112954.3390027,58.957,54,2325,9001,309000589,0
matmul_tiny_loop_L5_r3,1789506303.1851342,112954.3899415,58.957,54,2325,9001,309014584,0
matmul_tiny_loop_L5_r3,1789506303.235278,112954.4401835,58.957,54,2325,9001,309014584,0
matmul_tiny_loop_L5_r3,1789506303.2865255,112954.4912119,58.957,54,2325,9001,309031794,0
matmul_tiny_loop_L5_r3,1789506303.3359506,112954.5406736,58.957,54,2325,9001,309031794,0
matmul_tiny_loop_L5_r3,1789506303.3877249,112954.5925239,58.957,54,2325,9001,309048798,0
matmul_tiny_loop_L5_r3,1789506303.4389834,112954.64376,58.82,54,2325,9001,309048798,0
matmul_tiny_loop_L5_r3,1789506303.4842093,112954.6888955,58.82,54,2325,9001,309063999,0
matmul_tiny_loop_L5_r3,1789506303.5307128,112954.7354115,58.82,54,2325,9001,309063999,0
matmul_tiny_loop_L5_r3,1789506303.592309,112954.7969952,58.82,54,2325,9001,309077855,0
matmul_tiny_loop_L5_r3,1789506303.6411283,112954.8458158,58.82,54,2325,9001,309077855,0
matmul_tiny_loop_L5_r3,1789506303.6858919,112954.8908096,58.82,54,2325,9001,309094632,0
matmul_tiny_loop_L5_r3,1789506303.7314389,112954.9362062,58.82,54,2325,9001,309094632,0
matmul_tiny_loop_L5_r3,1789506303.7826617,112954.9873159,58.82,54,2325,9001,309108084,0
matmul_tiny_loop_L5_r3,1789506303.833448,112955.0381709,58.82,54,2325,9001,309108084,0
matmul_tiny_loop_L5_r3,1789506303.8840196,112955.0891096,58.82,54,2325,9001,309123359,0
matmul_tiny_loop_L5_r3,1789506303.949839,112955.1564311,59.317,54,2325,9001,309123359,0
matmul_tiny_loop_L5_r3,1789506303.9839108,112955.1893976,59.317,54,2325,9001,309137700,0
matmul_tiny_loop_L5_r3,1789506304.0296786,112955.235155,59.317,54,2325,9001,309137700,0
matmul_tiny_loop_L5_r3,1789506304.0904565,112955.2954288,59.317,54,2325,9001,309152546,0
matmul_tiny_loop_L5_r3,1789506304.131026,112955.3358191,59.317,54,2325,9001,309152546,0
matmul_tiny_loop_L5_r3,1789506304.1830196,112955.3877184,59.317,54,2325,9001,309164140,0
matmul_tiny_loop_L5_r3,1789506304.2327762,112955.4375536,59.317,54,2325,9001,309164140,0
matmul_tiny_loop_L5_r3,1789506304.2839444,112955.4886726,59.317,54,2325,9001,309178796,0
matmul_tiny_loop_L5_r3,1789506304.3396616,112955.5443679,59.317,54,2325,9001,309178796,0
matmul_tiny_loop_L5_r3,1789506304.3873868,112955.5920491,59.317,54,2325,9001,309196745,0
matmul_tiny_loop_L5_r3,1789506304.431597,112955.636325,59.325,54,2325,9001,309196745,0
matmul_tiny_loop_L5_r3,1789506304.4806826,112955.685613,59.325,54,2325,9001,309208388,0
matmul_tiny_loop_L5_r3,1789506304.5309424,112955.7359307,59.325,54,2325,9001,309208388,0
matmul_tiny_loop_L5_r3,1789506304.5807965,112955.7855864,59.325,54,2325,9001,309220696,0
matmul_tiny_loop_L5_r3,1789506304.631836,112955.8366043,59.325,54,2325,9001,309220696,0
matmul_tiny_loop_L5_r3,1789506304.6839025,112955.8887837,59.325,54,2325,9001,309234404,0
matmul_tiny_loop_L5_r3,1789506304.7305095,112955.936058,59.325,54,2325,9001,309234404,0
matmul_tiny_loop_L5_r3,1789506304.7810295,112955.9857993,59.325,54,2325,9001,309248579,0
matmul_tiny_loop_L5_r3,1789506304.831882,112956.0366846,59.325,54,2325,9001,309248579,0
matmul_tiny_loop_L5_r3,1789506304.882733,112956.0875265,59.325,54,2325,9001,309262381,0
matmul_tiny_loop_L5_r3,1789506304.9339116,112956.13862,59.408,54,2325,9001,309262381,0
matmul_tiny_loop_L5_r3,1789506304.9853444,112956.1900991,59.408,54,2325,9001,309276832,0
matmul_tiny_loop_L5_r3,1789506305.0380826,112956.242997,59.408,54,2325,9001,309276832,0
matmul_tiny_loop_L5_r3,1789506305.0890079,112956.2937449,59.408,54,2325,9001,309296429,0
matmul_tiny_loop_L5_r3,1789506305.1306512,112956.3353587,59.408,54,2325,9001,309296429,0
matmul_tiny_loop_L5_r3,1789506305.1816454,112956.3864008,59.408,54,2325,9001,309308146,0
matmul_tiny_loop_L5_r3,1789506305.2315657,112956.4362863,59.408,54,2325,9001,309308146,0
matmul_tiny_loop_L5_r3,1789506305.30929,112956.515204,59.408,54,2325,9001,309321974,0
matmul_tiny_loop_L5_r3,1789506305.3411617,112956.5467883,59.408,54,2325,9001,309321974,0
matmul_tiny_loop_L5_r3,1789506305.3819032,112956.5866809,59.408,54,2325,9001,309339032,0
matmul_tiny_loop_L5_r3,1789506305.4330237,112956.6376881,59.311,54,2325,9001,309339032,0
matmul_tiny_loop_L5_r3,1789506305.4888012,112956.6935656,59.311,54,2325,9001,309353983,0
matmul_tiny_loop_L5_r3,1789506305.5362513,112956.7409914,59.311,54,2325,9001,309353983,0
matmul_tiny_loop_L5_r3,1789506305.5933814,112956.7981146,59.311,54,2325,9001,309370944,0
matmul_tiny_loop_L5_r3,1789506305.6328118,112956.8375142,59.311,54,2325,9001,309370944,0
matmul_tiny_loop_L5_r3,1789506305.694617,112956.899308,59.311,54,2325,9001,309384516,0
matmul_tiny_loop_L5_r3,1789506305.738365,112956.9431709,59.311,54,2325,9001,309384516,0
matmul_tiny_loop_L5_r3,1789506305.7900016,112956.9947043,59.311,54,2325,9001,309402826,0
matmul_tiny_loop_L5_r3,1789506305.83111,112957.0360958,59.311,54,2325,9001,309402826,0
matmul_tiny_loop_L5_r3,1789506305.8823583,112957.0870346,59.311,54,2325,9001,309414505,0
matmul_tiny_loop_L5_r3,1789506305.9340599,112957.1388557,58.842,54,2325,9001,309414505,0
matmul_tiny_loop_L5_r3,1789506305.9855053,112957.1901953,58.842,54,2325,9001,309429212,0
matmul_tiny_loop_L5_r3,1789506306.0412362,112957.2460556,58.842,54,2325,9001,309429212,0
matmul_tiny_loop_L5_r3,1789506306.0824053,112957.2871142,58.842,54,2325,9001,309450465,0
matmul_tiny_loop_L5_r3,1789506306.1335554,112957.3382947,58.842,54,2325,9001,309450465,0
matmul_tiny_loop_L5_r3,1789506306.1851735,112957.3901142,58.842,54,2325,9001,309465299,0
matmul_tiny_loop_L5_r3,1789506306.2369406,112957.4416628,58.842,54,2325,9001,309465299,0
matmul_tiny_loop_L5_r3,1789506306.3037338,112957.5085126,58.842,54,2325,9001,309484295,0
matmul_tiny_loop_L5_r3,1789506306.3354554,112957.5402284,58.842,54,2325,9001,309484295,0
matmul_tiny_loop_L5_r3,1789506306.3862019,112957.5911065,58.842,54,2325,9001,309504620,0
matmul_tiny_loop_L5_r3,1789506306.4463465,112957.651601,58.878,54,2325,9001,309504620,0
matmul_tiny_loop_L5_r3,1789506306.4838686,112957.6892423,58.878,54,2325,9001,309516260,0
matmul_tiny_loop_L5_r3,1789506306.539343,112957.7440985,58.878,54,2325,9001,309516260,0
matmul_tiny_loop_L5_r3,1789506306.594419,112957.7991617,58.878,54,2325,9001,309535376,0
matmul_tiny_loop_L5_r3,1789506306.637673,112957.842537,58.878,54,2325,9001,309535376,0
matmul_tiny_loop_L5_r3,1789506306.682265,112957.8869234,58.878,54,2325,9001,309552252,0
matmul_tiny_loop_L5_r3,1789506306.7314942,112957.9362623,58.878,54,2325,9001,309552252,0
matmul_tiny_loop_L5_r3,1789506306.7834828,112957.9882065,58.878,54,2325,9001,309566107,0
matmul_tiny_loop_L5_r3,1789506306.8323224,112958.0371018,58.878,54,2325,9001,309566107,0
matmul_tiny_loop_L5_r3,1789506306.8834546,112958.0881492,58.878,54,2325,9001,309582246,0
matmul_tiny_loop_L5_r3,1789506306.9350605,112958.1397404,59.47,54,2325,9001,309582246,0
matmul_tiny_loop_L5_r3,1789506306.9859776,112958.1909676,59.47,54,2325,9001,309598793,0
matmul_tiny_loop_L5_r3,1789506307.0378528,112958.2425695,59.47,54,2325,9001,309598793,0
matmul_tiny_loop_L5_r3,1789506307.1000166,112958.3054188,59.47,54,2325,9001,309614071,0
matmul_tiny_loop_L5_r3,1789506307.1323638,112958.3373714,59.47,54,2325,9001,309614071,0
matmul_tiny_loop_L5_r3,1789506307.1825254,112958.3874243,59.47,54,2325,9001,309631299,0
matmul_tiny_loop_L5_r3,1789506307.2410603,112958.4472883,59.47,54,2325,9001,309631299,0
matmul_tiny_loop_L5_r3,1789506307.2832727,112958.4879826,59.47,54,2325,9001,309652217,0
matmul_tiny_loop_L2_r0,1789506309.333693,112960.5387224,59.193,54,2325,9001,309778960,0
matmul_tiny_loop_L2_r0,1789506309.38827,112960.5930316,59.193,54,2325,9001,309790085,0
matmul_tiny_loop_L2_r0,1789506309.4394526,112960.6441574,59.574,54,2325,9001,309790085,0
matmul_tiny_loop_L2_r0,1789506309.4912076,112960.6959218,59.574,54,2325,9001,309806417,0
matmul_tiny_loop_L2_r0,1789506309.5374627,112960.7422028,59.574,54,2325,9001,309806417,0
matmul_tiny_loop_L2_r0,1789506309.5841196,112960.7889265,59.574,54,2325,9001,309823524,0
matmul_tiny_loop_L2_r0,1789506309.6353824,112960.8401879,59.574,54,2325,9001,309823524,0
matmul_tiny_loop_L2_r0,1789506309.6842828,112960.8892855,59.574,54,2325,9001,309842328,0
matmul_tiny_loop_L2_r0,1789506309.7415378,112960.94623,59.574,54,2325,9001,309842328,0
matmul_tiny_loop_L2_r0,1789506309.7918272,112960.9966022,59.574,54,2325,9001,309863466,0
matmul_tiny_loop_L2_r0,1789506309.843647,112961.0483921,59.574,54,2325,9001,309863466,0
matmul_tiny_loop_L2_r0,1789506309.8847885,112961.0895867,59.574,54,2325,9001,309883226,0
matmul_tiny_loop_L2_r0,1789506309.936669,112961.1414414,59.705,54,2325,9001,309883226,0
matmul_tiny_loop_L2_r0,1789506309.9866874,112961.1914187,59.705,54,2325,9001,309902053,0
matmul_tiny_loop_L2_r0,1789506310.0419676,112961.2466491,59.705,54,2325,9001,309902053,0
matmul_tiny_loop_L2_r0,1789506310.0927331,112961.2976185,59.705,54,2325,9001,309920076,0
matmul_tiny_loop_L2_r0,1789506310.1378539,112961.342505,59.705,54,2325,9001,309920076,0
matmul_tiny_loop_L2_r0,1789506310.1888862,112961.3937141,59.705,54,2325,9001,309937222,0
matmul_tiny_loop_L2_r0,1789506310.2404194,112961.4451939,59.705,54,2325,9001,309937222,0
matmul_tiny_loop_L2_r0,1789506310.2919822,112961.4966628,59.705,54,2325,9001,309954543,0
matmul_tiny_loop_L2_r0,1789506310.342122,112961.5468415,59.705,54,2325,9001,309954543,0
matmul_tiny_loop_L2_r0,1789506310.3932695,112961.5980284,59.705,54,2325,9001,309973104,0
matmul_tiny_loop_L2_r0,1789506310.43403,112961.6387695,59.512,54,2325,9001,309973104,0
matmul_tiny_loop_L2_r0,1789506310.4880269,112961.69299,59.512,54,2325,9001,309988631,0
matmul_tiny_loop_L2_r0,1789506310.541625,112961.7463267,59.512,54,2325,9001,309988631,0
matmul_tiny_loop_L2_r0,1789506310.588,112961.7929143,59.512,54,2325,9001,310006441,0
matmul_tiny_loop_L2_r0,1789506310.6373792,112961.8421268,59.512,54,2325,9001,310006441,0
matmul_tiny_loop_L2_r0,1789506310.6921575,112961.8971948,59.512,54,2325,9001,310022128,0
matmul_tiny_loop_L2_r0,1789506310.7409778,112961.9458828,59.512,54,2325,9001,310022128,0
matmul_tiny_loop_L2_r0,1789506310.7954755,112962.0013621,59.512,54,2325,9001,310040675,0
matmul_tiny_loop_L2_r0,1789506310.856654,112962.0632822,59.512,54,2325,9001,310040675,0
matmul_tiny_loop_L2_r0,1789506310.902761,112962.107639,59.512,54,2325,9001,310060495,0
matmul_tiny_loop_L2_r0,1789506310.9413335,112962.1463008,59.463,54,2325,9001,310060495,0
matmul_tiny_loop_L2_r0,1789506310.9839158,112962.1890771,59.463,54,2325,9001,310084992,0
matmul_tiny_loop_L2_r0,1789506311.0338926,112962.2387947,59.463,54,2325,9001,310084992,0
matmul_tiny_loop_L2_r0,1789506311.0846958,112962.2895453,59.463,54,2325,9001,310103352,0
matmul_tiny_loop_L10_r3,1789506313.1148732,112964.3219017,59.497,54,2325,9001,310231805,0
matmul_tiny_loop_L10_r3,1789506313.199391,112964.4043458,59.497,54,2325,9001,310245633,0
matmul_tiny_loop_L10_r3,1789506313.230523,112964.4352655,59.497,54,2325,9001,310245633,0
matmul_tiny_loop_L10_r3,1789506313.2712479,112964.4759339,59.497,54,2325,9001,310263776,0
matmul_tiny_loop_L10_r3,1789506313.3220358,112964.5268107,59.497,54,2325,9001,310263776,0
matmul_tiny_loop_L10_r3,1789506313.3703542,112964.5751042,59.497,54,2325,9001,310280616,0
matmul_tiny_loop_L10_r3,1789506313.4215393,112964.6262527,59.497,54,2325,9001,310280616,0
matmul_tiny_loop_L10_r3,1789506313.4706364,112964.6753476,59.763,54,2325,9001,310296779,0
matmul_tiny_loop_L10_r3,1789506313.5233283,112964.7280469,59.763,54,2325,9001,310296779,0
matmul_tiny_loop_L10_r3,1789506313.5693336,112964.7742024,59.763,54,2325,9001,310313934,0
matmul_tiny_loop_L10_r3,1789506313.62465,112964.8294457,59.763,54,2325,9001,310313934,0
matmul_tiny_loop_L10_r3,1789506313.6723907,112964.8771334,59.763,54,2325,9001,310323631,0
matmul_tiny_loop_L10_r3,1789506313.719752,112964.9246958,59.763,54,2325,9001,310323631,0
matmul_tiny_loop_L10_r3,1789506313.76998,112964.9746373,59.763,54,2325,9001,310338616,0
matmul_tiny_loop_L10_r3,1789506313.8197415,112965.024398,59.763,54,2325,9001,310338616,0
matmul_tiny_loop_L10_r3,1789506313.8707998,112965.0755914,59.763,54,2325,9001,310354141,0
matmul_tiny_loop_L10_r3,1789506313.9223268,112965.1270543,59.763,54,2325,9001,310354141,0
matmul_tiny_loop_L10_r3,1789506313.9744983,112965.1792135,60.02,54,2325,9001,310371045,0
matmul_tiny_loop_L10_r3,1789506314.0258124,112965.2305568,60.02,54,2325,9001,310371045,0
matmul_tiny_loop_L10_r3,1789506314.0765493,112965.2812623,60.02,54,2325,9001,310382623,0
matmul_tiny_loop_L10_r3,1789506314.1182716,112965.3230643,60.02,54,2325,9001,310382623,0
matmul_tiny_loop_L10_r3,1789506314.1696558,112965.3743603,60.02,54,2325,9001,310399121,0
matmul_tiny_loop_L10_r3,1789506314.2213502,112965.4260801,60.02,54,2325,9001,310399121,0
matmul_tiny_loop_L10_r3,1789506314.2763407,112965.4813707,60.02,54,2325,9001,310415132,0
matmul_tiny_loop_L10_r3,1789506314.3176599,112965.5225162,60.02,54,2325,9001,310415132,0
matmul_tiny_loop_L10_r3,1789506314.375295,112965.580057,60.02,54,2325,9001,310431414,0
matmul_tiny_loop_L10_r3,1789506314.4168618,112965.6223891,60.02,54,2325,9001,310431414,0
matmul_tiny_loop_L10_r3,1789506314.4672253,112965.6721579,59.963,54,2325,9001,310448245,0
matmul_tiny_loop_L10_r3,1789506314.5212133,112965.726067,59.963,54,2325,9001,310448245,0
matmul_tiny_loop_L10_r3,1789506314.5715783,112965.7763457,59.963,54,2325,9001,310464585,0
matmul_tiny_loop_L10_r3,1789506314.6245909,112965.8293386,59.963,54,2325,9001,310464585,0
matmul_tiny_loop_L10_r3,1789506314.6676576,112965.8725986,59.963,54,2325,9001,310474814,0
matmul_tiny_loop_L10_r3,1789506314.726165,112965.9309452,59.963,54,2325,9001,310474814,0
matmul_tiny_loop_L10_r3,1789506314.7671516,112965.9724403,59.963,54,2325,9001,310484473,0
matmul_tiny_loop_L10_r3,1789506314.8235652,112966.0282651,59.963,54,2325,9001,310484473,0
matmul_tiny_loop_L10_r3,1789506314.8742657,112966.0791574,59.963,54,2325,9001,310493983,0
matmul_tiny_loop_L10_r3,1789506314.9243789,112966.129035,59.963,54,2325,9001,310493983,0
matmul_tiny_loop_L10_r3,1789506314.9815834,112966.1862938,59.425,54,2325,9001,310504478,0
matmul_tiny_loop_L10_r3,1789506315.0219707,112966.2266801,59.425,54,2325,9001,310504478,0
matmul_tiny_loop_L10_r3,1789506315.072384,112966.2771604,59.425,54,2325,9001,310526848,0
matmul_tiny_loop_L10_r3,1789506315.1231153,112966.3278258,59.425,54,2325,9001,310526848,0
matmul_tiny_loop_L10_r3,1789506315.1743817,112966.3790799,59.425,54,2325,9001,310543939,0
matmul_tiny_loop_L10_r3,1789506315.2262576,112966.4309839,59.425,54,2325,9001,310543939,0
matmul_tiny_loop_L10_r3,1789506315.267836,112966.4726622,59.425,54,2325,9001,310555436,0
matmul_tiny_loop_L10_r3,1789506315.325893,112966.5306262,59.425,54,2325,9001,310555436,0
matmul_tiny_loop_L10_r3,1789506315.368645,112966.5733769,59.425,54,2325,9001,310565295,0
matmul_tiny_loop_L10_r3,1789506315.42033,112966.6251583,59.425,54,2325,9001,310565295,0
matmul_tiny_loop_L10_r3,1789506315.4678025,112966.6727878,59.411,54,2325,9001,310580957,0
matmul_tiny_loop_L10_r3,1789506315.5213463,112966.7261243,59.411,54,2325,9001,310580957,0
matmul_tiny_loop_L10_r3,1789506315.5713727,112966.7761853,59.411,54,2325,9001,310597317,0
matmul_tiny_loop_L10_r3,1789506315.621468,112966.8261498,59.411,54,2325,9001,310597317,0
matmul_tiny_loop_L10_r3,1789506315.6719232,112966.8765824,59.411,54,2325,9001,310614578,0
matmul_tiny_loop_L10_r3,1789506315.7212007,112966.9259808,59.411,54,2325,9001,310614578,0
matmul_tiny_loop_L10_r3,1789506315.77347,112966.9782573,59.411,54,2325,9001,310630507,0
matmul_tiny_loop_L10_r3,1789506315.8254156,112967.0301647,59.411,54,2325,9001,310630507,0
matmul_tiny_loop_L10_r3,1789506315.8711913,112967.0759418,59.411,54,2325,9001,310641765,0
matmul_tiny_loop_L10_r3,1789506315.9230187,112967.1277856,59.411,54,2325,9001,310641765,0
matmul_tiny_loop_L10_r3,1789506315.9748137,112967.1795535,59.68,54,2325,9001,310658998,0
matmul_tiny_loop_L10_r3,1789506316.02688,112967.2317277,59.68,54,2325,9001,310658998,0
matmul_tiny_loop_L10_r3,1789506316.0673451,112967.2720647,59.68,54,2325,9001,310671125,0
matmul_tiny_loop_L10_r3,1789506316.1188421,112967.323628,59.68,54,2325,9001,310671125,0
matmul_tiny_loop_L10_r3,1789506316.1702619,112967.3749987,59.68,54,2325,9001,310686337,0
matmul_tiny_loop_L10_r3,1789506316.2216203,112967.4263248,59.68,54,2325,9001,310686337,0
matmul_tiny_loop_L10_r3,1789506316.272299,112967.4770704,59.68,54,2325,9001,310702960,0
matmul_tiny_loop_L10_r3,1789506316.3232439,112967.5280764,59.68,54,2325,9001,310702960,0
matmul_tiny_loop_L10_r3,1789506316.3729346,112967.5779435,59.68,54,2325,9001,310712518,0
matmul_tiny_loop_L10_r3,1789506316.4243543,112967.6291572,59.68,54,2325,9001,310712518,0
matmul_tiny_loop_L10_r3,1789506316.470387,112967.6751478,59.944,54,2325,9001,310723324,0
matmul_tiny_loop_L10_r3,1789506316.5189326,112967.7237293,59.944,54,2325,9001,310723324,0
matmul_tiny_loop_L10_r3,1789506316.5712285,112967.7761077,59.944,54,2325,9001,310738883,0
matmul_tiny_loop_L10_r3,1789506316.6200476,112967.8247546,59.944,54,2325,9001,310738883,0
matmul_tiny_loop_L10_r3,1789506316.6677403,112967.8726872,59.944,54,2325,9001,310755515,0
matmul_tiny_loop_L10_r3,1789506316.7208226,112967.9255639,59.944,54,2325,9001,310755515,0
matmul_tiny_loop_L10_r3,1789506316.772366,112967.9771864,59.944,54,2325,9001,310771704,0
matmul_tiny_loop_L10_r3,1789506316.8240628,112968.0288178,59.944,54,2325,9001,310771704,0
matmul_tiny_loop_L10_r3,1789506316.8741808,112968.0790548,59.944,54,2325,9001,310782671,0
matmul_tiny_loop_L10_r3,1789506316.9196951,112968.1244015,59.944,54,2325,9001,310782671,0
matmul_tiny_loop_L10_r3,1789506316.971239,112968.1759381,59.587,54,2325,9001,310799023,0
matmul_tiny_loop_L10_r3,1789506317.0260606,112968.2307809,59.587,54,2325,9001,310799023,0
matmul_tiny_loop_L10_r3,1789506317.0672479,112968.272701,59.587,54,2325,9001,310809545,0
matmul_tiny_loop_L10_r3,1789506317.1188297,112968.3236159,59.587,54,2325,9001,310809545,0
matmul_tiny_loop_L10_r3,1789506317.1698248,112968.3745357,59.587,54,2325,9001,310824483,0
matmul_tiny_loop_L10_r3,1789506317.2216458,112968.4263654,59.587,54,2325,9001,310824483,0
matmul_tiny_loop_L10_r3,1789506317.2732546,112968.4780008,59.587,54,2325,9001,310841293,0
matmul_tiny_loop_L10_r3,1789506317.3247721,112968.5294935,59.587,54,2325,9001,310841293,0
matmul_tiny_loop_L10_r3,1789506317.3733814,112968.5782171,59.587,54,2325,9001,310851758,0
matmul_tiny_loop_L10_r3,1789506317.4275386,112968.6322921,59.587,54,2325,9001,310851758,0
matmul_tiny_loop_L10_r3,1789506317.471786,112968.676554,58.883,54,2325,9001,310863225,0
matmul_tiny_loop_L10_r3,1789506317.5210586,112968.7257553,58.883,54,2325,9001,310863225,0
matmul_tiny_loop_L10_r3,1789506317.5795782,112968.7843391,58.883,54,2325,9001,310879624,0
matmul_tiny_loop_L10_r3,1789506317.6214104,112968.8261127,58.883,54,2325,9001,310879624,0
matmul_tiny_loop_L10_r3,1789506317.6777258,112968.8826055,58.883,54,2325,9001,310901624,0
matmul_tiny_loop_L10_r3,1789506317.720794,112968.9256448,58.883,54,2325,9001,310901624,0
matmul_tiny_loop_L10_r3,1789506317.771617,112968.9762892,58.883,54,2325,9001,310921057,0
matmul_tiny_loop_L10_r3,1789506317.832884,112969.0385281,58.883,54,2325,9001,310921057,0
matmul_tiny_loop_L10_r3,1789506317.8844485,112969.090524,58.883,54,2325,9001,310934703,0
matmul_tiny_loop_L10_r3,1789506317.922861,112969.127589,58.883,54,2325,9001,310934703,0
matmul_tiny_loop_L10_r3,1789506317.9708567,112969.1755993,58.545,54,2325,9001,310948097,0
matmul_tiny_loop_L10_r3,1789506318.026508,112969.2312175,58.545,54,2325,9001,310948097,0
matmul_tiny_loop_L10_r3,1789506318.0676045,112969.2724549,58.545,54,2325,9001,310958471,0
matmul_tiny_loop_L10_r3,1789506318.1193037,112969.3239812,58.545,54,2325,9001,310958471,0
matmul_tiny_loop_L10_r3,1789506318.1708322,112969.3756377,58.545,54,2325,9001,310973626,0
matmul_tiny_loop_L10_r3,1789506318.2220151,112969.4268424,58.545,54,2325,9001,310973626,0
matmul_tiny_loop_L10_r3,1789506318.2739744,112969.4786969,58.545,54,2325,9001,310991711,0
matmul_tiny_loop_L10_r3,1789506318.3248582,112969.5296274,58.545,54,2325,9001,310991711,0
matmul_tiny_loop_L10_r3,1789506318.3769245,112969.5818609,58.545,54,2325,9001,311002706,0
matmul_tiny_loop_L10_r3,1789506318.418777,112969.6234592,58.545,54,2325,9001,311002706,0
matmul_tiny_loop_L10_r3,1789506318.4713402,112969.6760419,58.93,54,2325,9001,311022226,0
matmul_tiny_loop_L10_r3,1789506318.523397,112969.7281331,58.93,54,2325,9001,311022226,0
matmul_tiny_loop_L10_r3,1789506318.5701237,112969.7750194,58.93,54,2325,9001,311031633,0
matmul_tiny_loop_L10_r3,1789506318.627047,112969.8319684,58.93,54,2325,9001,311031633,0
matmul_tiny_loop_L10_r3,1789506318.6752198,112969.8806622,58.93,54,2325,9001,311041807,0
matmul_tiny_loop_L10_r3,1789506318.7207298,112969.9255304,58.93,54,2325,9001,311041807,0
matmul_tiny_loop_L10_r3,1789506318.7724981,112969.9772821,58.93,54,2325,9001,311060511,0
matmul_tiny_loop_L10_r3,1789506318.8238916,112970.0285904,58.93,54,2325,9001,311060511,0
matmul_tiny_loop_L10_r3,1789506318.874609,112970.0793086,58.93,54,2325,9001,311071662,0
matmul_tiny_loop_L10_r3,1789506318.9259815,112970.1307684,58.93,54,2325,9001,311071662,0
matmul_tiny_loop_L10_r3,1789506318.9672408,112970.1721015,59.061,54,2325,9001,311082679,0
matmul_tiny_loop_L10_r3,1789506319.0206552,112970.2254522,59.061,54,2325,9001,311082679,0
matmul_tiny_loop_L10_r3,1789506319.0739882,112970.2787864,59.061,54,2325,9001,311099186,0
matmul_tiny_loop_L10_r3,1789506319.1250072,112970.3296989,59.061,54,2325,9001,311099186,0
matmul_tiny_loop_L10_r3,1789506319.1664953,112970.3723583,59.061,54,2325,9001,311110469,0
matmul_tiny_loop_L10_r3,1789506319.2179165,112970.4226356,59.061,54,2325,9001,311110469,0
matmul_tiny_loop_L10_r3,1789506319.2689705,112970.4737637,59.061,54,2325,9001,311125194,0
matmul_tiny_loop_L10_r3,1789506319.319541,112970.5242175,59.061,54,2325,9001,311125194,0
matmul_tiny_loop_L10_r3,1789506319.3680625,112970.5728455,59.061,54,2325,9001,311141266,0
matmul_tiny_loop_L10_r3,1789506319.420321,112970.6250228,59.061,54,2325,9001,311141266,0
matmul_tiny_loop_L10_r3,1789506319.4764788,112970.6811798,59.424,54,2325,9001,311157719,0
matmul_tiny_loop_L10_r3,1789506319.5211067,112970.7257838,59.424,54,2325,9001,311157719,0
matmul_tiny_loop_L10_r3,1789506319.5699959,112970.7746502,59.424,54,2325,9001,311177501,0
matmul_tiny_loop_L10_r3,1789506319.6211617,112970.8263201,59.424,54,2325,9001,311177501,0
matmul_tiny_loop_L10_r3,1789506319.689604,112970.8951288,59.424,54,2325,9001,311187503,0
matmul_tiny_loop_L10_r3,1789506319.7217755,112970.9266663,59.424,54,2325,9001,311187503,0
matmul_tiny_loop_L10_r3,1789506319.8500397,112971.05645,59.424,54,2325,9001,311208508,0
matmul_tiny_loop_L10_r3,1789506319.8520484,112971.0572719,59.424,54,2325,9001,311208508,0
matmul_tiny_loop_L10_r3,1789506319.9083023,112971.1135271,59.424,54,2325,9001,311219940,0
matmul_tiny_loop_L10_r3,1789506319.9706953,112971.1760267,59.507,54,2325,9001,311229651,0
matmul_tiny_loop_L10_r3,1789506320.0032349,112971.2082792,59.507,54,2325,9001,311229651,0
matmul_tiny_loop_L10_r3,1789506320.0586839,112971.2634058,59.507,54,2325,9001,311229651,0
matmul_tiny_loop_L10_r3,1789506320.1075215,112971.3122883,59.507,54,2325,9001,311249652,0
matmul_tiny_loop_L10_r3,1789506320.1591082,112971.3637769,59.507,54,2325,9001,311249652,0
matmul_tiny_loop_L10_r3,1789506320.2106817,112971.4156544,59.507,54,2325,9001,311268261,0
matmul_tiny_loop_L10_r3,1789506320.2615247,112971.4664373,59.507,54,2325,9001,311268261,0
matmul_tiny_loop_L10_r3,1789506320.311904,112971.5165925,59.507,54,2325,9001,311289877,0
matmul_tiny_loop_L10_r3,1789506320.3583128,112971.5634589,59.507,54,2325,9001,311289877,0
matmul_tiny_loop_L10_r3,1789506320.4047098,112971.6095185,59.507,54,2325,9001,311309807,0
matmul_tiny_loop_L10_r3,1789506320.47084,112971.6760412,59.108,54,2325,9001,311318707,0
matmul_tiny_loop_L10_r3,1789506320.5122328,112971.7177753,59.108,54,2325,9001,311318707,0
matmul_tiny_loop_L10_r3,1789506320.5545926,112971.7594451,59.108,54,2325,9001,311318707,0
matmul_tiny_loop_L10_r3,1789506320.6088471,112971.8136022,59.108,54,2325,9001,311338629,0
matmul_tiny_loop_L10_r3,1789506320.6597402,112971.8646363,59.108,54,2325,9001,311338629,0
matmul_tiny_loop_L10_r3,1789506320.7107913,112971.9154739,59.108,54,2325,9001,311358290,0
matmul_tiny_loop_L10_r3,1789506320.761145,112971.9660269,59.108,54,2325,9001,311358290,0
matmul_tiny_loop_L10_r3,1789506320.8153155,112972.0219497,59.108,54,2325,9001,311379567,0
matmul_tiny_loop_L10_r3,1789506320.861455,112972.0662741,59.108,54,2325,9001,311379567,0
matmul_tiny_loop_L10_r3,1789506320.9124625,112972.1171662,59.108,54,2325,9001,311404433,0
matmul_tiny_loop_L10_r3,1789506320.9533775,112972.1581978,58.987,54,2325,9001,311404433,0
matmul_tiny_loop_L10_r3,1789506321.0051072,112972.2098032,58.987,54,2325,9001,311422329,0
matmul_tiny_loop_L10_r3,1789506321.0567157,112972.2615962,58.987,54,2325,9001,311422329,0
matmul_tiny_loop_L10_r3,1789506321.102456,112972.3073845,58.987,54,2325,9001,311439329,0
matmul_tiny_loop_L10_r3,1789506321.1578593,112972.3625715,58.987,54,2325,9001,311439329,0
matmul_tiny_loop_L10_r3,1789506321.2096214,112972.4143466,58.987,54,2325,9001,311456906,0
matmul_tiny_loop_L10_r3,1789506321.2607136,112972.4655144,58.987,54,2325,9001,311456906,0
matmul_tiny_loop_L10_r3,1789506321.3118412,112972.5165349,58.987,54,2325,9001,311477239,0
matmul_tiny_loop_L10_r3,1789506321.3586733,112972.563406,58.987,54,2325,9001,311477239,0
matmul_tiny_loop_L10_r3,1789506321.4050806,112972.6098378,58.987,54,2325,9001,311497899,0
matmul_tiny_loop_L10_r3,1789506321.455431,112972.6601356,58.926,54,2325,9001,311497899,0
matmul_tiny_loop_L10_r3,1789506321.510674,112972.7154136,58.926,54,2325,9001,311514284,0
matmul_tiny_loop_L10_r3,1789506321.5613418,112972.7660365,58.926,54,2325,9001,311514284,0
matmul_tiny_loop_L10_r3,1789506321.6063008,112972.8109855,58.926,54,2325,9001,311535707,0
matmul_tiny_loop_L10_r3,1789506321.665408,112972.870236,58.926,54,2325,9001,311544715,0
matmul_tiny_loop_L10_r3,1789506321.7103117,112972.9152714,58.926,54,2325,9001,311544715,0
matmul_tiny_loop_L10_r3,1789506321.7609148,112972.9656825,58.926,54,2325,9001,311544715,0
matmul_tiny_loop_L10_r3,1789506321.8115911,112973.0162939,58.926,54,2325,9001,311566738,0
matmul_tiny_loop_L10_r3,1789506321.862784,112973.0677455,58.926,54,2325,9001,311578282,0
matmul_tiny_loop_L10_r3,1789506321.903516,112973.1082942,58.926,54,2325,9001,311578282,0
matmul_tiny_loop_L10_r3,1789506321.9555235,112973.160313,59.499,54,2325,9001,311578282,0
matmul_tiny_loop_L5_r2,1789506324.0071762,112975.2123892,59.206,54,2325,9001,311725156,0
matmul_tiny_loop_L5_r2,1789506324.0599172,112975.2646301,59.206,54,2325,9001,311725156,0
matmul_tiny_loop_L5_r2,1789506324.1110387,112975.3157557,59.206,54,2325,9001,311745392,0
matmul_tiny_loop_L5_r2,1789506324.1653955,112975.3701714,59.206,54,2325,9001,311756858,0
matmul_tiny_loop_L5_r2,1789506324.2166772,112975.421388,59.206,54,2325,9001,311756858,0
matmul_tiny_loop_L5_r2,1789506324.25824,112975.4631306,59.206,54,2325,9001,311756858,0
matmul_tiny_loop_L5_r2,1789506324.316681,112975.5215531,59.206,54,2325,9001,311781565,0
matmul_tiny_loop_L5_r2,1789506324.3579376,112975.5633821,59.206,54,2325,9001,311781565,0
matmul_tiny_loop_L5_r2,1789506324.4080892,112975.6131024,59.206,54,2325,9001,311805895,0
matmul_tiny_loop_L5_r2,1789506324.4593956,112975.6642146,59.139,54,2325,9001,311805895,0
matmul_tiny_loop_L5_r2,1789506324.5149007,112975.7196109,59.139,54,2325,9001,311826001,0
matmul_tiny_loop_L5_r2,1789506324.5627394,112975.7675677,59.139,54,2325,9001,311839485,0
matmul_tiny_loop_L5_r2,1789506324.6088912,112975.8136058,59.139,54,2325,9001,311839485,0
matmul_tiny_loop_L5_r2,1789506324.6621964,112975.8668992,59.139,54,2325,9001,311850102,0
matmul_tiny_loop_L5_r2,1789506324.7108343,112975.9155958,59.139,54,2325,9001,311850102,0
matmul_tiny_loop_L5_r2,1789506324.7607362,112975.9654559,59.139,54,2325,9001,311850102,0
matmul_tiny_loop_L5_r2,1789506324.812042,112976.0167194,59.139,54,2325,9001,311865859,0
matmul_tiny_loop_L5_r2,1789506324.8649895,112976.0697446,59.139,54,2325,9001,311877798,0
matmul_tiny_loop_L5_r2,1789506324.9158118,112976.1204903,59.139,54,2325,9001,311877798,0
matmul_tiny_loop_L5_r2,1789506324.9656377,112976.1706443,59.326,54,2325,9001,311892464,0
matmul_tiny_loop_L5_r2,1789506325.016349,112976.2210372,59.326,54,2325,9001,311892464,0
matmul_tiny_loop_L5_r2,1789506325.0672624,112976.2736678,59.326,54,2325,9001,311907757,0
matmul_tiny_loop_L5_r2,1789506325.1254115,112976.3302869,59.326,54,2325,9001,311907757,0
matmul_tiny_loop_L5_r2,1789506325.1616657,112976.3664278,59.326,54,2325,9001,311917477,0
matmul_tiny_loop_L5_r2,1789506325.2137287,112976.4186084,59.326,54,2325,9001,311917477,0
matmul_tiny_loop_L5_r2,1789506325.2641425,112976.4698333,59.326,54,2325,9001,311931259,0
matmul_tiny_loop_L5_r2,1789506325.312842,112976.5180807,59.326,54,2325,9001,311931259,0
matmul_tiny_loop_L5_r2,1789506325.3644974,112976.569188,59.326,54,2325,9001,311945156,0
matmul_tiny_loop_L5_r2,1789506325.4131067,112976.6178399,59.326,54,2325,9001,311945156,0
matmul_tiny_loop_L5_r2,1789506325.463385,112976.6681675,58.916,54,2325,9001,311958236,0
matmul_tiny_loop_L5_r2,1789506325.51055,112976.715289,58.916,54,2325,9001,311958236,0
matmul_tiny_loop_L5_r2,1789506325.561965,112976.76666,58.916,54,2325,9001,311970633,0
matmul_tiny_loop_L5_r2,1789506325.6081312,112976.8135247,58.916,54,2325,9001,311970633,0
matmul_tiny_loop_L5_r2,1789506325.6587722,112976.8635283,58.916,54,2325,9001,311970633,0
matmul_tiny_loop_L5_r2,1789506325.711655,112976.9164316,58.916,54,2325,9001,311991709,0
matmul_tiny_loop_L5_r2,1789506325.7626565,112976.9674351,58.916,54,2325,9001,312003981,0
matmul_tiny_loop_L5_r2,1789506325.813775,112977.0185365,58.916,54,2325,9001,312003981,0
matmul_tiny_loop_L5_r2,1789506325.8658667,112977.0708511,58.916,54,2325,9001,312017758,0
matmul_tiny_loop_L5_r2,1789506325.9111907,112977.1160006,58.916,54,2325,9001,312017758,0
matmul_tiny_loop_L5_r2,1789506325.9618018,112977.1665071,59.294,54,2325,9001,312030385,0
matmul_tiny_loop_L5_r2,1789506326.012582,112977.2173018,59.294,54,2325,9001,312030385,0
matmul_tiny_loop_L5_r2,1789506326.0645838,112977.2694494,59.294,54,2325,9001,312043751,0
matmul_tiny_loop_L5_r2,1789506326.1162565,112977.3209969,59.294,54,2325,9001,312043751,0
matmul_tiny_loop_L5_r2,1789506326.1617303,112977.3668417,59.294,54,2325,9001,312058768,0
matmul_tiny_loop_L5_r2,1789506326.212715,112977.4174411,59.294,54,2325,9001,312058768,0
matmul_tiny_loop_L5_r2,1789506326.2643995,112977.4691039,59.294,54,2325,9001,312072005,0
matmul_tiny_loop_L5_r2,1789506326.315263,112977.5200182,59.294,54,2325,9001,312072005,0
matmul_tiny_loop_L5_r2,1789506326.3665395,112977.5713765,59.294,54,2325,9001,312086883,0
matmul_tiny_loop_L5_r2,1789506326.4139292,112977.6187868,59.294,54,2325,9001,312086883,0
matmul_tiny_loop_L5_r2,1789506326.4627922,112977.6677521,59.543,54,2325,9001,312101257,0
matmul_tiny_loop_L5_r2,1789506326.5127478,112977.7175143,59.543,54,2325,9001,312101257,0
matmul_tiny_loop_L5_r2,1789506326.567086,112977.7719308,59.543,54,2325,9001,312114450,0
matmul_tiny_loop_L5_r2,1789506326.6105938,112977.8153584,59.543,54,2325,9001,312114450,0
matmul_tiny_loop_L5_r2,1789506326.661641,112977.8664054,59.543,54,2325,9001,312126971,0
matmul_tiny_loop_L5_r2,1789506326.7099404,112977.9149443,59.543,54,2325,9001,312126971,0
matmul_tiny_loop_L5_r2,1789506326.7611344,112977.9658395,59.543,54,2325,9001,312139160,0
matmul_tiny_loop_L5_r2,1789506326.8136284,112978.0183313,59.543,54,2325,9001,312139160,0
matmul_tiny_loop_L5_r2,1789506326.86469,112978.0695869,59.543,54,2325,9001,312152990,0
matmul_tiny_loop_L5_r2,1789506326.9159253,112978.1206129,59.543,54,2325,9001,312152990,0
matmul_tiny_loop_L5_r2,1789506326.9688663,112978.1736412,59.561,54,2325,9001,312168432,0
matmul_tiny_loop_L5_r2,1789506327.010581,112978.2152984,59.561,54,2325,9001,312168432,0
matmul_tiny_loop_L5_r2,1789506327.062328,112978.2672048,59.561,54,2325,9001,312181869,0
matmul_tiny_loop_L5_r2,1789506327.1137216,112978.3184992,59.561,54,2325,9001,312181869,0
matmul_tiny_loop_L5_r2,1789506327.1658068,112978.3705427,59.561,54,2325,9001,312195708,0
matmul_tiny_loop_L5_r2,1789506327.2096586,112978.4144423,59.561,54,2325,9001,312195708,0
matmul_tiny_loop_L5_r2,1789506327.2606504,112978.4654268,59.561,54,2325,9001,312195708,0
matmul_tiny_loop_L5_r2,1789506327.3120282,112978.5168544,59.561,54,2325,9001,312211643,0
matmul_tiny_loop_L5_r2,1789506327.3632984,112978.568026,59.561,54,2325,9001,312223948,0
matmul_tiny_loop_L5_r2,1789506327.4156384,112978.6203289,59.561,54,2325,9001,312223948,0
matmul_tiny_loop_L5_r2,1789506327.467672,112978.6724412,59.382,54,2325,9001,312238671,0
matmul_tiny_loop_L5_r2,1789506327.510388,112978.7151087,59.382,54,2325,9001,312238671,0
matmul_tiny_loop_L5_r2,1789506327.561395,112978.7661454,59.382,54,2325,9001,312251886,0
matmul_tiny_loop_L5_r2,1789506327.6105182,112978.8152173,59.382,54,2325,9001,312251886,0
matmul_tiny_loop_L5_r2,1789506327.6627355,112978.8674555,59.382,54,2325,9001,312264319,0
matmul_tiny_loop_L5_r2,1789506327.7127867,112978.9174891,59.382,54,2325,9001,312264319,0
matmul_tiny_loop_L5_r2,1789506327.7641425,112978.9688634,59.382,54,2325,9001,312277966,0
matmul_tiny_loop_L5_r2,1789506327.814823,112979.0195417,59.382,54,2325,9001,312277966,0
matmul_tiny_loop_L5_r2,1789506327.8650482,112979.0697329,59.382,54,2325,9001,312292793,0
matmul_tiny_loop_L5_r2,1789506327.915496,112979.1201748,59.382,54,2325,9001,312292793,0
matmul_tiny_loop_L5_r2,1789506327.9706235,112979.1760921,59.302,54,2325,9001,312308159,0
matmul_tiny_loop_L5_r2,1789506328.0088434,112979.2136724,59.302,54,2325,9001,312308159,0
matmul_tiny_loop_L5_r2,1789506328.0660512,112979.2707783,59.302,54,2325,9001,312322389,0
matmul_tiny_loop_L5_r2,1789506328.1166697,112979.3214216,59.302,54,2325,9001,312322389,0
matmul_tiny_loop_L5_r2,1789506328.1572826,112979.3624317,59.302,54,2325,9001,312322389,0
matmul_tiny_loop_L5_r2,1789506328.211804,112979.4165009,59.302,54,2325,9001,312348495,0
matmul_tiny_loop_L5_r2,1789506328.2624254,112979.4672156,59.302,54,2325,9001,312361015,0
matmul_tiny_loop_L5_r2,1789506328.313521,112979.5182633,59.302,54,2325,9001,312361015,0
matmul_tiny_loop_L5_r2,1789506328.3654895,112979.5702384,59.302,54,2325,9001,312375039,0
matmul_tiny_loop_L5_r2,1789506328.4107614,112979.6155556,59.302,54,2325,9001,312375039,0
matmul_tiny_loop_L10_r4,1789506330.440463,112981.6497243,58.99,54,2325,9001,312509840,0
matmul_tiny_loop_L10_r4,1789506330.495226,112981.7004369,58.99,54,2325,9001,312519372,0
matmul_tiny_loop_L10_r4,1789506330.5530248,112981.7577431,58.99,54,2325,9001,312519372,0
matmul_tiny_loop_L10_r4,1789506330.6035235,112981.8083318,58.99,54,2325,9001,312541552,0
matmul_tiny_loop_L10_r4,1789506330.65016,112981.8550339,58.99,54,2325,9001,312541552,0
matmul_tiny_loop_L10_r4,1789506330.6982913,112981.9030169,58.99,54,2325,9001,312556670,0
matmul_tiny_loop_L10_r4,1789506330.7499053,112981.9552523,58.99,54,2325,9001,312556670,0
matmul_tiny_loop_L10_r4,1789506330.8120482,112982.0176876,58.99,54,2325,9001,312579525,0
matmul_tiny_loop_L10_r4,1789506330.8782597,112982.084329,58.99,54,2325,9001,312593420,0
matmul_tiny_loop_L10_r4,1789506330.9003258,112982.1050705,58.99,54,2325,9001,312593420,0
matmul_tiny_loop_L10_r4,1789506330.9509788,112982.155788,58.943,54,2325,9001,312593420,0
matmul_tiny_loop_L10_r4,1789506330.996291,112982.2009496,58.943,54,2325,9001,312611802,0
matmul_tiny_loop_L10_r4,1789506331.04746,112982.2521682,58.943,54,2325,9001,312611802,0
matmul_tiny_loop_L10_r4,1789506331.09906,112982.3038341,58.943,54,2325,9001,312632205,0
matmul_tiny_loop_L10_r4,1789506331.150191,112982.3549333,58.943,54,2325,9001,312632205,0
matmul_tiny_loop_L10_r4,1789506331.1980882,112982.4028518,58.943,54,2325,9001,312647549,0
matmul_tiny_loop_L10_r4,1789506331.2538226,112982.4586698,58.943,54,2325,9001,312647549,0
matmul_tiny_loop_L10_r4,1789506331.2952182,112982.5004577,58.943,54,2325,9001,312672699,0
matmul_tiny_loop_L10_r4,1789506331.3464777,112982.5512791,58.943,54,2325,9001,312672699,0
matmul_tiny_loop_L10_r4,1789506331.3959413,112982.6006044,58.943,54,2325,9001,312692073,0
matmul_tiny_loop_L10_r4,1789506331.4506073,112982.6553717,59.229,54,2325,9001,312692073,0
matmul_tiny_loop_L10_r4,1789506331.506693,112982.7114567,59.229,54,2325,9001,312714027,0
matmul_tiny_loop_L10_r4,1789506331.5483859,112982.7530842,59.229,54,2325,9001,312714027,0
matmul_tiny_loop_L10_r4,1789506331.6007025,112982.8054332,59.229,54,2325,9001,312729612,0
matmul_tiny_loop_L10_r4,1789506331.6715527,112982.8763979,59.229,54,2325,9001,312738363,0
matmul_tiny_loop_L10_r4,1789506331.7002668,112982.9051461,59.229,54,2325,9001,312738363,0
matmul_tiny_loop_L10_r4,1789506331.749429,112982.9541459,59.229,54,2325,9001,312738363,0
matmul_tiny_loop_L10_r4,1789506331.8001451,112983.0054566,59.229,54,2325,9001,312756197,0
matmul_tiny_loop_L10_r4,1789506331.8827765,112983.0884322,59.229,54,2325,9001,312764942,0
matmul_tiny_loop_L10_r4,1789506331.9009445,112983.1056383,59.229,54,2325,9001,312764942,0
matmul_tiny_loop_L10_r4,1789506331.9526978,112983.1574821,59.064,54,2325,9001,312764942,0
matmul_tiny_loop_L10_r4,1789506332.0041835,112983.2090139,59.064,54,2325,9001,312786052,0
matmul_tiny_loop_L10_r4,1789506332.0454657,112983.2502255,59.064,54,2325,9001,312786052,0
matmul_tiny_loop_L10_r4,1789506332.0967076,112983.3014684,59.064,54,2325,9001,312799263,0
matmul_tiny_loop_L10_r4,1789506332.1483529,112983.3531034,59.064,54,2325,9001,312799263,0
matmul_tiny_loop_L10_r4,1789506332.1992624,112983.4039462,59.064,54,2325,9001,312820343,0
matmul_tiny_loop_L10_r4,1789506332.2465303,112983.4511975,59.064,54,2325,9001,312820343,0
matmul_tiny_loop_L10_r4,1789506332.3030574,112983.5080518,59.064,54,2325,9001,312833593,0
matmul_tiny_loop_L10_r4,1789506332.344682,112983.5501506,59.064,54,2325,9001,312833593,0
matmul_tiny_loop_L10_r4,1789506332.4013515,112983.6061918,59.064,54,2325,9001,312846600,0
matmul_tiny_loop_L10_r4,1789506332.4494615,112983.654224,58.607,54,2325,9001,312846600,0
matmul_tiny_loop_L10_r4,1789506332.4951923,112983.700041,58.607,54,2325,9001,312861599,0
matmul_tiny_loop_L10_r4,1789506332.5515492,112983.7563723,58.607,54,2325,9001,312861599,0
matmul_tiny_loop_L10_r4,1789506332.5992308,112983.8041426,58.607,54,2325,9001,312883802,0
matmul_tiny_loop_L10_r4,1789506332.6456559,112983.8504811,58.607,54,2325,9001,312883802,0
matmul_tiny_loop_L10_r4,1789506332.710604,112983.91536,58.607,54,2325,9001,312896718,0
matmul_tiny_loop_L10_r4,1789506332.7513685,112983.9560987,58.607,54,2325,9001,312896718,0
matmul_tiny_loop_L10_r4,1789506332.795953,112984.0006928,58.607,54,2325,9001,312916606,0
matmul_tiny_loop_L10_r4,1789506332.8476167,112984.0523685,58.607,54,2325,9001,312916606,0
matmul_tiny_loop_L10_r4,1789506332.8985717,112984.1032895,58.607,54,2325,9001,312937492,0
matmul_tiny_loop_L10_r4,1789506332.9497595,112984.1544821,58.341,54,2325,9001,312937492,0
matmul_tiny_loop_L10_r4,1789506333.0013404,112984.2061301,58.341,54,2325,9001,312952763,0
matmul_tiny_loop_L10_r4,1789506333.045749,112984.2504472,58.341,54,2325,9001,312952763,0
matmul_tiny_loop_L10_r4,1789506333.0976603,112984.3024279,58.341,54,2325,9001,312965938,0
matmul_tiny_loop_L10_r4,1789506333.149525,112984.3543025,58.341,54,2325,9001,312965938,0
matmul_tiny_loop_L10_r4,1789506333.2002294,112984.4049368,58.341,54,2325,9001,312988770,0
matmul_tiny_loop_L10_r4,1789506333.251812,112984.4565296,58.341,54,2325,9001,312988770,0
matmul_tiny_loop_L10_r4,1789506333.3032858,112984.5080562,58.341,54,2325,9001,313005184,0
matmul_tiny_loop_L10_r4,1789506333.348145,112984.5528986,58.341,54,2325,9001,313005184,0
matmul_tiny_loop_L10_r4,1789506333.4020832,112984.6068132,58.341,54,2325,9001,313019773,0
matmul_tiny_loop_L10_r4,1789506333.4531496,112984.6578855,59.052,54,2325,9001,313019773,0
matmul_tiny_loop_L10_r4,1789506333.4961805,112984.7009909,59.052,54,2325,9001,313036812,0
matmul_tiny_loop_L10_r4,1789506333.553653,112984.7584195,59.052,54,2325,9001,313036812,0
matmul_tiny_loop_L10_r4,1789506333.5959396,112984.8006262,59.052,54,2325,9001,313060856,0
matmul_tiny_loop_L10_r4,1789506333.6523278,112984.8570393,59.052,54,2325,9001,313060856,0
matmul_tiny_loop_L10_r4,1789506333.696173,112984.9009286,59.052,54,2325,9001,313084655,0
matmul_tiny_loop_L10_r4,1789506333.7519379,112984.9567188,59.052,54,2325,9001,313084655,0
matmul_tiny_loop_L10_r4,1789506333.803766,112985.0086703,59.052,54,2325,9001,313107792,0
matmul_tiny_loop_L10_r4,1789506333.8458433,112985.0506048,59.052,54,2325,9001,313107792,0
matmul_tiny_loop_L10_r4,1789506333.8969884,112985.1018055,59.052,54,2325,9001,313121535,0
matmul_tiny_loop_L10_r4,1789506333.9482362,112985.1529765,59.437,54,2325,9001,313121535,0
matmul_tiny_loop_L10_r4,1789506333.9991112,112985.2038081,59.437,54,2325,9001,313143498,0
matmul_tiny_loop_L10_r4,1789506334.053448,112985.2582008,59.437,54,2325,9001,313143498,0
matmul_tiny_loop_L10_r4,1789506334.1030085,112985.3077405,59.437,54,2325,9001,313160817,0
matmul_tiny_loop_L10_r4,1789506334.1542985,112985.3590398,59.437,54,2325,9001,313160817,0
matmul_tiny_loop_L10_r4,1789506334.1950839,112985.399875,59.437,54,2325,9001,313178685,0
matmul_tiny_loop_L10_r4,1789506334.2460325,112985.4507393,59.437,54,2325,9001,313178685,0
matmul_tiny_loop_L10_r4,1789506334.2973754,112985.5022234,59.437,54,2325,9001,313198781,0
matmul_tiny_loop_L10_r4,1789506334.3490403,112985.5537365,59.437,54,2325,9001,313198781,0
matmul_tiny_loop_L10_r4,1789506334.3969355,112985.601678,59.437,54,2325,9001,313213757,0
matmul_tiny_loop_L10_r4,1789506334.4527357,112985.6577264,58.715,54,2325,9001,313213757,0
matmul_tiny_loop_L10_r4,1789506334.5129728,112985.7180839,58.715,54,2325,9001,313238744,0
matmul_tiny_loop_L10_r4,1789506334.549816,112985.7545951,58.715,54,2325,9001,313238744,0
matmul_tiny_loop_L10_r4,1789506334.596061,112985.8008793,58.715,54,2325,9001,313259487,0
matmul_tiny_loop_L10_r4,1789506334.6491754,112985.853865,58.715,54,2325,9001,313259487,0
matmul_tiny_loop_L10_r4,1789506334.7022963,112985.9072511,58.715,54,2325,9001,313281993,0
matmul_tiny_loop_L10_r4,1789506334.7526429,112985.9574189,58.715,54,2325,9001,313281993,0
matmul_tiny_loop_L10_r4,1789506334.8032928,112986.0080303,58.715,54,2325,9001,313299111,0
matmul_tiny_loop_L10_r4,1789506334.8489513,112986.0543182,58.715,54,2325,9001,313299111,0
matmul_tiny_loop_L10_r4,1789506334.9001148,112986.1049615,58.715,54,2325,9001,313314871,0
matmul_tiny_loop_L10_r4,1789506334.9459958,112986.1507337,58.605,54,2325,9001,313314871,0
matmul_tiny_loop_L10_r4,1789506334.9971163,112986.2018681,58.605,54,2325,9001,313329082,0
matmul_tiny_loop_L10_r4,1789506335.0471487,112986.2518666,58.605,54,2325,9001,313329082,0
matmul_tiny_loop_L10_r4,1789506335.1018898,112986.3066389,58.605,54,2325,9001,313351189,0
matmul_tiny_loop_L10_r4,1789506335.1537325,112986.3584476,58.605,54,2325,9001,313351189,0
matmul_tiny_loop_L10_r4,1789506335.195328,112986.4001675,58.605,54,2325,9001,313368837,0
matmul_tiny_loop_L10_r4,1789506335.2469783,112986.4517155,58.605,54,2325,9001,313368837,0
matmul_tiny_loop_L10_r4,1789506335.299049,112986.5037342,58.605,54,2325,9001,313390072,0
matmul_tiny_loop_L10_r4,1789506335.350925,112986.5557067,58.605,54,2325,9001,313390072,0
matmul_tiny_loop_L10_r4,1789506335.4020948,112986.6070249,58.605,54,2325,9001,313406101,0
matmul_tiny_loop_L10_r4,1789506335.4548023,112986.6595843,58.334,54,2325,9001,313406101,0
matmul_tiny_loop_L10_r4,1789506335.4963055,112986.7010648,58.334,54,2325,9001,313424465,0
matmul_tiny_loop_L10_r4,1789506335.5518293,112986.7565267,58.334,54,2325,9001,313424465,0
matmul_tiny_loop_L10_r4,1789506335.601246,112986.8059842,58.334,54,2325,9001,313448256,0
matmul_tiny_loop_L10_r4,1789506335.651933,112986.8567831,58.334,54,2325,9001,313448256,0
matmul_tiny_loop_L10_r4,1789506335.7007039,112986.9054199,58.334,54,2325,9001,313465017,0
matmul_tiny_loop_L10_r4,1789506335.7509193,112986.9556009,58.334,54,2325,9001,313465017,0
matmul_tiny_loop_L10_r4,1789506335.8019578,112987.0067609,58.334,54,2325,9001,313481405,0
matmul_tiny_loop_L10_r4,1789506335.8459992,112987.0511418,58.334,54,2325,9001,313481405,0
matmul_tiny_loop_L10_r4,1789506335.9029236,112987.1076871,58.334,54,2325,9001,313495346,0
matmul_tiny_loop_L10_r4,1789506335.9470263,112987.1517743,58.595,54,2325,9001,313495346,0
matmul_tiny_loop_L10_r4,1789506336.005499,112987.2104051,58.595,54,2325,9001,313509956,0
matmul_tiny_loop_L10_r4,1789506336.0489671,112987.2549354,58.595,54,2325,9001,313509956,0
matmul_tiny_loop_L10_r4,1789506336.0988293,112987.3034865,58.595,54,2325,9001,313527494,0
matmul_tiny_loop_L10_r4,1789506336.1527588,112987.357553,58.595,54,2325,9001,313527494,0
matmul_tiny_loop_L10_r4,1789506336.2041347,112987.4089164,58.595,54,2325,9001,313544782,0
matmul_tiny_loop_L10_r4,1789506336.2453043,112987.4500917,58.595,54,2325,9001,313544782,0
matmul_tiny_loop_L10_r4,1789506336.296912,112987.5016506,58.595,54,2325,9001,313558818,0
matmul_tiny_loop_L10_r4,1789506336.3478086,112987.5525522,58.595,54,2325,9001,313558818,0
matmul_tiny_loop_L10_r4,1789506336.3974333,112987.6024853,58.595,54,2325,9001,313573506,0
matmul_tiny_loop_L10_r4,1789506336.4478703,112987.6525671,58.409,54,2325,9001,313573506,0
matmul_tiny_loop_L10_r4,1789506336.508676,112987.713447,58.409,54,2325,9001,313588517,0
matmul_tiny_loop_L10_r4,1789506336.5528865,112987.7576161,58.409,54,2325,9001,313588517,0
matmul_tiny_loop_L10_r4,1789506336.6002095,112987.8049992,58.409,54,2325,9001,313609334,0
matmul_tiny_loop_L10_r4,1789506336.651679,112987.8563929,58.409,54,2325,9001,313609334,0
matmul_tiny_loop_L10_r4,1789506336.7032661,112987.9079664,58.409,54,2325,9001,313626102,0
matmul_tiny_loop_L10_r4,1789506336.7546258,112987.9593,58.409,54,2325,9001,313626102,0
matmul_tiny_loop_L10_r4,1789506336.7959843,112988.0012104,58.409,54,2325,9001,313645274,0
matmul_tiny_loop_L10_r4,1789506336.8477778,112988.0525341,58.409,54,2325,9001,313645274,0
matmul_tiny_loop_L10_r4,1789506336.8984642,112988.1031504,58.409,54,2325,9001,313659882,0
matmul_tiny_loop_L10_r4,1789506336.9499984,112988.1547107,58.393,54,2325,9001,313659882,0
matmul_tiny_loop_L10_r4,1789506337.00154,112988.2062371,58.393,54,2325,9001,313675808,0
matmul_tiny_loop_L10_r4,1789506337.0500612,112988.2547988,58.393,54,2325,9001,313675808,0
matmul_tiny_loop_L10_r4,1789506337.1017275,112988.3066285,58.393,54,2325,9001,313691881,0
matmul_tiny_loop_L10_r4,1789506337.1470044,112988.3517893,58.393,54,2325,9001,313691881,0
matmul_tiny_loop_L10_r4,1789506337.1987834,112988.4035007,58.393,54,2325,9001,313706387,0
matmul_tiny_loop_L10_r4,1789506337.2508535,112988.4556299,58.393,54,2325,9001,313706387,0
matmul_tiny_loop_L10_r4,1789506337.3027396,112988.5074285,58.393,54,2325,9001,313722843,0
matmul_tiny_loop_L10_r4,1789506337.344313,112988.5497395,58.393,54,2325,9001,313722843,0
matmul_tiny_loop_L10_r4,1789506337.3957224,112988.6004627,58.393,54,2325,9001,313736556,0
matmul_tiny_loop_L10_r4,1789506337.4517622,112988.6566887,58.965,54,2325,9001,313736556,0
matmul_tiny_loop_L10_r4,1789506337.500154,112988.7049026,58.965,54,2325,9001,313761257,0
matmul_tiny_loop_L10_r4,1789506337.5499399,112988.7547847,58.965,54,2325,9001,313761257,0
matmul_tiny_loop_L10_r4,1789506337.600229,112988.8049486,58.965,54,2325,9001,313777494,0
matmul_tiny_loop_L10_r4,1789506337.653545,112988.8582928,58.965,54,2325,9001,313777494,0
matmul_tiny_loop_L10_r4,1789506337.6959236,112988.9006828,58.965,54,2325,9001,313795393,0
matmul_tiny_loop_L10_r4,1789506337.7515202,112988.9562925,58.965,54,2325,9001,313795393,0
matmul_tiny_loop_L10_r4,1789506337.8027232,112989.0075921,58.965,54,2325,9001,313819752,0
matmul_tiny_loop_L10_r4,1789506337.910256,112989.1160344,58.965,54,2325,9001,313829363,0
matmul_tiny_loop_L10_r4,1789506337.910256,112989.1172237,58.965,54,2325,9001,313829363,0
matmul_tiny_loop_L10_r4,1789506337.9643993,112989.1692074,59.235,54,2325,9001,313843669,0
matmul_tiny_loop_L10_r4,1789506338.0144696,112989.2193639,59.235,54,2325,9001,313843669,0
matmul_tiny_loop_L10_r4,1789506338.0647883,112989.2696104,59.235,54,2325,9001,313860504,0
matmul_tiny_loop_L10_r4,1789506338.1209526,112989.3257427,59.235,54,2325,9001,313860504,0
matmul_tiny_loop_L10_r4,1789506338.172002,112989.3767148,59.235,54,2325,9001,313869818,0
matmul_tiny_loop_L10_r4,1789506338.2133677,112989.4180813,59.235,54,2325,9001,313869818,0
matmul_tiny_loop_L10_r4,1789506338.263278,112989.4679731,59.235,54,2325,9001,313889774,0
matmul_tiny_loop_L10_r4,1789506338.3209813,112989.5256537,59.235,54,2325,9001,313889774,0
matmul_tiny_loop_L10_r4,1789506338.3702524,112989.576105,59.235,54,2325,9001,313899440,0
matmul_tiny_loop_L10_r4,1789506338.4342272,112989.6397735,59.373,54,2325,9001,313899440,0
matmul_tiny_loop_L10_r4,1789506338.4627607,112989.6677659,59.373,54,2325,9001,313920846,0
matmul_tiny_loop_L10_r4,1789506338.5200555,112989.7250221,59.373,54,2325,9001,313920846,0
matmul_tiny_loop_L10_r4,1789506338.5670815,112989.7719316,59.373,54,2325,9001,313930644,0
matmul_tiny_loop_L10_r4,1789506338.6132197,112989.817888,59.373,54,2325,9001,313930644,0
matmul_tiny_loop_L10_r4,1789506338.6625185,112989.8676588,59.373,54,2325,9001,313948412,0
matmul_tiny_loop_L10_r4,1789506338.7130036,112989.9177624,59.373,54,2325,9001,313948412,0
matmul_tiny_loop_L10_r4,1789506338.7635293,112989.9682601,59.373,54,2325,9001,313964343,0
matmul_tiny_loop_L10_r4,1789506338.8151937,112990.0199456,59.373,54,2325,9001,313964343,0
matmul_tiny_loop_L10_r4,1789506338.8668756,112990.0716444,59.373,54,2325,9001,313981777,0
matmul_tiny_loop_L10_r4,1789506338.9188719,112990.1237116,59.373,54,2325,9001,313981777,0
matmul_tiny_loop_L10_r4,1789506338.970393,112990.1753855,59.371,54,2325,9001,313992130,0
matmul_tiny_loop_L10_r4,1789506339.022558,112990.2273964,59.371,54,2325,9001,313992130,0
matmul_tiny_loop_L10_r4,1789506339.0637412,112990.2684565,59.371,54,2325,9001,314006388,0
matmul_tiny_loop_L10_r4,1789506339.1155972,112990.3203446,59.371,54,2325,9001,314006388,0
matmul_tiny_loop_L10_r4,1789506339.1713102,112990.3761518,59.371,54,2325,9001,314023459,0
matmul_tiny_loop_L10_r4,1789506339.2125576,112990.4179522,59.371,54,2325,9001,314023459,0
matmul_tiny_loop_L10_r4,1789506339.2642179,112990.4690274,59.371,54,2325,9001,314043761,0
matmul_tiny_loop_L10_r4,1789506339.31579,112990.520514,59.371,54,2325,9001,314043761,0
matmul_tiny_loop_L10_r4,1789506339.3676362,112990.5723156,59.371,54,2325,9001,314060553,0
matmul_tiny_loop_L10_r4,1789506339.4156117,112990.6204576,59.371,54,2325,9001,314060553,0
matmul_tiny_loop_L10_r4,1789506339.4712307,112990.676095,59.163,54,2325,9001,314079854,0
matmul_tiny_loop_L10_r4,1789506339.524111,112990.728935,59.163,54,2325,9001,314079854,0
matmul_tiny_loop_L10_r4,1789506339.570046,112990.7748322,59.163,54,2325,9001,314094344,0
matmul_tiny_loop_L10_r4,1789506339.6203697,112990.8250988,59.163,54,2325,9001,314094344,0
matmul_tiny_loop_L10_r4,1789506339.6626465,112990.8677433,59.163,54,2325,9001,314107671,0
matmul_tiny_loop_L10_r4,1789506339.720445,112990.9251699,59.163,54,2325,9001,314107671,0
matmul_tiny_loop_L10_r4,1789506339.7722313,112990.9770813,59.163,54,2325,9001,314117622,0
matmul_tiny_loop_L1_r2,1789506341.771797,112992.9805079,58.861,54,2325,9001,314241684,0
matmul_tiny_loop_L1_r2,1789506341.8324554,112993.0371635,58.861,54,2325,9001,314241684,0
matmul_tiny_loop_L1_r2,1789506341.884172,112993.0888482,58.861,54,2325,9001,314267055,0
matmul_tiny_loop_L1_r2,1789506341.925243,112993.1305319,58.861,54,2325,9001,314267055,0
matmul_tiny_loop_L1_r2,1789506341.976408,112993.181271,59.082,54,2325,9001,314283042,0
matmul_tiny_loop_L1_r2,1789506342.0277958,112993.2326199,59.082,54,2325,9001,314283042,0
matmul_tiny_loop_L1_r2,1789506342.0784056,112993.2830881,59.082,54,2325,9001,314298767,0
matmul_tiny_loop_L1_r2,1789506342.1297333,112993.3344822,59.082,54,2325,9001,314298767,0
matmul_tiny_loop_L1_r2,1789506342.1807368,112993.3855001,59.082,54,2325,9001,314317089,0
matmul_tiny_loop_L1_r2,1789506342.234862,112993.4396102,59.082,54,2325,9001,314317089,0
matmul_tiny_loop_L1_r2,1789506342.2765586,112993.481414,59.082,54,2325,9001,314336943,0
matmul_tiny_loop_L1_r2,1789506342.3407657,112993.5458987,59.082,54,2325,9001,314336943,0
matmul_tiny_loop_L1_r2,1789506342.3818283,112993.5866304,59.082,54,2325,9001,314349314,0
matmul_tiny_loop_L1_r2,1789506342.4253986,112993.6306538,59.082,54,2325,9001,314349314,0
matmul_tiny_loop_L1_r2,1789506342.4834929,112993.6882043,58.854,54,2325,9001,314364902,0
matmul_tiny_loop_L1_r2,1789506342.5315938,112993.7363129,58.854,54,2325,9001,314364902,0
matmul_tiny_loop_L1_r2,1789506342.590918,112993.7956158,58.854,54,2325,9001,314383771,0
matmul_tiny_loop_L1_r2,1789506342.6310802,112993.8357688,58.854,54,2325,9001,314383771,0
matmul_tiny_loop_L1_r2,1789506342.6910868,112993.8961937,58.854,54,2325,9001,314406968,0
matmul_tiny_loop_L1_r2,1789506342.7304564,112993.9351889,58.854,54,2325,9001,314406968,0
matmul_tiny_loop_L0.5_r4,1789506344.7412422,112995.9561444,59.718,54,2325,9001,314549930,0
matmul_tiny_loop_L0.5_r4,1789506344.8030937,112996.0077891,59.718,54,2325,9001,314564936,0
matmul_tiny_loop_L0.5_r4,1789506344.854067,112996.058857,59.718,54,2325,9001,314564936,0
matmul_tiny_loop_L0.5_r4,1789506344.9056451,112996.1103796,59.718,54,2325,9001,314586331,0
matmul_tiny_loop_L0.5_r4,1789506344.9564288,112996.1611171,59.529,54,2325,9001,314598207,0
matmul_tiny_loop_L0.5_r4,1789506345.010237,112996.2149741,59.529,54,2325,9001,314598207,0
matmul_tiny_loop_L0.5_r4,1789506345.0614605,112996.2661802,59.529,54,2325,9001,314613239,0
matmul_tiny_loop_L0.5_r4,1789506345.1026306,112996.307342,59.529,54,2325,9001,314613239,0
matmul_tiny_loop_L0.5_r4,1789506345.1542253,112996.3588894,59.529,54,2325,9001,314613239,0
matmul_tiny_loop_L2_r3,1789506347.1875825,112998.3945591,58.819,54,2325,9001,314752795,0
matmul_tiny_loop_L2_r3,1789506347.2493815,112998.4541129,58.819,54,2325,9001,314752795,0
matmul_tiny_loop_L2_r3,1789506347.290769,112998.4955043,58.819,54,2325,9001,314775886,0
matmul_tiny_loop_L2_r3,1789506347.3417861,112998.5465675,58.819,54,2325,9001,314775886,0
matmul_tiny_loop_L2_r3,1789506347.393188,112998.5980894,58.819,54,2325,9001,314794992,0
matmul_tiny_loop_L2_r3,1789506347.4474957,112998.6522867,58.587,54,2325,9001,314794992,0
matmul_tiny_loop_L2_r3,1789506347.5003548,112998.7050291,58.587,54,2325,9001,314819435,0
matmul_tiny_loop_L2_r3,1789506347.5433736,112998.7481995,58.587,54,2325,9001,314819435,0
matmul_tiny_loop_L2_r3,1789506347.5958133,112998.8004906,58.587,54,2325,9001,314834558,0
matmul_tiny_loop_L2_r3,1789506347.646395,112998.851088,58.587,54,2325,9001,314834558,0
matmul_tiny_loop_L2_r3,1789506347.699919,112998.9046712,58.587,54,2325,9001,314850360,0
matmul_tiny_loop_L2_r3,1789506347.7419953,112998.9466861,58.587,54,2325,9001,314850360,0
matmul_tiny_loop_L2_r3,1789506347.7935483,112998.9982831,58.587,54,2325,9001,314864557,0
matmul_tiny_loop_L2_r3,1789506347.845251,112999.0499829,58.587,54,2325,9001,314864557,0
matmul_tiny_loop_L2_r3,1789506347.895817,112999.1005084,58.587,54,2325,9001,314879866,0
matmul_tiny_loop_L2_r3,1789506347.9468176,112999.1515969,58.532,54,2325,9001,314879866,0
matmul_tiny_loop_L2_r3,1789506347.9985304,112999.2033221,58.532,54,2325,9001,314896019,0
matmul_tiny_loop_L2_r3,1789506348.0399163,112999.2449087,58.532,54,2325,9001,314896019,0
matmul_tiny_loop_L2_r3,1789506348.0974934,112999.3021863,58.532,54,2325,9001,314908740,0
matmul_tiny_loop_L2_r3,1789506348.1490202,112999.3537103,58.532,54,2325,9001,314908740,0
matmul_tiny_loop_L2_r3,1789506348.194231,112999.3990482,58.532,54,2325,9001,314925864,0
matmul_tiny_loop_L2_r3,1789506348.245124,112999.4498099,58.532,54,2325,9001,314925864,0
matmul_tiny_loop_L2_r3,1789506348.2965903,112999.5012515,58.532,54,2325,9001,314941224,0
matmul_tiny_loop_L2_r3,1789506348.3477294,112999.5525282,58.532,54,2325,9001,314941224,0
matmul_tiny_loop_L2_r3,1789506348.3987021,112999.6037776,58.532,54,2325,9001,314957971,0
matmul_tiny_loop_L2_r3,1789506348.4488764,112999.6536876,58.96,54,2325,9001,314957971,0
matmul_tiny_loop_L2_r3,1789506348.4959936,112999.7006665,58.96,54,2325,9001,314975420,0
matmul_tiny_loop_L2_r3,1789506348.5411742,112999.7458635,58.96,54,2325,9001,314975420,0
matmul_tiny_loop_L2_r3,1789506348.5949767,112999.7996987,58.96,54,2325,9001,314988435,0
matmul_tiny_loop_L2_r3,1789506348.6427402,112999.847436,58.96,54,2325,9001,314988435,0
matmul_tiny_loop_L2_r3,1789506348.691538,112999.8962011,58.96,54,2325,9001,315002460,0
matmul_tiny_loop_L2_r3,1789506348.7415862,112999.9462824,58.96,54,2325,9001,315002460,0
matmul_tiny_loop_L2_r3,1789506348.7928019,112999.9975859,58.96,54,2325,9001,315022713,0
matmul_tiny_loop_L2_r3,1789506348.8445404,113000.049375,58.96,54,2325,9001,315022713,0
matmul_tiny_loop_L2_r3,1789506348.8956852,113000.1003922,58.96,54,2325,9001,315045877,0
matmul_tiny_loop_L2_r3,1789506348.94704,113000.1517277,58.89,54,2325,9001,315045877,0
matmul_tiny_loop_L2_r3,1789506348.99761,113000.2023285,58.89,54,2325,9001,315062216,0
matmul_tiny_loop_L0.5_r1,1789506351.041859,113002.2553576,58.907,54,2325,9001,315190651,0
matmul_tiny_loop_L0.5_r1,1789506351.1035686,113002.3083709,58.907,54,2325,9001,315206293,0
matmul_tiny_loop_L0.5_r1,1789506351.1570435,113002.361825,58.907,54,2325,9001,315218323,0
matmul_tiny_loop_L0.5_r1,1789506351.2086623,113002.4134189,58.907,54,2325,9001,315218323,0
matmul_tiny_loop_L0.5_r1,1789506351.2595985,113002.4643009,58.907,54,2325,9001,315233483,0
matmul_tiny_loop_L0.5_r1,1789506351.3095467,113002.5142751,58.907,54,2325,9001,315233483,0
matmul_tiny_loop_L0.5_r1,1789506351.3541057,113002.5588177,58.907,54,2325,9001,315249446,0
matmul_tiny_loop_L0.5_r1,1789506351.4051578,113002.6098146,58.907,54,2325,9001,315249446,0
matmul_tiny_loop_L0.5_r1,1789506351.453976,113002.6586803,58.333,54,2325,9001,315262842,0
matmul_tiny_loop_L0.5_r1,1789506351.5009103,113002.7061748,58.333,54,2325,9001,315262842,0
matmul_tiny_loop_L0.5_r1,1789506351.5513084,113002.7563128,58.333,54,2325,9001,315262842,0
matmul_tiny_loop_L2_r4,1789506353.600969,113004.8137714,57.972,54,2325,9001,315407731,0
matmul_tiny_loop_L2_r4,1789506353.661747,113004.8665208,57.972,54,2325,9001,315422719,0
matmul_tiny_loop_L2_r4,1789506353.716591,113004.9213042,57.972,54,2325,9001,315422719,0
matmul_tiny_loop_L2_r4,1789506353.7669883,113004.9716945,57.972,54,2325,9001,315432927,0
matmul_tiny_loop_L2_r4,1789506353.8186429,113005.0233581,57.972,54,2325,9001,315432927,0
matmul_tiny_loop_L2_r4,1789506353.86005,113005.0647269,57.972,54,2325,9001,315447730,0
matmul_tiny_loop_L2_r4,1789506353.911483,113005.1162806,57.972,54,2325,9001,315447730,0
matmul_tiny_loop_L2_r4,1789506353.9624605,113005.1672636,57.876,54,2325,9001,315456777,0
matmul_tiny_loop_L2_r4,1789506354.0099723,113005.2146705,57.876,54,2325,9001,315456777,0
matmul_tiny_loop_L2_r4,1789506354.0609064,113005.2656677,57.876,54,2325,9001,315475157,0
matmul_tiny_loop_L2_r4,1789506354.1115549,113005.3162553,57.876,54,2325,9001,315475157,0
matmul_tiny_loop_L2_r4,1789506354.1635437,113005.3682625,57.876,54,2325,9001,315485076,0
matmul_tiny_loop_L2_r4,1789506354.2167816,113005.4214515,57.876,54,2325,9001,315485076,0
matmul_tiny_loop_L2_r4,1789506354.267728,113005.4724511,57.876,54,2325,9001,315497437,0
matmul_tiny_loop_L2_r4,1789506354.3089905,113005.5141343,57.876,54,2325,9001,315497437,0
matmul_tiny_loop_L2_r4,1789506354.3593626,113005.564286,57.876,54,2325,9001,315517623,0
matmul_tiny_loop_L2_r4,1789506354.4114215,113005.6161651,57.876,54,2325,9001,315517623,0
matmul_tiny_loop_L2_r4,1789506354.4614491,113005.6662881,57.943,54,2310,9001,315527455,1
matmul_tiny_loop_L2_r4,1789506354.509793,113005.7145785,57.943,54,2310,9001,315527455,1
matmul_tiny_loop_L2_r4,1789506354.5613275,113005.7660842,57.943,54,2310,9001,315544634,1
matmul_tiny_loop_L2_r4,1789506354.6104686,113005.8151503,57.943,54,2310,9001,315544634,1
matmul_tiny_loop_L2_r4,1789506354.661837,113005.8667983,57.943,54,2310,9001,315562442,1
matmul_tiny_loop_L2_r4,1789506354.709946,113005.9146054,57.943,54,2310,9001,315562442,1
matmul_tiny_loop_L2_r4,1789506354.7631233,113005.9687926,57.943,54,2310,9001,315579898,1
matmul_tiny_loop_L2_r4,1789506354.8141813,113006.0193336,57.943,54,2310,9001,315579898,1
matmul_tiny_loop_L2_r4,1789506354.8902087,113006.0961086,57.943,54,2310,9001,315592416,1
matmul_tiny_loop_L2_r4,1789506354.9143527,113006.119285,57.943,54,2310,9001,315592416,1
matmul_tiny_loop_L2_r4,1789506354.9649372,113006.1696048,58.387,54,2325,9001,315604151,0
matmul_tiny_loop_L2_r4,1789506355.0158887,113006.2205986,58.387,54,2325,9001,315604151,0
matmul_tiny_loop_L2_r4,1789506355.0597563,113006.2644314,58.387,54,2325,9001,315617209,0
matmul_tiny_loop_L2_r4,1789506355.1116881,113006.3163776,58.387,54,2325,9001,315617209,0
matmul_tiny_loop_L2_r4,1789506355.1625817,113006.3672574,58.387,54,2325,9001,315626551,0
matmul_tiny_loop_L2_r4,1789506355.2137787,113006.4185225,58.387,54,2325,9001,315626551,0
matmul_tiny_loop_L2_r4,1789506355.2659574,113006.4706861,58.387,54,2325,9001,315638309,0
matmul_tiny_loop_L2_r4,1789506355.3179274,113006.5227301,58.387,54,2325,9001,315638309,0
matmul_tiny_loop_L2_r4,1789506355.3592153,113006.5646608,58.387,54,2325,9001,315651977,0
matmul_tiny_loop_L2_r4,1789506355.4106948,113006.6154566,58.387,54,2325,9001,315651977,0
matmul_tiny_loop_L2_r4,1789506355.4590237,113006.6641867,59.229,54,2325,9001,315670056,0
matmul_tiny_loop_L20_r2,1789506357.4956462,113008.7019335,58.692,54,2325,9001,315798099,0
matmul_tiny_loop_L20_r2,1789506357.5508363,113008.7557162,58.692,54,2325,9001,315798099,0
matmul_tiny_loop_L20_r2,1789506357.610786,113008.8154861,58.692,54,2325,9001,315811321,0
matmul_tiny_loop_L20_r2,1789506357.6519623,113008.8566558,58.692,54,2325,9001,315820017,0
matmul_tiny_loop_L20_r2,1789506357.7078228,113008.9132592,58.692,54,2325,9001,315820017,0
matmul_tiny_loop_L20_r2,1789506357.750056,113008.9547329,58.692,54,2325,9001,315820017,0
matmul_tiny_loop_L20_r2,1789506357.800334,113009.0051029,58.692,54,2325,9001,315846828,0
matmul_tiny_loop_L20_r2,1789506357.85125,113009.0560003,58.692,54,2325,9001,315846828,0
matmul_tiny_loop_L20_r2,1789506357.902377,113009.1071172,58.692,54,2325,9001,315861555,0
matmul_tiny_loop_L20_r2,1789506357.9538984,113009.1586388,58.85,54,2325,9001,315873582,0
matmul_tiny_loop_L20_r2,1789506358.0058594,113009.2105552,58.85,54,2325,9001,315873582,0
matmul_tiny_loop_L20_r2,1789506358.056856,113009.2616217,58.85,54,2325,9001,315888201,0
matmul_tiny_loop_L20_r2,1789506358.101839,113009.3065551,58.85,54,2325,9001,315888201,0
matmul_tiny_loop_L20_r2,1789506358.148563,113009.3550624,58.85,54,2325,9001,315888201,0
matmul_tiny_loop_L20_r2,1789506358.2489896,113009.4547799,58.85,54,2325,9001,315905352,0
matmul_tiny_loop_L20_r2,1789506358.2506652,113009.4556418,58.85,54,2325,9001,315905352,0
matmul_tiny_loop_L20_r2,1789506358.3689804,113009.5747858,58.85,54,2325,9001,315931356,0
matmul_tiny_loop_L20_r2,1789506358.3689804,113009.5809494,58.85,54,2325,9001,315931356,0
matmul_tiny_loop_L20_r2,1789506358.4454303,113009.6507325,58.979,54,2325,9001,315931356,0
matmul_tiny_loop_L20_r2,1789506358.5028744,113009.708815,58.979,54,2325,9001,315949576,0
matmul_tiny_loop_L20_r2,1789506358.5333188,113009.7379957,58.979,54,2325,9001,315949576,0
matmul_tiny_loop_L20_r2,1789506358.579178,113009.7840802,58.979,54,2325,9001,315965871,0
matmul_tiny_loop_L20_r2,1789506358.6302488,113009.8349027,58.979,54,2325,9001,315965871,0
matmul_tiny_loop_L20_r2,1789506358.680752,113009.8854671,58.979,54,2325,9001,315979661,0
matmul_tiny_loop_L20_r2,1789506358.7308283,113009.935548,58.979,54,2325,9001,315979661,0
matmul_tiny_loop_L20_r2,1789506358.7782652,113009.9838606,58.979,54,2325,9001,315993684,0
matmul_tiny_loop_L20_r2,1789506358.8355489,113010.0403086,58.979,54,2325,9001,315993684,0
matmul_tiny_loop_L20_r2,1789506358.8766994,113010.0816508,58.979,54,2325,9001,316007950,0
matmul_tiny_loop_L20_r2,1789506358.9270895,113010.131775,58.979,54,2325,9001,316007950,0
matmul_tiny_loop_L20_r2,1789506358.9774697,113010.1821438,59.076,54,2325,9001,316026217,0
matmul_tiny_loop_L20_r2,1789506359.0285263,113010.2332142,59.076,54,2325,9001,316026217,0
matmul_tiny_loop_L20_r2,1789506359.0791955,113010.2838699,59.076,54,2325,9001,316046198,0
matmul_tiny_loop_L20_r2,1789506359.1262057,113010.3315246,59.076,54,2325,9001,316046198,0
matmul_tiny_loop_L20_r2,1789506359.1767929,113010.3814926,59.076,54,2325,9001,316065699,0
matmul_tiny_loop_L20_r2,1789506359.2273977,113010.4321378,59.076,54,2325,9001,316065699,0
matmul_tiny_loop_L20_r2,1789506359.2780263,113010.4827939,59.076,54,2325,9001,316084928,0
matmul_tiny_loop_L20_r2,1789506359.3316102,113010.5362945,59.076,54,2325,9001,316084928,0
matmul_tiny_loop_L20_r2,1789506359.3918023,113010.596654,59.076,54,2325,9001,316097624,0
matmul_tiny_loop_L20_r2,1789506359.4319913,113010.6366881,59.076,54,2325,9001,316097624,0
matmul_tiny_loop_L20_r2,1789506359.4845266,113010.6893886,58.854,54,2325,9001,316109252,0
matmul_tiny_loop_L20_r2,1789506359.5297396,113010.7344344,58.854,54,2325,9001,316109252,0
matmul_tiny_loop_L20_r2,1789506359.57701,113010.7816849,58.854,54,2325,9001,316133183,0
matmul_tiny_loop_L20_r2,1789506359.6308944,113010.8356322,58.854,54,2325,9001,316133183,0
matmul_tiny_loop_L20_r2,1789506359.7530334,113010.9583085,58.854,54,2325,9001,316151625,0
matmul_tiny_loop_L20_r2,1789506359.7538059,113010.9626742,58.854,54,2325,9001,316151625,0
matmul_tiny_loop_L20_r2,1789506359.827125,113011.0333617,58.854,54,2325,9001,316151625,0
matmul_tiny_loop_L20_r2,1789506359.866385,113011.0711957,58.854,54,2325,9001,316168989,0
matmul_tiny_loop_L20_r2,1789506359.9178147,113011.1225011,58.854,54,2325,9001,316168989,0
matmul_tiny_loop_L20_r2,1789506359.95942,113011.1643237,58.657,54,2325,9001,316184180,0
matmul_tiny_loop_L20_r2,1789506360.010497,113011.215226,58.657,54,2325,9001,316184180,0
matmul_tiny_loop_L20_r2,1789506360.0619204,113011.2666118,58.657,54,2325,9001,316195181,0
matmul_tiny_loop_L20_r2,1789506360.117792,113011.3226011,58.657,54,2325,9001,316195181,0
matmul_tiny_loop_L20_r2,1789506360.1586058,113011.3633834,58.657,54,2325,9001,316208001,0
matmul_tiny_loop_L20_r2,1789506360.2103837,113011.4150757,58.657,54,2325,9001,316208001,0
matmul_tiny_loop_L20_r2,1789506360.2614262,113011.4661244,58.657,54,2325,9001,316218600,0
matmul_tiny_loop_L20_r2,1789506360.3134015,113011.5181301,58.657,54,2325,9001,316218600,0
matmul_tiny_loop_L20_r2,1789506360.365234,113011.5699781,58.657,54,2325,9001,316229608,0
matmul_tiny_loop_L20_r2,1789506360.4163356,113011.6210398,58.657,54,2325,9001,316229608,0
matmul_tiny_loop_L20_r2,1789506360.4582193,113011.6631018,58.76,54,2325,9001,316244853,0
matmul_tiny_loop_L20_r2,1789506360.5207884,113011.7255442,58.76,54,2325,9001,316244853,0
matmul_tiny_loop_L20_r2,1789506360.5665545,113011.7712168,58.76,54,2325,9001,316257593,0
matmul_tiny_loop_L20_r2,1789506360.6155884,113011.8203278,58.76,54,2325,9001,316257593,0
matmul_tiny_loop_L20_r2,1789506360.6619272,113011.8666251,58.76,54,2325,9001,316273141,0
matmul_tiny_loop_L20_r2,1789506360.710233,113011.9149246,58.76,54,2325,9001,316273141,0
matmul_tiny_loop_L20_r2,1789506360.7619736,113011.9666871,58.76,54,2325,9001,316284345,0
matmul_tiny_loop_L20_r2,1789506360.8135872,113012.0182991,58.76,54,2325,9001,316284345,0
matmul_tiny_loop_L20_r2,1789506360.8648107,113012.0695115,58.76,54,2325,9001,316296716,0
matmul_tiny_loop_L20_r2,1789506360.9094555,113012.1141834,58.76,54,2325,9001,316296716,0
matmul_tiny_loop_L20_r2,1789506360.960678,113012.165373,58.933,54,2325,9001,316309781,0
matmul_tiny_loop_L20_r2,1789506361.011849,113012.2168739,58.933,54,2325,9001,316309781,0
matmul_tiny_loop_L20_r2,1789506361.0626643,113012.2673756,58.933,54,2325,9001,316321635,0
matmul_tiny_loop_L20_r2,1789506361.1146083,113012.3193503,58.933,54,2325,9001,316321635,0
matmul_tiny_loop_L20_r2,1789506361.160373,113012.3651148,58.933,54,2325,9001,316333603,0
matmul_tiny_loop_L20_r2,1789506361.2117615,113012.4165029,58.933,54,2325,9001,316333603,0
matmul_tiny_loop_L20_r2,1789506361.263477,113012.468176,58.933,54,2325,9001,316345217,0
matmul_tiny_loop_L20_r2,1789506361.315479,113012.5202032,58.933,54,2325,9001,316345217,0
matmul_tiny_loop_L20_r2,1789506361.367524,113012.5721911,58.933,54,2325,9001,316358294,0
matmul_tiny_loop_L20_r2,1789506361.4082015,113012.6129232,58.933,54,2325,9001,316358294,0
matmul_tiny_loop_L20_r2,1789506361.458753,113012.6636765,58.896,54,2325,9001,316380778,0
matmul_tiny_loop_L20_r2,1789506361.5135465,113012.7181951,58.896,54,2325,9001,316380778,0
matmul_tiny_loop_L20_r2,1789506361.5609539,113012.7656363,58.896,54,2325,9001,316390844,0
matmul_tiny_loop_L20_r2,1789506361.610286,113012.8149625,58.896,54,2325,9001,316390844,0
matmul_tiny_loop_L20_r2,1789506361.6626883,113012.8674257,58.896,54,2325,9001,316402945,0
matmul_tiny_loop_L20_r2,1789506361.710194,113012.9148789,58.896,54,2325,9001,316402945,0
matmul_tiny_loop_L20_r2,1789506361.7612016,113012.9658809,58.896,54,2325,9001,316414892,0
matmul_tiny_loop_L20_r2,1789506361.8119907,113013.0166954,58.896,54,2325,9001,316414892,0
matmul_tiny_loop_L20_r2,1789506361.8635402,113013.0683018,58.896,54,2325,9001,316427161,0
matmul_tiny_loop_L20_r2,1789506361.914811,113013.1194835,58.896,54,2325,9001,316427161,0
matmul_tiny_loop_L20_r2,1789506361.9670284,113013.1717493,58.838,54,2325,9001,316439909,0
matmul_tiny_loop_L20_r2,1789506362.0087187,113013.213489,58.838,54,2325,9001,316439909,0
matmul_tiny_loop_L20_r2,1789506362.0602207,113013.2649018,58.838,54,2325,9001,316462962,0
matmul_tiny_loop_L20_r2,1789506362.110964,113013.3156567,58.838,54,2325,9001,316462962,0
matmul_tiny_loop_L20_r2,1789506362.1664536,113013.3713805,58.838,54,2325,9001,316473738,0
matmul_tiny_loop_L20_r2,1789506362.2121446,113013.4174614,58.838,54,2325,9001,316473738,0
matmul_tiny_loop_L20_r2,1789506362.2707925,113013.4756605,58.838,54,2325,9001,316488797,0
matmul_tiny_loop_L20_r2,1789506362.3174016,113013.522072,58.838,54,2325,9001,316488797,0
matmul_tiny_loop_L20_r2,1789506362.3673296,113013.5719921,58.838,54,2325,9001,316502166,0
matmul_tiny_loop_L20_r2,1789506362.4075062,113013.6127746,58.838,54,2325,9001,316502166,0
matmul_tiny_loop_L20_r2,1789506362.464542,113013.6692055,58.953,54,2325,9001,316524741,0
matmul_tiny_loop_L20_r2,1789506362.509949,113013.714647,58.953,54,2325,9001,316524741,0
matmul_tiny_loop_L20_r2,1789506362.560716,113013.7672753,58.953,54,2325,9001,316537642,0
matmul_tiny_loop_L20_r2,1789506362.9074163,113014.1123803,58.953,54,2325,9001,316558911,0
matmul_tiny_loop_L20_r2,1789506362.9084167,113014.1132326,58.953,54,2325,9001,316558911,0
matmul_tiny_loop_L20_r2,1789506363.0107565,113014.2168373,58.765,54,2325,9001,316575348,0
matmul_tiny_loop_L20_r2,1789506363.0148373,113014.2196363,58.765,54,2325,9001,316575348,0
matmul_tiny_loop_L20_r2,1789506363.0981078,113014.3038655,58.765,54,2325,9001,316584752,0
matmul_tiny_loop_L20_r2,1789506363.1204357,113014.3257263,58.765,54,2325,9001,316584752,0
matmul_tiny_loop_L20_r2,1789506363.1749086,113014.3796054,58.765,54,2325,9001,316603074,0
matmul_tiny_loop_L20_r2,1789506363.2209923,113014.4257816,58.765,54,2325,9001,316603074,0
matmul_tiny_loop_L20_r2,1789506363.2677186,113014.472431,58.765,54,2325,9001,316619462,0
matmul_tiny_loop_L20_r2,1789506363.3583274,113014.5632383,58.765,54,2325,9001,316631373,0
matmul_tiny_loop_L20_r2,1789506363.3683574,113014.5730702,58.765,54,2325,9001,316631373,0
matmul_tiny_loop_L20_r2,1789506363.4240909,113014.6288045,58.765,54,2325,9001,316631373,0
matmul_tiny_loop_L20_r2,1789506363.4705966,113014.6754451,58.361,54,2325,9001,316653031,0
matmul_tiny_loop_L20_r2,1789506363.516303,113014.7209556,58.361,54,2325,9001,316653031,0
matmul_tiny_loop_L20_r2,1789506363.5704472,113014.7752429,58.361,54,2325,9001,316665991,0
matmul_tiny_loop_L20_r2,1789506363.6202707,113014.8249702,58.361,54,2325,9001,316665991,0
matmul_tiny_loop_L20_r2,1789506363.6790254,113014.8838198,58.361,54,2325,9001,316681147,0
matmul_tiny_loop_L20_r2,1789506363.7199447,113014.9246836,58.361,54,2325,9001,316681147,0
matmul_tiny_loop_L20_r2,1789506363.7757015,113014.98126,58.361,54,2325,9001,316698661,0
matmul_tiny_loop_L20_r2,1789506363.8319318,113015.0381908,58.361,54,2325,9001,316698661,0
matmul_tiny_loop_L20_r2,1789506363.8702526,113015.0754037,58.361,54,2325,9001,316711787,0
matmul_tiny_loop_L20_r2,1789506363.9246142,113015.130947,58.361,54,2325,9001,316711787,0
matmul_tiny_loop_L20_r2,1789506364.039019,113015.244574,58.37,54,2325,9001,316731716,0
matmul_tiny_loop_L20_r2,1789506364.0405388,113015.2454736,58.37,54,2325,9001,316731716,0
matmul_tiny_loop_L20_r2,1789506364.09523,113015.3000319,58.37,54,2325,9001,316744100,0
matmul_tiny_loop_L20_r2,1789506364.1657164,113015.3714717,58.37,54,2325,9001,316753908,0
matmul_tiny_loop_L20_r2,1789506364.1957889,113015.400801,58.37,54,2325,9001,316753908,0
matmul_tiny_loop_L20_r2,1789506364.246433,113015.451265,58.37,54,2325,9001,316753908,0
matmul_tiny_loop_L20_r2,1789506364.2972047,113015.5018647,58.37,54,2325,9001,316780624,0
matmul_tiny_loop_L20_r2,1789506364.3477259,113015.5525062,58.37,54,2325,9001,316780624,0
matmul_tiny_loop_L20_r2,1789506364.3908193,113015.5963009,58.37,54,2325,9001,316801606,0
matmul_tiny_loop_L20_r2,1789506364.4401572,113015.6458271,58.37,54,2325,9001,316801606,0
matmul_tiny_loop_L20_r2,1789506364.5102038,113015.7150336,58.46,54,2325,9001,316817188,0
matmul_tiny_loop_L20_r2,1789506364.541086,113015.7461896,58.46,54,2325,9001,316817188,0
matmul_tiny_loop_L20_r2,1789506364.6098652,113015.8146126,58.46,54,2325,9001,316833093,0
matmul_tiny_loop_L20_r2,1789506364.640441,113015.8460783,58.46,54,2325,9001,316833093,0
matmul_tiny_loop_L20_r2,1789506364.7097409,113015.9145176,58.46,54,2325,9001,316848926,0
matmul_tiny_loop_L20_r2,1789506364.7499352,113015.9545974,58.46,54,2325,9001,316857821,0
matmul_tiny_loop_L20_r2,1789506364.791313,113015.9960683,58.46,54,2325,9001,316857821,0
matmul_tiny_loop_L20_r2,1789506364.8424118,113016.0471496,58.46,54,2325,9001,316857821,0
matmul_tiny_loop_L20_r2,1789506364.8970432,113016.1021845,58.46,54,2325,9001,316875772,0
matmul_tiny_loop_L20_r2,1789506364.943643,113016.1484652,58.46,54,2325,9001,316875772,0
matmul_tiny_loop_L20_r2,1789506364.9964695,113016.201221,58.54,54,2325,9001,316894847,0
matmul_tiny_loop_L20_r2,1789506365.0465322,113016.2513692,58.54,54,2325,9001,316894847,0
matmul_tiny_loop_L20_r2,1789506365.0952563,113016.3010509,58.54,54,2325,9001,316915165,0
matmul_tiny_loop_L20_r2,1789506365.2414715,113016.4463942,58.54,54,2325,9001,316925305,0
matmul_tiny_loop_L20_r2,1789506365.2414715,113016.4471173,58.54,54,2325,9001,316925305,0
matmul_tiny_loop_L20_r2,1789506365.361871,113016.5673218,58.54,54,2325,9001,316944734,0
matmul_tiny_loop_L20_r2,1789506365.361871,113016.5681037,58.54,54,2325,9001,316944734,0
matmul_tiny_loop_L20_r2,1789506365.4203281,113016.6250483,58.54,54,2325,9001,316944734,0
matmul_tiny_loop_L20_r2,1789506365.478985,113016.6836737,58.679,54,2325,9001,316962097,0
matmul_tiny_loop_L20_r2,1789506365.52009,113016.7247829,58.679,54,2325,9001,316962097,0
matmul_tiny_loop_L20_r2,1789506365.5743842,113016.7792172,58.679,54,2325,9001,316979941,0
matmul_tiny_loop_L20_r2,1789506365.6205714,113016.8252677,58.679,54,2325,9001,316979941,0
matmul_tiny_loop_L20_r2,1789506365.6757898,113016.8805552,58.679,54,2325,9001,316996497,0
matmul_tiny_loop_L20_r2,1789506365.7164638,113016.9211836,58.679,54,2325,9001,316996497,0
matmul_tiny_loop_L20_r2,1789506365.7673893,113016.9720763,58.679,54,2325,9001,317011492,0
matmul_tiny_loop_L20_r2,1789506365.8190804,113017.0237831,58.679,54,2325,9001,317011492,0
matmul_tiny_loop_L20_r2,1789506365.8705602,113017.0752576,58.679,54,2325,9001,317030734,0
matmul_tiny_loop_L20_r2,1789506365.9210036,113017.1256741,58.679,54,2325,9001,317030734,0
matmul_tiny_loop_L20_r2,1789506365.9720666,113017.1767842,58.763,54,2325,9001,317048252,0
matmul_tiny_loop_L20_r2,1789506366.0159473,113017.2206884,58.763,54,2325,9001,317048252,0
matmul_tiny_loop_L20_r2,1789506366.0667908,113017.2714753,58.763,54,2325,9001,317061402,0
matmul_tiny_loop_L20_r2,1789506366.118007,113017.3227744,58.763,54,2325,9001,317061402,0
matmul_tiny_loop_L20_r2,1789506366.1693113,113017.3739827,58.763,54,2325,9001,317078736,0
matmul_tiny_loop_L20_r2,1789506366.2147908,113017.4195427,58.763,54,2325,9001,317078736,0
matmul_tiny_loop_L20_r2,1789506366.274479,113017.4795349,58.763,54,2325,9001,317091352,0
matmul_tiny_loop_L20_r2,1789506366.314913,113017.5214754,58.763,54,2325,9001,317091352,0
matmul_tiny_loop_L20_r2,1789506366.3815613,113017.58639,58.763,54,2325,9001,317105457,0
matmul_tiny_loop_L20_r2,1789506366.416071,113017.6209743,58.763,54,2325,9001,317105457,0
matmul_tiny_loop_L20_r2,1789506366.4877198,113017.6932469,58.673,54,2325,9001,317123602,0
matmul_tiny_loop_L20_r2,1789506366.5237517,113017.7298448,58.673,54,2325,9001,317123602,0
matmul_tiny_loop_L20_r2,1789506366.5737698,113017.7796553,58.673,54,2325,9001,317141798,0
matmul_tiny_loop_L20_r2,1789506366.6198761,113017.8246137,58.673,54,2325,9001,317141798,0
matmul_tiny_loop_L20_r2,1789506366.667013,113017.8717193,58.673,54,2325,9001,317158412,0
matmul_tiny_loop_L20_r2,1789506366.7187839,113017.9234939,58.673,54,2325,9001,317158412,0
matmul_tiny_loop_L20_r2,1789506366.7700114,113017.9747287,58.673,54,2325,9001,317176566,0
matmul_tiny_loop_L20_r2,1789506366.8204339,113018.0250914,58.673,54,2325,9001,317176566,0
matmul_tiny_loop_L20_r2,1789506366.8725307,113018.077256,58.673,54,2325,9001,317192237,0
matmul_tiny_loop_L20_r2,1789506366.914316,113018.1190305,58.673,54,2325,9001,317192237,0
matmul_tiny_loop_L20_r2,1789506366.9646761,113018.1693735,58.35,54,2325,9001,317206465,0
matmul_tiny_loop_L20_r2,1789506367.0165274,113018.2211936,58.35,54,2325,9001,317206465,0
matmul_tiny_loop_L20_r2,1789506367.068387,113018.2730814,58.35,54,2325,9001,317223311,0
matmul_tiny_loop_L20_r2,1789506367.1201627,113018.3248515,58.35,54,2325,9001,317223311,0
matmul_tiny_loop_L20_r2,1789506367.1715963,113018.3762956,58.35,54,2325,9001,317240342,0
matmul_tiny_loop_L20_r2,1789506367.2125897,113018.4183061,58.35,54,2325,9001,317240342,0
matmul_tiny_loop_L20_r2,1789506367.2638597,113018.468693,58.35,54,2325,9001,317252746,0
matmul_tiny_loop_L20_r2,1789506367.315351,113018.5200962,58.35,54,2325,9001,317252746,0
matmul_tiny_loop_L20_r2,1789506367.3663788,113018.5710591,58.35,54,2325,9001,317267421,0
matmul_tiny_loop_L20_r2,1789506367.4172769,113018.6219424,58.35,54,2325,9001,317267421,0
matmul_tiny_loop_L20_r2,1789506367.4665024,113018.6711526,58.397,54,2325,9001,317285749,0
matmul_tiny_loop_L20_r2,1789506367.5215423,113018.7262294,58.397,54,2325,9001,317285749,0
matmul_tiny_loop_L20_r2,1789506367.5705652,113018.7753052,58.397,54,2325,9001,317305359,0
matmul_tiny_loop_L20_r2,1789506367.6203887,113018.8251624,58.397,54,2325,9001,317305359,0
matmul_tiny_loop_L20_r2,1789506367.6714032,113018.8763249,58.397,54,2325,9001,317321192,0
matmul_tiny_loop_L20_r2,1789506367.7237473,113018.9284281,58.397,54,2325,9001,317321192,0
matmul_tiny_loop_L20_r2,1789506367.7769692,113018.9816577,58.397,54,2325,9001,317338830,0
matmul_tiny_loop_L20_r2,1789506367.818429,113019.0231737,58.397,54,2325,9001,317338830,0
matmul_tiny_loop_L20_r2,1789506367.8697834,113019.0744624,58.397,54,2325,9001,317355984,0
matmul_tiny_loop_L20_r2,1789506367.9212983,113019.1260084,58.397,54,2325,9001,317355984,0
matmul_tiny_loop_L20_r2,1789506367.972488,113019.1771933,58.619,54,2325,9001,317374012,0
matmul_tiny_loop_L20_r2,1789506368.0132525,113019.2184249,58.619,54,2325,9001,317374012,0
matmul_tiny_loop_L20_r2,1789506368.0693145,113019.273973,58.619,54,2325,9001,317386778,0
matmul_tiny_loop_L20_r2,1789506368.1208768,113019.3255373,58.619,54,2325,9001,317386778,0
matmul_tiny_loop_L20_r2,1789506368.1721299,113019.3768162,58.619,54,2325,9001,317404748,0
matmul_tiny_loop_L20_r2,1789506368.2238007,113019.4284859,58.619,54,2325,9001,317404748,0
matmul_tiny_loop_L20_r2,1789506368.2651699,113019.4698447,58.619,54,2325,9001,317422531,0
matmul_tiny_loop_L20_r2,1789506368.3207493,113019.5254597,58.619,54,2325,9001,317422531,0
matmul_tiny_loop_L20_r2,1789506368.3725643,113019.5774002,58.619,54,2325,9001,317441349,0
matmul_tiny_loop_L20_r2,1789506368.4132476,113019.6186493,58.619,54,2325,9001,317441349,0
matmul_tiny_loop_L20_r2,1789506368.4709592,113019.6756229,58.911,54,2325,9001,317454370,0
matmul_tiny_loop_L20_r2,1789506368.520518,113019.725304,58.911,54,2325,9001,317454370,0
matmul_tiny_loop_L20_r2,1789506368.5711076,113019.7757846,58.911,54,2325,9001,317470348,0
matmul_tiny_loop_L20_r2,1789506368.620477,113019.8251694,58.911,54,2325,9001,317470348,0
matmul_tiny_loop_L20_r2,1789506368.671617,113019.8763364,58.911,54,2325,9001,317486232,0
matmul_tiny_loop_L20_r2,1789506368.8732793,113020.0782072,58.911,54,2325,9001,317500806,0
matmul_tiny_loop_L20_r2,1789506368.8744829,113020.0796818,58.911,54,2325,9001,317500806,0
matmul_tiny_loop_L20_r2,1789506368.9275634,113020.1323562,58.911,54,2325,9001,317500806,0
matmul_tiny_loop_L20_r2,1789506368.9948142,113020.2005301,58.556,54,2325,9001,317513718,0
matmul_tiny_loop_L20_r2,1789506369.0269463,113020.2317607,58.556,54,2325,9001,317513718,0
matmul_tiny_loop_L20_r2,1789506369.080256,113020.2850282,58.556,54,2325,9001,317527113,0
matmul_tiny_loop_L20_r2,1789506369.1254637,113020.3310711,58.556,54,2325,9001,317527113,0
matmul_tiny_loop_L20_r2,1789506369.188027,113020.3935368,58.556,54,2325,9001,317550131,0
matmul_tiny_loop_L20_r2,1789506369.2406483,113020.4464408,58.556,54,2325,9001,317550131,0
matmul_tiny_loop_L20_r2,1789506369.2813854,113020.4877646,58.556,54,2325,9001,317566927,0
matmul_tiny_loop_L20_r2,1789506369.333802,113020.5385058,58.556,54,2325,9001,317566927,0
matmul_tiny_loop_L20_r2,1789506369.3807702,113020.5855916,58.556,54,2325,9001,317584943,0
matmul_tiny_loop_L20_r2,1789506369.4409368,113020.6463046,58.556,54,2325,9001,317584943,0
matmul_tiny_loop_L20_r2,1789506369.477143,113020.6820883,58.552,54,2325,9001,317606397,0
matmul_tiny_loop_L20_r2,1789506369.5305316,113020.7352221,58.552,54,2325,9001,317606397,0
matmul_tiny_loop_L20_r2,1789506369.5755723,113020.7805358,58.552,54,2325,9001,317620556,0
matmul_tiny_loop_L20_r2,1789506369.63035,113020.8350333,58.552,54,2325,9001,317620556,0
matmul_tiny_loop_L20_r2,1789506369.6795163,113020.8842705,58.552,54,2325,9001,317634130,0
matmul_tiny_loop_L20_r2,1789506369.730737,113020.9354372,58.552,54,2325,9001,317634130,0
matmul_tiny_loop_L20_r2,1789506369.7815402,113020.9879493,58.552,54,2325,9001,317649137,0
matmul_tiny_loop_L20_r2,1789506369.8362956,113021.0418087,58.552,54,2325,9001,317649137,0
matmul_tiny_loop_L20_r2,1789506369.8890648,113021.0939663,58.552,54,2325,9001,317669553,0
matmul_tiny_loop_L20_r2,1789506369.9321215,113021.1367927,58.552,54,2325,9001,317669553,0
matmul_tiny_loop_L20_r2,1789506370.0112505,113021.2169522,58.427,54,2325,9001,317681553,0
matmul_tiny_loop_L20_r2,1789506370.03959,113021.2450299,58.427,54,2325,9001,317681553,0
matmul_tiny_loop_L20_r2,1789506370.082851,113021.287535,58.427,54,2325,9001,317698102,0
matmul_tiny_loop_L20_r2,1789506370.133953,113021.3387964,58.427,54,2325,9001,317698102,0
matmul_tiny_loop_L20_r2,1789506370.1851323,113021.3898388,58.427,54,2325,9001,317716372,0
matmul_tiny_loop_L20_r2,1789506370.2261493,113021.4308633,58.427,54,2325,9001,317716372,0
matmul_tiny_loop_L20_r2,1789506370.2777407,113021.4824826,58.427,54,2325,9001,317743071,0
matmul_tiny_loop_L20_r2,1789506370.3289144,113021.5336595,58.427,54,2325,9001,317743071,0
matmul_tiny_loop_L20_r2,1789506370.3803985,113021.5852313,58.427,54,2325,9001,317757445,0
matmul_tiny_loop_L20_r2,1789506370.4324956,113021.637222,58.427,54,2325,9001,317757445,0
matmul_tiny_loop_L20_r2,1789506370.4751332,113021.6798274,58.047,54,2325,9001,317774602,0
matmul_tiny_loop_L20_r2,1789506370.5264878,113021.7311587,58.047,54,2325,9001,317774602,0
matmul_tiny_loop_L20_r2,1789506370.5888226,113021.7951163,58.047,54,2325,9001,317787939,0
matmul_tiny_loop_L20_r2,1789506370.6282344,113021.8329768,58.047,54,2325,9001,317787939,0
matmul_tiny_loop_L20_r2,1789506370.6790166,113021.883823,58.047,54,2325,9001,317799650,0
matmul_tiny_loop_L20_r2,1789506370.7357361,113021.9404205,58.047,54,2325,9001,317799650,0
matmul_tiny_loop_L20_r2,1789506370.7763996,113021.9810645,58.047,54,2325,9001,317816374,0
matmul_tiny_loop_L20_r2,1789506370.8272038,113022.0319696,58.047,54,2325,9001,317816374,0
matmul_tiny_loop_L20_r2,1789506370.8781583,113022.0828708,58.047,54,2325,9001,317830686,0
matmul_tiny_loop_L20_r2,1789506370.9301229,113022.1348101,58.047,54,2325,9001,317830686,0
matmul_tiny_loop_L20_r2,1789506370.976738,113022.181445,58.695,54,2325,9001,317845354,0
matmul_tiny_loop_L20_r2,1789506371.0278811,113022.2326048,58.695,54,2325,9001,317845354,0
matmul_tiny_loop_L20_r2,1789506371.083758,113022.2886765,58.695,54,2325,9001,317859782,0
matmul_tiny_loop_L20_r2,1789506371.1248338,113022.3297758,58.695,54,2325,9001,317859782,0
matmul_tiny_loop_L20_r2,1789506371.1766653,113022.3814321,58.695,54,2325,9001,317884917,0
matmul_tiny_loop_L20_r2,1789506371.227911,113022.4326071,58.695,54,2325,9001,317884917,0
matmul_tiny_loop_L20_r2,1789506371.279422,113022.4841088,58.695,54,2325,9001,317899380,0
matmul_tiny_loop_L20_r2,1789506371.3314097,113022.5360782,58.695,54,2325,9001,317899380,0
matmul_tiny_loop_L20_r2,1789506371.3833618,113022.5880426,58.695,54,2325,9001,317914941,0
matmul_tiny_loop_L20_r2,1789506371.434647,113022.6393367,58.695,54,2325,9001,317914941,0
matmul_tiny_loop_L20_r2,1789506371.482579,113022.6874943,59.112,54,2325,9001,317934636,0
matmul_tiny_loop_L20_r2,1789506371.5308504,113022.7355312,59.112,54,2325,9001,317934636,0
matmul_tiny_loop_L20_r2,1789506371.579626,113022.7844565,59.112,54,2325,9001,317951986,0
matmul_tiny_loop_L20_r2,1789506371.6333249,113022.8379917,59.112,54,2325,9001,317951986,0
matmul_tiny_loop_L20_r2,1789506371.674782,113022.8799538,59.112,54,2325,9001,317969243,0
matmul_tiny_loop_L20_r2,1789506371.7302458,113022.9349075,59.112,54,2325,9001,317969243,0
matmul_tiny_loop_L20_r2,1789506371.7814186,113022.9865998,59.112,54,2325,9001,317982515,0
matmul_tiny_loop_L20_r2,1789506371.8327432,113023.0374888,59.112,54,2325,9001,317982515,0
matmul_tiny_loop_L20_r2,1789506371.8844464,113023.0891297,59.112,54,2325,9001,318000782,0
matmul_tiny_loop_L20_r2,1789506371.925758,113023.1304599,59.112,54,2325,9001,318000782,0
matmul_tiny_loop_L20_r2,1789506371.9778678,113023.1825718,59.068,54,2325,9001,318026903,0
matmul_tiny_loop_L20_r2,1789506372.0330143,113023.2376879,59.068,54,2325,9001,318026903,0
matmul_tiny_loop_L20_r2,1789506372.0846655,113023.2894441,59.068,54,2325,9001,318043633,0
matmul_tiny_loop_L20_r2,1789506372.1291275,113023.3338446,59.068,54,2325,9001,318043633,0
matmul_tiny_loop_L20_r2,1789506372.1812887,113023.3859901,59.068,54,2325,9001,318062272,0
matmul_tiny_loop_L20_r2,1789506372.2328966,113023.4375861,59.068,54,2325,9001,318062272,0
matmul_tiny_loop_L20_r2,1789506372.2843876,113023.4890575,59.068,54,2325,9001,318080213,0
matmul_tiny_loop_L20_r2,1789506372.325094,113023.5304201,59.068,54,2325,9001,318080213,0
matmul_tiny_loop_L20_r2,1789506372.4071262,113023.6128886,59.068,54,2325,9001,318106496,0
matmul_tiny_loop_L20_r2,1789506372.4372377,113023.6419392,59.068,54,2325,9001,318106496,0
matmul_tiny_loop_L20_r2,1789506372.4871585,113023.6918546,58.832,54,2325,9001,318121334,0
matmul_tiny_loop_L20_r2,1789506372.5390277,113023.743778,58.832,54,2325,9001,318121334,0
matmul_tiny_loop_L20_r2,1789506372.575221,113023.7805327,58.832,54,2325,9001,318137277,0
matmul_tiny_loop_L20_r2,1789506372.633945,113023.8386549,58.832,54,2325,9001,318137277,0
matmul_tiny_loop_L20_r2,1789506372.6781363,113023.8827945,58.832,54,2325,9001,318153039,0
matmul_tiny_loop_L20_r2,1789506372.7340357,113023.9387783,58.832,54,2325,9001,318153039,0
matmul_tiny_loop_L20_r2,1789506372.7756646,113023.980529,58.832,54,2325,9001,318169266,0
matmul_tiny_loop_L20_r2,1789506372.8276494,113024.0323317,58.832,54,2325,9001,318169266,0
matmul_tiny_loop_L20_r2,1789506372.8793442,113024.0840996,58.832,54,2325,9001,318183932,0
matmul_tiny_loop_L20_r2,1789506372.9301474,113024.1348875,58.832,54,2325,9001,318183932,0
matmul_tiny_loop_L20_r2,1789506372.9817758,113024.1864809,58.528,54,2325,9001,318199503,0
matmul_tiny_loop_L20_r2,1789506373.0330598,113024.2377458,58.528,54,2325,9001,318199503,0
matmul_tiny_loop_L20_r2,1789506373.0806766,113024.2853977,58.528,54,2325,9001,318218153,0
matmul_tiny_loop_L20_r2,1789506373.1255465,113024.3302113,58.528,54,2325,9001,318218153,0
matmul_tiny_loop_L20_r2,1789506373.1763396,113024.3810038,58.528,54,2325,9001,318242697,0
matmul_tiny_loop_L20_r2,1789506373.2280974,113024.4327867,58.528,54,2325,9001,318242697,0
matmul_tiny_loop_L20_r2,1789506373.2782726,113024.4830167,58.528,54,2325,9001,318257379,0
matmul_tiny_loop_L20_r2,1789506373.3294044,113024.5341115,58.528,54,2325,9001,318257379,0
matmul_tiny_loop_L20_r2,1789506373.3813748,113024.5860556,58.528,54,2325,9001,318272499,0
matmul_tiny_loop_L20_r2,1789506373.4328315,113024.6375414,58.528,54,2325,9001,318272499,0
matmul_tiny_loop_L20_r2,1789506373.4783587,113024.6830176,59.027,54,2325,9001,318290828,0
matmul_tiny_loop_L20_r2,1789506373.5254169,113024.7301221,59.027,54,2325,9001,318290828,0
matmul_tiny_loop_L20_r2,1789506373.575397,113024.7800509,59.027,54,2325,9001,318313931,0
matmul_tiny_loop_L20_r2,1789506373.634349,113024.8390453,59.027,54,2325,9001,318313931,0
matmul_tiny_loop_L20_r2,1789506373.6795588,113024.8843113,59.027,54,2325,9001,318329910,0
matmul_tiny_loop_L20_r2,1789506373.7303936,113024.9350506,59.027,54,2325,9001,318329910,0
matmul_tiny_loop_L20_r2,1789506373.781623,113024.9863231,59.027,54,2325,9001,318345809,0
matmul_tiny_loop_L20_r2,1789506373.8316455,113025.0363132,59.027,54,2325,9001,318345809,0
matmul_tiny_loop_L20_r2,1789506373.8823116,113025.0870155,59.027,54,2325,9001,318364189,0
matmul_tiny_loop_L20_r2,1789506373.9330506,113025.1377532,59.027,54,2325,9001,318364189,0
matmul_tiny_loop_L20_r2,1789506373.984257,113025.1892469,59.084,54,2325,9001,318382781,0
matmul_tiny_loop_L20_r2,1789506374.0353537,113025.240061,59.084,54,2325,9001,318382781,0
matmul_tiny_loop_L20_r2,1789506374.0762737,113025.2810277,59.084,54,2325,9001,318404483,0
matmul_tiny_loop_L20_r2,1789506374.1438372,113025.3485731,59.084,54,2325,9001,318404483,0
matmul_tiny_loop_L20_r2,1789506374.174873,113025.3803644,59.084,54,2325,9001,318425977,0
matmul_tiny_loop_L20_r2,1789506374.2261155,113025.4307952,59.084,54,2325,9001,318425977,0
matmul_tiny_loop_L20_r2,1789506374.2782094,113025.4829198,59.084,54,2325,9001,318440604,0
matmul_tiny_loop_L20_r2,1789506374.3299997,113025.5346832,59.084,54,2325,9001,318440604,0
matmul_tiny_loop_L20_r2,1789506374.3820543,113025.5868685,59.084,54,2325,9001,318455969,0
matmul_tiny_loop_L20_r2,1789506374.433427,113025.6381077,59.084,54,2325,9001,318455969,0
matmul_tiny_loop_L20_r2,1789506374.47943,113025.68413,58.948,54,2325,9001,318475464,0
matmul_tiny_loop_L20_r2,1789506374.530671,113025.73535,58.948,54,2325,9001,318475464,0
matmul_tiny_loop_L20_r2,1789506374.5767167,113025.7814699,58.948,54,2325,9001,318492011,0
matmul_tiny_loop_L20_r2,1789506374.6816525,113025.8863325,58.948,54,2325,9001,318504149,0
matmul_tiny_loop_L20_r2,1789506374.682311,113025.8870623,58.948,54,2325,9001,318504149,0
matmul_tiny_loop_L20_r2,1789506374.740614,113025.9453788,58.948,54,2325,9001,318504149,0
matmul_tiny_loop_L20_r2,1789506374.7824328,113025.9874139,58.948,54,2325,9001,318527092,0
matmul_tiny_loop_L20_r2,1789506374.9036915,113026.1085054,58.948,54,2325,9001,318542378,0
matmul_tiny_loop_L20_r2,1789506374.9036915,113026.1093477,58.948,54,2325,9001,318542378,0
matmul_tiny_loop_L20_r2,1789506374.9661257,113026.1710611,58.907,54,2325,9001,318558654,0
matmul_tiny_loop_L20_r2,1789506375.0061545,113026.2126344,58.907,54,2325,9001,318558654,0
matmul_tiny_loop_L20_r2,1789506375.0544927,113026.2599257,58.907,54,2325,9001,318570299,0
matmul_tiny_loop_L20_r2,1789506375.115587,113026.3211784,58.907,54,2325,9001,318570299,0
matmul_tiny_loop_L20_r2,1789506375.1575027,113026.3622194,58.907,54,2325,9001,318584015,0
matmul_tiny_loop_L20_r2,1789506375.2054358,113026.4101028,58.907,54,2325,9001,318584015,0
matmul_tiny_loop_L20_r2,1789506375.2616465,113026.4663184,58.907,54,2325,9001,318596295,0
matmul_tiny_loop_L20_r2,1789506375.3134248,113026.5180947,58.907,54,2325,9001,318596295,0
matmul_tiny_loop_L20_r2,1789506375.374439,113026.5795249,58.907,54,2325,9001,318611660,0
matmul_tiny_loop_L20_r2,1789506375.408434,113026.6144325,58.907,54,2325,9001,318611660,0
matmul_tiny_loop_L20_r2,1789506375.4548795,113026.6595689,58.608,53,2325,9001,318626162,0
matmul_tiny_loop_L20_r2,1789506375.5098612,113026.7145328,58.608,53,2325,9001,318626162,0
matmul_tiny_loop_L20_r2,1789506375.5606782,113026.7654049,58.608,53,2325,9001,318636392,0
matmul_tiny_loop_L20_r2,1789506375.6078615,113026.8126331,58.608,53,2325,9001,318636392,0
matmul_tiny_loop_L20_r2,1789506375.659508,113026.8641792,58.608,53,2325,9001,318650532,0
matmul_tiny_loop_L20_r2,1789506375.7101898,113026.9149362,58.608,53,2325,9001,318650532,0
matmul_tiny_loop_L20_r2,1789506375.7628787,113026.9675731,58.608,53,2325,9001,318662947,0
matmul_tiny_loop_L20_r2,1789506375.8198302,113027.0252543,58.608,53,2325,9001,318662947,0
matmul_tiny_loop_L20_r2,1789506375.9208872,113027.1261606,58.608,53,2325,9001,318684063,0
matmul_tiny_loop_L20_r2,1789506375.9208872,113027.1269011,58.608,53,2325,9001,318684063,0
matmul_tiny_loop_L20_r2,1789506375.9748032,113027.1796228,58.484,53,2325,9001,318699249,0
matmul_tiny_loop_L20_r2,1789506376.0452662,113027.2504745,58.484,53,2325,9001,318699249,0
matmul_tiny_loop_L20_r2,1789506376.0757217,113027.280587,58.484,53,2325,9001,318714434,0
matmul_tiny_loop_L20_r2,1789506376.127,113027.3317342,58.484,53,2325,9001,318714434,0
matmul_tiny_loop_L20_r2,1789506376.1780264,113027.3827299,58.484,53,2325,9001,318728162,0
matmul_tiny_loop_L20_r2,1789506376.229376,113027.4340658,58.484,53,2325,9001,318728162,0
matmul_tiny_loop_L20_r2,1789506376.2719915,113027.4776368,58.484,53,2325,9001,318744083,0
matmul_tiny_loop_L10_r1,1789506378.284367,113029.4987529,58.21,53,2325,9001,318867835,0
matmul_tiny_loop_L10_r1,1789506378.3459113,113029.5506426,58.21,53,2325,9001,318879361,0
matmul_tiny_loop_L10_r1,1789506378.4099083,113029.6150167,58.21,53,2325,9001,318879361,0
matmul_tiny_loop_L10_r1,1789506378.4440253,113029.6490155,58.21,53,2325,9001,318879361,0
matmul_tiny_loop_L10_r1,1789506378.5000956,113029.7047726,58.57,53,2325,9001,318893583,0
matmul_tiny_loop_L10_r1,1789506378.5508044,113029.755634,58.57,53,2325,9001,318907750,0
matmul_tiny_loop_L10_r1,1789506378.595127,113029.7998635,58.57,53,2325,9001,318907750,0
matmul_tiny_loop_L10_r1,1789506378.646784,113029.8514821,58.57,53,2325,9001,318920190,0
matmul_tiny_loop_L10_r1,1789506378.7004213,113029.9051306,58.57,53,2325,9001,318920190,0
matmul_tiny_loop_L10_r1,1789506378.751159,113029.9558501,58.57,53,2325,9001,318935709,0
matmul_tiny_loop_L10_r1,1789506378.802751,113030.0075672,58.57,53,2325,9001,318935709,0
matmul_tiny_loop_L10_r1,1789506378.8439648,113030.0493125,58.57,53,2325,9001,318935709,0
matmul_tiny_loop_L10_r1,1789506378.8992,113030.1040723,58.57,53,2325,9001,318955797,0
matmul_tiny_loop_L10_r1,1789506378.9461548,113030.1515936,58.57,53,2325,9001,318969812,0
matmul_tiny_loop_L10_r1,1789506379.0126047,113030.2190137,58.78,53,2325,9001,318969812,0
matmul_tiny_loop_L10_r1,1789506379.0538228,113030.258538,58.78,53,2325,9001,318981573,0
matmul_tiny_loop_L10_r1,1789506379.1041539,113030.3088741,58.78,53,2325,9001,318981573,0
matmul_tiny_loop_L10_r1,1789506379.1451337,113030.3498167,58.78,53,2325,9001,318991594,0
matmul_tiny_loop_L10_r1,1789506379.1964903,113030.4011592,58.78,53,2325,9001,318991594,0
matmul_tiny_loop_L10_r1,1789506379.2473826,113030.4520658,58.78,53,2325,9001,319004966,0
matmul_tiny_loop_L10_r1,1789506379.2981915,113030.502893,58.78,53,2325,9001,319004966,0
matmul_tiny_loop_L10_r1,1789506379.349538,113030.5542216,58.78,53,2325,9001,319018911,0
matmul_tiny_loop_L10_r1,1789506379.4016674,113030.6063823,58.78,53,2325,9001,319018911,0
matmul_tiny_loop_L10_r1,1789506379.4460192,113030.6508014,58.78,53,2325,9001,319035317,0
matmul_tiny_loop_L10_r1,1789506379.5011704,113030.7058535,58.9,53,2325,9001,319035317,0
matmul_tiny_loop_L10_r1,1789506379.544959,113030.7497215,58.9,53,2325,9001,319051028,0
matmul_tiny_loop_L10_r1,1789506379.5953653,113030.8001022,58.9,53,2325,9001,319051028,0
matmul_tiny_loop_L10_r1,1789506379.6472244,113030.8519719,58.9,53,2325,9001,319063864,0
matmul_tiny_loop_L10_r1,1789506379.700426,113030.9051045,58.9,53,2325,9001,319063864,0
matmul_tiny_loop_L10_r1,1789506379.7503836,113030.9551272,58.9,53,2325,9001,319079311,0
matmul_tiny_loop_L10_r1,1789506379.800325,113031.0050726,58.9,53,2325,9001,319079311,0
matmul_tiny_loop_L10_r1,1789506379.8825605,113031.0876477,58.9,53,2325,9001,319094544,0
matmul_tiny_loop_L10_r1,1789506379.9007995,113031.105621,58.9,53,2325,9001,319094544,0
matmul_tiny_loop_L10_r1,1789506379.9534235,113031.158134,58.933,53,2325,9001,319119358,0
matmul_tiny_loop_L10_r1,1789506380.0595236,113031.2653986,58.933,53,2325,9001,319126861,0
matmul_tiny_loop_L10_r1,1789506380.061897,113031.2667784,58.933,53,2325,9001,319126861,0
matmul_tiny_loop_L10_r1,1789506380.1822684,113031.3877713,58.933,53,2325,9001,319138485,0
matmul_tiny_loop_L10_r1,1789506380.1842735,113031.38936,58.933,53,2325,9001,319138485,0
matmul_tiny_loop_L10_r1,1789506380.244512,113031.4492345,58.933,53,2325,9001,319138485,0
matmul_tiny_loop_L10_r1,1789506380.2853808,113031.4901417,58.933,53,2325,9001,319161997,0
matmul_tiny_loop_L10_r1,1789506380.3370068,113031.5417261,58.933,53,2325,9001,319161997,0
matmul_tiny_loop_L10_r1,1789506380.3886774,113031.5935777,58.933,53,2325,9001,319177818,0
matmul_tiny_loop_L10_r1,1789506380.4402647,113031.6449282,58.933,53,2325,9001,319177818,0
matmul_tiny_loop_L10_r1,1789506380.492831,113031.6977518,58.771,53,2325,9001,319195931,0
matmul_tiny_loop_L10_r1,1789506380.5376804,113031.7424017,58.771,53,2325,9001,319195931,0
matmul_tiny_loop_L10_r1,1789506380.5910397,113031.7958232,58.771,53,2325,9001,319214549,0
matmul_tiny_loop_L10_r1,1789506380.6410081,113031.8456945,58.771,53,2325,9001,319214549,0
matmul_tiny_loop_L10_r1,1789506380.6923492,113031.8971479,58.771,53,2325,9001,319234042,0
matmul_tiny_loop_L10_r1,1789506380.743063,113031.9478608,58.771,53,2325,9001,319234042,0
matmul_tiny_loop_L10_r1,1789506380.7845142,113031.9896105,58.771,53,2325,9001,319256229,0
matmul_tiny_loop_L10_r1,1789506380.835334,113032.040099,58.771,53,2325,9001,319256229,0
matmul_tiny_loop_L10_r1,1789506380.8863728,113032.0910894,58.771,53,2325,9001,319271485,0
matmul_tiny_loop_L10_r1,1789506380.9380138,113032.1428071,58.771,53,2325,9001,319271485,0
matmul_tiny_loop_L10_r1,1789506380.989475,113032.1942412,58.65,53,2325,9001,319288359,0
matmul_tiny_loop_L10_r1,1789506381.0432246,113032.2479397,58.65,53,2325,9001,319288359,0
matmul_tiny_loop_L10_r1,1789506381.0887222,113032.293447,58.65,53,2325,9001,319300985,0
matmul_tiny_loop_L10_r1,1789506381.1401794,113032.344926,58.65,53,2325,9001,319300985,0
matmul_tiny_loop_L10_r1,1789506381.1918604,113032.3965373,58.65,53,2325,9001,319318954,0
matmul_tiny_loop_L10_r1,1789506381.2428875,113032.4475843,58.65,53,2325,9001,319318954,0
matmul_tiny_loop_L10_r1,1789506381.294137,113032.4990448,58.65,53,2325,9001,319340146,0
matmul_tiny_loop_L10_r1,1789506381.3355703,113032.5403136,58.65,53,2325,9001,319340146,0
matmul_tiny_loop_L10_r1,1789506381.3868115,113032.5915255,58.65,53,2325,9001,319358557,0
matmul_tiny_loop_L10_r1,1789506381.439065,113032.6439152,58.65,53,2325,9001,319358557,0
matmul_tiny_loop_L10_r1,1789506381.4852755,113032.6899671,58.334,53,2325,9001,319376112,0
matmul_tiny_loop_L10_r1,1789506381.5517375,113032.7564344,58.334,53,2325,9001,319384785,0
matmul_tiny_loop_L10_r1,1789506381.5857995,113032.7904736,58.334,53,2325,9001,319384785,0
matmul_tiny_loop_L10_r1,1789506381.6380363,113032.8438467,58.334,53,2325,9001,319384785,0
matmul_tiny_loop_L10_r1,1789506381.694911,113032.9001367,58.334,53,2325,9001,319404130,0
matmul_tiny_loop_L10_r1,1789506381.7410104,113032.9459426,58.334,53,2325,9001,319404130,0
matmul_tiny_loop_L10_r1,1789506381.7871156,113032.9920539,58.334,53,2325,9001,319426502,0
matmul_tiny_loop_L10_r1,1789506381.9197655,113033.1255101,58.334,53,2325,9001,319435286,0
matmul_tiny_loop_L10_r1,1789506381.9197655,113033.1262917,58.334,53,2325,9001,319435286,0
matmul_tiny_loop_L10_r1,1789506381.9724362,113033.1771455,58.228,53,2325,9001,319451127,0
matmul_tiny_loop_L10_r1,1789506382.023652,113033.2284403,58.228,53,2325,9001,319451127,0
matmul_tiny_loop_L10_r1,1789506382.0847,113033.2894453,58.228,53,2325,9001,319464910,0
matmul_tiny_loop_L10_r1,1789506382.1446369,113033.3500271,58.228,53,2325,9001,319473693,0
matmul_tiny_loop_L10_r1,1789506382.1790268,113033.3838213,58.228,53,2325,9001,319473693,0
matmul_tiny_loop_L10_r1,1789506382.2409465,113033.446144,58.228,53,2325,9001,319473693,0
matmul_tiny_loop_L10_r1,1789506382.2769852,113033.4833647,58.228,53,2325,9001,319499028,0
matmul_tiny_loop_L10_r1,1789506382.329158,113033.5339129,58.228,53,2325,9001,319499028,0
matmul_tiny_loop_L10_r1,1789506382.376257,113033.580984,58.228,53,2325,9001,319516636,0
matmul_tiny_loop_L10_r1,1789506382.4306102,113033.635603,58.228,53,2325,9001,319516636,0
matmul_tiny_loop_L10_r1,1789506382.6004736,113033.8051878,58.366,53,2325,9001,319540001,0
matmul_tiny_loop_L10_r1,1789506382.6018589,113033.8065706,58.366,53,2325,9001,319540001,0
matmul_tiny_loop_L10_r1,1789506382.7562597,113033.9610117,58.366,53,2325,9001,319561861,0
matmul_tiny_loop_L10_r1,1789506382.7562597,113033.9618485,58.366,53,2325,9001,319561861,0
matmul_tiny_loop_L10_r1,1789506382.809223,113034.0139461,58.366,53,2325,9001,319561861,0
matmul_tiny_loop_L10_r1,1789506382.8598547,113034.0646435,58.366,53,2325,9001,319576007,0
matmul_tiny_loop_L10_r1,1789506382.910446,113034.1151249,58.366,53,2325,9001,319576007,0
matmul_tiny_loop_L10_r1,1789506382.9613051,113034.1668107,58.332,53,2325,9001,319591079,0
matmul_tiny_loop_L10_r1,1789506383.0155377,113034.2209391,58.332,53,2325,9001,319591079,0
matmul_tiny_loop_L10_r1,1789506383.0629256,113034.267732,58.332,53,2325,9001,319611669,0
matmul_tiny_loop_L10_r1,1789506383.1191812,113034.3239394,58.332,53,2325,9001,319611669,0
matmul_tiny_loop_L10_r1,1789506383.1621473,113034.3668264,58.332,53,2325,9001,319629293,0
matmul_tiny_loop_L10_r1,1789506383.2124872,113034.417172,58.332,53,2325,9001,319629293,0
matmul_tiny_loop_L10_r1,1789506383.263438,113034.4681286,58.332,53,2325,9001,319648064,0
matmul_tiny_loop_L10_r1,1789506383.3144908,113034.519258,58.332,53,2325,9001,319648064,0
matmul_tiny_loop_L10_r1,1789506383.3656688,113034.5703611,58.332,53,2325,9001,319665015,0
matmul_tiny_loop_L10_r1,1789506383.4169562,113034.621681,58.332,53,2325,9001,319665015,0
matmul_tiny_loop_L10_r1,1789506383.509863,113034.7145509,58.174,53,2325,9001,319681510,0
matmul_tiny_loop_L10_r1,1789506383.510369,113034.716587,58.174,53,2325,9001,319681510,0
matmul_tiny_loop_L10_r1,1789506383.5627103,113034.7674072,58.174,53,2325,9001,319692397,0
matmul_tiny_loop_L10_r1,1789506383.6176426,113034.8223251,58.174,53,2325,9001,319692397,0
matmul_tiny_loop_L10_r1,1789506383.674676,113034.879355,58.174,53,2325,9001,319709323,0
matmul_tiny_loop_L10_r1,1789506383.719532,113034.9242258,58.174,53,2325,9001,319709323,0
matmul_tiny_loop_L10_r1,1789506383.7696745,113034.9744683,58.174,53,2325,9001,319730519,0
matmul_tiny_loop_L10_r1,1789506383.8214252,113035.0261728,58.174,53,2325,9001,319730519,0
matmul_tiny_loop_L10_r1,1789506383.8625472,113035.0672853,58.174,53,2325,9001,319750693,0
matmul_tiny_loop_L10_r1,1789506383.9133706,113035.1181537,58.174,53,2325,9001,319750693,0
matmul_tiny_loop_L10_r1,1789506383.9719026,113035.1769951,58.319,53,2325,9001,319767052,0
matmul_tiny_loop_L10_r1,1789506384.014909,113035.2208958,58.319,53,2325,9001,319767052,0
matmul_tiny_loop_L10_r1,1789506384.0667672,113035.2715297,58.319,53,2325,9001,319785802,0
matmul_tiny_loop_L10_r1,1789506384.1175616,113035.3222148,58.319,53,2325,9001,319785802,0
matmul_tiny_loop_L10_r1,1789506384.162529,113035.3672179,58.319,53,2325,9001,319804535,0
matmul_tiny_loop_L10_r1,1789506384.211692,113035.4170649,58.319,53,2325,9001,319804535,0
matmul_tiny_loop_L10_r1,1789506384.2624452,113035.4671739,58.319,53,2325,9001,319818610,0
matmul_tiny_loop_L10_r1,1789506384.314365,113035.519097,58.319,53,2325,9001,319818610,0
matmul_tiny_loop_L10_r1,1789506384.3666804,113035.5713949,58.319,53,2325,9001,319833788,0
matmul_tiny_loop_L10_r1,1789506384.4184055,113035.6231662,58.319,53,2325,9001,319833788,0
matmul_tiny_loop_L10_r1,1789506384.47104,113035.6757316,58.474,53,2325,9001,319851212,0
matmul_tiny_loop_L10_r1,1789506384.5201051,113035.7248239,58.474,53,2325,9001,319851212,0
matmul_tiny_loop_L10_r1,1789506384.5688148,113035.7734893,58.474,53,2325,9001,319871138,0
matmul_tiny_loop_L10_r1,1789506384.6161299,113035.8207833,58.474,53,2325,9001,319871138,0
matmul_tiny_loop_L10_r1,1789506384.6703732,113035.8750495,58.474,53,2325,9001,319888338,0
matmul_tiny_loop_L10_r1,1789506384.716105,113035.9208085,58.474,53,2325,9001,319888338,0
matmul_tiny_loop_L10_r1,1789506384.7612872,113035.9666544,58.474,53,2325,9001,319905737,0
matmul_tiny_loop_L10_r1,1789506384.8221598,113036.0269422,58.474,53,2325,9001,319905737,0
matmul_tiny_loop_L10_r1,1789506384.8633125,113036.0679982,58.474,53,2325,9001,319917217,0
matmul_tiny_loop_L10_r1,1789506384.9153066,113036.1199974,58.474,53,2325,9001,319917217,0
matmul_tiny_loop_L10_r1,1789506384.9668856,113036.1716609,58.58,53,2325,9001,319934764,0
matmul_tiny_loop_L10_r1,1789506385.029184,113036.2344809,58.58,53,2325,9001,319934764,0
matmul_tiny_loop_L10_r1,1789506385.0690398,113036.2737935,58.58,53,2325,9001,319947629,0
matmul_tiny_loop_L10_r1,1789506385.1202748,113036.3250212,58.58,53,2325,9001,319947629,0
matmul_tiny_loop_L10_r1,1789506385.1643593,113036.3690421,58.58,53,2325,9001,319968156,0
matmul_tiny_loop_L10_r1,1789506385.2143316,113036.4190593,58.58,53,2325,9001,319968156,0
matmul_tiny_loop_L10_r1,1789506385.2764127,113036.4813174,58.58,53,2325,9001,319983637,0
matmul_tiny_loop_L10_r1,1789506385.3173015,113036.5226134,58.58,53,2325,9001,319983637,0
matmul_tiny_loop_L10_r1,1789506385.3722458,113036.5771654,58.58,53,2325,9001,320005536,0
matmul_tiny_loop_L10_r1,1789506385.4184904,113036.6232408,58.58,53,2325,9001,320005536,0
matmul_tiny_loop_L10_r1,1789506385.474311,113036.6789862,58.748,53,2325,9001,320026236,0
matmul_tiny_loop_L10_r1,1789506385.5197005,113036.7244287,58.748,53,2325,9001,320026236,0
matmul_tiny_loop_L10_r1,1789506385.5704832,113036.7753459,58.748,53,2325,9001,320047980,0
matmul_tiny_loop_L10_r1,1789506385.615841,113036.820694,58.748,53,2325,9001,320047980,0
matmul_tiny_loop_L10_r1,1789506385.6629133,113036.8676135,58.748,53,2325,9001,320066322,0
matmul_tiny_loop_L10_r1,1789506385.7196364,113036.9244179,58.748,53,2325,9001,320066322,0
matmul_tiny_loop_L10_r1,1789506385.7617526,113036.9672344,58.748,53,2325,9001,320084688,0
matmul_tiny_loop_L10_r1,1789506385.815187,113037.0199439,58.748,53,2325,9001,320084688,0
matmul_tiny_loop_L10_r1,1789506385.861741,113037.0669478,58.748,53,2325,9001,320100740,0
matmul_tiny_loop_L10_r1,1789506385.9175649,113037.1225156,58.748,53,2325,9001,320100740,0
matmul_tiny_loop_L10_r1,1789506385.965624,113037.1708729,58.785,53,2325,9001,320118101,0
matmul_tiny_loop_L10_r1,1789506386.0202608,113037.2250516,58.785,53,2325,9001,320118101,0
matmul_tiny_loop_L10_r1,1789506386.0637903,113037.2684722,58.785,53,2325,9001,320136824,0
matmul_tiny_loop_L10_r1,1789506386.1184695,113037.3231797,58.785,53,2325,9001,320136824,0
matmul_tiny_loop_L10_r1,1789506386.1614733,113037.3669623,58.785,53,2325,9001,320156390,0
matmul_tiny_loop_L10_r1,1789506386.21199,113037.4174782,58.785,53,2325,9001,320156390,0
matmul_tiny_loop_L10_r1,1789506386.262471,113037.4672074,58.785,53,2325,9001,320171171,0
matmul_tiny_loop_L10_r1,1789506386.3264377,113037.5312768,58.785,53,2325,9001,320171171,0
matmul_tiny_loop_L10_r1,1789506386.3677452,113037.5724444,58.785,53,2325,9001,320184371,0
matmul_tiny_loop_L10_r1,1789506386.4193473,113037.6240364,58.785,53,2325,9001,320184371,0
matmul_tiny_loop_L10_r1,1789506386.4717684,113037.6764336,58.79,53,2325,9001,320203464,0
matmul_tiny_loop_L10_r1,1789506386.5178235,113037.7226233,58.79,53,2325,9001,320203464,0
matmul_tiny_loop_L10_r1,1789506386.5667386,113037.7714276,58.79,53,2325,9001,320223305,0
matmul_tiny_loop_L10_r1,1789506386.6202652,113037.8249397,58.79,53,2325,9001,320223305,0
matmul_tiny_loop_L10_r1,1789506386.6623988,113037.8671199,58.79,53,2325,9001,320242212,0
matmul_tiny_loop_L10_r1,1789506386.7235246,113037.9291832,58.79,53,2325,9001,320242212,0
matmul_tiny_loop_L10_r1,1789506386.7740502,113037.9792869,58.79,53,2325,9001,320255354,0
matmul_tiny_loop_L10_r1,1789506386.8185823,113038.0233851,58.79,53,2325,9001,320255354,0
matmul_tiny_loop_L10_r1,1789506386.8721087,113038.0782233,58.79,53,2325,9001,320277523,0
matmul_tiny_loop_L10_r1,1789506386.9251122,113038.129955,58.79,53,2325,9001,320277523,0
matmul_tiny_loop_L10_r1,1789506386.9692986,113038.1751583,58.508,53,2325,9001,320292311,0
matmul_tiny_loop_L10_r1,1789506387.0161564,113038.2208659,58.508,53,2325,9001,320292311,0
matmul_tiny_loop_L10_r1,1789506387.0803087,113038.2854455,58.508,53,2325,9001,320311265,0
matmul_tiny_loop_L10_r1,1789506387.1165247,113038.3213533,58.508,53,2325,9001,320311265,0
matmul_tiny_loop_L10_r1,1789506387.1690156,113038.37371,58.508,53,2325,9001,320335889,0
matmul_tiny_loop_L10_r1,1789506387.2192128,113038.4238861,58.508,53,2325,9001,320335889,0
matmul_tiny_loop_L10_r1,1789506387.270782,113038.4754928,58.508,53,2325,9001,320355480,0
matmul_tiny_loop_L10_r1,1789506387.3115277,113038.5166649,58.508,53,2325,9001,320355480,0
matmul_tiny_loop_L10_r1,1789506387.3630376,113038.567779,58.508,53,2325,9001,320372051,0
matmul_tiny_loop_L10_r1,1789506387.4203253,113038.6250166,58.508,53,2325,9001,320372051,0
matmul_tiny_loop_L10_r1,1789506387.4702797,113038.6751698,58.468,53,2325,9001,320390985,0
matmul_tiny_loop_L10_r1,1789506387.5145664,113038.7192369,58.468,53,2325,9001,320390985,0
matmul_tiny_loop_L10_r1,1789506387.564051,113038.7687343,58.468,53,2325,9001,320408633,0
matmul_tiny_loop_L10_r1,1789506387.6218162,113038.8264786,58.468,53,2325,9001,320408633,0
matmul_tiny_loop_L10_r1,1789506387.6622477,113038.8669696,58.468,53,2325,9001,320420260,0
matmul_tiny_loop_L10_r1,1789506387.719018,113038.9237899,58.468,53,2325,9001,320420260,0
