window,t_wall,t_perf,power_w,temp_c,sm_clock_mhz,mem_clock_mhz,energy_mj,throttle_mask
matmul_large_L2_r1,1789505593.7613854,112244.9732882,174.501,79,1680,9001,179561398,4
matmul_large_L2_r1,1789505593.8229039,112245.027703,174.501,79,1680,9001,179581227,4
matmul_large_L2_r1,1789505593.8744907,112245.0792658,174.501,79,1680,9001,179581227,4
matmul_large_L2_r1,1789505593.9252093,112245.1300629,174.501,79,1680,9001,179606950,4
matmul_large_L2_r1,1789505593.97619,112245.1810754,174.501,79,1680,9001,179606950,4
matmul_large_L2_r1,1789505594.028099,112245.2330856,174.501,79,1680,9001,179633987,4
matmul_large_L2_r1,1789505594.0693126,112245.2741209,174.501,79,1680,9001,179633987,4
matmul_large_L2_r1,1789505594.124061,112245.3289747,174.501,79,1680,9001,179658515,4
matmul_large_L2_r1,1789505594.175447,112245.3802906,174.501,79,1680,9001,179658515,4
matmul_large_L2_r1,1789505594.2231638,112245.4280316,174.941,79,1695,9001,179685276,4
matmul_large_L2_r1,1789505594.2732995,112245.478062,174.941,79,1695,9001,179685276,4
matmul_large_L2_r1,1789505594.3233,112245.5280208,174.941,79,1695,9001,179710035,4
matmul_large_L2_r1,1789505594.3739095,112245.5787364,174.941,79,1695,9001,179710035,4
matmul_large_L2_r1,1789505594.4250474,112245.6298724,174.941,79,1695,9001,179735155,4
matmul_large_L2_r1,1789505594.4740658,112245.6789491,174.941,79,1695,9001,179735155,4
matmul_large_L2_r1,1789505594.5302908,112245.7352712,174.941,79,1695,9001,179761272,4
matmul_large_L2_r1,1789505594.578208,112245.783024,174.941,79,1695,9001,179761272,4
matmul_large_L2_r1,1789505594.619971,112245.824736,174.941,79,1695,9001,179789910,4
matmul_large_L2_r1,1789505594.6694086,112245.8740905,174.941,79,1695,9001,179789910,4
matmul_large_L2_r1,1789505594.723202,112245.9279291,174.439,79,1680,9001,179818393,4
matmul_large_L2_r1,1789505594.7748702,112245.9800352,174.439,79,1680,9001,179818393,4
matmul_large_L2_r1,1789505594.8268106,112246.0316804,174.439,79,1680,9001,179845206,4
matmul_large_L2_r1,1789505594.8787456,112246.0835309,174.439,79,1680,9001,179845206,4
matmul_large_L2_r1,1789505594.9196608,112246.1243893,174.439,79,1680,9001,179872608,4
matmul_large_L2_r1,1789505594.9712093,112246.1759824,174.439,79,1680,9001,179872608,4
matmul_large_L2_r1,1789505595.0236793,112246.2284764,174.439,79,1680,9001,179901537,4
matmul_large_L2_r1,1789505595.076118,112246.280934,174.439,79,1680,9001,179901537,4
matmul_large_L2_r1,1789505595.1280274,112246.3328398,174.439,79,1680,9001,179928600,4
matmul_large_L2_r1,1789505595.1688597,112246.3736547,174.439,79,1680,9001,179928600,4
matmul_large_L2_r1,1789505595.2195098,112246.4242149,174.69,80,1680,9001,179952359,4
matmul_large_L2_r1,1789505595.2779915,112246.4827994,174.69,80,1680,9001,179952359,4
matmul_large_L2_r1,1789505595.3189623,112246.523775,174.69,80,1680,9001,179984122,4
matmul_large_L2_r1,1789505595.3707979,112246.5756463,174.69,80,1680,9001,179984122,4
matmul_large_L2_r1,1789505595.422614,112246.6274372,174.69,80,1680,9001,180011226,4
matmul_large_L2_r1,1789505595.4699118,112246.674884,174.69,80,1680,9001,180011226,4
matmul_large_L2_r1,1789505595.5189533,112246.7236399,174.69,80,1680,9001,180036117,4
matmul_large_L2_r1,1789505595.582225,112246.7870679,174.69,80,1680,9001,180036117,4
matmul_large_L2_r1,1789505595.6195147,112246.8243019,174.69,80,1680,9001,180062256,4
matmul_large_L2_r1,1789505595.669996,112246.8749826,174.69,80,1680,9001,180062256,4
matmul_large_L2_r1,1789505595.7199874,112246.9247126,175.0,79,1680,9001,180090756,4
matmul_large_L2_r1,1789505595.7704654,112246.9752117,175.0,79,1680,9001,180090756,4
matmul_large_L20_r4,1789505603.7615495,112254.9719152,174.776,80,1695,9001,181504875,4
matmul_large_L20_r4,1789505603.8228767,112255.0277843,174.776,80,1695,9001,181526216,4
matmul_large_L20_r4,1789505603.8744996,112255.0796101,174.776,80,1695,9001,181526216,4
matmul_large_L20_r4,1789505603.9251058,112255.1300441,174.776,80,1695,9001,181553868,4
matmul_large_L20_r4,1789505603.976203,112255.181206,174.776,80,1695,9001,181553868,4
matmul_large_L20_r4,1789505604.016383,112255.2220411,174.776,80,1695,9001,181582173,4
matmul_large_L20_r4,1789505604.0680606,112255.2729823,174.776,80,1695,9001,181582173,4
matmul_large_L20_r4,1789505604.1260946,112255.3313209,174.776,80,1695,9001,181611985,4
matmul_large_L20_r4,1789505604.1763356,112255.3812387,174.776,80,1695,9001,181611985,4
matmul_large_L20_r4,1789505604.2178867,112255.422671,174.864,80,1680,9001,181640162,4
matmul_large_L20_r4,1789505604.27382,112255.4793085,174.864,80,1680,9001,181640162,4
matmul_large_L20_r4,1789505604.3240354,112255.5290354,174.864,80,1680,9001,181672269,4
matmul_large_L20_r4,1789505604.3712902,112255.5762508,174.864,80,1680,9001,181672269,4
matmul_large_L20_r4,1789505604.422109,112255.6270023,174.864,80,1680,9001,181697574,4
matmul_large_L20_r4,1789505604.468239,112255.6731311,174.864,80,1680,9001,181697574,4
matmul_large_L20_r4,1789505604.5232744,112255.7286624,174.864,80,1680,9001,181723160,4
matmul_large_L20_r4,1789505604.5715442,112255.7764488,174.864,80,1680,9001,181723160,4
matmul_large_L20_r4,1789505604.6240282,112255.829036,174.864,80,1680,9001,181749351,4
matmul_large_L20_r4,1789505604.682381,112255.8873286,175.344,80,1680,9001,181749351,4
matmul_large_L20_r4,1789505604.721663,112255.9265432,175.344,80,1680,9001,181772870,4
matmul_large_L20_r4,1789505604.7753932,112255.9808436,175.344,80,1680,9001,181772870,4
matmul_large_L20_r4,1789505604.8268301,112256.0317124,175.344,80,1680,9001,181800846,4
matmul_large_L20_r4,1789505604.8686347,112256.0735224,175.344,80,1680,9001,181800846,4
matmul_large_L20_r4,1789505604.9203072,112256.1251144,175.344,80,1680,9001,181826284,4
matmul_large_L20_r4,1789505604.9718318,112256.1767202,175.344,80,1680,9001,181826284,4
matmul_large_L20_r4,1789505605.0220215,112256.2269127,175.344,80,1680,9001,181852147,4
matmul_large_L20_r4,1789505605.0744028,112256.2792526,175.344,80,1680,9001,181852147,4
matmul_large_L20_r4,1789505605.1198347,112256.3245915,175.344,80,1680,9001,181879786,4
matmul_large_L20_r4,1789505605.1731193,112256.3782361,175.344,80,1680,9001,181879786,4
matmul_large_L20_r4,1789505605.219577,112256.4245154,174.705,79,1680,9001,181906918,4
matmul_large_L20_r4,1789505605.277024,112256.4819861,174.705,79,1680,9001,181906918,4
matmul_large_L20_r4,1789505605.318176,112256.5230211,174.705,79,1680,9001,181935744,4
matmul_large_L20_r4,1789505605.3690164,112256.5740823,174.705,79,1680,9001,181935744,4
matmul_large_L20_r4,1789505605.4239745,112256.6290417,174.705,79,1680,9001,181964714,4
matmul_large_L20_r4,1789505605.4709227,112256.675723,174.705,79,1680,9001,181964714,4
matmul_large_L20_r4,1789505605.5196395,112256.7245481,174.705,79,1680,9001,181991057,4
matmul_large_L20_r4,1789505605.5680263,112256.7728502,174.705,79,1680,9001,181991057,4
matmul_large_L20_r4,1789505605.6218133,112256.8268265,174.705,79,1680,9001,182016966,4
matmul_large_L20_r4,1789505605.6705363,112256.8753711,174.705,79,1680,9001,182016966,4
matmul_large_L20_r4,1789505605.7195277,112256.9243896,175.096,80,1680,9001,182042109,4
matmul_large_L20_r4,1789505605.7732348,112256.9781283,175.096,80,1680,9001,182042109,4
matmul_large_L20_r4,1789505605.8241613,112257.0288833,175.096,80,1680,9001,182068309,4
matmul_large_L20_r4,1789505605.8753397,112257.0800982,175.096,80,1680,9001,182068309,4
matmul_large_L20_r4,1789505605.926395,112257.1318469,175.096,80,1680,9001,182095690,4
matmul_large_L20_r4,1789505605.9674237,112257.1725585,175.096,80,1680,9001,182095690,4
matmul_large_L20_r4,1789505606.018317,112257.22316,175.096,80,1680,9001,182121523,4
matmul_large_L20_r4,1789505606.0699165,112257.2753532,175.096,80,1680,9001,182121523,4
matmul_large_L20_r4,1789505606.122218,112257.3271936,175.096,80,1680,9001,182147536,4
matmul_large_L20_r4,1789505606.171467,112257.3763338,175.096,80,1680,9001,182147536,4
matmul_large_L20_r4,1789505606.225786,112257.4307595,174.518,79,1680,9001,182173051,4
matmul_large_L20_r4,1789505606.2674625,112257.4727952,174.518,79,1680,9001,182173051,4
matmul_large_L20_r4,1789505606.3182757,112257.5232083,174.518,79,1680,9001,182197978,4
matmul_large_L20_r4,1789505606.3693178,112257.5740564,174.518,79,1680,9001,182197978,4
matmul_large_L20_r4,1789505606.4217608,112257.626632,174.518,79,1680,9001,182224020,4
matmul_large_L20_r4,1789505606.4710763,112257.6761496,174.518,79,1680,9001,182224020,4
matmul_large_L20_r4,1789505606.519937,112257.7247272,174.518,79,1680,9001,182250048,4
matmul_large_L20_r4,1789505606.5705416,112257.7753249,174.518,79,1680,9001,182250048,4
matmul_large_L20_r4,1789505606.6239412,112257.8289696,174.518,79,1680,9001,182276650,4
matmul_large_L20_r4,1789505606.6751616,112257.8800987,174.518,79,1680,9001,182276650,4
matmul_large_L20_r4,1789505606.7198927,112257.9249398,174.966,79,1695,9001,182304755,4
matmul_large_L20_r4,1789505606.7711797,112257.9760533,174.966,79,1695,9001,182304755,4
matmul_large_L20_r4,1789505606.8219364,112258.0270461,174.966,79,1695,9001,182330572,4
matmul_large_L20_r4,1789505606.8737674,112258.0787427,174.966,79,1695,9001,182330572,4
matmul_large_L20_r4,1789505606.9245567,112258.1295624,174.966,79,1695,9001,182357523,4
matmul_large_L20_r4,1789505606.9758358,112258.1809126,174.966,79,1695,9001,182357523,4
matmul_large_L20_r4,1789505607.0261543,112258.2309833,174.966,79,1695,9001,182385976,4
matmul_large_L20_r4,1789505607.0679893,112258.2728494,174.966,79,1695,9001,182385976,4
matmul_large_L20_r4,1789505607.12035,112258.3250248,174.966,79,1695,9001,182411486,4
matmul_large_L20_r4,1789505607.1718495,112258.3767375,174.966,79,1695,9001,182411486,4
matmul_large_L20_r4,1789505607.2230957,112258.4279634,174.578,79,1680,9001,182437329,4
matmul_large_L20_r4,1789505607.275946,112258.481192,174.578,79,1680,9001,182437329,4
matmul_large_L20_r4,1789505607.3167405,112258.5222174,174.578,79,1680,9001,182465071,4
matmul_large_L20_r4,1789505607.3680086,112258.5731593,174.578,79,1680,9001,182465071,4
matmul_large_L20_r4,1789505607.4196303,112258.6244994,174.578,79,1680,9001,182495556,4
matmul_large_L20_r4,1789505607.4711406,112258.6763425,174.578,79,1680,9001,182495556,4
matmul_large_L20_r4,1789505607.5204368,112258.7253261,174.578,79,1680,9001,182521451,4
matmul_large_L20_r4,1789505607.5702376,112258.7752114,174.578,79,1680,9001,182521451,4
matmul_large_L20_r4,1789505607.6197042,112258.8244942,174.578,79,1680,9001,182546692,4
matmul_large_L20_r4,1789505607.6719882,112258.8767134,174.578,79,1680,9001,182546692,4
matmul_large_L20_r4,1789505607.7199912,112258.9252779,174.586,79,1695,9001,182572700,4
matmul_large_L20_r4,1789505607.7713459,112258.9761634,174.586,79,1695,9001,182572700,4
matmul_large_L20_r4,1789505607.8224232,112259.0277293,174.586,79,1695,9001,182598912,4
matmul_large_L20_r4,1789505607.873783,112259.0787466,174.586,79,1695,9001,182598912,4
matmul_large_L20_r4,1789505607.9193442,112259.1242263,174.586,79,1695,9001,182625990,4
matmul_large_L20_r4,1789505607.9704497,112259.1751699,174.586,79,1695,9001,182625990,4
matmul_large_L20_r4,1789505608.0213008,112259.2261826,174.586,79,1695,9001,182652066,4
matmul_large_L20_r4,1789505608.072791,112259.2780676,174.586,79,1695,9001,182652066,4
matmul_large_L20_r4,1789505608.1233194,112259.3283179,174.586,79,1695,9001,182679583,4
matmul_large_L20_r4,1789505608.1802893,112259.3852107,174.586,79,1695,9001,182679583,4
matmul_large_L20_r4,1789505608.2218707,112259.4268264,174.164,79,1695,9001,182702812,4
matmul_large_L20_r4,1789505608.2710555,112259.4758788,174.164,79,1695,9001,182702812,4
matmul_large_L20_r4,1789505608.3220944,112259.5270397,174.164,79,1695,9001,182729742,4
matmul_large_L20_r4,1789505608.3729682,112259.5778662,174.164,79,1695,9001,182729742,4
matmul_large_L20_r4,1789505608.4260836,112259.6310769,174.164,79,1695,9001,182756645,4
matmul_large_L20_r4,1789505608.4758198,112259.6807014,174.164,79,1695,9001,182756645,4
matmul_large_L20_r4,1789505608.5237827,112259.7291749,174.164,79,1695,9001,182785767,4
matmul_large_L20_r4,1789505608.5695505,112259.7744843,174.164,79,1695,9001,182785767,4
matmul_large_L20_r4,1789505608.6212916,112259.8263365,174.164,79,1695,9001,182811821,4
matmul_large_L20_r4,1789505608.6755946,112259.8804603,174.164,79,1695,9001,182811821,4
matmul_large_L20_r4,1789505608.7192576,112259.9241208,174.738,80,1695,9001,182840664,4
matmul_large_L20_r4,1789505608.7708266,112259.9758414,174.738,80,1695,9001,182840664,4
matmul_large_L20_r4,1789505608.8228102,112260.0276619,174.738,80,1695,9001,182866487,4
matmul_large_L20_r4,1789505608.873953,112260.0787756,174.738,80,1695,9001,182866487,4
matmul_large_L20_r4,1789505608.9252827,112260.1302196,174.738,80,1695,9001,182893397,4
matmul_large_L20_r4,1789505608.9767034,112260.1815259,174.738,80,1695,9001,182893397,4
matmul_large_L20_r4,1789505609.0175838,112260.2227113,174.738,80,1695,9001,182922565,4
matmul_large_L20_r4,1789505609.069403,112260.2742878,174.738,80,1695,9001,182922565,4
matmul_large_L20_r4,1789505609.120984,112260.3260583,174.738,80,1695,9001,182947631,4
matmul_large_L20_r4,1789505609.173593,112260.3783509,174.738,80,1695,9001,182947631,4
matmul_large_L20_r4,1789505609.2178278,112260.4228713,174.375,79,1710,9001,182974479,4
matmul_large_L20_r4,1789505609.2752116,112260.4802253,174.375,79,1710,9001,182974479,4
matmul_large_L20_r4,1789505609.316877,112260.5220384,174.375,79,1710,9001,183002718,4
matmul_large_L20_r4,1789505609.3673308,112260.572624,174.375,79,1710,9001,183002718,4
matmul_large_L20_r4,1789505609.4193466,112260.6242621,174.375,79,1710,9001,183027282,4
matmul_large_L20_r4,1789505609.471745,112260.6765497,174.375,79,1710,9001,183027282,4
matmul_large_L20_r4,1789505609.52091,112260.7257752,174.375,79,1710,9001,183054255,4
matmul_large_L20_r4,1789505609.578365,112260.7835994,174.375,79,1710,9001,183054255,4
matmul_large_L20_r4,1789505609.6209505,112260.8260869,174.375,79,1710,9001,183077474,4
matmul_large_L20_r4,1789505609.6750622,112260.8799699,174.375,79,1710,9001,183077474,4
matmul_large_L20_r4,1789505609.7199209,112260.9252554,174.574,79,1710,9001,183105062,4
matmul_large_L20_r4,1789505609.7717779,112260.9769149,174.574,79,1710,9001,183105062,4
matmul_large_L20_r4,1789505609.8230615,112261.0278771,174.574,79,1710,9001,183131437,4
matmul_large_L20_r4,1789505609.874621,112261.079563,174.574,79,1710,9001,183131437,4
matmul_large_L20_r4,1789505609.927114,112261.1322194,174.574,79,1710,9001,183159715,4
matmul_large_L20_r4,1789505609.9675524,112261.1725911,174.574,79,1710,9001,183159715,4
matmul_large_L20_r4,1789505610.0193639,112261.2243948,174.574,79,1710,9001,183186481,4
matmul_large_L20_r4,1789505610.0714345,112261.2765855,174.574,79,1710,9001,183186481,4
matmul_large_L20_r4,1789505610.123204,112261.3282335,174.574,79,1710,9001,183213021,4
matmul_large_L20_r4,1789505610.1670458,112261.3723624,174.574,79,1710,9001,183213021,4
matmul_large_L20_r4,1789505610.2230775,112261.4280258,174.633,79,1710,9001,183238429,4
matmul_large_L20_r4,1789505610.279414,112261.4844127,174.633,79,1710,9001,183238429,4
matmul_large_L20_r4,1789505610.3202884,112261.5253511,174.633,79,1710,9001,183261631,4
matmul_large_L20_r4,1789505610.3720648,112261.5771362,174.633,79,1710,9001,183261631,4
matmul_large_L20_r4,1789505610.4235723,112261.6286799,174.633,79,1710,9001,183287719,4
matmul_large_L20_r4,1789505610.470847,112261.6756924,174.633,79,1710,9001,183287719,4
matmul_large_L20_r4,1789505610.5213382,112261.7261014,174.633,79,1710,9001,183314354,4
matmul_large_L20_r4,1789505610.5716293,112261.7765796,174.633,79,1710,9001,183314354,4
matmul_large_L20_r4,1789505610.619961,112261.8248687,174.633,79,1710,9001,183340725,4
matmul_large_L20_r4,1789505610.671456,112261.8767065,174.633,79,1710,9001,183340725,4
matmul_large_L20_r4,1789505610.719745,112261.924691,174.713,79,1680,9001,183367489,4
matmul_large_L20_r4,1789505610.772526,112261.9776437,174.713,79,1680,9001,183367489,4
matmul_large_L20_r4,1789505610.8238354,112262.029062,174.713,79,1680,9001,183395110,4
matmul_large_L20_r4,1789505610.8746827,112262.079683,174.713,79,1680,9001,183395110,4
matmul_large_L20_r4,1789505610.9258199,112262.1308803,174.713,79,1680,9001,183423662,4
matmul_large_L20_r4,1789505610.9676795,112262.1729049,174.713,79,1680,9001,183423662,4
matmul_large_L20_r4,1789505611.0196133,112262.2249009,174.713,79,1680,9001,183450071,4
matmul_large_L20_r4,1789505611.0710845,112262.2762612,174.713,79,1680,9001,183450071,4
matmul_large_L20_r4,1789505611.1251888,112262.3301682,174.713,79,1680,9001,183476646,4
matmul_large_L20_r4,1789505611.1673298,112262.3724234,174.713,79,1680,9001,183476646,4
matmul_large_L20_r4,1789505611.21975,112262.4247484,175.366,80,1695,9001,183502938,4
matmul_large_L20_r4,1789505611.280052,112262.4854937,175.366,80,1695,9001,183523091,4
matmul_large_L20_r4,1789505611.3240058,112262.5292711,175.366,80,1695,9001,183523091,4
matmul_large_L20_r4,1789505611.3699627,112262.5748023,175.366,80,1695,9001,183523091,4
matmul_large_L20_r4,1789505611.4212954,112262.6263859,175.366,80,1695,9001,183550013,4
matmul_large_L20_r4,1789505611.4725904,112262.6776072,175.366,80,1695,9001,183550013,4
matmul_large_L20_r4,1789505611.519233,112262.7242322,175.366,80,1695,9001,183577581,4
matmul_large_L20_r4,1789505611.570482,112262.7753433,175.366,80,1695,9001,183577581,4
matmul_large_L20_r4,1789505611.6238503,112262.8287965,175.366,80,1695,9001,183604816,4
matmul_large_L20_r4,1789505611.6674864,112262.8723899,175.366,80,1695,9001,183604816,4
matmul_large_L20_r4,1789505611.7208114,112262.9259798,174.869,79,1665,9001,183630860,4
matmul_large_L20_r4,1789505611.7732618,112262.9783883,174.869,79,1665,9001,183630860,4
matmul_large_L20_r4,1789505611.8252316,112263.0299822,174.869,79,1665,9001,183657985,4
matmul_large_L20_r4,1789505611.8672338,112263.0722159,174.869,79,1665,9001,183657985,4
matmul_large_L20_r4,1789505611.919157,112263.1247937,174.869,79,1665,9001,183683847,4
matmul_large_L20_r4,1789505611.970879,112263.1758112,174.869,79,1665,9001,183683847,4
matmul_large_L20_r4,1789505612.0225525,112263.2274639,174.869,79,1665,9001,183710051,4
matmul_large_L20_r4,1789505612.0733957,112263.2783496,174.869,79,1665,9001,183710051,4
matmul_large_L20_r4,1789505612.1255884,112263.3314015,174.869,79,1665,9001,183738058,4
matmul_large_L20_r4,1789505612.1733942,112263.3785883,174.869,79,1665,9001,183738058,4
matmul_large_L20_r4,1789505612.2241936,112263.4289301,175.374,79,1695,9001,183768095,4
matmul_large_L20_r4,1789505612.2706053,112263.4752549,175.374,79,1695,9001,183768095,4
matmul_large_L20_r4,1789505612.324825,112263.529668,175.374,79,1695,9001,183795171,4
matmul_large_L20_r4,1789505612.3763115,112263.5812224,175.374,79,1695,9001,183795171,4
matmul_large_L20_r4,1789505612.4274197,112263.6325486,175.374,79,1695,9001,183818820,4
matmul_large_L20_r4,1789505612.466872,112263.6724774,175.374,79,1695,9001,183818820,4
matmul_large_L20_r4,1789505612.5196939,112263.724712,175.374,79,1695,9001,183845685,4
matmul_large_L20_r4,1789505612.570445,112263.7752746,175.374,79,1695,9001,183845685,4
matmul_large_L20_r4,1789505612.6210296,112263.8258289,175.374,79,1695,9001,183872073,4
matmul_large_L20_r4,1789505612.671754,112263.8767982,175.374,79,1695,9001,183872073,4
matmul_large_L20_r4,1789505612.7220204,112263.9269707,174.734,79,1680,9001,183898885,4
matmul_large_L20_r4,1789505612.773584,112263.9786145,174.734,79,1680,9001,183898885,4
matmul_large_L20_r4,1789505612.824919,112264.0297629,174.734,79,1680,9001,183926460,4
matmul_large_L20_r4,1789505612.8772879,112264.082847,174.734,79,1680,9001,183926460,4
matmul_large_L20_r4,1789505612.918143,112264.1230215,174.734,79,1680,9001,183950244,4
matmul_large_L20_r4,1789505612.969559,112264.1748025,174.734,79,1680,9001,183950244,4
matmul_large_L20_r4,1789505613.0177248,112264.2225983,174.734,79,1680,9001,183977368,4
matmul_large_L20_r4,1789505613.0692706,112264.2742123,174.734,79,1680,9001,183977368,4
matmul_large_L20_r4,1789505613.1197028,112264.3249829,174.734,79,1680,9001,184003455,4
matmul_large_L20_r4,1789505613.170979,112264.3758648,174.734,79,1680,9001,184003455,4
matmul_large_L20_r4,1789505613.2219305,112264.4267879,175.017,79,1680,9001,184029899,4
matmul_large_L20_r4,1789505613.2737508,112264.478564,175.017,79,1680,9001,184029899,4
matmul_large_L20_r4,1789505613.3249035,112264.5299223,175.017,79,1680,9001,184057436,4
matmul_large_L20_r4,1789505613.3758278,112264.5807756,175.017,79,1680,9001,184057436,4
matmul_large_L20_r4,1789505613.4173787,112264.6228331,175.017,79,1680,9001,184081284,4
matmul_large_L20_r4,1789505613.4757957,112264.6806083,175.017,79,1680,9001,184081284,4
matmul_large_L20_r4,1789505613.5195487,112264.7245967,175.017,79,1680,9001,184103411,4
matmul_large_L20_r4,1789505613.5697153,112264.7746261,175.017,79,1680,9001,184103411,4
matmul_large_L20_r4,1789505613.6214457,112264.8264359,175.017,79,1680,9001,184129335,4
matmul_large_L20_r4,1789505613.6714754,112264.8766684,175.017,79,1680,9001,184129335,4
matmul_large_L20_r4,1789505613.7196805,112264.9244232,174.47,79,1680,9001,184157162,4
matmul_large_L20_r4,1789505613.7717283,112264.9772501,174.47,79,1680,9001,184157162,4
matmul_large_L20_r4,1789505613.82386,112265.0287191,174.47,79,1680,9001,184184097,4
matmul_large_L20_r4,1789505613.8770666,112265.0822,174.47,79,1680,9001,184184097,4
matmul_large_L20_r4,1789505613.9196048,112265.1248189,174.47,79,1680,9001,184207667,4
matmul_large_L20_r4,1789505613.9719582,112265.1768386,174.47,79,1680,9001,184207667,4
matmul_large_L20_r4,1789505614.0186868,112265.2236961,174.47,79,1680,9001,184234790,4
matmul_large_L20_r4,1789505614.0696156,112265.2747849,174.47,79,1680,9001,184234790,4
matmul_large_L20_r4,1789505614.121602,112265.3264451,174.47,79,1680,9001,184261275,4
matmul_large_L20_r4,1789505614.1718068,112265.3770023,174.47,79,1680,9001,184261275,4
matmul_large_L20_r4,1789505614.223702,112265.4286515,174.75,79,1680,9001,184288517,4
matmul_large_L20_r4,1789505614.2702703,112265.4751214,174.75,79,1680,9001,184288517,4
matmul_large_L20_r4,1789505614.3187165,112265.5238941,174.75,79,1680,9001,184315666,4
matmul_large_L20_r4,1789505614.3706877,112265.5756182,174.75,79,1680,9001,184315666,4
matmul_large_L20_r4,1789505614.422761,112265.6276587,174.75,79,1680,9001,184341953,4
matmul_large_L20_r4,1789505614.4699085,112265.6748217,174.75,79,1680,9001,184341953,4
matmul_large_L20_r4,1789505614.5189867,112265.7238566,174.75,79,1680,9001,184368632,4
matmul_large_L20_r4,1789505614.569693,112265.7745366,174.75,79,1680,9001,184368632,4
matmul_large_L20_r4,1789505614.6200597,112265.8248566,174.75,79,1680,9001,184394437,4
matmul_large_L20_r4,1789505614.6728797,112265.8778776,174.75,79,1680,9001,184394437,4
matmul_large_L20_r4,1789505614.7208893,112265.9257219,174.308,79,1680,9001,184421649,4
matmul_large_L20_r4,1789505614.7724862,112265.9772692,174.308,79,1680,9001,184421649,4
matmul_large_L20_r4,1789505614.8235636,112266.0285573,174.308,79,1680,9001,184448800,4
matmul_large_L20_r4,1789505614.8752756,112266.0802292,174.308,79,1680,9001,184448800,4
matmul_large_L20_r4,1789505614.917036,112266.1221007,174.308,79,1680,9001,184473235,4
matmul_large_L20_r4,1789505614.9689476,112266.1740754,174.308,79,1680,9001,184473235,4
matmul_large_L20_r4,1789505615.023863,112266.2295881,174.308,79,1680,9001,184499357,4
matmul_large_L20_r4,1789505615.0671902,112266.2723915,174.308,79,1680,9001,184499357,4
matmul_large_L20_r4,1789505615.118981,112266.3242514,174.308,79,1680,9001,184526483,4
matmul_large_L20_r4,1789505615.1671112,112266.3723456,174.308,79,1680,9001,184526483,4
matmul_large_L20_r4,1789505615.2192996,112266.4247495,174.413,79,1680,9001,184552475,4
matmul_large_L20_r4,1789505615.2738793,112266.4787931,174.413,79,1680,9001,184552475,4
matmul_large_L20_r4,1789505615.3223286,112266.5272077,174.413,79,1680,9001,184581001,4
matmul_large_L20_r4,1789505615.3725123,112266.57795,174.413,79,1680,9001,184581001,4
matmul_large_L20_r4,1789505615.4237068,112266.6286573,174.413,79,1680,9001,184609482,4
matmul_large_L20_r4,1789505615.478378,112266.6831315,174.413,79,1680,9001,184609482,4
matmul_large_L20_r4,1789505615.519919,112266.7249958,174.413,79,1680,9001,184633602,4
matmul_large_L20_r4,1789505615.56968,112266.7746168,174.413,79,1680,9001,184633602,4
matmul_large_L20_r4,1789505615.6192002,112266.8245778,174.413,79,1680,9001,184660407,4
matmul_large_L20_r4,1789505615.667844,112266.8726247,174.413,79,1680,9001,184660407,4
matmul_large_L20_r4,1789505615.7210166,112266.925909,174.432,79,1695,9001,184687097,4
matmul_large_L20_r4,1789505615.7714083,112266.976351,174.432,79,1695,9001,184687097,4
matmul_large_L20_r4,1789505615.8226147,112267.0274938,174.432,79,1695,9001,184715294,4
matmul_large_L20_r4,1789505615.8748605,112267.0798806,174.432,79,1695,9001,184715294,4
matmul_large_L20_r4,1789505615.926037,112267.1312637,174.432,79,1695,9001,184738880,4
matmul_large_L20_r4,1789505615.9672117,112267.1726891,174.432,79,1695,9001,184738880,4
matmul_large_L20_r4,1789505616.0182335,112267.2231577,174.432,79,1695,9001,184766840,4
matmul_large_L20_r4,1789505616.0746098,112267.279806,174.432,79,1695,9001,184766840,4
matmul_large_L20_r4,1789505616.1260724,112267.3309335,174.432,79,1695,9001,184789427,4
matmul_large_L20_r4,1789505616.1668577,112267.3728217,174.432,79,1695,9001,184789427,4
matmul_large_L20_r4,1789505616.217549,112267.4224461,174.105,79,1680,9001,184817128,4
matmul_large_L20_r4,1789505616.2679667,112267.4730086,174.105,79,1680,9001,184817128,4
matmul_large_L20_r4,1789505616.318498,112267.5236311,174.105,79,1680,9001,184843469,4
matmul_large_L20_r4,1789505616.3695285,112267.5747294,174.105,79,1680,9001,184843469,4
matmul_large_L20_r4,1789505616.420989,112267.6257981,174.105,79,1680,9001,184870732,4
matmul_large_L20_r4,1789505616.470598,112267.675744,174.105,79,1680,9001,184870732,4
matmul_large_L20_r4,1789505616.5201364,112267.7252103,174.105,79,1680,9001,184897896,4
matmul_large_L20_r4,1789505616.571285,112267.7762377,174.105,79,1680,9001,184897896,4
matmul_large_L20_r4,1789505616.6209414,112267.8259267,174.105,79,1680,9001,184924978,4
matmul_large_L20_r4,1789505616.670506,112267.8753277,174.105,79,1680,9001,184924978,4
matmul_large_L20_r4,1789505616.721843,112267.9274982,174.711,79,1680,9001,184952837,4
matmul_large_L20_r4,1789505616.773386,112267.9783494,174.711,79,1680,9001,184952837,4
matmul_large_L20_r4,1789505616.825632,112268.0304436,174.711,79,1680,9001,184981648,4
matmul_large_L20_r4,1789505616.86668,112268.0720542,174.711,79,1680,9001,184981648,4
matmul_large_L20_r4,1789505616.9184651,112268.1234155,174.711,79,1680,9001,185009608,4
matmul_large_L20_r4,1789505616.9700215,112268.1755522,174.711,79,1680,9001,185009608,4
matmul_large_L20_r4,1789505617.0221362,112268.2270633,174.711,79,1680,9001,185037975,4
matmul_large_L20_r4,1789505617.0716703,112268.2765911,174.711,79,1680,9001,185037975,4
matmul_large_L20_r4,1789505617.1236389,112268.3287761,174.711,79,1680,9001,185066300,4
matmul_large_L20_r4,1789505617.17085,112268.3756465,174.711,79,1680,9001,185066300,4
matmul_large_L20_r4,1789505617.2222328,112268.4270808,174.26,79,1680,9001,185094687,4
matmul_large_L20_r4,1789505617.2738752,112268.4786688,174.26,79,1680,9001,185094687,4
matmul_large_L20_r4,1789505617.3189888,112268.5238949,174.26,79,1680,9001,185123604,4
matmul_large_L20_r4,1789505617.3728976,112268.5778607,174.26,79,1680,9001,185123604,4
matmul_large_L20_r4,1789505617.4242706,112268.6293989,174.26,79,1680,9001,185151225,4
matmul_large_L20_r4,1789505617.4705374,112268.675265,174.26,79,1680,9001,185151225,4
matmul_large_L20_r4,1789505617.5198648,112268.724913,174.26,79,1680,9001,185179490,4
matmul_large_L20_r4,1789505617.5677311,112268.7726941,174.26,79,1680,9001,185179490,4
matmul_large_L20_r4,1789505617.6214383,112268.8264314,174.26,79,1680,9001,185205367,4
matmul_large_L20_r4,1789505617.6713805,112268.8762856,174.26,79,1680,9001,185205367,4
matmul_large_L20_r4,1789505617.7250342,112268.9299158,174.703,79,1680,9001,185233323,4
matmul_large_L20_r4,1789505617.7666173,112268.9720375,174.703,79,1680,9001,185233323,4
matmul_large_L20_r4,1789505617.8190532,112269.0239592,174.703,79,1680,9001,185261175,4
matmul_large_L20_r4,1789505617.8719065,112269.0767929,174.703,79,1680,9001,185261175,4
matmul_large_L20_r4,1789505617.923564,112269.1285711,174.703,79,1680,9001,185288980,4
matmul_large_L20_r4,1789505617.976607,112269.181593,174.703,79,1680,9001,185288980,4
matmul_large_L20_r4,1789505618.018063,112269.2229344,174.703,79,1680,9001,185313498,4
matmul_large_L20_r4,1789505618.0697038,112269.2759819,174.703,79,1680,9001,185313498,4
matmul_large_L20_r4,1789505618.1259432,112269.3310849,174.703,79,1680,9001,185340174,4
matmul_large_L20_r4,1789505618.17275,112269.377811,174.703,79,1680,9001,185340174,4
matmul_large_L20_r4,1789505618.2246485,112269.4294231,174.455,79,1680,9001,185370495,4
matmul_large_L20_r4,1789505618.2725337,112269.4773682,174.455,79,1680,9001,185370495,4
matmul_large_L20_r4,1789505618.3230605,112269.5278649,174.455,79,1680,9001,185399754,4
matmul_large_L20_r4,1789505618.374961,112269.5797979,174.455,79,1680,9001,185399754,4
matmul_large_L20_r4,1789505618.4253964,112269.6304771,174.455,79,1680,9001,185423029,4
matmul_large_L20_r4,1789505618.4673512,112269.6722337,174.455,79,1680,9001,185423029,4
matmul_large_L20_r4,1789505618.519064,112269.7239082,174.455,79,1680,9001,185450487,4
matmul_large_L20_r4,1789505618.5677211,112269.7724529,174.455,79,1680,9001,185450487,4
matmul_large_L20_r4,1789505618.62054,112269.8254325,174.455,79,1680,9001,185476193,4
matmul_large_L20_r4,1789505618.6779227,112269.8826427,174.455,79,1680,9001,185476193,4
matmul_large_L20_r4,1789505618.719527,112269.9243084,174.945,79,1695,9001,185499301,4
matmul_large_L20_r4,1789505618.7708416,112269.9757434,174.945,79,1695,9001,185499301,4
matmul_large_L20_r4,1789505618.821823,112270.0265931,174.945,79,1695,9001,185526422,4
matmul_large_L20_r4,1789505618.8730986,112270.0778474,174.945,79,1695,9001,185526422,4
matmul_large_L20_r4,1789505618.924818,112270.1296505,174.945,79,1695,9001,185555514,4
matmul_large_L20_r4,1789505618.9752035,112270.1800001,174.945,79,1695,9001,185555514,4
matmul_large_L20_r4,1789505619.0257998,112270.2305113,174.945,79,1695,9001,185579792,4
matmul_large_L20_r4,1789505619.0670285,112270.2722625,174.945,79,1695,9001,185579792,4
matmul_large_L20_r4,1789505619.1215503,112270.3263848,174.945,79,1695,9001,185607417,4
matmul_large_L20_r4,1789505619.1732323,112270.3780009,174.945,79,1695,9001,185607417,4
matmul_large_L20_r4,1789505619.224161,112270.4289372,174.396,79,1680,9001,185636032,4
matmul_large_L20_r4,1789505619.2701235,112270.4750188,174.396,79,1680,9001,185636032,4
matmul_large_L20_r4,1789505619.3214626,112270.5264262,174.396,79,1680,9001,185664392,4
matmul_large_L20_r4,1789505619.3721735,112270.5770371,174.396,79,1680,9001,185664392,4
matmul_large_L20_r4,1789505619.424206,112270.6289975,174.396,79,1680,9001,185692650,4
matmul_large_L20_r4,1789505619.4712348,112270.6760351,174.396,79,1680,9001,185692650,4
matmul_large_L20_r4,1789505619.519083,112270.7241427,174.396,79,1680,9001,185721862,4
matmul_large_L20_r4,1789505619.5688736,112270.7736413,174.396,79,1680,9001,185721862,4
matmul_large_L20_r4,1789505619.6227245,112270.8276135,174.396,79,1680,9001,185748275,4
matmul_large_L20_r4,1789505619.667364,112270.8724076,174.396,79,1680,9001,185748275,4
matmul_large_L20_r4,1789505619.7211978,112270.9262009,175.175,79,1710,9001,185775431,4
matmul_large_L20_r4,1789505619.7732651,112270.9780594,175.175,79,1710,9001,185775431,4
matmul_large_L20_r4,1789505619.8245974,112271.0294755,175.175,79,1710,9001,185804858,4
matmul_large_L20_r4,1789505619.8760176,112271.0807819,175.175,79,1710,9001,185804858,4
matmul_large_L20_r4,1789505619.9281461,112271.1329213,175.175,79,1710,9001,185829603,4
matmul_large_L20_r4,1789505619.9691231,112271.1739113,175.175,79,1710,9001,185829603,4
matmul_large_L20_r4,1789505620.0196364,112271.2243758,175.175,79,1710,9001,185859029,4
matmul_large_L20_r4,1789505620.0697956,112271.2745036,175.175,79,1710,9001,185859029,4
matmul_large_L20_r4,1789505620.1235926,112271.3284785,175.175,79,1710,9001,185886373,4
matmul_large_L20_r4,1789505620.1673877,112271.372391,175.175,79,1710,9001,185886373,4
matmul_large_L20_r4,1789505620.2189,112271.4236583,174.323,79,1710,9001,185914081,4
matmul_large_L20_r4,1789505620.2699409,112271.4747135,174.323,79,1710,9001,185914081,4
matmul_large_L20_r4,1789505620.3265283,112271.5313247,174.323,79,1710,9001,185940598,4
matmul_large_L20_r4,1789505620.3674147,112271.5721997,174.323,79,1710,9001,185940598,4
matmul_large_L20_r4,1789505620.4184258,112271.62312,174.323,79,1710,9001,185969118,4
matmul_large_L20_r4,1789505620.469546,112271.6745008,174.323,79,1710,9001,185969118,4
matmul_large_L20_r4,1789505620.5191414,112271.7239758,174.323,79,1710,9001,185996212,4
matmul_large_L20_r4,1789505620.5737932,112271.7788886,174.323,79,1710,9001,185996212,4
matmul_large_L20_r4,1789505620.6213942,112271.8260631,174.323,79,1710,9001,186019039,4
matmul_large_L20_r4,1789505620.6785507,112271.8833989,174.323,79,1710,9001,186040021,4
matmul_large_L20_r4,1789505620.7194698,112271.924184,175.064,79,1695,9001,186040021,4
matmul_large_L20_r4,1789505620.7710607,112271.9759719,175.064,79,1695,9001,186040021,4
matmul_large_L20_r4,1789505620.8226876,112272.0273968,175.064,79,1695,9001,186068935,4
matmul_large_L20_r4,1789505620.8737226,112272.0784775,175.064,79,1695,9001,186068935,4
matmul_large_L20_r4,1789505620.9255698,112272.1305196,175.064,79,1695,9001,186092958,4
matmul_large_L20_r4,1789505620.9771087,112272.1818439,175.064,79,1695,9001,186092958,4
matmul_large_L20_r4,1789505621.0185483,112272.2233305,175.064,79,1695,9001,186117716,4
matmul_large_L20_r4,1789505621.0709684,112272.2757931,175.064,79,1695,9001,186117716,4
matmul_large_L20_r4,1789505621.1256235,112272.3304514,175.064,79,1695,9001,186144551,4
matmul_large_L20_r4,1789505621.167149,112272.3722805,175.064,79,1695,9001,186144551,4
matmul_large_L20_r4,1789505621.2192438,112272.4241229,174.755,79,1680,9001,186173093,4
matmul_large_L20_r4,1789505621.2704756,112272.475421,174.755,79,1680,9001,186173093,4
matmul_large_L20_r4,1789505621.3217103,112272.5265869,174.755,79,1680,9001,186200325,4
matmul_large_L20_r4,1789505621.3733573,112272.5781048,174.755,79,1680,9001,186200325,4
matmul_large_L20_r4,1789505621.4241676,112272.6289737,174.755,79,1680,9001,186230026,4
matmul_large_L20_r4,1789505621.469882,112272.6746056,174.755,79,1680,9001,186230026,4
matmul_large_L20_r4,1789505621.5190132,112272.7237691,174.755,79,1680,9001,186259399,4
matmul_large_L20_r4,1789505621.5740452,112272.778695,174.755,79,1680,9001,186259399,4
matmul_large_L20_r4,1789505621.6188602,112272.8237975,174.755,79,1680,9001,186282402,4
matmul_large_L20_r4,1789505621.6737194,112272.8786007,174.755,79,1680,9001,186282402,4
matmul_large_L20_r4,1789505621.7267246,112272.9315828,174.803,79,1680,9001,186304997,4
matmul_large_L20_r4,1789505621.7672403,112272.9724609,174.803,79,1680,9001,186304997,4
matmul_large_L20_r4,1789505621.8186777,112273.023593,174.803,79,1680,9001,186333706,4
matmul_large_L20_r4,1789505621.8698926,112273.0747032,174.803,79,1680,9001,186333706,4
matmul_large_L20_r4,1789505621.9206774,112273.1254965,174.803,79,1680,9001,186360544,4
matmul_large_L20_r4,1789505621.9725327,112273.1774122,174.803,79,1680,9001,186360544,4
matmul_large_L20_r4,1789505622.0240993,112273.2288903,174.803,79,1680,9001,186389191,4
matmul_large_L20_r4,1789505622.0758297,112273.2806844,174.803,79,1680,9001,186389191,4
matmul_large_L20_r4,1789505622.1264138,112273.3312906,174.803,79,1680,9001,186413437,4
matmul_large_L20_r4,1789505622.1684153,112273.3731355,174.803,79,1680,9001,186413437,4
matmul_large_L20_r4,1789505622.21959,112273.4243996,174.476,79,1680,9001,186442575,4
matmul_large_L20_r4,1789505622.2699223,112273.4746446,174.476,79,1680,9001,186442575,4
matmul_large_L20_r4,1789505622.325587,112273.5303827,174.476,79,1680,9001,186469869,4
matmul_large_L20_r4,1789505622.3666096,112273.5721778,174.476,79,1680,9001,186469869,4
matmul_large_L20_r4,1789505622.4268682,112273.631699,174.476,79,1680,9001,186498937,4
matmul_large_L20_r4,1789505622.474133,112273.678964,174.476,79,1680,9001,186498937,4
matmul_large_L20_r4,1789505622.5195081,112273.7242657,174.476,79,1680,9001,186525198,4
matmul_large_L20_r4,1789505622.5758996,112273.7807177,174.476,79,1680,9001,186525198,4
matmul_large_L20_r4,1789505622.6192596,112273.8240015,174.476,79,1680,9001,186548325,4
matmul_large_L20_r4,1789505622.6701927,112273.8749222,174.476,79,1680,9001,186548325,4
matmul_large_L20_r4,1789505622.7195122,112273.9242326,174.766,79,1680,9001,186575335,4
matmul_large_L20_r4,1789505622.770714,112273.9754747,174.766,79,1680,9001,186575335,4
matmul_large_L20_r4,1789505622.8227565,112274.0276501,174.766,79,1680,9001,186602907,4
matmul_large_L20_r4,1789505622.8738952,112274.078711,174.766,79,1680,9001,186602907,4
matmul_large_L20_r4,1789505622.9253314,112274.1300872,174.766,79,1680,9001,186626925,4
matmul_large_L20_r4,1789505622.9768872,112274.1819019,174.766,79,1680,9001,186649274,4
matmul_large_L20_r4,1789505623.0181782,112274.2229276,174.766,79,1680,9001,186649274,4
matmul_large_L20_r4,1789505623.069435,112274.2744712,174.766,79,1680,9001,186649274,4
matmul_large_L20_r4,1789505623.1209066,112274.3256424,174.766,79,1680,9001,186676256,4
matmul_large_L20_r4,1789505623.1712964,112274.3760692,174.766,79,1680,9001,186676256,4
matmul_large_L20_r4,1789505623.2231982,112274.4279765,174.602,79,1680,9001,186704662,4
matmul_large_L20_r4,1789505623.2746594,112274.4794027,174.602,79,1680,9001,186704662,4
matmul_large_L20_r4,1789505623.3240519,112274.5289058,174.602,79,1680,9001,186729470,4
matmul_large_L20_r4,1789505623.3740067,112274.5788616,174.602,79,1680,9001,186729470,4
matmul_large_L20_r4,1789505623.4250813,112274.6299015,174.602,79,1680,9001,186754543,4
matmul_large_L20_r4,1789505623.4715915,112274.6763881,174.602,79,1680,9001,186754543,4
matmul_large_L20_r4,1789505623.5190427,112274.7237838,174.602,79,1680,9001,186785092,4
matmul_large_L20_r4,1789505623.5778844,112274.7825711,174.602,79,1680,9001,186805361,4
matmul_large_L20_r4,1789505623.6194215,112274.8243622,174.602,79,1680,9001,186805361,4
matmul_large_L20_r4,1789505623.6742673,112274.8789715,174.602,79,1680,9001,186805361,4
matmul_large_L20_r4,1789505623.720546,112274.9253947,174.726,79,1680,9001,186828495,4
matmul_large_L20_r4,1789505623.7721608,112274.9771779,174.726,79,1680,9001,186828495,4
matmul_large_L20_r4,1789505623.824106,112275.0288513,174.726,79,1680,9001,186851302,4
matmul_large_L20_r4,1789505623.8754466,112275.0802051,174.726,79,1680,9001,186851302,4
matmul_large_L20_r4,1789505623.9266324,112275.1315456,174.726,79,1680,9001,186875686,4
matmul_large_L20_r4,1789505623.9680808,112275.1727744,174.726,79,1680,9001,186875686,4
matmul_large_L20_r4,1789505624.0194135,112275.2242491,174.726,79,1680,9001,186905237,4
matmul_large_L20_r4,1789505624.0707116,112275.2755532,174.726,79,1680,9001,186905237,4
matmul_large_L0.5_r3,1789505632.0520103,112283.2614755,174.587,80,1680,9001,188316184,4
matmul_large_L0.5_r3,1789505632.1138093,112283.3186088,174.587,80,1680,9001,188336224,4
matmul_large_L0.5_r3,1789505632.1647398,112283.369587,174.587,80,1680,9001,188336224,4
matmul_large_L0.5_r3,1789505632.2066,112283.4120238,174.491,80,1680,9001,188365308,4
matmul_large_L0.5_r3,1789505632.2584827,112283.4632242,174.491,80,1680,9001,188365308,4
matmul_large_L0.5_r3,1789505632.3109407,112283.5157325,174.491,80,1680,9001,188393302,4
matmul_large_L0.5_r3,1789505632.3571272,112283.5618715,174.491,80,1680,9001,188393302,4
matmul_large_L0.5_r3,1789505632.4088929,112283.6137321,174.491,80,1680,9001,188416057,4
matmul_large_L0.5_r3,1789505632.460185,112283.6650223,174.491,80,1680,9001,188416057,4
matmul_large_L0.5_r3,1789505632.5091143,112283.7139519,174.491,80,1680,9001,188445696,4
matmul_large_L0.5_r3,1789505632.5622969,112283.7670059,174.491,80,1680,9001,188445696,4
matmul_large_L10_r3,1789505640.5309916,112291.739242,174.535,80,1680,9001,189857369,4
matmul_large_L10_r3,1789505640.585805,112291.7906826,174.535,80,1680,9001,189877755,4
matmul_large_L10_r3,1789505640.638971,112291.8438956,174.535,80,1680,9001,189877755,4
matmul_large_L10_r3,1789505640.6924827,112291.8973303,174.94,80,1680,9001,189905954,4
matmul_large_L10_r3,1789505640.7423656,112291.9472569,174.94,80,1680,9001,189905954,4
matmul_large_L10_r3,1789505640.786525,112291.991497,174.94,80,1680,9001,189932141,4
matmul_large_L10_r3,1789505640.8399148,112292.0449112,174.94,80,1680,9001,189932141,4
matmul_large_L10_r3,1789505640.8914852,112292.096458,174.94,80,1680,9001,189961004,4
matmul_large_L10_r3,1789505640.943228,112292.1482944,174.94,80,1680,9001,189961004,4
matmul_large_L10_r3,1789505640.9856334,112292.1907993,174.94,80,1680,9001,189987671,4
matmul_large_L10_r3,1789505641.0385613,112292.2434621,174.94,80,1680,9001,189987671,4
matmul_large_L10_r3,1789505641.0902572,112292.2952724,174.94,80,1680,9001,190015788,4
matmul_large_L10_r3,1789505641.1423712,112292.34746,174.94,80,1680,9001,190015788,4
matmul_large_L10_r3,1789505641.1879086,112292.3929035,174.94,80,1680,9001,190041890,4
matmul_large_L10_r3,1789505641.238999,112292.4441862,174.595,80,1680,9001,190041890,4
matmul_large_L10_r3,1789505641.289952,112292.4951948,174.595,80,1680,9001,190066762,4
matmul_large_L10_r3,1789505641.3388534,112292.5440713,174.595,80,1680,9001,190066762,4
matmul_large_L10_r3,1789505641.3871157,112292.5920335,174.595,80,1680,9001,190092287,4
matmul_large_L10_r3,1789505641.4393828,112292.6444129,174.595,80,1680,9001,190092287,4
matmul_large_L10_r3,1789505641.4869115,112292.6918483,174.595,80,1680,9001,190117105,4
matmul_large_L10_r3,1789505641.540386,112292.7450765,174.595,80,1680,9001,190117105,4
matmul_large_L10_r3,1789505641.5868077,112292.7915947,174.595,80,1680,9001,190142562,4
matmul_large_L10_r3,1789505641.6414008,112292.846235,174.595,80,1680,9001,190142562,4
matmul_large_L10_r3,1789505641.696841,112292.901918,175.124,80,1680,9001,190172287,4
matmul_large_L10_r3,1789505641.7427034,112292.9477303,175.124,80,1680,9001,190172287,4
matmul_large_L10_r3,1789505641.7845678,112292.9897338,175.124,80,1680,9001,190200488,4
matmul_large_L10_r3,1789505641.8360376,112293.0409698,175.124,80,1680,9001,190200488,4
matmul_large_L10_r3,1789505641.8900833,112293.0950776,175.124,80,1680,9001,190227214,4
matmul_large_L10_r3,1789505641.9421268,112293.1471272,175.124,80,1680,9001,190227214,4
matmul_large_L10_r3,1789505641.994113,112293.1989985,175.124,80,1680,9001,190253518,4
matmul_large_L10_r3,1789505642.0351865,112293.2400842,175.124,80,1680,9001,190253518,4
matmul_large_L10_r3,1789505642.0871356,112293.2921097,175.124,80,1680,9001,190277678,4
matmul_large_L10_r3,1789505642.1390212,112293.3442878,175.124,80,1680,9001,190277678,4
matmul_large_L10_r3,1789505642.194334,112293.4004052,174.645,80,1710,9001,190302911,4
matmul_large_L10_r3,1789505642.241207,112293.4462592,174.645,80,1710,9001,190302911,4
matmul_large_L10_r3,1789505642.2921343,112293.4976461,174.645,80,1710,9001,190330661,4
matmul_large_L10_r3,1789505642.3404076,112293.5452271,174.645,80,1710,9001,190330661,4
matmul_large_L10_r3,1789505642.3915768,112293.5962248,174.645,80,1710,9001,190357049,4
matmul_large_L10_r3,1789505642.4343884,112293.6401344,174.645,80,1710,9001,190357049,4
matmul_large_L10_r3,1789505642.4915373,112293.6964298,174.645,80,1710,9001,190380325,4
matmul_large_L10_r3,1789505642.5416667,112293.7465674,174.645,80,1710,9001,190380325,4
matmul_large_L10_r3,1789505642.5950096,112293.7998881,174.645,80,1710,9001,190407241,4
matmul_large_L10_r3,1789505642.6431668,112293.8480332,174.645,80,1710,9001,190407241,4
matmul_large_L10_r3,1789505642.688263,112293.8930332,174.645,80,1710,9001,190435043,4
matmul_large_L10_r3,1789505642.7398677,112293.9448948,174.391,80,1695,9001,190435043,4
matmul_large_L10_r3,1789505642.7914839,112293.9964807,174.391,80,1695,9001,190461433,4
matmul_large_L10_r3,1789505642.8351934,112294.0403121,174.391,80,1695,9001,190461433,4
matmul_large_L10_r3,1789505642.885429,112294.0903611,174.391,80,1695,9001,190484925,4
matmul_large_L10_r3,1789505642.9375381,112294.1426454,174.391,80,1695,9001,190484925,4
matmul_large_L10_r3,1789505642.9896302,112294.1947347,174.391,80,1695,9001,190511582,4
matmul_large_L10_r3,1789505643.0441554,112294.2494357,174.391,80,1695,9001,190511582,4
matmul_large_L10_r3,1789505643.0868146,112294.2917816,174.391,80,1695,9001,190538915,4
matmul_large_L10_r3,1789505643.1370986,112294.3419675,174.391,80,1695,9001,190538915,4
matmul_large_L10_r3,1789505643.1919405,112294.3970197,174.97,80,1695,9001,190564399,4
matmul_large_L10_r3,1789505643.2340276,112294.4396146,174.97,80,1695,9001,190564399,4
matmul_large_L10_r3,1789505643.2856765,112294.4906132,174.97,80,1695,9001,190588265,4
matmul_large_L10_r3,1789505643.336614,112294.5412555,174.97,80,1695,9001,190588265,4
matmul_large_L10_r3,1789505643.3853116,112294.5900892,174.97,80,1695,9001,190614166,4
matmul_large_L10_r3,1789505643.4363968,112294.6412263,174.97,80,1695,9001,190614166,4
matmul_large_L10_r3,1789505643.4870136,112294.6918399,174.97,80,1695,9001,190641477,4
matmul_large_L10_r3,1789505643.539827,112294.7446806,174.97,80,1695,9001,190641477,4
matmul_large_L10_r3,1789505643.5865898,112294.7914268,174.97,80,1695,9001,190667336,4
matmul_large_L10_r3,1789505643.6411164,112294.8460557,174.97,80,1695,9001,190667336,4
matmul_large_L10_r3,1789505643.684817,112294.8902059,174.97,80,1695,9001,190693184,4
matmul_large_L10_r3,1789505643.741416,112294.94628,174.3,80,1680,9001,190693184,4
matmul_large_L10_r3,1789505643.792864,112294.9977664,174.3,80,1680,9001,190720364,4
matmul_large_L10_r3,1789505643.844478,112295.0492947,174.3,80,1680,9001,190720364,4
matmul_large_L10_r3,1789505643.886085,112295.090868,174.3,80,1680,9001,190748646,4
matmul_large_L10_r3,1789505643.9377925,112295.1426557,174.3,80,1680,9001,190748646,4
matmul_large_L10_r3,1789505643.989677,112295.1945743,174.3,80,1680,9001,190775590,4
matmul_large_L10_r3,1789505644.041607,112295.2466795,174.3,80,1680,9001,190775590,4
matmul_large_L10_r3,1789505644.09352,112295.2984149,174.3,80,1680,9001,190802000,4
matmul_large_L10_r3,1789505644.1348543,112295.3397932,174.3,80,1680,9001,190802000,4
matmul_large_L10_r3,1789505644.186803,112295.3915544,174.3,80,1680,9001,190826937,4
matmul_large_L10_r3,1789505644.2444224,112295.449163,175.414,80,1680,9001,190826937,4
matmul_large_L10_r3,1789505644.2854404,112295.4902646,175.414,80,1680,9001,190854030,4
matmul_large_L10_r3,1789505644.350823,112295.5556603,175.414,80,1680,9001,190854030,4
matmul_large_L10_r3,1789505644.3923569,112295.5973566,175.414,80,1680,9001,190878041,4
matmul_large_L10_r3,1789505644.4438324,112295.648795,175.414,80,1680,9001,190878041,4
matmul_large_L10_r3,1789505644.4926422,112295.6974407,175.414,80,1680,9001,190905717,4
matmul_large_L10_r3,1789505644.540727,112295.7455114,175.414,80,1680,9001,190905717,4
matmul_large_L10_r3,1789505644.5862017,112295.7910174,175.414,80,1680,9001,190931957,4
matmul_large_L10_r3,1789505644.6426105,112295.847456,175.414,80,1680,9001,190931957,4
matmul_large_L10_r3,1789505644.698824,112295.9037657,174.652,79,1680,9001,190962488,4
matmul_large_L10_r3,1789505644.741162,112295.9461819,174.652,79,1680,9001,190962488,4
matmul_large_L10_r3,1789505644.7921321,112295.9969645,174.652,79,1680,9001,190990648,4
matmul_large_L10_r3,1789505644.8432648,112296.0480939,174.652,79,1680,9001,190990648,4
matmul_large_L10_r3,1789505644.8941312,112296.0990143,174.652,79,1680,9001,191018079,4
matmul_large_L10_r3,1789505644.9348197,112296.1398051,174.652,79,1680,9001,191018079,4
matmul_large_L10_r3,1789505644.9861555,112296.1908256,174.652,79,1680,9001,191042499,4
matmul_large_L10_r3,1789505645.0377896,112296.242465,174.652,79,1680,9001,191042499,4
matmul_large_L10_r3,1789505645.08797,112296.2927396,174.652,79,1680,9001,191071411,4
matmul_large_L10_r3,1789505645.138911,112296.3436544,174.652,79,1680,9001,191071411,4
matmul_large_L10_r3,1789505645.1898117,112296.3947446,174.652,79,1680,9001,191097651,4
matmul_large_L10_r3,1789505645.2386556,112296.4434997,175.151,80,1680,9001,191097651,4
matmul_large_L10_r3,1789505645.2906866,112296.4955672,175.151,80,1680,9001,191122311,4
matmul_large_L10_r3,1789505645.3401513,112296.5449187,175.151,80,1680,9001,191122311,4
matmul_large_L10_r3,1789505645.3951402,112296.5998913,175.151,80,1680,9001,191147867,4
matmul_large_L10_r3,1789505645.4357252,112296.640758,175.151,80,1680,9001,191147867,4
matmul_large_L10_r3,1789505645.4908063,112296.6957345,175.151,80,1680,9001,191173690,4
matmul_large_L10_r3,1789505645.5398283,112296.7445409,175.151,80,1680,9001,191173690,4
matmul_large_L10_r3,1789505645.5906658,112296.7954434,175.151,80,1680,9001,191199946,4
matmul_large_L10_r3,1789505645.6407173,112296.8454813,175.151,80,1680,9001,191199946,4
matmul_large_L10_r3,1789505645.6869779,112296.8919848,175.151,80,1680,9001,191225736,4
matmul_large_L10_r3,1789505645.7435145,112296.9483148,174.386,80,1680,9001,191225736,4
matmul_large_L10_r3,1789505645.785206,112296.9901228,174.386,80,1680,9001,191253814,4
matmul_large_L10_r3,1789505645.8353012,112297.0402228,174.386,80,1680,9001,191253814,4
matmul_large_L10_r3,1789505645.886509,112297.0913621,174.386,80,1680,9001,191281396,4
matmul_large_L10_r3,1789505645.9376955,112297.1425237,174.386,80,1680,9001,191281396,4
matmul_large_L10_r3,1789505645.9890544,112297.1938587,174.386,80,1680,9001,191307178,4
matmul_large_L10_r3,1789505646.0406861,112297.2455417,174.386,80,1680,9001,191307178,4
matmul_large_L10_r3,1789505646.0914721,112297.2962375,174.386,80,1680,9001,191333511,4
matmul_large_L10_r3,1789505646.1429963,112297.3481793,174.386,80,1680,9001,191333511,4
matmul_large_L10_r3,1789505646.194674,112297.3994656,174.74,80,1680,9001,191361120,4
matmul_large_L10_r3,1789505646.2377863,112297.4425048,174.74,80,1680,9001,191361120,4
matmul_large_L10_r3,1789505646.2888536,112297.4936978,174.74,80,1680,9001,191386955,4
matmul_large_L10_r3,1789505646.3401005,112297.5449082,174.74,80,1680,9001,191386955,4
matmul_large_L10_r3,1789505646.389297,112297.5940889,174.74,80,1680,9001,191412759,4
matmul_large_L10_r3,1789505646.43995,112297.6447215,174.74,80,1680,9001,191412759,4
matmul_large_L10_r3,1789505646.485023,112297.68982,174.74,80,1680,9001,191438555,4
matmul_large_L10_r3,1789505646.5414684,112297.7462888,174.74,80,1680,9001,191438555,4
matmul_large_L10_r3,1789505646.5910919,112297.7960434,174.74,80,1680,9001,191466263,4
matmul_large_L10_r3,1789505646.6411417,112297.8460491,174.74,80,1680,9001,191466263,4
matmul_large_L10_r3,1789505646.6916218,112297.8963372,174.74,80,1680,9001,191492515,4
matmul_large_L10_r3,1789505646.7398381,112297.9447221,174.328,80,1680,9001,191492515,4
matmul_large_L10_r3,1789505646.7911632,112297.9959706,174.328,80,1680,9001,191519293,4
matmul_large_L10_r3,1789505646.8413668,112298.0461339,174.328,80,1680,9001,191519293,4
matmul_large_L10_r3,1789505646.8920648,112298.0969524,174.328,80,1680,9001,191546236,4
matmul_large_L10_r3,1789505646.9432838,112298.1480953,174.328,80,1680,9001,191546236,4
matmul_large_L10_r3,1789505646.9889805,112298.1938475,174.328,80,1680,9001,191574687,4
matmul_large_L10_r3,1789505647.040395,112298.2450755,174.328,80,1680,9001,191574687,4
matmul_large_L10_r3,1789505647.0917478,112298.2965902,174.328,80,1680,9001,191600784,4
matmul_large_L10_r3,1789505647.1438167,112298.3487487,174.328,80,1680,9001,191600784,4
matmul_large_L10_r3,1789505647.1949394,112298.3996783,174.774,80,1680,9001,191629135,4
matmul_large_L10_r3,1789505647.2423444,112298.4471866,174.774,80,1680,9001,191629135,4
matmul_large_L10_r3,1789505647.2932699,112298.4979664,174.774,80,1680,9001,191657412,4
matmul_large_L10_r3,1789505647.3351853,112298.539955,174.774,80,1680,9001,191657412,4
matmul_large_L10_r3,1789505647.3893707,112298.5943056,174.774,80,1680,9001,191681992,4
matmul_large_L10_r3,1789505647.4400363,112298.6447205,174.774,80,1680,9001,191681992,4
matmul_large_L10_r3,1789505647.490168,112298.6949876,174.774,80,1680,9001,191707700,4
matmul_large_L10_r3,1789505647.5413408,112298.7460712,174.774,80,1680,9001,191707700,4
matmul_large_L10_r3,1789505647.5902767,112298.7951841,174.774,80,1680,9001,191734916,4
matmul_large_L10_r3,1789505647.6399462,112298.8448021,174.774,80,1680,9001,191734916,4
matmul_large_L10_r3,1789505647.6903796,112298.8951732,174.774,80,1680,9001,191760686,4
matmul_large_L10_r3,1789505647.7397726,112298.9446089,174.206,79,1710,9001,191760686,4
matmul_large_L10_r3,1789505647.7907207,112298.9954479,174.206,79,1710,9001,191787229,4
matmul_large_L10_r3,1789505647.8414397,112299.0462073,174.206,79,1710,9001,191787229,4
matmul_large_L10_r3,1789505647.8932693,112299.0979818,174.206,79,1710,9001,191814339,4
matmul_large_L10_r3,1789505647.9430342,112299.1477208,174.206,79,1710,9001,191814339,4
matmul_large_L10_r3,1789505647.9961193,112299.2009246,174.206,79,1710,9001,191842689,4
matmul_large_L10_r3,1789505648.0382597,112299.2429526,174.206,79,1710,9001,191842689,4
matmul_large_L10_r3,1789505648.0883355,112299.293034,174.206,79,1710,9001,191870200,4
matmul_large_L10_r3,1789505648.139664,112299.3446057,174.206,79,1710,9001,191870200,4
matmul_large_L10_r3,1789505648.190727,112299.3955156,174.206,79,1710,9001,191895884,4
matmul_large_L10_r3,1789505648.2474053,112299.4521208,174.118,80,1680,9001,191895884,4
matmul_large_L10_r3,1789505648.2886558,112299.4936209,174.118,80,1680,9001,191917963,4
matmul_large_L10_r3,1789505648.3395967,112299.544456,174.118,80,1680,9001,191917963,4
matmul_large_L10_r3,1789505648.393735,112299.5984801,174.118,80,1680,9001,191943932,4
matmul_large_L10_r3,1789505648.4352252,112299.6400523,174.118,80,1680,9001,191943932,4
matmul_large_L10_r3,1789505648.4914503,112299.6962768,174.118,80,1680,9001,191969212,4
matmul_large_L10_r3,1789505648.5395045,112299.7442898,174.118,80,1680,9001,191969212,4
matmul_large_L10_r3,1789505648.5915518,112299.7962446,174.118,80,1680,9001,191995434,4
matmul_large_L10_r3,1789505648.6395538,112299.8442523,174.118,80,1680,9001,191995434,4
matmul_large_L10_r3,1789505648.6869245,112299.8916738,174.118,80,1680,9001,192022086,4
matmul_large_L10_r3,1789505648.740712,112299.9454635,174.774,80,1710,9001,192022086,4
matmul_large_L10_r3,1789505648.7924275,112299.9971169,174.774,80,1710,9001,192049888,4
matmul_large_L10_r3,1789505648.8427832,112300.0475296,174.774,80,1710,9001,192049888,4
matmul_large_L10_r3,1789505648.8937426,112300.0984752,174.774,80,1710,9001,192078222,4
matmul_large_L10_r3,1789505648.945028,112300.1497126,174.774,80,1710,9001,192078222,4
matmul_large_L10_r3,1789505648.9855127,112300.1903939,174.774,80,1710,9001,192101185,4
matmul_large_L10_r3,1789505649.03958,112300.2444169,174.774,80,1710,9001,192101185,4
matmul_large_L10_r3,1789505649.0912526,112300.2960051,174.774,80,1710,9001,192127162,4
matmul_large_L10_r3,1789505649.1422641,112300.347157,174.774,80,1710,9001,192127162,4
matmul_large_L10_r3,1789505649.194092,112300.3989664,174.551,80,1680,9001,192155246,4
matmul_large_L10_r3,1789505649.246081,112300.4509449,174.551,80,1680,9001,192155246,4
matmul_large_L10_r3,1789505649.2869005,112300.4917164,174.551,80,1680,9001,192178923,4
matmul_large_L10_r3,1789505649.3386571,112300.5436846,174.551,80,1680,9001,192178923,4
matmul_large_L10_r3,1789505649.390912,112300.595758,174.551,80,1680,9001,192205088,4
matmul_large_L10_r3,1789505649.4415355,112300.6463349,174.551,80,1680,9001,192205088,4
matmul_large_L10_r3,1789505649.4863408,112300.6912879,174.551,80,1680,9001,192232380,4
matmul_large_L10_r3,1789505649.5448987,112300.7496336,174.551,80,1680,9001,192232380,4
matmul_large_L10_r3,1789505649.5859811,112300.7908606,174.551,80,1680,9001,192254304,4
matmul_large_L10_r3,1789505649.6419492,112300.8469511,174.551,80,1680,9001,192254304,4
matmul_large_L10_r3,1789505649.6945589,112300.8996445,175.291,80,1710,9001,192281876,4
matmul_large_L10_r3,1789505649.739634,112300.9444011,175.291,80,1710,9001,192281876,4
matmul_large_L10_r3,1789505649.7897732,112300.9946018,175.291,80,1710,9001,192308766,4
matmul_large_L10_r3,1789505649.8408632,112301.0456574,175.291,80,1710,9001,192308766,4
matmul_large_L10_r3,1789505649.892496,112301.0973315,175.291,80,1710,9001,192335132,4
matmul_large_L10_r3,1789505649.9335334,112301.1392663,175.291,80,1710,9001,192335132,4
matmul_large_L10_r3,1789505649.98446,112301.1896033,175.291,80,1710,9001,192360314,4
matmul_large_L10_r3,1789505650.0376582,112301.2424409,175.291,80,1710,9001,192360314,4
matmul_large_L10_r3,1789505650.08833,112301.2931698,175.291,80,1710,9001,192385766,4
matmul_large_L10_r3,1789505650.1389797,112301.3439854,175.291,80,1710,9001,192385766,4
matmul_large_L10_r3,1789505650.1911387,112301.3959346,175.291,80,1710,9001,192412579,4
matmul_large_L10_r3,1789505650.235825,112301.4406121,174.829,80,1680,9001,192412579,4
matmul_large_L10_r3,1789505650.2913163,112301.4960625,174.829,80,1680,9001,192437653,4
matmul_large_L10_r3,1789505650.342701,112301.5474286,174.829,80,1680,9001,192437653,4
matmul_large_L10_r3,1789505650.3867867,112301.5915556,174.829,80,1680,9001,192465613,4
matmul_large_L10_r3,1789505650.4375627,112301.642312,174.829,80,1680,9001,192465613,4
matmul_large_L10_r3,1789505650.4899507,112301.6947475,174.829,80,1680,9001,192490737,4
matmul_large_L10_r3,1789505650.5355422,112301.7402548,174.829,80,1680,9001,192490737,4
matmul_large_L10_r3,1789505650.585679,112301.7904463,174.829,80,1680,9001,192515649,4
matmul_large_L10_r3,1789505650.6429634,112301.8477627,174.829,80,1680,9001,192515649,4
matmul_large_L10_r3,1789505650.6986284,112301.9034386,174.93,80,1695,9001,192543301,4
matmul_large_L10_r0,1789505658.7001803,112309.9049347,166.032,80,1635,9001,193941398,4
matmul_large_L10_r0,1789505658.7575073,112309.9624111,166.032,80,1635,9001,193941398,4
matmul_large_L10_r0,1789505658.8074942,112310.0123281,166.032,80,1635,9001,193972668,4
matmul_large_L10_r0,1789505658.85746,112310.0622721,166.032,80,1635,9001,193972668,4
matmul_large_L10_r0,1789505658.9024518,112310.1070918,166.032,80,1635,9001,194000406,4
matmul_large_L10_r0,1789505658.9515166,112310.1562375,166.032,80,1635,9001,194000406,4
matmul_large_L10_r0,1789505659.006468,112310.211172,166.032,80,1635,9001,194027472,4
matmul_large_L10_r0,1789505659.0564742,112310.2612367,166.032,80,1635,9001,194027472,4
matmul_large_L10_r0,1789505659.1117628,112310.3165051,166.032,80,1635,9001,194054498,4
matmul_large_L10_r0,1789505659.1521344,112310.3570792,166.032,80,1635,9001,194054498,4
matmul_large_L10_r0,1789505659.201385,112310.4061399,170.422,80,1665,9001,194073918,4
matmul_large_L10_r0,1789505659.2557626,112310.4605146,170.422,80,1665,9001,194073918,4
matmul_large_L10_r0,1789505659.3074577,112310.5121803,170.422,80,1665,9001,194103151,4
matmul_large_L10_r0,1789505659.3573732,112310.5620653,170.422,80,1665,9001,194103151,4
matmul_large_L10_r0,1789505659.4032454,112310.6081259,170.422,80,1665,9001,194128244,4
matmul_large_L10_r0,1789505659.4531693,112310.6579165,170.422,80,1665,9001,194128244,4
matmul_large_L10_r0,1789505659.5029743,112310.7076842,170.422,80,1665,9001,194157219,4
matmul_large_L10_r0,1789505659.5525193,112310.7572593,170.422,80,1665,9001,194157219,4
matmul_large_L10_r0,1789505659.603463,112310.8081959,170.422,80,1665,9001,194185677,4
matmul_large_L10_r0,1789505659.656665,112310.8614656,170.422,80,1665,9001,194185677,4
matmul_large_L10_r0,1789505659.7090204,112310.9137538,174.71,81,1680,9001,194216229,4
matmul_large_L10_r0,1789505659.7590618,112310.9637826,174.71,81,1680,9001,194216229,4
matmul_large_L10_r0,1789505659.8095884,112311.0144028,174.71,81,1680,9001,194241971,4
matmul_large_L10_r0,1789505659.8506005,112311.0552826,174.71,81,1680,9001,194241971,4
matmul_large_L10_r0,1789505659.9016032,112311.1063645,174.71,81,1680,9001,194264783,4
matmul_large_L10_r0,1789505659.9522786,112311.1569626,174.71,81,1680,9001,194264783,4
matmul_large_L10_r0,1789505660.0032082,112311.2079515,174.71,81,1680,9001,194291293,4
matmul_large_L10_r0,1789505660.0538487,112311.2585723,174.71,81,1680,9001,194291293,4
matmul_large_L10_r0,1789505660.1043875,112311.3091937,174.71,81,1680,9001,194320557,4
matmul_large_L10_r0,1789505660.1544719,112311.3592827,174.71,81,1680,9001,194339947,4
matmul_large_L10_r0,1789505660.2347455,112311.4400368,174.71,81,1680,9001,194339947,4
matmul_large_L10_r0,1789505660.2946253,112311.4993268,174.397,81,1680,9001,194361251,4
matmul_large_L10_r0,1789505660.3356004,112311.5407775,174.397,81,1680,9001,194361251,4
matmul_large_L10_r0,1789505660.3864489,112311.5912054,174.397,81,1680,9001,194388106,4
matmul_large_L10_r0,1789505660.437289,112311.642079,174.397,81,1680,9001,194388106,4
matmul_large_L10_r0,1789505660.4860864,112311.6909401,174.397,81,1680,9001,194413313,4
matmul_large_L10_r0,1789505660.5386252,112311.7433587,174.397,81,1680,9001,194413313,4
matmul_large_L10_r0,1789505660.595147,112311.8001606,174.397,81,1680,9001,194439082,4
matmul_large_L10_r0,1789505660.6403973,112311.8452886,174.397,81,1680,9001,194439082,4
matmul_large_L10_r0,1789505660.6865892,112311.8915343,174.397,81,1680,9001,194468213,4
matmul_large_L10_r0,1789505660.738496,112311.9433084,174.844,81,1680,9001,194468213,4
matmul_large_L10_r0,1789505660.7932074,112311.9980784,174.844,81,1680,9001,194494044,4
matmul_large_L10_r0,1789505660.8437233,112312.0484756,174.844,81,1680,9001,194494044,4
matmul_large_L10_r0,1789505660.8941276,112312.0988434,174.844,81,1680,9001,194524558,4
matmul_large_L10_r0,1789505660.9347413,112312.1401223,174.844,81,1680,9001,194524558,4
matmul_large_L10_r0,1789505660.985787,112312.1910422,174.844,81,1680,9001,194549310,4
matmul_large_L10_r0,1789505661.0376203,112312.2423495,174.844,81,1680,9001,194549310,4
matmul_large_L10_r0,1789505661.0879734,112312.2927005,174.844,81,1680,9001,194574806,4
matmul_large_L10_r0,1789505661.139282,112312.3440131,174.844,81,1680,9001,194574806,4
matmul_large_L10_r0,1789505661.190254,112312.3950231,174.844,81,1680,9001,194601398,4
matmul_large_L10_r0,1789505661.2403467,112312.4451383,174.878,81,1785,9001,194601398,4
matmul_large_L10_r0,1789505661.2932546,112312.497949,174.878,81,1785,9001,194628796,4
matmul_large_L10_r0,1789505661.344668,112312.5494481,174.878,81,1785,9001,194628796,4
matmul_large_L10_r0,1789505661.3865938,112312.5913204,174.878,81,1785,9001,194651885,4
matmul_large_L10_r0,1789505661.437647,112312.6423904,174.878,81,1785,9001,194651885,4
matmul_large_L10_r0,1789505661.4902704,112312.6950242,174.878,81,1785,9001,194677659,4
matmul_large_L10_r0,1789505661.5388293,112312.7436494,174.878,81,1785,9001,194677659,4
matmul_large_L10_r0,1789505661.5902226,112312.79504,174.878,81,1785,9001,194703578,4
matmul_large_L10_r0,1789505661.6398532,112312.8446254,174.878,81,1785,9001,194703578,4
matmul_large_L10_r0,1789505661.6862955,112312.8909789,174.878,81,1785,9001,194730917,4
matmul_large_L10_r0,1789505661.7399237,112312.9446032,174.632,81,1680,9001,194730917,4
matmul_large_L10_r0,1789505661.7852664,112312.9903947,174.632,81,1680,9001,194758225,4
matmul_large_L10_r0,1789505661.8376355,112313.0424637,174.632,81,1680,9001,194758225,4
matmul_large_L10_r0,1789505661.888387,112313.0931855,174.632,81,1680,9001,194784257,4
matmul_large_L10_r0,1789505661.9395525,112313.1442867,174.632,81,1680,9001,194784257,4
matmul_large_L10_r0,1789505661.9859774,112313.1906763,174.632,81,1680,9001,194810097,4
matmul_large_L10_r0,1789505662.0365305,112313.2413324,174.632,81,1680,9001,194810097,4
matmul_large_L10_r0,1789505662.0872302,112313.2919996,174.632,81,1680,9001,194834825,4
matmul_large_L10_r0,1789505662.138342,112313.3431666,174.632,81,1680,9001,194834825,4
matmul_large_L10_r0,1789505662.189316,112313.3940309,174.632,81,1680,9001,194860410,4
matmul_large_L10_r0,1789505662.2400892,112313.4448581,173.752,81,1695,9001,194860410,4
matmul_large_L10_r0,1789505662.2893074,112313.4940163,173.752,81,1695,9001,194887563,4
matmul_large_L10_r0,1789505662.3418868,112313.5467181,173.752,81,1695,9001,194887563,4
matmul_large_L10_r0,1789505662.388676,112313.5934748,173.752,81,1695,9001,194915046,4
matmul_large_L10_r0,1789505662.4426088,112313.6473171,173.752,81,1695,9001,194915046,4
matmul_large_L10_r0,1789505662.486141,112313.6909072,173.752,81,1695,9001,194942902,4
matmul_large_L10_r0,1789505662.537521,112313.7423216,173.752,81,1695,9001,194942902,4
matmul_large_L10_r0,1789505662.5901225,112313.7948261,173.752,81,1695,9001,194969374,4
matmul_large_L10_r0,1789505662.6402166,112313.8450289,173.752,81,1695,9001,194969374,4
matmul_large_L10_r0,1789505662.6905334,112313.8952797,173.752,81,1695,9001,194996748,4
matmul_large_L10_r0,1789505662.740521,112313.9452344,174.688,81,1710,9001,194996748,4
matmul_large_L10_r0,1789505662.7913308,112313.9961332,174.688,81,1710,9001,195024333,4
matmul_large_L10_r0,1789505662.8419771,112314.0466853,174.688,81,1710,9001,195024333,4
matmul_large_L10_r0,1789505662.8861685,112314.0908404,174.688,81,1710,9001,195053150,4
matmul_large_L10_r0,1789505662.9363346,112314.1412024,174.688,81,1710,9001,195053150,4
matmul_large_L10_r0,1789505662.990296,112314.1950963,174.688,81,1710,9001,195079408,4
matmul_large_L10_r0,1789505663.0396752,112314.2443476,174.688,81,1710,9001,195079408,4
matmul_large_L10_r0,1789505663.0897167,112314.2944788,174.688,81,1710,9001,195106185,4
matmul_large_L10_r0,1789505663.1437898,112314.3484888,174.688,81,1710,9001,195106185,4
matmul_large_L10_r0,1789505663.1915188,112314.3963912,174.688,81,1710,9001,195129055,4
matmul_large_L10_r0,1789505663.2422557,112314.4469832,174.497,81,1695,9001,195129055,4
matmul_large_L10_r0,1789505663.2890792,112314.4938592,174.497,81,1695,9001,195157730,4
matmul_large_L10_r0,1789505663.3407147,112314.5455003,174.497,81,1695,9001,195157730,4
matmul_large_L10_r0,1789505663.3855398,112314.5903023,174.497,81,1695,9001,195184981,4
matmul_large_L10_r0,1789505663.4390612,112314.6437717,174.497,81,1695,9001,195184981,4
matmul_large_L10_r0,1789505663.4927058,112314.6974157,174.497,81,1695,9001,195211398,4
matmul_large_L10_r0,1789505663.5393114,112314.7440346,174.497,81,1695,9001,195211398,4
matmul_large_L10_r0,1789505663.5902867,112314.7950088,174.497,81,1695,9001,195239118,4
matmul_large_L10_r0,1789505663.6395812,112314.8443772,174.497,81,1695,9001,195239118,4
matmul_large_L10_r0,1789505663.698212,112314.902926,174.497,81,1695,9001,195266698,4
matmul_large_L10_r0,1789505663.7354426,112314.940681,174.185,81,1695,9001,195266698,4
matmul_large_L10_r0,1789505663.7857106,112314.9904502,174.185,81,1695,9001,195293990,4
matmul_large_L10_r0,1789505663.836726,112315.041505,174.185,81,1695,9001,195293990,4
matmul_large_L10_r0,1789505663.8886523,112315.0933402,174.185,81,1695,9001,195319286,4
matmul_large_L10_r0,1789505663.9429116,112315.1476683,174.185,81,1695,9001,195319286,4
matmul_large_L10_r0,1789505663.9993615,112315.2042179,174.185,81,1695,9001,195347487,4
matmul_large_L10_r0,1789505664.0411112,112315.2459744,174.185,81,1695,9001,195347487,4
matmul_large_L10_r0,1789505664.0925417,112315.2973278,174.185,81,1695,9001,195379234,4
matmul_large_L10_r0,1789505664.143711,112315.3484905,174.185,81,1695,9001,195379234,4
matmul_large_L10_r0,1789505664.1953757,112315.4002638,174.185,81,1695,9001,195402510,4
matmul_large_L10_r0,1789505664.2438684,112315.4487404,174.642,81,1680,9001,195402510,4
matmul_large_L10_r0,1789505664.2929056,112315.4977139,174.642,81,1680,9001,195427331,4
matmul_large_L10_r0,1789505664.344424,112315.5491574,174.642,81,1680,9001,195427331,4
matmul_large_L10_r0,1789505664.396084,112315.6008266,174.642,81,1680,9001,195450560,4
matmul_large_L10_r0,1789505664.4372616,112315.6420349,174.642,81,1680,9001,195450560,4
matmul_large_L10_r0,1789505664.4865088,112315.691372,174.642,81,1680,9001,195479470,4
matmul_large_L10_r0,1789505664.5431788,112315.7478986,174.642,81,1680,9001,195479470,4
matmul_large_L10_r0,1789505664.5904438,112315.7952857,174.642,81,1680,9001,195501429,4
matmul_large_L10_r0,1789505664.6397808,112315.8444647,174.642,81,1680,9001,195501429,4
matmul_large_L10_r0,1789505664.690755,112315.8955436,174.642,81,1680,9001,195529240,4
matmul_large_L10_r0,1789505664.7391624,112315.9439025,174.805,82,1680,9001,195529240,4
matmul_large_L10_r0,1789505664.7907064,112315.9954385,174.805,82,1680,9001,195556566,4
matmul_large_L10_r0,1789505664.842147,112316.0468842,174.805,82,1680,9001,195556566,4
matmul_large_L10_r0,1789505664.8937325,112316.0985048,174.805,82,1680,9001,195585447,4
matmul_large_L10_r0,1789505664.9349582,112316.1403034,174.805,82,1680,9001,195585447,4
matmul_large_L10_r0,1789505664.9923398,112316.1971027,174.805,82,1680,9001,195612390,4
matmul_large_L10_r0,1789505665.0450988,112316.2498428,174.805,82,1680,9001,195612390,4
matmul_large_L10_r0,1789505665.0867689,112316.2916081,174.805,82,1680,9001,195636041,4
matmul_large_L10_r0,1789505665.1385565,112316.343343,174.805,82,1680,9001,195636041,4
matmul_large_L10_r0,1789505665.1903205,112316.3950837,174.805,82,1680,9001,195662367,4
matmul_large_L10_r0,1789505665.2419665,112316.4468148,174.729,81,1680,9001,195662367,4
matmul_large_L10_r0,1789505665.293665,112316.4983689,174.729,81,1680,9001,195691309,4
matmul_large_L10_r0,1789505665.3346043,112316.5401559,174.729,81,1680,9001,195691309,4
matmul_large_L10_r0,1789505665.385382,112316.5909611,174.729,81,1680,9001,195717350,4
matmul_large_L10_r0,1789505665.4358175,112316.6408455,174.729,81,1680,9001,195717350,4
matmul_large_L10_r0,1789505665.496871,112316.7017193,174.729,81,1680,9001,195742546,4
matmul_large_L10_r0,1789505665.5363827,112316.7411552,174.729,81,1680,9001,195742546,4
matmul_large_L10_r0,1789505665.5861015,112316.7909939,174.729,81,1680,9001,195771199,4
matmul_large_L10_r0,1789505665.6392329,112316.8440148,174.729,81,1680,9001,195771199,4
matmul_large_L10_r0,1789505665.6932147,112316.8979788,174.729,81,1680,9001,195798169,4
matmul_large_L10_r0,1789505665.7452621,112316.9500111,174.84,81,1680,9001,195798169,4
matmul_large_L10_r0,1789505665.7865188,112316.9912927,174.84,81,1680,9001,195821757,4
matmul_large_L10_r0,1789505665.8364952,112317.0412557,174.84,81,1680,9001,195821757,4
matmul_large_L10_r0,1789505665.8874104,112317.0922701,174.84,81,1680,9001,195847195,4
matmul_large_L10_r0,1789505665.9380004,112317.1427015,174.84,81,1680,9001,195847195,4
matmul_large_L10_r0,1789505665.9893157,112317.1942392,174.84,81,1680,9001,195873208,4
matmul_large_L10_r0,1789505666.0396328,112317.244522,174.84,81,1680,9001,195873208,4
matmul_large_L10_r0,1789505666.0939887,112317.2986573,174.84,81,1680,9001,195900816,4
matmul_large_L10_r0,1789505666.1450448,112317.3498634,174.84,81,1680,9001,195900816,4
matmul_large_L10_r0,1789505666.1864014,112317.3911799,174.84,81,1680,9001,195924891,4
matmul_large_L10_r0,1789505666.2369804,112317.4417712,174.547,82,1710,9001,195924891,4
matmul_large_L10_r0,1789505666.2880642,112317.4928792,174.547,82,1710,9001,195950808,4
matmul_large_L10_r0,1789505666.3389978,112317.5437901,174.547,82,1710,9001,195950808,4
matmul_large_L10_r0,1789505666.3960552,112317.6008541,174.547,82,1710,9001,195977272,4
matmul_large_L10_r0,1789505666.4369912,112317.6417505,174.547,82,1710,9001,195977272,4
matmul_large_L10_r0,1789505666.4939353,112317.6986238,174.547,82,1710,9001,196006404,4
matmul_large_L10_r0,1789505666.539992,112317.7447437,174.547,82,1710,9001,196006404,4
matmul_large_L10_r0,1789505666.5861094,112317.7908658,174.547,82,1710,9001,196034657,4
matmul_large_L10_r0,1789505666.6388252,112317.8435165,174.547,82,1710,9001,196034657,4
matmul_large_L10_r0,1789505666.686836,112317.8915689,174.547,82,1710,9001,196061526,4
matmul_large_L10_r0,1789505666.7391388,112317.9438465,174.745,81,1680,9001,196061526,4
matmul_large_L10_r0,1789505666.7911515,112317.9959074,174.745,81,1680,9001,196088231,4
matmul_large_L10_r0,1789505666.842634,112318.0473603,174.745,81,1680,9001,196088231,4
matmul_large_L10_r0,1789505666.8945777,112318.0993276,174.745,81,1680,9001,196111613,4
matmul_large_L10_r0,1789505666.935568,112318.1402463,174.745,81,1680,9001,196111613,4
matmul_large_L10_r0,1789505666.9874146,112318.1922268,174.745,81,1680,9001,196138245,4
matmul_large_L10_r0,1789505667.0388548,112318.2436606,174.745,81,1680,9001,196138245,4
matmul_large_L10_r0,1789505667.0950475,112318.2997512,174.745,81,1680,9001,196165008,4
matmul_large_L10_r0,1789505667.138554,112318.343439,174.745,81,1680,9001,196165008,4
matmul_large_L10_r0,1789505667.1907635,112318.3955531,174.745,81,1680,9001,196194326,4
matmul_large_L10_r0,1789505667.241981,112318.4467098,174.75,81,1680,9001,196194326,4
matmul_large_L10_r0,1789505667.2876585,112318.4924562,174.75,81,1680,9001,196223901,4
matmul_large_L10_r0,1789505667.338547,112318.543241,174.75,81,1680,9001,196223901,4
matmul_large_L10_r0,1789505667.399669,112318.6043719,174.75,81,1680,9001,196250392,4
matmul_large_L10_r0,1789505667.4401386,112318.6448901,174.75,81,1680,9001,196250392,4
matmul_large_L10_r0,1789505667.4901893,112318.6949012,174.75,81,1680,9001,196282698,4
matmul_large_L10_r0,1789505667.5395143,112318.7442319,174.75,81,1680,9001,196282698,4
matmul_large_L10_r0,1789505667.5861773,112318.7910331,174.75,81,1680,9001,196310736,4
matmul_large_L10_r0,1789505667.646809,112318.8516636,174.75,81,1680,9001,196310736,4
matmul_large_L10_r0,1789505667.685664,112318.8905713,174.75,81,1680,9001,196332696,4
matmul_large_L10_r0,1789505667.7410874,112318.9458036,174.6,81,1680,9001,196332696,4
matmul_large_L10_r0,1789505667.7921214,112318.9968528,174.6,81,1680,9001,196360257,4
matmul_large_L10_r0,1789505667.842923,112319.047678,174.6,81,1680,9001,196360257,4
matmul_large_L10_r0,1789505667.8958237,112319.100664,174.6,81,1680,9001,196384105,4
matmul_large_L10_r0,1789505667.9372895,112319.1420765,174.6,81,1680,9001,196384105,4
matmul_large_L10_r0,1789505667.9891055,112319.1938647,174.6,81,1680,9001,196413302,4
matmul_large_L10_r0,1789505668.0399437,112319.244694,174.6,81,1680,9001,196413302,4
matmul_large_L10_r0,1789505668.0967305,112319.3014805,174.6,81,1680,9001,196441307,4
matmul_large_L10_r0,1789505668.1377394,112319.3425484,174.6,81,1680,9001,196441307,4
matmul_large_L10_r0,1789505668.1857498,112319.3904467,174.6,81,1680,9001,196471118,4
matmul_large_L10_r0,1789505668.2396271,112319.4443193,174.6,81,1680,9001,196471118,4
matmul_large_L10_r0,1789505668.289652,112319.4943243,174.6,81,1680,9001,196498259,4
matmul_large_L10_r0,1789505668.3423636,112319.5470958,174.6,81,1680,9001,196498259,4
matmul_large_L10_r0,1789505668.3897455,112319.5945249,174.6,81,1680,9001,196520749,4
matmul_large_L10_r0,1789505668.44156,112319.6462748,174.6,81,1680,9001,196520749,4
matmul_large_L10_r0,1789505668.4900548,112319.6947748,174.6,81,1680,9001,196549924,4
matmul_large_L10_r0,1789505668.5386093,112319.7433227,174.6,81,1680,9001,196549924,4
matmul_large_L10_r0,1789505668.5938303,112319.7985242,174.6,81,1680,9001,196577168,4
matmul_large_L10_r0,1789505668.639776,112319.8445325,174.6,81,1680,9001,196577168,4
matmul_large_L10_r0,1789505668.6937628,112319.8986342,174.6,81,1680,9001,196607530,4
matmul_large_L10_r0,1789505668.740331,112319.9450821,174.625,81,1680,9001,196607530,4
matmul_large_L10_r0,1789505668.7908392,112319.9956214,174.625,81,1680,9001,196635988,4
matmul_large_L10_r0,1789505668.8422992,112320.0472315,174.625,81,1680,9001,196635988,4
matmul_large_L10_r0,1789505668.8934505,112320.0982485,174.625,81,1680,9001,196659541,4
matmul_large_L5_r4,1789505676.9077628,112328.1137578,174.741,81,1680,9001,198067271,4
matmul_large_L5_r4,1789505676.964704,112328.169441,174.741,81,1680,9001,198088753,4
matmul_large_L5_r4,1789505677.010429,112328.2151746,174.741,81,1680,9001,198088753,4
matmul_large_L5_r4,1789505677.061216,112328.2660307,174.741,81,1680,9001,198112100,4
matmul_large_L5_r4,1789505677.1128888,112328.3178194,174.741,81,1680,9001,198112100,4
matmul_large_L5_r4,1789505677.165047,112328.3699934,174.741,81,1680,9001,198135839,4
matmul_large_L5_r4,1789505677.2177963,112328.4225351,174.741,81,1680,9001,198135839,4
matmul_large_L5_r4,1789505677.2687159,112328.4733769,174.782,81,1680,9001,198161869,4
matmul_large_L5_r4,1789505677.312104,112328.5169569,174.782,81,1680,9001,198161869,4
matmul_large_L5_r4,1789505677.3640308,112328.5688328,174.782,81,1680,9001,198185732,4
matmul_large_L5_r4,1789505677.4126046,112328.6174892,174.782,81,1680,9001,198185732,4
matmul_large_L5_r4,1789505677.463786,112328.6686157,174.782,81,1680,9001,198209762,4
matmul_large_L5_r4,1789505677.5186803,112328.7233416,174.782,81,1680,9001,198209762,4
matmul_large_L5_r4,1789505677.559893,112328.7647401,174.782,81,1680,9001,198209762,4
matmul_large_L5_r4,1789505677.6192827,112328.8241113,174.782,81,1680,9001,198238915,4
matmul_large_L5_r4,1789505677.6595721,112328.864376,174.782,81,1680,9001,198238915,4
matmul_large_L5_r4,1789505677.7166014,112328.9213624,174.782,81,1680,9001,198261210,4
matmul_large_L5_r4,1789505677.7680957,112328.9728104,174.637,81,1680,9001,198285695,4
matmul_large_L5_r4,1789505677.809341,112329.0145561,174.637,81,1680,9001,198285695,4
matmul_large_L5_r4,1789505677.8609366,112329.0656581,174.637,81,1680,9001,198309416,4
matmul_large_L5_r4,1789505677.9124675,112329.1174104,174.637,81,1680,9001,198309416,4
matmul_large_L5_r4,1789505677.964591,112329.1693361,174.637,81,1680,9001,198333435,4
matmul_large_L5_r4,1789505678.0121298,112329.2168371,174.637,81,1680,9001,198333435,4
matmul_large_L5_r4,1789505678.0636632,112329.2683748,174.637,81,1680,9001,198357221,4
matmul_large_L5_r4,1789505678.114966,112329.3196655,174.637,81,1680,9001,198357221,4
matmul_large_L5_r4,1789505678.166655,112329.3713795,174.637,81,1680,9001,198381994,4
matmul_large_L5_r4,1789505678.2180648,112329.4229007,174.637,81,1680,9001,198381994,4
matmul_large_L5_r4,1789505678.2612834,112329.4660971,174.436,81,1680,9001,198408440,4
matmul_large_L5_r4,1789505678.3120277,112329.5167352,174.436,81,1680,9001,198408440,4
matmul_large_L5_r4,1789505678.3628557,112329.567617,174.436,81,1680,9001,198431875,4
matmul_large_L5_r4,1789505678.4121282,112329.6169175,174.436,81,1680,9001,198431875,4
matmul_large_L5_r4,1789505678.4603727,112329.6653205,174.436,81,1680,9001,198455570,4
matmul_large_L5_r4,1789505678.5162845,112329.7211958,174.436,81,1680,9001,198455570,4
matmul_large_L5_r4,1789505678.5598464,112329.7646259,174.436,81,1680,9001,198455570,4
matmul_large_L5_r4,1789505678.608477,112329.814035,174.436,81,1680,9001,198484025,4
matmul_large_L5_r4,1789505678.6595173,112329.8643709,174.436,81,1680,9001,198484025,4
matmul_large_L5_r4,1789505678.7184832,112329.9233585,174.436,81,1680,9001,198508977,4
matmul_large_L5_r4,1789505678.7592926,112329.9642592,174.234,81,1710,9001,198508977,4
matmul_large_L5_r4,1789505678.8187332,112330.0234461,174.234,81,1710,9001,198537381,4
matmul_large_L5_r4,1789505678.8598826,112330.0647094,174.234,81,1710,9001,198556722,4
matmul_large_L5_r4,1789505678.911343,112330.1161101,174.234,81,1710,9001,198556722,4
matmul_large_L5_r4,1789505678.9631639,112330.1679507,174.234,81,1710,9001,198580166,4
matmul_large_L5_r4,1789505679.017657,112330.222508,174.234,81,1710,9001,198580166,4
matmul_large_L5_r4,1789505679.0590632,112330.2642989,174.234,81,1710,9001,198606196,4
matmul_large_L5_r4,1789505679.110095,112330.3149672,174.234,81,1710,9001,198606196,4
matmul_large_L5_r4,1789505679.161238,112330.3660993,174.234,81,1710,9001,198629212,4
matmul_large_L5_r4,1789505679.2123976,112330.4173119,174.234,81,1710,9001,198629212,4
matmul_large_L5_r4,1789505679.2635274,112330.4682887,174.581,81,1680,9001,198653020,4
matmul_large_L5_r4,1789505679.3157685,112330.5206126,174.581,81,1680,9001,198653020,4
matmul_large_L5_r4,1789505679.367638,112330.5724391,174.581,81,1680,9001,198678315,4
matmul_large_L5_r4,1789505679.4167972,112330.6216022,174.581,81,1680,9001,198678315,4
matmul_large_L5_r4,1789505679.4644823,112330.6693643,174.581,81,1680,9001,198705071,4
matmul_large_L5_r4,1789505679.520901,112330.7260397,174.581,81,1680,9001,198705071,4
matmul_large_L5_r4,1789505679.5623493,112330.7670723,174.581,81,1680,9001,198725409,4
matmul_large_L5_r4,1789505679.6142368,112330.8189597,174.581,81,1680,9001,198725409,4
matmul_large_L5_r4,1789505679.66538,112330.8702633,174.581,81,1680,9001,198750268,4
matmul_large_L5_r4,1789505679.7187893,112330.9235541,174.581,81,1680,9001,198750268,4
matmul_large_L5_r4,1789505679.760088,112330.9649268,174.47,81,1680,9001,198771027,4
matmul_large_L5_r4,1789505679.810427,112331.0151972,174.47,81,1680,9001,198771027,4
matmul_large_L5_r4,1789505679.8646622,112331.06934,174.47,81,1680,9001,198794181,4
matmul_large_L5_r4,1789505679.915626,112331.1203299,174.47,81,1680,9001,198794181,4
matmul_large_L5_r4,1789505679.967195,112331.1719633,174.47,81,1680,9001,198819628,4
matmul_large_L5_r4,1789505680.0171325,112331.2218147,174.47,81,1680,9001,198819628,4
matmul_large_L5_r4,1789505680.061117,112331.2658947,174.47,81,1680,9001,198846498,4
matmul_large_L5_r4,1789505680.1123805,112331.3170513,174.47,81,1680,9001,198846498,4
matmul_large_L5_r4,1789505680.1638596,112331.3686219,174.47,81,1680,9001,198870287,4
matmul_large_L5_r4,1789505680.2164376,112331.4212517,174.47,81,1680,9001,198870287,4
matmul_large_L5_r4,1789505680.2664845,112331.4712331,174.475,81,1680,9001,198895929,4
matmul_large_L5_r4,1789505680.3203638,112331.5251071,174.475,81,1680,9001,198895929,4
matmul_large_L5_r4,1789505680.3636043,112331.5684287,174.475,81,1680,9001,198916832,4
matmul_large_L5_r4,1789505680.4172459,112331.6220714,174.475,81,1680,9001,198916832,4
matmul_large_L5_r4,1789505680.458422,112331.6638226,174.475,81,1680,9001,198916832,4
matmul_large_L5_r4,1789505680.510378,112331.7151968,174.475,81,1680,9001,198945811,4
matmul_large_L5_r4,1789505680.5647697,112331.7695402,174.475,81,1680,9001,198968179,4
matmul_large_L5_r4,1789505680.6084688,112331.8140538,174.475,81,1680,9001,198968179,4
matmul_large_L5_r4,1789505680.6598732,112331.8646931,174.475,81,1680,9001,198991074,4
matmul_large_L5_r4,1789505680.718711,112331.9234251,174.475,81,1680,9001,198991074,4
matmul_large_L5_r4,1789505680.7599282,112331.9646925,174.502,82,1680,9001,199011131,4
matmul_large_L5_r4,1789505680.81137,112332.0163981,174.502,82,1680,9001,199011131,4
matmul_large_L5_r4,1789505680.8631406,112332.0679765,174.502,82,1680,9001,199034990,4
matmul_large_L5_r4,1789505680.9158213,112332.1205169,174.502,82,1680,9001,199034990,4
matmul_large_L5_r4,1789505680.967698,112332.17243,174.502,82,1680,9001,199060483,4
matmul_large_L5_r4,1789505681.018961,112332.2236828,174.502,82,1680,9001,199060483,4
matmul_large_L5_r4,1789505681.0645304,112332.2692379,174.502,82,1680,9001,199081526,4
matmul_large_L5_r4,1789505681.1159098,112332.3207247,174.502,82,1680,9001,199081526,4
matmul_large_L5_r4,1789505681.1675484,112332.3722684,174.502,82,1680,9001,199107539,4
matmul_large_L5_r4,1789505681.20869,112332.4139742,174.502,82,1680,9001,199107539,4
matmul_large_L5_r4,1789505681.2599885,112332.4649712,174.524,82,1680,9001,199131351,4
matmul_large_L5_r4,1789505681.3114848,112332.5162815,174.524,82,1680,9001,199131351,4
matmul_large_L5_r4,1789505681.3633907,112332.5681303,174.524,82,1680,9001,199154917,4
matmul_large_L5_r4,1789505681.4143791,112332.6192313,174.524,82,1680,9001,199154917,4
matmul_large_L5_r4,1789505681.4725132,112332.6773939,174.524,82,1680,9001,199180024,4
matmul_large_L5_r4,1789505681.5186243,112332.7233533,174.524,82,1680,9001,199180024,4
matmul_large_L5_r4,1789505681.5589569,112332.7647486,174.524,82,1680,9001,199202672,4
matmul_large_L5_r4,1789505681.6188452,112332.8236893,174.524,82,1680,9001,199202672,4
matmul_large_L5_r4,1789505681.659675,112332.8645345,174.524,82,1680,9001,199222983,4
matmul_large_L5_r4,1789505681.7184858,112332.9232311,174.524,82,1680,9001,199222983,4
matmul_large_L5_r4,1789505681.759867,112332.9647046,174.557,81,1680,9001,199243413,4
matmul_large_L5_r4,1789505681.8109562,112333.0156295,174.557,81,1680,9001,199243413,4
matmul_large_L5_r4,1789505681.862075,112333.0667862,174.557,81,1680,9001,199266662,4
matmul_large_L5_r4,1789505681.9134724,112333.1181982,174.557,81,1680,9001,199266662,4
matmul_large_L5_r4,1789505681.9682548,112333.1729625,174.557,81,1680,9001,199291394,4
matmul_large_L5_r4,1789505682.0096037,112333.2147103,174.557,81,1680,9001,199291394,4
matmul_large_L1_r2,1789505690.0006835,112341.2065277,174.715,82,1680,9001,200696787,4
matmul_large_L1_r2,1789505690.056501,112341.2613502,174.715,82,1680,9001,200717284,4
matmul_large_L1_r2,1789505690.1083086,112341.3131061,174.715,82,1680,9001,200717284,4
matmul_large_L1_r2,1789505690.1594832,112341.3642705,174.715,82,1680,9001,200740924,4
matmul_large_L1_r2,1789505690.2025042,112341.4073245,174.715,82,1680,9001,200740924,4
matmul_large_L1_r2,1789505690.2540247,112341.4589457,174.607,82,1680,9001,200740924,4
matmul_large_L1_r2,1789505690.304983,112341.5098098,174.607,82,1680,9001,200770151,4
matmul_large_L1_r2,1789505690.356744,112341.5614585,174.607,82,1680,9001,200792047,4
matmul_large_L1_r2,1789505690.4082723,112341.6130594,174.607,82,1680,9001,200792047,4
matmul_large_L1_r2,1789505690.4522483,112341.6569412,174.607,82,1680,9001,200792047,4
matmul_large_L1_r2,1789505690.5080087,112341.7128465,174.607,82,1680,9001,200822731,4
matmul_large_L1_r2,1789505690.5590785,112341.7638616,174.607,82,1680,9001,200845767,4
matmul_large_L1_r2,1789505690.6091473,112341.813876,174.607,82,1680,9001,200845767,4
matmul_large_L1_r2,1789505690.6592607,112341.8640033,174.607,82,1680,9001,200869705,4
matmul_large_L1_r2,1789505690.7100775,112341.9150273,174.607,82,1680,9001,200869705,4
matmul_large_L1_r2,1789505690.7608852,112341.9655802,174.476,82,1680,9001,200894265,4
matmul_large_L1_r2,1789505690.8105643,112342.015385,174.476,82,1680,9001,200894265,4
matmul_large_L1_r2,1789505690.8515642,112342.0572258,174.476,82,1680,9001,200894265,4
matmul_large_L1_r2,1789505690.9015985,112342.1070524,174.476,82,1680,9001,200926382,4
matmul_large_L1_r2,1789505690.9619446,112342.1666618,174.476,82,1680,9001,200947041,4
matmul_large_L1_r2,1789505691.0027306,112342.2074627,174.476,82,1680,9001,200947041,4
matmul_large_L0.5_r2,1789505699.0077448,112350.2152122,174.672,82,1680,9001,202350820,4
matmul_large_L0.5_r2,1789505699.068082,112350.2727992,174.672,82,1680,9001,202376091,4
matmul_large_L0.5_r2,1789505699.1190376,112350.3239003,174.672,82,1680,9001,202376091,4
matmul_large_L0.5_r2,1789505699.1698258,112350.3746378,174.672,82,1680,9001,202399094,4
matmul_large_L0.5_r2,1789505699.2100618,112350.4154912,174.672,82,1680,9001,202399094,4
matmul_large_L0.5_r2,1789505699.2603178,112350.4652908,174.706,82,1680,9001,202429157,4
matmul_large_L0.5_r2,1789505699.3108993,112350.5156868,174.706,82,1680,9001,202429157,4
matmul_large_L0.5_r2,1789505699.3617933,112350.5665621,174.706,82,1680,9001,202455881,4
matmul_large_L0.5_r2,1789505699.4124484,112350.6172558,174.706,82,1680,9001,202455881,4
matmul_large_L0.5_r2,1789505699.4650714,112350.6698258,174.706,82,1680,9001,202477263,4
matmul_large_L0.5_r2,1789505699.5204737,112350.725272,174.706,82,1680,9001,202477263,4
matmul_large_L2_r3,1789505707.517802,112358.7233372,174.738,82,1680,9001,203879634,4
matmul_large_L2_r3,1789505707.5766385,112358.7813897,174.738,82,1680,9001,203900734,4
matmul_large_L2_r3,1789505707.6278229,112358.8325764,174.738,82,1680,9001,203900734,4
matmul_large_L2_r3,1789505707.678957,112358.8840283,174.738,82,1680,9001,203928707,4
matmul_large_L2_r3,1789505707.727961,112358.9327089,174.738,82,1680,9001,203928707,4
matmul_large_L2_r3,1789505707.769254,112358.9740255,174.553,81,1680,9001,203957368,4
matmul_large_L2_r3,1789505707.8213208,112359.0260558,174.553,81,1680,9001,203957368,4
matmul_large_L2_r3,1789505707.873396,112359.0781533,174.553,81,1680,9001,203985616,4
matmul_large_L2_r3,1789505707.9283855,112359.1332238,174.553,81,1680,9001,203985616,4
matmul_large_L2_r3,1789505707.9703367,112359.1751466,174.553,81,1680,9001,204013247,4
matmul_large_L2_r3,1789505708.021554,112359.2264031,174.553,81,1680,9001,204013247,4
matmul_large_L2_r3,1789505708.0729258,112359.2776096,174.553,81,1680,9001,204037985,4
matmul_large_L2_r3,1789505708.1241302,112359.3288979,174.553,81,1680,9001,204037985,4
matmul_large_L2_r3,1789505708.176974,112359.3817478,174.553,81,1680,9001,204063817,4
matmul_large_L2_r3,1789505708.2281759,112359.4328959,174.553,81,1680,9001,204063817,4
matmul_large_L2_r3,1789505708.2694545,112359.4742372,174.49,82,1680,9001,204092210,4
matmul_large_L2_r3,1789505708.3202112,112359.5249896,174.49,82,1680,9001,204092210,4
matmul_large_L2_r3,1789505708.372275,112359.5769781,174.49,82,1680,9001,204119327,4
matmul_large_L2_r3,1789505708.427947,112359.6327113,174.49,82,1680,9001,204119327,4
matmul_large_L2_r3,1789505708.4730124,112359.6777079,174.49,82,1680,9001,204146872,4
matmul_large_L2_r3,1789505708.528485,112359.7332608,174.49,82,1680,9001,204146872,4
matmul_large_L2_r3,1789505708.5724878,112359.7774602,174.49,82,1680,9001,204174527,4
matmul_large_L2_r3,1789505708.6192648,112359.8240083,174.49,82,1680,9001,204174527,4
matmul_large_L2_r3,1789505708.6735358,112359.8783268,174.49,82,1680,9001,204198401,4
matmul_large_L2_r3,1789505708.7192066,112359.924033,174.49,82,1680,9001,204198401,4
matmul_large_L2_r3,1789505708.7700849,112359.9750359,174.678,82,1680,9001,204222266,4
matmul_large_L2_r3,1789505708.8212876,112360.0261533,174.678,82,1680,9001,204222266,4
matmul_large_L2_r3,1789505708.8730044,112360.0777438,174.678,82,1680,9001,204247024,4
matmul_large_L2_r3,1789505708.923899,112360.1286313,174.678,82,1680,9001,204247024,4
matmul_large_L2_r3,1789505708.9872794,112360.1921534,174.678,82,1680,9001,204272844,4
matmul_large_L2_r3,1789505709.0183744,112360.2240819,174.678,82,1680,9001,204272844,4
matmul_large_L2_r3,1789505709.0696163,112360.2743497,174.678,82,1680,9001,204302103,4
matmul_large_L2_r3,1789505709.121363,112360.3261272,174.678,82,1680,9001,204302103,4
matmul_large_L2_r3,1789505709.1708922,112360.3756086,174.678,82,1680,9001,204326781,4
matmul_large_L2_r3,1789505709.2219622,112360.4267759,174.678,82,1680,9001,204326781,4
matmul_large_L2_r3,1789505709.2731297,112360.4779507,174.781,82,1680,9001,204351819,4
matmul_large_L2_r3,1789505709.324238,112360.52903,174.781,82,1680,9001,204351819,4
matmul_large_L2_r3,1789505709.376591,112360.5813236,174.781,82,1680,9001,204377848,4
matmul_large_L2_r3,1789505709.428403,112360.6333289,174.781,82,1680,9001,204377848,4
matmul_large_L2_r3,1789505709.4690983,112360.6740674,174.781,82,1680,9001,204406481,4
matmul_large_L2_r3,1789505709.5220234,112360.7269054,174.781,82,1680,9001,204406481,4
matmul_large_L20_r1,1789505717.5575716,112368.7642616,174.731,82,1680,9001,205831048,4
matmul_large_L20_r1,1789505717.6096976,112368.8150564,174.731,82,1680,9001,205831048,4
matmul_large_L20_r1,1789505717.6611097,112368.866505,174.731,82,1680,9001,205854115,4
matmul_large_L20_r1,1789505717.710065,112368.915106,174.731,82,1680,9001,205854115,4
matmul_large_L20_r1,1789505717.7614415,112368.9664982,174.748,82,1665,9001,205876752,4
matmul_large_L20_r1,1789505717.812378,112369.0171286,174.748,82,1665,9001,205876752,4
matmul_large_L20_r1,1789505717.8632097,112369.0681087,174.748,82,1665,9001,205900174,4
matmul_large_L20_r1,1789505717.9138186,112369.118581,174.748,82,1665,9001,205900174,4
matmul_large_L20_r1,1789505717.962952,112369.1677679,174.748,82,1665,9001,205925039,4
matmul_large_L20_r1,1789505718.0147815,112369.2196876,174.748,82,1665,9001,205925039,4
matmul_large_L20_r1,1789505718.059785,112369.2645884,174.748,82,1665,9001,205950275,4
matmul_large_L20_r1,1789505718.1110744,112369.3159829,174.748,82,1665,9001,205950275,4
matmul_large_L20_r1,1789505718.1628604,112369.3678094,174.748,82,1665,9001,205972433,4
matmul_large_L20_r1,1789505718.2147424,112369.4197345,174.748,82,1665,9001,205972433,4
matmul_large_L20_r1,1789505718.2664688,112369.4712818,174.721,82,1680,9001,205998022,4
matmul_large_L20_r1,1789505718.317617,112369.5228068,174.721,82,1680,9001,205998022,4
matmul_large_L20_r1,1789505718.3594625,112369.565186,174.721,82,1680,9001,206022820,4
matmul_large_L20_r1,1789505718.4149325,112369.6198214,174.721,82,1680,9001,206022820,4
matmul_large_L20_r1,1789505718.4648597,112369.6697067,174.721,82,1680,9001,206047399,4
matmul_large_L20_r1,1789505718.5328202,112369.73774,174.721,82,1680,9001,206047399,4
matmul_large_L20_r1,1789505718.5693834,112369.7744135,174.721,82,1680,9001,206071856,4
matmul_large_L20_r1,1789505718.6201353,112369.8250264,174.721,82,1680,9001,206071856,4
matmul_large_L20_r1,1789505718.6615195,112369.8664825,174.721,82,1680,9001,206097726,4
matmul_large_L20_r1,1789505718.719323,112369.9245396,174.721,82,1680,9001,206097726,4
matmul_large_L20_r1,1789505718.7597091,112369.9647942,174.627,82,1665,9001,206123564,4
matmul_large_L20_r1,1789505718.813878,112370.0192952,174.627,82,1665,9001,206123564,4
matmul_large_L20_r1,1789505718.863786,112370.0688564,174.627,82,1665,9001,206147811,4
matmul_large_L20_r1,1789505718.9147773,112370.1195537,174.627,82,1665,9001,206147811,4
matmul_large_L20_r1,1789505718.9661257,112370.1711409,174.627,82,1665,9001,206172977,4
matmul_large_L20_r1,1789505719.0174685,112370.2229854,174.627,82,1665,9001,206172977,4
matmul_large_L20_r1,1789505719.059777,112370.2651273,174.627,82,1665,9001,206197875,4
matmul_large_L20_r1,1789505719.1136982,112370.3188536,174.627,82,1665,9001,206197875,4
matmul_large_L20_r1,1789505719.1650143,112370.3699197,174.627,82,1665,9001,206221495,4
matmul_large_L20_r1,1789505719.2161958,112370.4213826,174.627,82,1665,9001,206221495,4
matmul_large_L20_r1,1789505719.2669563,112370.4720045,174.64,82,1680,9001,206248976,4
matmul_large_L20_r1,1789505719.3185623,112370.5234251,174.64,82,1680,9001,206248976,4
matmul_large_L20_r1,1789505719.3597114,112370.5652687,174.64,82,1680,9001,206274018,4
matmul_large_L20_r1,1789505719.4116411,112370.6168522,174.64,82,1680,9001,206274018,4
matmul_large_L20_r1,1789505719.462995,112370.6680032,174.64,82,1680,9001,206298099,4
matmul_large_L20_r1,1789505719.5189002,112370.7248485,174.64,82,1680,9001,206298099,4
matmul_large_L20_r1,1789505719.5636706,112370.7686075,174.64,82,1680,9001,206325663,4
matmul_large_L20_r1,1789505719.6175303,112370.8227019,174.64,82,1680,9001,206325663,4
matmul_large_L20_r1,1789505719.6664164,112370.8712526,174.64,82,1680,9001,206353570,4
matmul_large_L20_r1,1789505719.7180333,112370.9230057,174.64,82,1680,9001,206353570,4
matmul_large_L20_r1,1789505719.7636685,112370.9687918,174.646,82,1680,9001,206378478,4
matmul_large_L20_r1,1789505719.8147304,112371.0196308,174.646,82,1680,9001,206378478,4
matmul_large_L20_r1,1789505719.8658838,112371.0707908,174.646,82,1680,9001,206405045,4
matmul_large_L20_r1,1789505719.917542,112371.1225051,174.646,82,1680,9001,206405045,4
matmul_large_L20_r1,1789505719.9589627,112371.1647318,174.646,82,1680,9001,206429887,4
matmul_large_L20_r1,1789505720.0110815,112371.2165056,174.646,82,1680,9001,206429887,4
matmul_large_L20_r1,1789505720.0621243,112371.2669096,174.646,82,1680,9001,206453572,4
matmul_large_L20_r1,1789505720.1205683,112371.3256805,174.646,82,1680,9001,206453572,4
matmul_large_L20_r1,1789505720.1618266,112371.3666817,174.646,82,1680,9001,206480971,4
matmul_large_L20_r1,1789505720.2126644,112371.417452,174.646,82,1680,9001,206480971,4
matmul_large_L20_r1,1789505720.2639344,112371.4686761,174.811,82,1680,9001,206506041,4
matmul_large_L20_r1,1789505720.315586,112371.5205732,174.811,82,1680,9001,206506041,4
matmul_large_L20_r1,1789505720.3663647,112371.5713017,174.811,82,1680,9001,206532325,4
matmul_large_L20_r1,1789505720.417424,112371.6222448,174.811,82,1680,9001,206532325,4
matmul_large_L20_r1,1789505720.4664102,112371.6712648,174.811,82,1680,9001,206557086,4
matmul_large_L20_r1,1789505720.5216143,112371.7265902,174.811,82,1680,9001,206557086,4
matmul_large_L20_r1,1789505720.563137,112371.7682896,174.811,82,1680,9001,206583590,4
matmul_large_L20_r1,1789505720.6198263,112371.824917,174.811,82,1680,9001,206583590,4
matmul_large_L20_r1,1789505720.669151,112371.8739201,174.811,82,1680,9001,206612510,4
matmul_large_L20_r1,1789505720.719413,112371.9241486,174.811,82,1680,9001,206612510,4
matmul_large_L20_r1,1789505720.760885,112371.9657949,174.714,82,1680,9001,206638978,4
matmul_large_L20_r1,1789505720.8119853,112372.016769,174.714,82,1680,9001,206638978,4
matmul_large_L20_r1,1789505720.8637512,112372.0689504,174.714,82,1680,9001,206663463,4
matmul_large_L20_r1,1789505720.914725,112372.1196017,174.714,82,1680,9001,206663463,4
matmul_large_L20_r1,1789505720.9656584,112372.1705616,174.714,82,1680,9001,206689735,4
matmul_large_L20_r1,1789505721.0169556,112372.2219239,174.714,82,1680,9001,206689735,4
matmul_large_L20_r1,1789505721.06759,112372.2725881,174.714,82,1680,9001,206714320,4
matmul_large_L20_r1,1789505721.1135042,112372.3191719,174.714,82,1680,9001,206714320,4
matmul_large_L20_r1,1789505721.162688,112372.3676083,174.714,82,1680,9001,206737916,4
matmul_large_L20_r1,1789505721.2131243,112372.4181902,174.714,82,1680,9001,206737916,4
matmul_large_L20_r1,1789505721.2646132,112372.469455,174.75,82,1680,9001,206763829,4
matmul_large_L20_r1,1789505721.3154805,112372.5202658,174.75,82,1680,9001,206763829,4
matmul_large_L20_r1,1789505721.3664634,112372.5713415,174.75,82,1680,9001,206790348,4
matmul_large_L20_r1,1789505721.4174275,112372.6224967,174.75,82,1680,9001,206790348,4
matmul_large_L20_r1,1789505721.4597244,112372.6645013,174.75,82,1680,9001,206815286,4
matmul_large_L20_r1,1789505721.5155814,112372.720505,174.75,82,1680,9001,206815286,4
matmul_large_L20_r1,1789505721.5655735,112372.770538,174.75,82,1680,9001,206839863,4
matmul_large_L20_r1,1789505721.6175845,112372.8225845,174.75,82,1680,9001,206839863,4
matmul_large_L20_r1,1789505721.6595788,112372.8647028,174.75,82,1680,9001,206864777,4
matmul_large_L20_r1,1789505721.719208,112372.9241278,174.75,82,1680,9001,206864777,4
matmul_large_L20_r1,1789505721.7594926,112372.9651449,174.704,82,1680,9001,206891026,4
matmul_large_L20_r1,1789505721.8107545,112373.015577,174.704,82,1680,9001,206891026,4
matmul_large_L20_r1,1789505721.861817,112373.0665286,174.704,82,1680,9001,206914849,4
matmul_large_L20_r1,1789505721.9124975,112373.1175002,174.704,82,1680,9001,206914849,4
matmul_large_L20_r1,1789505721.9632988,112373.1686631,174.704,82,1680,9001,206939008,4
matmul_large_L20_r1,1789505722.0147603,112373.2201729,174.704,82,1680,9001,206939008,4
matmul_large_L20_r1,1789505722.0662541,112373.2712339,174.704,82,1680,9001,206966474,4
matmul_large_L20_r1,1789505722.1112847,112373.3169229,174.704,82,1680,9001,206966474,4
matmul_large_L20_r1,1789505722.1645575,112373.3695796,174.704,82,1680,9001,206989334,4
matmul_large_L20_r1,1789505722.2156293,112373.4204496,174.704,82,1680,9001,206989334,4
matmul_large_L20_r1,1789505722.2673032,112373.4731858,174.733,82,1680,9001,207017205,4
matmul_large_L20_r1,1789505722.3086283,112373.5146175,174.733,82,1680,9001,207017205,4
matmul_large_L20_r1,1789505722.359623,112373.5657412,174.733,82,1680,9001,207039063,4
matmul_large_L20_r1,1789505722.4112983,112373.6164898,174.733,82,1680,9001,207039063,4
matmul_large_L20_r1,1789505722.4629574,112373.6678815,174.733,82,1680,9001,207063808,4
matmul_large_L20_r1,1789505722.5158317,112373.7210987,174.733,82,1680,9001,207063808,4
matmul_large_L20_r1,1789505722.5646741,112373.7694854,174.733,82,1680,9001,207090215,4
matmul_large_L20_r1,1789505722.6129088,112373.817761,174.733,82,1680,9001,207090215,4
matmul_large_L20_r1,1789505722.6652849,112373.8706526,174.733,82,1680,9001,207116944,4
matmul_large_L20_r1,1789505722.7181563,112373.9240593,174.733,82,1680,9001,207116944,4
matmul_large_L20_r1,1789505722.7597249,112373.9645231,174.721,81,1680,9001,207142741,4
matmul_large_L20_r1,1789505722.8154771,112374.0203339,174.721,81,1680,9001,207142741,4
matmul_large_L20_r1,1789505722.867311,112374.0725532,174.721,81,1680,9001,207168530,4
matmul_large_L20_r1,1789505722.9181464,112374.1230806,174.721,81,1680,9001,207168530,4
matmul_large_L20_r1,1789505722.959269,112374.1646741,174.721,81,1680,9001,207194052,4
matmul_large_L20_r1,1789505723.0100296,112374.2149054,174.721,81,1680,9001,207194052,4
matmul_large_L20_r1,1789505723.0615463,112374.2665583,174.721,81,1680,9001,207217938,4
matmul_large_L20_r1,1789505723.1163037,112374.3211895,174.721,81,1680,9001,207217938,4
matmul_large_L20_r1,1789505723.1680622,112374.372958,174.721,81,1680,9001,207244275,4
matmul_large_L20_r1,1789505723.2188642,112374.423744,174.721,81,1680,9001,207244275,4
matmul_large_L20_r1,1789505723.2602253,112374.4651355,174.753,81,1680,9001,207269730,4
matmul_large_L20_r1,1789505723.3155205,112374.5203597,174.753,81,1680,9001,207269730,4
matmul_large_L20_r1,1789505723.3663504,112374.5717872,174.753,81,1680,9001,207295108,4
matmul_large_L20_r1,1789505723.4111245,112374.616065,174.753,81,1680,9001,207295108,4
matmul_large_L20_r1,1789505723.4630055,112374.6682095,174.753,81,1680,9001,207317743,4
matmul_large_L20_r1,1789505723.5122488,112374.7173001,174.753,81,1680,9001,207317743,4
matmul_large_L20_r1,1789505723.5599964,112374.7656457,174.753,81,1680,9001,207343243,4
matmul_large_L20_r1,1789505723.6177025,112374.8227851,174.753,81,1680,9001,207343243,4
matmul_large_L20_r1,1789505723.6592038,112374.8644264,174.753,81,1680,9001,207371119,4
matmul_large_L20_r1,1789505723.7180293,112374.9238581,174.753,81,1680,9001,207371119,4
matmul_large_L20_r1,1789505723.7593725,112374.9652554,174.703,81,1680,9001,207397719,4
matmul_large_L20_r1,1789505723.8098307,112375.0145808,174.703,81,1680,9001,207397719,4
matmul_large_L20_r1,1789505723.8662486,112375.071185,174.703,81,1680,9001,207421921,4
matmul_large_L20_r1,1789505723.91745,112375.1229943,174.703,81,1680,9001,207421921,4
matmul_large_L20_r1,1789505723.9687104,112375.1737876,174.703,81,1680,9001,207447447,4
matmul_large_L20_r1,1789505724.0098424,112375.2150571,174.703,81,1680,9001,207447447,4
matmul_large_L20_r1,1789505724.0613234,112375.2662111,174.703,81,1680,9001,207470046,4
matmul_large_L20_r1,1789505724.1137495,112375.3187548,174.703,81,1680,9001,207470046,4
matmul_large_L20_r1,1789505724.1679268,112375.3733221,174.703,81,1680,9001,207495437,4
matmul_large_L20_r1,1789505724.2187822,112375.4236044,174.703,81,1680,9001,207495437,4
matmul_large_L20_r1,1789505724.259813,112375.4645459,174.704,81,1680,9001,207521160,4
matmul_large_L20_r1,1789505724.319415,112375.5241003,174.704,81,1680,9001,207521160,4
matmul_large_L20_r1,1789505724.3664522,112375.5714869,174.704,81,1680,9001,207547930,4
matmul_large_L20_r1,1789505724.4132016,112375.6178548,174.704,81,1680,9001,207547930,4
matmul_large_L20_r1,1789505724.4605634,112375.6653722,174.704,81,1680,9001,207571350,4
matmul_large_L20_r1,1789505724.5203853,112375.7251704,174.704,81,1680,9001,207571350,4
matmul_large_L20_r1,1789505724.5658593,112375.7706082,174.704,81,1680,9001,207598993,4
matmul_large_L20_r1,1789505724.6097887,112375.8145465,174.704,81,1680,9001,207598993,4
matmul_large_L20_r1,1789505724.6614897,112375.8666716,174.704,81,1680,9001,207621030,4
matmul_large_L20_r1,1789505724.717363,112375.9222223,174.704,81,1680,9001,207621030,4
matmul_large_L20_r1,1789505724.769152,112375.973993,174.659,81,1680,9001,207648240,4
matmul_large_L20_r1,1789505724.8097274,112376.014489,174.659,81,1680,9001,207648240,4
matmul_large_L20_r1,1789505724.86554,112376.0706815,174.659,81,1680,9001,207670302,4
matmul_large_L20_r1,1789505724.9089222,112376.1144105,174.659,81,1680,9001,207670302,4
matmul_large_L20_r1,1789505724.9678204,112376.1731597,174.659,81,1680,9001,207692251,4
matmul_large_L20_r1,1789505725.0207255,112376.2255946,174.659,81,1680,9001,207692251,4
matmul_large_L20_r1,1789505725.0613258,112376.2662289,174.659,81,1680,9001,207719197,4
matmul_large_L20_r1,1789505725.1135623,112376.3185562,174.659,81,1680,9001,207719197,4
matmul_large_L20_r1,1789505725.1673357,112376.3721714,174.659,81,1680,9001,207744778,4
matmul_large_L20_r1,1789505725.2188041,112376.4237912,174.659,81,1680,9001,207744778,4
matmul_large_L20_r1,1789505725.2686963,112376.473454,174.572,81,1680,9001,207770751,4
matmul_large_L20_r1,1789505725.3098125,112376.5145468,174.572,81,1680,9001,207770751,4
matmul_large_L20_r1,1789505725.3695898,112376.5743796,174.572,81,1680,9001,207792967,4
matmul_large_L20_r1,1789505725.4199052,112376.6249551,174.572,81,1680,9001,207792967,4
matmul_large_L20_r1,1789505725.4609325,112376.6657187,174.572,81,1680,9001,207819500,4
matmul_large_L20_r1,1789505725.5138388,112376.7185559,174.572,81,1680,9001,207819500,4
matmul_large_L20_r1,1789505725.568085,112376.7731488,174.572,81,1680,9001,207844854,4
matmul_large_L20_r1,1789505725.6184955,112376.8235498,174.572,81,1680,9001,207844854,4
matmul_large_L20_r1,1789505725.6704001,112376.8753649,174.572,81,1680,9001,207870678,4
matmul_large_L20_r1,1789505725.7097218,112376.9149359,174.572,81,1680,9001,207870678,4
matmul_large_L20_r1,1789505725.7595234,112376.9645227,174.535,81,1680,9001,207893480,4
matmul_large_L20_r1,1789505725.8113403,112377.0161411,174.535,81,1680,9001,207893480,4
matmul_large_L20_r1,1789505725.8644183,112377.069184,174.535,81,1680,9001,207918318,4
matmul_large_L20_r1,1789505725.9168518,112377.1219398,174.535,81,1680,9001,207918318,4
matmul_large_L20_r1,1789505725.9688609,112377.1746564,174.535,81,1680,9001,207943510,4
matmul_large_L20_r1,1789505726.010684,112377.2155955,174.535,81,1680,9001,207943510,4
matmul_large_L20_r1,1789505726.0607512,112377.2660733,174.535,81,1680,9001,207966596,4
matmul_large_L20_r1,1789505726.1124809,112377.3171376,174.535,81,1680,9001,207966596,4
matmul_large_L20_r1,1789505726.1606157,112377.3661273,174.535,81,1680,9001,207991785,4
matmul_large_L20_r1,1789505726.2107468,112377.4158499,174.535,81,1680,9001,207991785,4
matmul_large_L20_r1,1789505726.2619057,112377.4668739,174.564,81,1680,9001,208017216,4
matmul_large_L20_r1,1789505726.312889,112377.5178162,174.564,81,1680,9001,208017216,4
matmul_large_L20_r1,1789505726.364558,112377.5699627,174.564,81,1680,9001,208042871,4
matmul_large_L20_r1,1789505726.4202032,112377.6250688,174.564,81,1680,9001,208042871,4
matmul_large_L20_r1,1789505726.46014,112377.6650694,174.564,81,1680,9001,208069509,4
matmul_large_L20_r1,1789505726.5139987,112377.7186595,174.564,81,1680,9001,208069509,4
matmul_large_L20_r1,1789505726.5635104,112377.7683786,174.564,81,1680,9001,208094657,4
matmul_large_L20_r1,1789505726.6186514,112377.8236374,174.564,81,1680,9001,208094657,4
matmul_large_L20_r1,1789505726.6643927,112377.8692696,174.564,81,1680,9001,208124721,4
matmul_large_L20_r1,1789505726.717729,112377.9226094,174.564,81,1680,9001,208124721,4
matmul_large_L20_r1,1789505726.7616072,112377.9664564,174.552,81,1680,9001,208150321,4
matmul_large_L20_r1,1789505726.8148096,112378.01971,174.552,81,1680,9001,208150321,4
matmul_large_L20_r1,1789505726.8667006,112378.0716038,174.552,81,1680,9001,208178193,4
matmul_large_L20_r1,1789505726.9189677,112378.1242089,174.552,81,1680,9001,208178193,4
matmul_large_L20_r1,1789505726.961791,112378.1668549,174.552,81,1680,9001,208204494,4
matmul_large_L20_r1,1789505727.0178661,112378.2225543,174.552,81,1680,9001,208204494,4
matmul_large_L20_r1,1789505727.0597293,112378.2648339,174.552,81,1680,9001,208233591,4
matmul_large_L20_r1,1789505727.1105106,112378.3155057,174.552,81,1680,9001,208233591,4
matmul_large_L20_r1,1789505727.1612232,112378.3661007,174.552,81,1680,9001,208257698,4
matmul_large_L20_r1,1789505727.2178276,112378.4225471,174.552,81,1680,9001,208257698,4
matmul_large_L20_r1,1789505727.2599137,112378.4645807,174.536,81,1680,9001,208286457,4
matmul_large_L20_r1,1789505727.312597,112378.5173082,174.536,81,1680,9001,208286457,4
matmul_large_L20_r1,1789505727.3645399,112378.5695947,174.536,81,1680,9001,208311006,4
matmul_large_L20_r1,1789505727.4168816,112378.6217237,174.536,81,1680,9001,208311006,4
matmul_large_L20_r1,1789505727.4646826,112378.669527,174.536,81,1680,9001,208336505,4
matmul_large_L20_r1,1789505727.5138042,112378.7187727,174.536,81,1680,9001,208336505,4
matmul_large_L20_r1,1789505727.55996,112378.7654093,174.536,81,1680,9001,208360374,4
matmul_large_L20_r1,1789505727.6178792,112378.822655,174.536,81,1680,9001,208360374,4
matmul_large_L20_r1,1789505727.6618862,112378.8667359,174.536,81,1680,9001,208388747,4
matmul_large_L20_r1,1789505727.7184768,112378.9232663,174.536,81,1680,9001,208388747,4
matmul_large_L20_r1,1789505727.7597888,112378.9644458,174.494,81,1680,9001,208417055,4
matmul_large_L20_r1,1789505727.811824,112379.0167564,174.494,81,1680,9001,208417055,4
matmul_large_L20_r1,1789505727.8606784,112379.0654237,174.494,81,1680,9001,208442445,4
matmul_large_L20_r1,1789505727.9114118,112379.1162326,174.494,81,1680,9001,208442445,4
matmul_large_L20_r1,1789505727.9637039,112379.1686143,174.494,81,1680,9001,208467189,4
matmul_large_L20_r1,1789505728.0154893,112379.2213971,174.494,81,1680,9001,208467189,4
matmul_large_L20_r1,1789505728.07087,112379.2757057,174.494,81,1680,9001,208492336,4
matmul_large_L20_r1,1789505728.1128185,112379.3177661,174.494,81,1680,9001,208492336,4
matmul_large_L20_r1,1789505728.1627898,112379.3679486,174.494,81,1680,9001,208516791,4
matmul_large_L20_r1,1789505728.2103262,112379.4152039,174.494,81,1680,9001,208516791,4
matmul_large_L20_r1,1789505728.2605262,112379.4663497,174.457,81,1680,9001,208539393,4
matmul_large_L20_r1,1789505728.3113134,112379.5161808,174.457,81,1680,9001,208539393,4
matmul_large_L20_r1,1789505728.36266,112379.5675113,174.457,81,1680,9001,208564747,4
matmul_large_L20_r1,1789505728.4136562,112379.6183819,174.457,81,1680,9001,208564747,4
matmul_large_L20_r1,1789505728.4753647,112379.6805769,174.457,81,1680,9001,208592347,4
matmul_large_L20_r1,1789505728.5153494,112379.7204809,174.457,81,1680,9001,208592347,4
matmul_large_L20_r1,1789505728.565458,112379.7701827,174.457,81,1680,9001,208619930,4
matmul_large_L20_r1,1789505728.6105802,112379.8154097,174.457,81,1680,9001,208619930,4
matmul_large_L20_r1,1789505728.6596591,112379.864648,174.457,81,1680,9001,208642819,4
matmul_large_L20_r1,1789505728.7173078,112379.9221687,174.457,81,1680,9001,208642819,4
matmul_large_L20_r1,1789505728.7693403,112379.9742812,174.433,81,1680,9001,208670186,4
matmul_large_L20_r1,1789505728.8099577,112380.0150457,174.433,81,1680,9001,208670186,4
matmul_large_L20_r1,1789505728.8621132,112380.0670611,174.433,81,1680,9001,208693638,4
matmul_large_L20_r1,1789505728.9139905,112380.118859,174.433,81,1680,9001,208693638,4
matmul_large_L20_r1,1789505728.9657414,112380.1705453,174.433,81,1680,9001,208720189,4
matmul_large_L20_r1,1789505729.018393,112380.2234227,174.433,81,1680,9001,208720189,4
matmul_large_L20_r1,1789505729.0599382,112380.2646965,174.433,81,1680,9001,208746357,4
matmul_large_L20_r1,1789505729.109742,112380.3151298,174.433,81,1680,9001,208746357,4
matmul_large_L20_r1,1789505729.1682422,112380.3733089,174.433,81,1680,9001,208770541,4
matmul_large_L20_r1,1789505729.211797,112380.4167186,174.433,81,1680,9001,208770541,4
matmul_large_L20_r1,1789505729.2635145,112380.4686555,174.494,81,1680,9001,208794504,4
matmul_large_L20_r1,1789505729.3173442,112380.5220304,174.494,81,1680,9001,208794504,4
matmul_large_L20_r1,1789505729.3686697,112380.5736862,174.494,81,1680,9001,208820110,4
matmul_large_L20_r1,1789505729.422518,112380.6273148,174.494,81,1680,9001,208820110,4
matmul_large_L20_r1,1789505729.4628422,112380.6676924,174.494,81,1680,9001,208848810,4
matmul_large_L20_r1,1789505729.5148916,112380.7195823,174.494,81,1680,9001,208848810,4
matmul_large_L20_r1,1789505729.5614016,112380.7663266,174.494,81,1680,9001,208873517,4
matmul_large_L20_r1,1789505729.6179714,112380.8228536,174.494,81,1680,9001,208873517,4
matmul_large_L20_r1,1789505729.661242,112380.8659681,174.494,81,1680,9001,208903110,4
matmul_large_L20_r1,1789505729.7187607,112380.9235103,174.494,81,1680,9001,208903110,4
matmul_large_L20_r1,1789505729.7592425,112380.9642995,174.514,81,1680,9001,208931577,4
matmul_large_L20_r1,1789505729.8110352,112381.0157464,174.514,81,1680,9001,208931577,4
matmul_large_L20_r1,1789505729.8621128,112381.0668944,174.514,81,1680,9001,208957277,4
matmul_large_L20_r1,1789505729.9135413,112381.118253,174.514,81,1680,9001,208957277,4
matmul_large_L20_r1,1789505729.9645746,112381.1692502,174.514,81,1680,9001,208983712,4
matmul_large_L20_r1,1789505730.015477,112381.2210864,174.514,81,1680,9001,208983712,4
matmul_large_L20_r1,1789505730.0666919,112381.2715213,174.514,81,1680,9001,209008953,4
matmul_large_L20_r1,1789505730.1180637,112381.3227416,174.514,81,1680,9001,209008953,4
matmul_large_L20_r1,1789505730.1691024,112381.3742025,174.514,81,1680,9001,209035124,4
matmul_large_L20_r1,1789505730.2184634,112381.4234336,174.514,81,1680,9001,209035124,4
matmul_large_L20_r1,1789505730.2607012,112381.4657183,174.583,81,1695,9001,209062557,4
matmul_large_L20_r1,1789505730.310948,112381.5159925,174.583,81,1695,9001,209062557,4
matmul_large_L20_r1,1789505730.362794,112381.5676727,174.583,81,1695,9001,209087525,4
matmul_large_L20_r1,1789505730.4146333,112381.6198017,174.583,81,1695,9001,209087525,4
matmul_large_L20_r1,1789505730.4603095,112381.6652094,174.583,81,1695,9001,209112422,4
matmul_large_L20_r1,1789505730.5183706,112381.7233561,174.583,81,1695,9001,209112422,4
matmul_large_L20_r1,1789505730.5614648,112381.7665669,174.583,81,1695,9001,209140692,4
matmul_large_L20_r1,1789505730.6100695,112381.8148938,174.583,81,1695,9001,209140692,4
matmul_large_L20_r1,1789505730.6597073,112381.8648406,174.583,81,1695,9001,209166936,4
matmul_large_L20_r1,1789505730.7160175,112381.920991,174.583,81,1695,9001,209166936,4
matmul_large_L20_r1,1789505730.768791,112381.9736955,174.587,81,1680,9001,209194343,4
matmul_large_L20_r1,1789505730.8095803,112382.0145831,174.587,81,1680,9001,209194343,4
matmul_large_L20_r1,1789505730.862245,112382.0670037,174.587,81,1680,9001,209218182,4
matmul_large_L20_r1,1789505730.9138985,112382.1186006,174.587,81,1680,9001,209218182,4
matmul_large_L20_r1,1789505730.9667573,112382.171428,174.587,81,1680,9001,209244763,4
matmul_large_L20_r1,1789505731.0173404,112382.2221493,174.587,81,1680,9001,209244763,4
matmul_large_L20_r1,1789505731.0675814,112382.2724155,174.587,81,1680,9001,209270682,4
matmul_large_L20_r1,1789505731.1178184,112382.322668,174.587,81,1680,9001,209270682,4
matmul_large_L20_r1,1789505731.1598735,112382.3646507,174.587,81,1680,9001,209296968,4
matmul_large_L20_r1,1789505731.2110336,112382.415822,174.587,81,1680,9001,209296968,4
matmul_large_L20_r1,1789505731.2663918,112382.4711925,174.746,81,1680,9001,209323380,4
matmul_large_L20_r1,1789505731.3151493,112382.5199137,174.746,81,1680,9001,209323380,4
matmul_large_L20_r1,1789505731.3673317,112382.5720646,174.746,81,1680,9001,209348409,4
matmul_large_L20_r1,1789505731.4181104,112382.6229548,174.746,81,1680,9001,209348409,4
matmul_large_L20_r1,1789505731.4598477,112382.6648083,174.746,81,1680,9001,209374787,4
matmul_large_L20_r1,1789505731.5191143,112382.7240997,174.746,81,1680,9001,209374787,4
matmul_large_L20_r1,1789505731.561423,112382.7661574,174.746,81,1680,9001,209403718,4
matmul_large_L20_r1,1789505731.6188967,112382.8237851,174.746,81,1680,9001,209403718,4
matmul_large_L20_r1,1789505731.6601162,112382.8648218,174.746,81,1680,9001,209433793,4
matmul_large_L20_r1,1789505731.7193115,112382.9242328,174.746,81,1680,9001,209433793,4
matmul_large_L20_r1,1789505731.7692149,112382.9740741,174.511,81,1680,9001,209462834,4
matmul_large_L20_r1,1789505731.809751,112383.0148413,174.511,81,1680,9001,209462834,4
matmul_large_L20_r1,1789505731.861298,112383.0661672,174.511,81,1680,9001,209487064,4
matmul_large_L20_r1,1789505731.9139168,112383.1188119,174.511,81,1680,9001,209487064,4
matmul_large_L20_r1,1789505731.966357,112383.1711739,174.511,81,1680,9001,209513812,4
matmul_large_L20_r1,1789505732.0151894,112383.2199294,174.511,81,1680,9001,209513812,4
matmul_large_L20_r1,1789505732.0667899,112383.2715184,174.511,81,1680,9001,209538889,4
matmul_large_L20_r1,1789505732.1194236,112383.3243685,174.511,81,1680,9001,209538889,4
matmul_large_L20_r1,1789505732.1611438,112383.3658283,174.511,81,1680,9001,209565809,4
matmul_large_L20_r1,1789505732.212731,112383.4175339,174.511,81,1680,9001,209565809,4
matmul_large_L20_r1,1789505732.2647552,112383.4695989,174.732,81,1680,9001,209593353,4
matmul_large_L20_r1,1789505732.3187141,112383.5234589,174.732,81,1680,9001,209593353,4
matmul_large_L20_r1,1789505732.3603866,112383.5652685,174.732,81,1680,9001,209619854,4
matmul_large_L20_r1,1789505732.4199896,112383.625386,174.732,81,1680,9001,209619854,4
matmul_large_L20_r1,1789505732.4601119,112383.6651363,174.732,81,1680,9001,209650383,4
matmul_large_L20_r1,1789505732.5168693,112383.7217133,174.732,81,1680,9001,209650383,4
matmul_large_L20_r1,1789505732.5683155,112383.7730746,174.732,81,1680,9001,209678436,4
matmul_large_L20_r1,1789505732.6174264,112383.8222939,174.732,81,1680,9001,209678436,4
matmul_large_L20_r1,1789505732.668618,112383.8733404,174.732,81,1680,9001,209705169,4
matmul_large_L20_r1,1789505732.7173285,112383.922304,174.732,81,1680,9001,209705169,4
matmul_large_L20_r1,1789505732.768517,112383.9732304,174.808,81,1710,9001,209732049,4
matmul_large_L20_r1,1789505732.817783,112384.0224592,174.808,81,1710,9001,209732049,4
matmul_large_L20_r1,1789505732.8635337,112384.0682838,174.808,81,1710,9001,209759295,4
matmul_large_L20_r1,1789505732.9149435,112384.1197916,174.808,81,1710,9001,209759295,4
matmul_large_L20_r1,1789505732.9658022,112384.1706373,174.808,81,1710,9001,209784355,4
matmul_large_L20_r1,1789505733.0112662,112384.2160086,174.808,81,1710,9001,209784355,4
matmul_large_L20_r1,1789505733.0632734,112384.2680225,174.808,81,1710,9001,209807869,4
matmul_large_L20_r1,1789505733.1143281,112384.319087,174.808,81,1710,9001,209807869,4
matmul_large_L20_r1,1789505733.1658955,112384.3706542,174.808,81,1710,9001,209832669,4
matmul_large_L20_r1,1789505733.2174652,112384.4221965,174.808,81,1710,9001,209832669,4
matmul_large_L20_r1,1789505733.2690096,112384.4737924,174.419,81,1680,9001,209858891,4
matmul_large_L20_r1,1789505733.3098376,112384.5152137,174.419,81,1680,9001,209858891,4
matmul_large_L20_r1,1789505733.3672764,112384.5720942,174.419,81,1680,9001,209882790,4
matmul_large_L20_r1,1789505733.4188654,112384.6236399,174.419,81,1680,9001,209882790,4
matmul_large_L20_r1,1789505733.472187,112384.6769379,174.419,81,1680,9001,209909886,4
matmul_large_L20_r1,1789505733.5170238,112384.7217859,174.419,81,1680,9001,209909886,4
matmul_large_L20_r1,1789505733.5605447,112384.7653193,174.419,81,1680,9001,209937882,4
matmul_large_L20_r1,1789505733.6178222,112384.8225478,174.419,81,1680,9001,209937882,4
matmul_large_L20_r1,1789505733.6680522,112384.872976,174.419,81,1680,9001,209967862,4
matmul_large_L20_r1,1789505733.7176187,112384.9224749,174.419,81,1680,9001,209967862,4
matmul_large_L20_r1,1789505733.768281,112384.9731464,175.106,81,1695,9001,209995481,4
matmul_large_L20_r1,1789505733.8096642,112385.0143336,175.106,81,1695,9001,209995481,4
matmul_large_L20_r1,1789505733.8608663,112385.0656521,175.106,81,1695,9001,210019392,4
matmul_large_L20_r1,1789505733.9168727,112385.1216908,175.106,81,1695,9001,210019392,4
matmul_large_L20_r1,1789505733.9676054,112385.1723639,175.106,81,1695,9001,210047522,4
matmul_large_L20_r1,1789505734.0116622,112385.2164366,175.106,81,1695,9001,210047522,4
matmul_large_L20_r1,1789505734.062547,112385.2673623,175.106,81,1695,9001,210071920,4
matmul_large_L20_r1,1789505734.1139915,112385.3187551,175.106,81,1695,9001,210071920,4
matmul_large_L20_r1,1789505734.1649268,112385.3697743,175.106,81,1695,9001,210096719,4
matmul_large_L20_r1,1789505734.2160232,112385.4209103,175.106,81,1695,9001,210096719,4
matmul_large_L20_r1,1789505734.267824,112385.4725818,174.755,81,1680,9001,210122491,4
matmul_large_L20_r1,1789505734.3191724,112385.5238964,174.755,81,1680,9001,210122491,4
matmul_large_L20_r1,1789505734.3600097,112385.5647948,174.755,81,1680,9001,210149610,4
matmul_large_L20_r1,1789505734.4095345,112385.6145468,174.755,81,1680,9001,210149610,4
matmul_large_L20_r1,1789505734.4682944,112385.673061,174.755,81,1680,9001,210175998,4
matmul_large_L20_r1,1789505734.5197845,112385.7244944,174.755,81,1680,9001,210175998,4
matmul_large_L20_r1,1789505734.5642042,112385.7688696,174.755,81,1680,9001,210203587,4
matmul_large_L20_r1,1789505734.617441,112385.822159,174.755,81,1680,9001,210203587,4
matmul_large_L20_r1,1789505734.6687903,112385.8736331,174.755,81,1680,9001,210230213,4
matmul_large_L20_r1,1789505734.717865,112385.9225865,174.755,81,1680,9001,210230213,4
matmul_large_L20_r1,1789505734.7591243,112385.9643017,175.066,81,1680,9001,210257614,4
matmul_large_L20_r1,1789505734.8107615,112386.0156172,175.066,81,1680,9001,210257614,4
matmul_large_L20_r1,1789505734.8612933,112386.0661012,175.066,81,1680,9001,210284054,4
matmul_large_L20_r1,1789505734.9133108,112386.1181604,175.066,81,1680,9001,210284054,4
matmul_large_L20_r1,1789505734.9676836,112386.1725469,175.066,81,1680,9001,210310871,4
matmul_large_L20_r1,1789505735.0187783,112386.2235981,175.066,81,1680,9001,210310871,4
matmul_large_L20_r1,1789505735.0632672,112386.2680762,175.066,81,1680,9001,210338688,4
matmul_large_L20_r1,1789505735.1142716,112386.3191385,175.066,81,1680,9001,210338688,4
matmul_large_L20_r1,1789505735.1655493,112386.3703212,175.066,81,1680,9001,210365177,4
matmul_large_L20_r1,1789505735.2153523,112386.4201792,175.066,81,1680,9001,210365177,4
matmul_large_L20_r1,1789505735.266237,112386.4709992,174.57,81,1680,9001,210390766,4
matmul_large_L20_r1,1789505735.3171976,112386.5219126,174.57,81,1680,9001,210390766,4
matmul_large_L20_r1,1789505735.3671744,112386.5718593,174.57,81,1680,9001,210417306,4
matmul_large_L20_r1,1789505735.4186535,112386.6234747,174.57,81,1680,9001,210417306,4
matmul_large_L20_r1,1789505735.4683805,112386.6731293,174.57,81,1680,9001,210444677,4
matmul_large_L20_r1,1789505735.517748,112386.7225418,174.57,81,1680,9001,210444677,4
matmul_large_L20_r1,1789505735.5638678,112386.7689006,174.57,81,1680,9001,210472165,4
matmul_large_L20_r1,1789505735.6179113,112386.822664,174.57,81,1680,9001,210472165,4
matmul_large_L20_r1,1789505735.6594038,112386.864402,174.57,81,1680,9001,210499392,4
matmul_large_L20_r1,1789505735.7194462,112386.924375,174.57,81,1680,9001,210499392,4
matmul_large_L20_r1,1789505735.759538,112386.9651321,174.488,81,1665,9001,210528854,4
matmul_large_L20_r1,1789505735.810685,112387.0153846,174.488,81,1665,9001,210528854,4
matmul_large_L20_r1,1789505735.8604057,112387.0653081,174.488,81,1665,9001,210556120,4
matmul_large_L20_r1,1789505735.9101417,112387.1150133,174.488,81,1665,9001,210556120,4
matmul_large_L20_r1,1789505735.961317,112387.1661703,174.488,81,1665,9001,210582114,4
matmul_large_L20_r1,1789505736.0125394,112387.2173355,174.488,81,1665,9001,210582114,4
matmul_large_L20_r1,1789505736.0606635,112387.2654884,174.488,81,1665,9001,210606756,4
matmul_large_L20_r1,1789505736.1124697,112387.3172355,174.488,81,1665,9001,210606756,4
matmul_large_L20_r1,1789505736.163391,112387.368078,174.488,81,1665,9001,210633428,4
matmul_large_L20_r1,1789505736.2146165,112387.4194249,174.488,81,1665,9001,210633428,4
matmul_large_L20_r1,1789505736.2646043,112387.4693279,174.519,81,1665,9001,210658811,4
matmul_large_L20_r1,1789505736.3156323,112387.5204577,174.519,81,1665,9001,210658811,4
matmul_large_L20_r1,1789505736.3672051,112387.5720892,174.519,81,1665,9001,210685618,4
matmul_large_L20_r1,1789505736.4180913,112387.6228457,174.519,81,1665,9001,210685618,4
matmul_large_L20_r1,1789505736.4683087,112387.6730288,174.519,81,1665,9001,210713243,4
matmul_large_L20_r1,1789505736.517853,112387.7225914,174.519,81,1665,9001,210713243,4
matmul_large_L20_r1,1789505736.5642724,112387.7689752,174.519,81,1665,9001,210740994,4
matmul_large_L20_r1,1789505736.6189005,112387.8237536,174.519,81,1665,9001,210740994,4
matmul_large_L20_r1,1789505736.660196,112387.8650379,174.519,81,1665,9001,210768502,4
matmul_large_L20_r1,1789505736.7196906,112387.9244717,174.519,81,1665,9001,210768502,4
matmul_large_L20_r1,1789505736.7611284,112387.9658634,174.398,81,1680,9001,210798765,4
matmul_large_L20_r1,1789505736.8131464,112388.017895,174.398,81,1680,9001,210798765,4
matmul_large_L20_r1,1789505736.863825,112388.0685281,174.398,81,1680,9001,210823628,4
matmul_large_L20_r1,1789505736.9146035,112388.1193312,174.398,81,1680,9001,210823628,4
matmul_large_L20_r1,1789505736.9655437,112388.170352,174.398,81,1680,9001,210849169,4
matmul_large_L20_r1,1789505737.0168748,112388.2217162,174.398,81,1680,9001,210849169,4
matmul_large_L20_r1,1789505737.0624578,112388.2673529,174.398,81,1680,9001,210876021,4
matmul_large_L20_r1,1789505737.119745,112388.3244729,174.398,81,1680,9001,210876021,4
matmul_large_L20_r1,1789505737.16031,112388.3652361,174.398,81,1680,9001,210904814,4
matmul_large_L20_r1,1789505737.2122688,112388.4169931,174.398,81,1680,9001,210904814,4
matmul_large_L20_r1,1789505737.2641253,112388.4689398,174.51,81,1680,9001,210932573,4
matmul_large_L20_r1,1789505737.3149867,112388.5197844,174.51,81,1680,9001,210932573,4
matmul_large_L20_r1,1789505737.3657925,112388.5704602,174.51,81,1680,9001,210959082,4
matmul_large_L20_r1,1789505737.4173918,112388.6221673,174.51,81,1680,9001,210959082,4
matmul_large_L20_r1,1789505737.4630392,112388.6677662,174.51,81,1680,9001,210986051,4
matmul_large_L20_r1,1789505737.516983,112388.7217218,174.51,81,1680,9001,210986051,4
matmul_large_L20_r1,1789505737.5642295,112388.7690734,174.51,81,1680,9001,211013199,4
matmul_large_L20_r1,1789505737.617244,112388.8221029,174.51,81,1680,9001,211013199,4
matmul_large_L20_r1,1789505737.6684759,112388.8732505,174.51,81,1680,9001,211040038,4
matmul_large_L20_r1,1789505737.7178366,112388.922544,174.51,81,1680,9001,211040038,4
matmul_large_L20_r1,1789505737.769139,112388.9739044,174.683,81,1680,9001,211066999,4
matmul_large_L20_r1,1789505737.8103688,112389.0152181,174.683,81,1680,9001,211066999,4
matmul_large_L20_r1,1789505737.8619542,112389.0667079,174.683,81,1680,9001,211092411,4
matmul_large_L20_r1,1789505737.9131181,112389.1180642,174.683,81,1680,9001,211092411,4
matmul_large_L20_r1,1789505737.9647348,112389.1694682,174.683,81,1680,9001,211118377,4
matmul_large_L10_r2,1789505745.9642541,112397.1696684,174.433,82,1680,9001,212518101,4
matmul_large_L10_r2,1789505746.0237188,112397.2286364,174.433,82,1680,9001,212518101,4
matmul_large_L10_r2,1789505746.0714188,112397.2763625,174.433,82,1680,9001,212542038,4
matmul_large_L10_r2,1789505746.1197488,112397.3247783,174.433,82,1680,9001,212542038,4
matmul_large_L10_r2,1789505746.1761358,112397.3809657,174.433,82,1680,9001,212567096,4
matmul_large_L10_r2,1789505746.2178166,112397.4226204,174.433,82,1680,9001,212567096,4
matmul_large_L10_r2,1789505746.268947,112397.473806,174.578,81,1680,9001,212594466,4
matmul_large_L10_r2,1789505746.3214953,112397.5266238,174.578,81,1680,9001,212594466,4
matmul_large_L10_r2,1789505746.3733015,112397.5780039,174.578,81,1680,9001,212618571,4
matmul_large_L10_r2,1789505746.41485,112397.6198554,174.578,81,1680,9001,212618571,4
matmul_large_L10_r2,1789505746.4688106,112397.6735726,174.578,81,1680,9001,212649854,4
matmul_large_L10_r2,1789505746.5175765,112397.7223246,174.578,81,1680,9001,212649854,4
matmul_large_L10_r2,1789505746.566321,112397.7710189,174.578,81,1680,9001,212679877,4
matmul_large_L10_r2,1789505746.616495,112397.8214056,174.578,81,1680,9001,212679877,4
matmul_large_L10_r2,1789505746.6697001,112397.8746836,174.578,81,1680,9001,212708913,4
matmul_large_L10_r2,1789505746.7197413,112397.9245496,174.578,81,1680,9001,212708913,4
matmul_large_L10_r2,1789505746.7714422,112397.9763715,174.695,82,1680,9001,212733355,4
matmul_large_L10_r2,1789505746.8224227,112398.0272443,174.695,82,1680,9001,212733355,4
matmul_large_L10_r2,1789505746.8735378,112398.0784428,174.695,82,1680,9001,212759027,4
matmul_large_L10_r2,1789505746.9244704,112398.1295449,174.695,82,1680,9001,212759027,4
matmul_large_L10_r2,1789505746.966458,112398.1714429,174.695,82,1680,9001,212784798,4
matmul_large_L10_r2,1789505747.0174625,112398.2224624,174.695,82,1680,9001,212784798,4
matmul_large_L10_r2,1789505747.0699584,112398.2751437,174.695,82,1680,9001,212808311,4
matmul_large_L10_r2,1789505747.1219952,112398.3268636,174.695,82,1680,9001,212808311,4
matmul_large_L10_r2,1789505747.1663115,112398.3712323,174.695,82,1680,9001,212832970,4
matmul_large_L10_r2,1789505747.2234335,112398.42823,174.695,82,1680,9001,212832970,4
matmul_large_L10_r2,1789505747.2737103,112398.4784051,174.626,82,1680,9001,212856933,4
matmul_large_L10_r2,1789505747.3248715,112398.5297834,174.626,82,1680,9001,212856933,4
matmul_large_L10_r2,1789505747.365825,112398.5707799,174.626,82,1680,9001,212884000,4
matmul_large_L10_r2,1789505747.4181123,112398.6229093,174.626,82,1680,9001,212884000,4
matmul_large_L10_r2,1789505747.4681456,112398.6731572,174.626,82,1680,9001,212907302,4
matmul_large_L10_r2,1789505747.517353,112398.7223526,174.626,82,1680,9001,212907302,4
matmul_large_L10_r2,1789505747.5687456,112398.773724,174.626,82,1680,9001,212931447,4
matmul_large_L10_r2,1789505747.619147,112398.8240916,174.626,82,1680,9001,212931447,4
matmul_large_L10_r2,1789505747.6730957,112398.8778439,174.626,82,1680,9001,212956075,4
matmul_large_L10_r2,1789505747.7177122,112398.9225899,174.626,82,1680,9001,212956075,4
matmul_large_L10_r2,1789505747.7690904,112398.9741319,174.623,82,1680,9001,212982022,4
matmul_large_L10_r2,1789505747.820735,112399.0256706,174.623,82,1680,9001,212982022,4
matmul_large_L10_r2,1789505747.8733044,112399.0782703,174.623,82,1680,9001,213006861,4
matmul_large_L10_r2,1789505747.9247813,112399.1297664,174.623,82,1680,9001,213006861,4
matmul_large_L10_r2,1789505747.9659758,112399.1710504,174.623,82,1680,9001,213033994,4
matmul_large_L10_r2,1789505748.0174892,112399.2222245,174.623,82,1680,9001,213033994,4
matmul_large_L10_r2,1789505748.0692322,112399.2741369,174.623,82,1680,9001,213057572,4
matmul_large_L10_r2,1789505748.1209705,112399.3259113,174.623,82,1680,9001,213057572,4
matmul_large_L10_r2,1789505748.1730251,112399.3781991,174.623,82,1680,9001,213081917,4
matmul_large_L10_r2,1789505748.221926,112399.4267855,174.623,82,1680,9001,213081917,4
matmul_large_L10_r2,1789505748.2741058,112399.4788765,174.703,81,1680,9001,213108532,4
matmul_large_L10_r2,1789505748.315218,112399.5199038,174.703,81,1680,9001,213108532,4
matmul_large_L10_r2,1789505748.366726,112399.5717969,174.703,81,1680,9001,213140429,4
matmul_large_L10_r2,1789505748.418283,112399.6232029,174.703,81,1680,9001,213140429,4
matmul_large_L10_r2,1789505748.4676197,112399.672614,174.703,81,1680,9001,213164191,4
matmul_large_L10_r2,1789505748.5187056,112399.7238792,174.703,81,1680,9001,213164191,4
matmul_large_L10_r2,1789505748.5687764,112399.7736653,174.703,81,1680,9001,213188054,4
matmul_large_L10_r2,1789505748.6176097,112399.8224363,174.703,81,1680,9001,213188054,4
matmul_large_L10_r2,1789505748.669319,112399.8743419,174.703,81,1680,9001,213212745,4
matmul_large_L10_r2,1789505748.7215698,112399.9264059,174.703,81,1680,9001,213212745,4
matmul_large_L10_r2,1789505748.7672744,112399.9720532,174.741,81,1680,9001,213237330,4
matmul_large_L10_r2,1789505748.818054,112400.022912,174.741,81,1680,9001,213237330,4
matmul_large_L10_r2,1789505748.8699176,112400.0749186,174.741,81,1680,9001,213261326,4
matmul_large_L10_r2,1789505748.9215434,112400.126855,174.741,81,1680,9001,213261326,4
matmul_large_L10_r2,1789505748.975285,112400.1803797,174.741,81,1680,9001,213286766,4
matmul_large_L10_r2,1789505749.016355,112400.2215819,174.741,81,1680,9001,213286766,4
matmul_large_L10_r2,1789505749.0673773,112400.2725396,174.741,81,1680,9001,213314313,4
matmul_large_L10_r2,1789505749.1193535,112400.3246349,174.741,81,1680,9001,213314313,4
matmul_large_L10_r2,1789505749.17094,112400.3764179,174.741,81,1680,9001,213338165,4
matmul_large_L10_r2,1789505749.2230146,112400.4278669,174.741,81,1680,9001,213338165,4
matmul_large_L10_r2,1789505749.2700243,112400.4751393,174.736,81,1680,9001,213364989,4
matmul_large_L10_r2,1789505749.3215733,112400.5268122,174.736,81,1680,9001,213364989,4
matmul_large_L10_r2,1789505749.3716564,112400.5765194,174.736,81,1680,9001,213390463,4
matmul_large_L10_r2,1789505749.4233477,112400.6285915,174.736,81,1680,9001,213390463,4
matmul_large_L10_r2,1789505749.479487,112400.6843423,174.736,81,1680,9001,213417390,4
matmul_large_L10_r2,1789505749.5202446,112400.7252109,174.736,81,1680,9001,213417390,4
matmul_large_L10_r2,1789505749.569828,112400.7749488,174.736,81,1680,9001,213439346,4
matmul_large_L10_r2,1789505749.6176906,112400.822786,174.736,81,1680,9001,213439346,4
matmul_large_L10_r2,1789505749.6686976,112400.8734863,174.736,81,1680,9001,213464726,4
matmul_large_L10_r2,1789505749.7188964,112400.9242986,174.736,81,1680,9001,213464726,4
matmul_large_L10_r2,1789505749.7701612,112400.975019,174.698,81,1680,9001,213488990,4
matmul_large_L10_r2,1789505749.8157437,112401.020643,174.698,81,1680,9001,213488990,4
matmul_large_L10_r2,1789505749.8663862,112401.071477,174.698,81,1680,9001,213520367,4
matmul_large_L10_r2,1789505749.9173582,112401.1222212,174.698,81,1680,9001,213520367,4
matmul_large_L10_r2,1789505749.968597,112401.1734057,174.698,81,1680,9001,213543947,4
matmul_large_L10_r2,1789505750.0141542,112401.2197358,174.698,81,1680,9001,213543947,4
matmul_large_L10_r2,1789505750.0648556,112401.2705653,174.698,81,1680,9001,213574300,4
matmul_large_L10_r2,1789505750.1164823,112401.3214287,174.698,81,1680,9001,213574300,4
matmul_large_L10_r2,1789505750.1713526,112401.3765716,174.698,81,1680,9001,213597325,4
matmul_large_L10_r2,1789505750.2228053,112401.4275792,174.698,81,1680,9001,213597325,4
matmul_large_L10_r2,1789505750.274217,112401.4790764,174.655,81,1680,9001,213624085,4
matmul_large_L10_r2,1789505750.329178,112401.5339795,174.655,81,1680,9001,213624085,4
matmul_large_L10_r2,1789505750.3712122,112401.5761355,174.655,81,1680,9001,213654139,4
matmul_large_L10_r2,1789505750.422041,112401.6268411,174.655,81,1680,9001,213654139,4
matmul_large_L10_r2,1789505750.4801695,112401.6849079,174.655,81,1680,9001,213680375,4
matmul_large_L10_r2,1789505750.5173206,112401.722537,174.655,81,1680,9001,213680375,4
matmul_large_L10_r2,1789505750.574204,112401.7791437,174.655,81,1680,9001,213702387,4
matmul_large_L10_r2,1789505750.617504,112401.8223396,174.655,81,1680,9001,213702387,4
matmul_large_L10_r2,1789505750.665445,112401.8704674,174.655,81,1680,9001,213729663,4
matmul_large_L10_r2,1789505750.7209678,112401.9257514,174.655,81,1680,9001,213729663,4
matmul_large_L10_r2,1789505750.7723422,112401.9771954,174.51,81,1680,9001,213752822,4
matmul_large_L10_r2,1789505750.8237925,112402.0286366,174.51,81,1680,9001,213752822,4
matmul_large_L10_r2,1789505750.8675332,112402.0722788,174.51,81,1680,9001,213780094,4
matmul_large_L10_r2,1789505750.9197152,112402.1245694,174.51,81,1680,9001,213780094,4
matmul_large_L10_r2,1789505750.9715178,112402.1765064,174.51,81,1680,9001,213804176,4
matmul_large_L10_r2,1789505751.0166378,112402.2215716,174.51,81,1680,9001,213804176,4
matmul_large_L10_r2,1789505751.0686905,112402.2735117,174.51,81,1680,9001,213830426,4
matmul_large_L10_r2,1789505751.120791,112402.3257455,174.51,81,1680,9001,213830426,4
matmul_large_L10_r2,1789505751.1718128,112402.3765719,174.51,81,1680,9001,213854800,4
matmul_large_L10_r2,1789505751.2226062,112402.4272996,174.51,81,1680,9001,213854800,4
matmul_large_L10_r2,1789505751.2736535,112402.4784575,174.554,81,1710,9001,213881968,4
matmul_large_L10_r2,1789505751.3248413,112402.5296189,174.554,81,1710,9001,213881968,4
matmul_large_L10_r2,1789505751.3659534,112402.5709024,174.554,81,1710,9001,213908319,4
matmul_large_L10_r2,1789505751.416739,112402.6214392,174.554,81,1710,9001,213908319,4
matmul_large_L10_r2,1789505751.4675987,112402.672559,174.554,81,1710,9001,213932420,4
matmul_large_L10_r2,1789505751.5215855,112402.7263667,174.554,81,1710,9001,213932420,4
matmul_large_L10_r2,1789505751.569632,112402.7743489,174.554,81,1710,9001,213956769,4
matmul_large_L10_r2,1789505751.6204176,112402.8251192,174.554,81,1710,9001,213956769,4
matmul_large_L10_r2,1789505751.6717706,112402.876768,174.554,81,1710,9001,213982169,4
matmul_large_L10_r2,1789505751.7210362,112402.9258122,174.554,81,1710,9001,213982169,4
matmul_large_L10_r2,1789505751.7717342,112402.976432,174.718,81,1680,9001,214008143,4
matmul_large_L10_r2,1789505751.8225,112403.027189,174.718,81,1680,9001,214008143,4
matmul_large_L10_r2,1789505751.8722384,112403.0771045,174.718,81,1680,9001,214034930,4
matmul_large_L10_r2,1789505751.9212403,112403.1259868,174.718,81,1680,9001,214034930,4
matmul_large_L10_r2,1789505751.972656,112403.1774564,174.718,81,1680,9001,214061373,4
matmul_large_L10_r2,1789505752.018645,112403.2235002,174.718,81,1680,9001,214061373,4
matmul_large_L10_r2,1789505752.0692384,112403.2739672,174.718,81,1680,9001,214087984,4
matmul_large_L10_r2,1789505752.1211333,112403.3260783,174.718,81,1680,9001,214087984,4
matmul_large_L10_r2,1789505752.1727278,112403.3774576,174.718,81,1680,9001,214111955,4
matmul_large_L10_r2,1789505752.2242012,112403.4291,174.718,81,1680,9001,214111955,4
matmul_large_L10_r2,1789505752.2652078,112403.4699864,174.826,81,1680,9001,214139863,4
matmul_large_L10_r2,1789505752.3161566,112403.5209941,174.826,81,1680,9001,214139863,4
matmul_large_L10_r2,1789505752.3670516,112403.5717933,174.826,81,1680,9001,214163496,4
matmul_large_L10_r2,1789505752.4185975,112403.6235167,174.826,81,1680,9001,214163496,4
matmul_large_L10_r2,1789505752.4721966,112403.6772225,174.826,81,1680,9001,214187463,4
matmul_large_L10_r2,1789505752.5197701,112403.7245337,174.826,81,1680,9001,214187463,4
matmul_large_L10_r2,1789505752.5760293,112403.7808196,174.826,81,1680,9001,214213410,4
matmul_large_L10_r2,1789505752.6217315,112403.8265105,174.826,81,1680,9001,214213410,4
matmul_large_L10_r2,1789505752.6682193,112403.8732041,174.826,81,1680,9001,214235699,4
matmul_large_L10_r2,1789505752.7186177,112403.9233137,174.826,81,1680,9001,214235699,4
matmul_large_L10_r2,1789505752.770262,112403.9750349,174.425,81,1680,9001,214260116,4
matmul_large_L10_r2,1789505752.821815,112404.0265716,174.425,81,1680,9001,214260116,4
matmul_large_L10_r2,1789505752.8724883,112404.0772234,174.425,81,1680,9001,214286362,4
matmul_large_L10_r2,1789505752.9239426,112404.1286542,174.425,81,1680,9001,214286362,4
matmul_large_L10_r2,1789505752.9675767,112404.1725394,174.425,81,1680,9001,214312484,4
matmul_large_L10_r2,1789505753.0281408,112404.2330944,174.425,81,1680,9001,214312484,4
matmul_large_L10_r2,1789505753.0693223,112404.2741516,174.425,81,1680,9001,214340514,4
matmul_large_L10_r2,1789505753.120156,112404.3249665,174.425,81,1680,9001,214340514,4
matmul_large_L10_r2,1789505753.1713285,112404.3761883,174.425,81,1680,9001,214365600,4
matmul_large_L10_r2,1789505753.2227485,112404.4274913,174.425,81,1680,9001,214365600,4
matmul_large_L10_r2,1789505753.2742605,112404.479031,174.533,81,1680,9001,214392683,4
matmul_large_L10_r2,1789505753.315857,112404.520743,174.533,81,1680,9001,214392683,4
matmul_large_L10_r2,1789505753.3659356,112404.5707701,174.533,81,1680,9001,214419684,4
matmul_large_L10_r2,1789505753.4167404,112404.6215293,174.533,81,1680,9001,214419684,4
matmul_large_L10_r2,1789505753.4757257,112404.6806446,174.533,81,1680,9001,214443676,4
matmul_large_L10_r2,1789505753.51714,112404.7219769,174.533,81,1680,9001,214443676,4
matmul_large_L10_r2,1789505753.5676777,112404.7728403,174.533,81,1680,9001,214465568,4
matmul_large_L10_r2,1789505753.6225777,112404.8274215,174.533,81,1680,9001,214465568,4
matmul_large_L10_r2,1789505753.672391,112404.8771989,174.533,81,1680,9001,214491412,4
matmul_large_L10_r2,1789505753.720564,112404.9254128,174.533,81,1680,9001,214491412,4
matmul_large_L10_r2,1789505753.772127,112404.9768733,174.575,81,1680,9001,214517883,4
matmul_large_L10_r2,1789505753.8241289,112405.0289652,174.575,81,1680,9001,214517883,4
matmul_large_L10_r2,1789505753.8649423,112405.0697206,174.575,81,1680,9001,214546309,4
matmul_large_L10_r2,1789505753.9162033,112405.1209562,174.575,81,1680,9001,214546309,4
matmul_large_L10_r2,1789505753.9680326,112405.1730388,174.575,81,1680,9001,214569764,4
matmul_large_L10_r2,1789505754.0190282,112405.2239427,174.575,81,1680,9001,214569764,4
matmul_large_L10_r2,1789505754.067637,112405.2723948,174.575,81,1680,9001,214595038,4
matmul_large_L10_r2,1789505754.119492,112405.3242617,174.575,81,1680,9001,214595038,4
matmul_large_L10_r2,1789505754.1716418,112405.3765466,174.575,81,1680,9001,214619421,4
matmul_large_L10_r2,1789505754.222791,112405.4275017,174.575,81,1680,9001,214619421,4
matmul_large_L10_r2,1789505754.274421,112405.4791279,174.547,82,1680,9001,214646838,4
matmul_large_L10_r2,1789505754.3151314,112405.5199466,174.547,82,1680,9001,214646838,4
matmul_large_L10_r2,1789505754.366176,112405.5709133,174.547,82,1680,9001,214680392,4
matmul_large_L10_r2,1789505754.4267337,112405.6314848,174.547,82,1680,9001,214680392,4
matmul_large_L10_r2,1789505754.4654725,112405.6702678,174.547,82,1680,9001,214707135,4
matmul_large_L10_r2,1789505754.521485,112405.7263326,174.547,82,1680,9001,214707135,4
matmul_large_L10_r2,1789505754.5676882,112405.7726502,174.547,82,1680,9001,214731568,4
matmul_large_L10_r2,1789505754.6234713,112405.8282354,174.547,82,1680,9001,214731568,4
matmul_large_L10_r2,1789505754.6724608,112405.8771877,174.547,82,1680,9001,214757803,4
matmul_large_L10_r2,1789505754.7172096,112405.9220664,174.547,82,1680,9001,214757803,4
matmul_large_L10_r2,1789505754.7687526,112405.9735262,174.588,81,1680,9001,214784387,4
matmul_large_L10_r2,1789505754.8206034,112406.025439,174.588,81,1680,9001,214784387,4
matmul_large_L10_r2,1789505754.871001,112406.0757682,174.588,81,1680,9001,214810040,4
matmul_large_L10_r2,1789505754.9222865,112406.1270645,174.588,81,1680,9001,214810040,4
matmul_large_L10_r2,1789505754.9738204,112406.1787092,174.588,81,1680,9001,214836698,4
matmul_large_L10_r2,1789505755.0149882,112406.2205305,174.588,81,1680,9001,214836698,4
matmul_large_L10_r2,1789505755.0660856,112406.270834,174.588,81,1680,9001,214864302,4
matmul_large_L10_r2,1789505755.12371,112406.3284054,174.588,81,1680,9001,214864302,4
matmul_large_L10_r2,1789505755.174858,112406.3796253,174.588,81,1680,9001,214889519,4
matmul_large_L10_r2,1789505755.2163074,112406.4211684,174.588,81,1680,9001,214889519,4
matmul_large_L10_r2,1789505755.2676938,112406.4727181,174.618,81,1680,9001,214917468,4
matmul_large_L10_r2,1789505755.3178701,112406.5225666,174.618,81,1680,9001,214917468,4
matmul_large_L10_r2,1789505755.3693147,112406.5741848,174.618,81,1680,9001,214942335,4
matmul_large_L10_r2,1789505755.4200945,112406.624901,174.618,81,1680,9001,214942335,4
matmul_large_L10_r2,1789505755.4650688,112406.6701637,174.618,81,1680,9001,214968126,4
matmul_large_L10_r2,1789505755.5167866,112406.7216552,174.618,81,1680,9001,214968126,4
matmul_large_L10_r2,1789505755.5690866,112406.7740656,174.618,81,1680,9001,214991668,4
matmul_large_L10_r2,1789505755.6175072,112406.8222213,174.618,81,1680,9001,214991668,4
matmul_large_L10_r2,1789505755.6736836,112406.8784273,174.618,81,1680,9001,215017396,4
matmul_large_L10_r2,1789505755.7243218,112406.9291228,174.618,81,1680,9001,215017396,4
matmul_large_L10_r2,1789505755.7654653,112406.9703186,174.584,82,1680,9001,215046311,4
matmul_large_L10_r2,1789505755.8169506,112407.0217256,174.584,82,1680,9001,215046311,4
matmul_large_L10_r2,1789505755.8688915,112407.0736,174.584,82,1680,9001,215070492,4
matmul_large_L10_r2,1789505755.9200935,112407.1248475,174.584,82,1680,9001,215070492,4
matmul_large_L10_r2,1789505755.9717178,112407.1765225,174.584,82,1680,9001,215095915,4
matmul_large_L10_r2,1789505756.0230603,112407.2277728,174.584,82,1680,9001,215095915,4
matmul_large_L10_r2,1789505756.0737195,112407.2785566,174.584,82,1680,9001,215123874,4
matmul_large_L10_r2,1789505756.116667,112407.3213787,174.584,82,1680,9001,215123874,4
matmul_large_L5_r2,1789505764.1623237,112415.3722949,174.529,82,1680,9001,216553736,4
matmul_large_L5_r2,1789505764.2223318,112415.4271591,174.529,82,1680,9001,216553736,4
matmul_large_L5_r2,1789505764.2737596,112415.4786099,174.649,81,1680,9001,216582318,4
matmul_large_L5_r2,1789505764.3253405,112415.5301894,174.649,81,1680,9001,216582318,4
matmul_large_L5_r2,1789505764.3774798,112415.5821889,174.649,81,1680,9001,216607694,4
matmul_large_L5_r2,1789505764.4180064,112415.6226934,174.649,81,1680,9001,216607694,4
matmul_large_L5_r2,1789505764.4677558,112415.6729377,174.649,81,1680,9001,216629765,4
matmul_large_L5_r2,1789505764.5252492,112415.7299415,174.649,81,1680,9001,216629765,4
matmul_large_L5_r2,1789505764.5720077,112415.7768994,174.649,81,1680,9001,216658931,4
matmul_large_L5_r2,1789505764.621515,112415.8263378,174.649,81,1680,9001,216658931,4
matmul_large_L5_r2,1789505764.674589,112415.8793581,174.649,81,1680,9001,216689478,4
matmul_large_L5_r2,1789505764.7215848,112415.9267092,174.649,81,1680,9001,216689478,4
matmul_large_L5_r2,1789505764.7768936,112415.9817719,174.761,82,1680,9001,216713437,4
matmul_large_L5_r2,1789505764.8182375,112416.0232981,174.761,82,1680,9001,216713437,4
matmul_large_L5_r2,1789505764.869365,112416.0741677,174.761,82,1680,9001,216736131,4
matmul_large_L5_r2,1789505764.9203565,112416.1250153,174.761,82,1680,9001,216736131,4
matmul_large_L5_r2,1789505764.9712727,112416.176096,174.761,82,1680,9001,216763873,4
matmul_large_L5_r2,1789505765.0230474,112416.227918,174.761,82,1680,9001,216763873,4
matmul_large_L5_r2,1789505765.0743606,112416.2791187,174.761,82,1680,9001,216794195,4
matmul_large_L5_r2,1789505765.12643,112416.3318826,174.761,82,1680,9001,216794195,4
matmul_large_L5_r2,1789505765.1703048,112416.3753315,174.761,82,1680,9001,216820261,4
matmul_large_L5_r2,1789505765.2206364,112416.4253579,174.761,82,1680,9001,216820261,4
matmul_large_L5_r2,1789505765.2711475,112416.4759183,174.798,82,1680,9001,216849195,4
matmul_large_L5_r2,1789505765.3232334,112416.5280991,174.798,82,1680,9001,216849195,4
matmul_large_L5_r2,1789505765.3742387,112416.5790944,174.798,82,1680,9001,216879217,4
matmul_large_L5_r2,1789505765.4253957,112416.6302469,174.798,82,1680,9001,216879217,4
matmul_large_L5_r2,1789505765.467857,112416.6729745,174.798,82,1680,9001,216904687,4
matmul_large_L5_r2,1789505765.5263886,112416.731206,174.798,82,1680,9001,216904687,4
matmul_large_L5_r2,1789505765.5679884,112416.7730105,174.798,82,1680,9001,216933366,4
matmul_large_L5_r2,1789505765.619533,112416.8244069,174.798,82,1680,9001,216933366,4
matmul_large_L5_r2,1789505765.6798825,112416.8847992,174.798,82,1680,9001,216960975,4
matmul_large_L5_r2,1789505765.7228742,112416.9277745,174.798,82,1680,9001,216960975,4
matmul_large_L5_r2,1789505765.7742715,112416.9791944,174.711,82,1680,9001,216986599,4
matmul_large_L5_r2,1789505765.8254995,112417.0304012,174.711,82,1680,9001,216986599,4
matmul_large_L5_r2,1789505765.8758245,112417.0805418,174.711,82,1680,9001,217012199,4
matmul_large_L5_r2,1789505765.9269893,112417.1319629,174.711,82,1680,9001,217012199,4
matmul_large_L5_r2,1789505765.9683654,112417.173211,174.711,82,1680,9001,217038423,4
matmul_large_L5_r2,1789505766.0243707,112417.2291966,174.711,82,1680,9001,217038423,4
matmul_large_L5_r2,1789505766.0763307,112417.2811097,174.711,82,1680,9001,217068275,4
matmul_large_L5_r2,1789505766.1180236,112417.3230226,174.711,82,1680,9001,217068275,4
matmul_large_L5_r2,1789505766.1694472,112417.3741821,174.711,82,1680,9001,217090919,4
matmul_large_L5_r2,1789505766.2284305,112417.4332497,174.711,82,1680,9001,217090919,4
matmul_large_L5_r2,1789505766.269899,112417.47466,174.596,82,1680,9001,217122892,4
matmul_large_L5_r2,1789505766.3210056,112417.5258848,174.596,82,1680,9001,217122892,4
matmul_large_L5_r2,1789505766.3729706,112417.5777553,174.596,82,1680,9001,217151658,4
matmul_large_L5_r2,1789505766.4243891,112417.6291527,174.596,82,1680,9001,217151658,4
matmul_large_L5_r2,1789505766.4716637,112417.6763998,174.596,82,1680,9001,217176783,4
matmul_large_L5_r2,1789505766.5186667,112417.7235157,174.596,82,1680,9001,217176783,4
matmul_large_L5_r2,1789505766.5757895,112417.7806898,174.596,82,1680,9001,217199490,4
matmul_large_L5_r2,1789505766.617388,112417.8226021,174.596,82,1680,9001,217199490,4
matmul_large_L5_r2,1789505766.6679783,112417.8731006,174.596,82,1680,9001,217222093,4
matmul_large_L5_r2,1789505766.7213354,112417.9262073,174.596,82,1680,9001,217222093,4
matmul_large_L5_r2,1789505766.7738707,112417.9787002,174.648,82,1680,9001,217250369,4
matmul_large_L5_r2,1789505766.8251102,112418.0299193,174.648,82,1680,9001,217250369,4
matmul_large_L5_r2,1789505766.8768563,112418.0816703,174.648,82,1680,9001,217275962,4
matmul_large_L5_r2,1789505766.9278064,112418.1326167,174.648,82,1680,9001,217275962,4
matmul_large_L5_r2,1789505766.9694018,112418.1742654,174.648,82,1680,9001,217302900,4
matmul_large_L5_r2,1789505767.02272,112418.2275259,174.648,82,1680,9001,217302900,4
matmul_large_L5_r2,1789505767.0730941,112418.2778429,174.648,82,1680,9001,217332813,4
matmul_large_L5_r2,1789505767.1237798,112418.3285269,174.648,82,1680,9001,217332813,4
matmul_large_L5_r2,1789505767.174361,112418.3790287,174.648,82,1680,9001,217357799,4
matmul_large_L5_r2,1789505767.2257295,112418.4304879,174.648,82,1680,9001,217357799,4
matmul_large_L5_r2,1789505767.290803,112418.4956153,174.678,82,1680,9001,217383625,4
matmul_large_L5_r2,1789505767.3212588,112418.5261469,174.678,82,1680,9001,217383625,4
matmul_large_L5_r2,1789505767.373144,112418.5779931,174.678,82,1680,9001,217413540,4
matmul_large_L5_r2,1789505767.4246266,112418.6294405,174.678,82,1680,9001,217413540,4
matmul_large_L5_r2,1789505767.4715683,112418.6764168,174.678,82,1680,9001,217438989,4
matmul_large_L5_r2,1789505767.5224044,112418.7272221,174.678,82,1680,9001,217438989,4
matmul_large_L5_r2,1789505767.5738087,112418.7785175,174.678,82,1680,9001,217463356,4
matmul_large_L5_r2,1789505767.62925,112418.8341118,174.678,82,1680,9001,217463356,4
matmul_large_L5_r2,1789505767.6764746,112418.8812267,174.678,82,1680,9001,217490768,4
matmul_large_L5_r2,1789505767.7226894,112418.9275201,174.678,82,1680,9001,217490768,4
matmul_large_L5_r2,1789505767.7739763,112418.9788056,174.723,82,1680,9001,217515469,4
matmul_large_L5_r2,1789505767.8267992,112419.031471,174.723,82,1680,9001,217515469,4
matmul_large_L5_r2,1789505767.867912,112419.0732629,174.723,82,1680,9001,217541787,4
matmul_large_L5_r2,1789505767.9194314,112419.1242942,174.723,82,1680,9001,217541787,4
matmul_large_L5_r2,1789505767.9708629,112419.1756419,174.723,82,1680,9001,217569621,4
matmul_large_L5_r2,1789505768.02476,112419.2295119,174.723,82,1680,9001,217569621,4
matmul_large_L5_r2,1789505768.078132,112419.2829455,174.723,82,1680,9001,217601198,4
matmul_large_L5_r2,1789505768.1182477,112419.3230874,174.723,82,1680,9001,217601198,4
matmul_large_L5_r2,1789505768.1684892,112419.3734045,174.723,82,1680,9001,217624842,4
matmul_large_L5_r2,1789505768.2197278,112419.4245595,174.723,82,1680,9001,217624842,4
matmul_large_L5_r2,1789505768.2710943,112419.4758445,174.791,82,1680,9001,217653442,4
matmul_large_L5_r2,1789505768.323033,112419.5279006,174.791,82,1680,9001,217653442,4
matmul_large_L5_r2,1789505768.3752983,112419.5804503,174.791,82,1680,9001,217683984,4
matmul_large_L5_r2,1789505768.4259777,112419.6307403,174.791,82,1680,9001,217683984,4
matmul_large_L5_r2,1789505768.4756947,112419.6807106,174.791,82,1680,9001,217709996,4
matmul_large_L5_r2,1789505768.5235515,112419.728454,174.791,82,1680,9001,217709996,4
matmul_large_L5_r2,1789505768.5716043,112419.7764399,174.791,82,1680,9001,217735059,4
matmul_large_L5_r2,1789505768.6215668,112419.8262637,174.791,82,1680,9001,217735059,4
matmul_large_L5_r2,1789505768.6722684,112419.8770018,174.791,82,1680,9001,217759263,4
matmul_large_L5_r2,1789505768.7206986,112419.9253949,174.791,82,1680,9001,217759263,4
matmul_large_L5_r2,1789505768.771511,112419.9762804,174.761,82,1680,9001,217783096,4
matmul_large_L5_r2,1789505768.8234398,112420.0282646,174.761,82,1680,9001,217783096,4
matmul_large_L5_r2,1789505768.8704212,112420.0751825,174.761,82,1680,9001,217808152,4
matmul_large_L5_r2,1789505768.9228194,112420.1275454,174.761,82,1680,9001,217808152,4
matmul_large_L5_r2,1789505768.9747086,112420.1796813,174.761,82,1680,9001,217838495,4
matmul_large_L5_r2,1789505769.0206804,112420.2255391,174.761,82,1680,9001,217838495,4
matmul_large_L5_r2,1789505769.0716362,112420.2763563,174.761,82,1680,9001,217862412,4
matmul_large_L5_r2,1789505769.12233,112420.3271963,174.761,82,1680,9001,217862412,4
matmul_large_L5_r2,1789505769.1737735,112420.3785439,174.761,82,1680,9001,217887090,4
matmul_large_L5_r2,1789505769.2249737,112420.4298422,174.761,82,1680,9001,217887090,4
matmul_large_L2_r4,1789505777.2649848,112428.4796458,174.574,82,1680,9001,219312747,4
matmul_large_L2_r4,1789505777.327876,112428.5326093,174.574,82,1680,9001,219312747,4
matmul_large_L2_r4,1789505777.3817077,112428.5864455,174.574,82,1680,9001,219341218,4
matmul_large_L2_r4,1789505777.4337792,112428.6386756,174.574,82,1680,9001,219364394,4
matmul_large_L2_r4,1789505777.4787009,112428.6834459,174.574,82,1680,9001,219364394,4
matmul_large_L2_r4,1789505777.5254645,112428.730206,174.574,82,1680,9001,219364394,4
matmul_large_L2_r4,1789505777.5759277,112428.7807881,174.574,82,1680,9001,219394263,4
matmul_large_L2_r4,1789505777.6327283,112428.8374658,174.574,82,1680,9001,219415092,4
matmul_large_L2_r4,1789505777.6771822,112428.8820049,174.574,82,1680,9001,219415092,4
matmul_large_L2_r4,1789505777.7314599,112428.9362305,174.574,82,1680,9001,219437206,4
matmul_large_L2_r4,1789505777.7829156,112428.9876728,174.697,82,1680,9001,219437206,4
matmul_large_L2_r4,1789505777.834168,112429.0390093,174.697,82,1680,9001,219461967,4
matmul_large_L2_r4,1789505777.8859153,112429.0906931,174.697,82,1680,9001,219461967,4
matmul_large_L2_r4,1789505777.9268017,112429.1315492,174.697,82,1680,9001,219461967,4
matmul_large_L2_r4,1789505777.9785583,112429.1833543,174.697,82,1680,9001,219494945,4
matmul_large_L2_r4,1789505778.030449,112429.2354053,174.697,82,1680,9001,219517099,4
matmul_large_L2_r4,1789505778.0829492,112429.2878729,174.697,82,1680,9001,219517099,4
matmul_large_L2_r4,1789505778.124448,112429.3299263,174.697,82,1680,9001,219517099,4
matmul_large_L2_r4,1789505778.1808677,112429.3857868,174.697,82,1680,9001,219548460,4
matmul_large_L2_r4,1789505778.2323868,112429.437161,174.697,82,1680,9001,219571528,4
matmul_large_L2_r4,1789505778.273741,112429.4798614,174.684,82,1680,9001,219571528,4
matmul_large_L2_r4,1789505778.3261132,112429.5309233,174.684,82,1680,9001,219571528,4
matmul_large_L2_r4,1789505778.378744,112429.5835492,174.684,82,1680,9001,219600052,4
matmul_large_L2_r4,1789505778.4339006,112429.6386552,174.684,82,1680,9001,219622125,4
matmul_large_L2_r4,1789505778.4785218,112429.6832373,174.684,82,1680,9001,219622125,4
matmul_large_L2_r4,1789505778.5316746,112429.7365367,174.684,82,1680,9001,219644945,4
matmul_large_L2_r4,1789505778.5799325,112429.7846803,174.684,82,1680,9001,219644945,4
matmul_large_L2_r4,1789505778.6314266,112429.8363428,174.684,82,1680,9001,219667759,4
matmul_large_L2_r4,1789505778.6764128,112429.8811161,174.684,82,1680,9001,219667759,4
matmul_large_L2_r4,1789505778.7316105,112429.9364392,174.684,82,1680,9001,219689243,4
matmul_large_L2_r4,1789505778.7839353,112429.988698,174.752,82,1680,9001,219689243,4
matmul_large_L2_r4,1789505778.8250628,112430.0304459,174.752,82,1680,9001,219689243,4
matmul_large_L2_r4,1789505778.8766046,112430.0815168,174.752,82,1680,9001,219721129,4
matmul_large_L2_r4,1789505778.9284089,112430.133452,174.752,82,1680,9001,219721129,4
matmul_large_L2_r4,1789505778.9773629,112430.1821442,174.752,82,1680,9001,219745652,4
matmul_large_L2_r4,1789505779.0294518,112430.2343752,174.752,82,1680,9001,219766961,4
matmul_large_L2_r4,1789505779.0814977,112430.2864975,174.752,82,1680,9001,219766961,4
matmul_large_L2_r4,1789505779.1331933,112430.3381995,174.752,82,1680,9001,219791136,4
matmul_large_L2_r4,1789505779.178584,112430.3833777,174.752,82,1680,9001,219791136,4
matmul_large_L2_r4,1789505779.2367687,112430.4426072,174.752,82,1680,9001,219814101,4
matmul_large_L2_r4,1789505779.2789001,112430.4838742,174.739,82,1665,9001,219814101,4
matmul_large_L5_r3,1789505787.3107705,112438.5172035,174.805,82,1680,9001,221220850,4
matmul_large_L5_r3,1789505787.3624036,112438.5678225,174.805,82,1680,9001,221241342,4
matmul_large_L5_r3,1789505787.4168823,112438.621863,174.805,82,1680,9001,221241342,4
matmul_large_L5_r3,1789505787.4630988,112438.6677346,174.805,82,1680,9001,221271543,4
matmul_large_L5_r3,1789505787.5208406,112438.7256422,174.805,82,1680,9001,221271543,4
matmul_large_L5_r3,1789505787.571384,112438.7762033,174.805,82,1680,9001,221302771,4
matmul_large_L5_r3,1789505787.6203115,112438.8251566,174.805,82,1680,9001,221302771,4
matmul_large_L5_r3,1789505787.6760805,112438.8808425,174.805,82,1680,9001,221329535,4
matmul_large_L5_r3,1789505787.7214222,112438.9261591,174.805,82,1680,9001,221329535,4
matmul_large_L5_r3,1789505787.7627766,112438.9678855,174.805,82,1680,9001,221358695,4
matmul_large_L5_r3,1789505787.8141603,112439.0190293,174.743,82,1680,9001,221358695,4
matmul_large_L5_r3,1789505787.8649938,112439.0700792,174.743,82,1680,9001,221387842,4
matmul_large_L5_r3,1789505787.9161108,112439.1208546,174.743,82,1680,9001,221387842,4
matmul_large_L5_r3,1789505787.9671493,112439.1719019,174.743,82,1680,9001,221412360,4
matmul_large_L5_r3,1789505788.0182812,112439.2231333,174.743,82,1680,9001,221412360,4
matmul_large_L5_r3,1789505788.0713732,112439.2761162,174.743,82,1680,9001,221437740,4
matmul_large_L5_r3,1789505788.1127126,112439.3177131,174.743,82,1680,9001,221437740,4
matmul_large_L5_r3,1789505788.164642,112439.3693606,174.743,82,1680,9001,221461564,4
matmul_large_L5_r3,1789505788.2168636,112439.4215996,174.743,82,1680,9001,221461564,4
matmul_large_L5_r3,1789505788.268222,112439.4729461,174.743,82,1680,9001,221492295,4
matmul_large_L5_r3,1789505788.3198924,112439.5246148,174.758,82,1680,9001,221492295,4
matmul_large_L5_r3,1789505788.371009,112439.5758486,174.758,82,1680,9001,221518379,4
matmul_large_L5_r3,1789505788.4226227,112439.6274454,174.758,82,1680,9001,221518379,4
matmul_large_L5_r3,1789505788.4690738,112439.6738553,174.758,82,1680,9001,221546150,4
matmul_large_L5_r3,1789505788.5209324,112439.7257163,174.758,82,1680,9001,221546150,4
matmul_large_L5_r3,1789505788.567354,112439.7722607,174.758,82,1680,9001,221572666,4
matmul_large_L5_r3,1789505788.621167,112439.8260005,174.758,82,1680,9001,221572666,4
matmul_large_L5_r3,1789505788.667535,112439.8722279,174.758,82,1680,9001,221599384,4
matmul_large_L5_r3,1789505788.7211566,112439.9265786,174.758,82,1680,9001,221599384,4
matmul_large_L5_r3,1789505788.7623913,112439.9673434,174.758,82,1680,9001,221626257,4
matmul_large_L5_r3,1789505788.814115,112440.0188982,174.761,82,1680,9001,221626257,4
matmul_large_L5_r3,1789505788.864931,112440.0697852,174.761,82,1680,9001,221655417,4
matmul_large_L5_r3,1789505788.9157388,112440.1206415,174.761,82,1680,9001,221655417,4
matmul_large_L5_r3,1789505788.9675176,112440.1724509,174.761,82,1680,9001,221679870,4
matmul_large_L5_r3,1789505789.0183332,112440.2231854,174.761,82,1680,9001,221679870,4
matmul_large_L5_r3,1789505789.062671,112440.2679994,174.761,82,1680,9001,221705435,4
matmul_large_L5_r3,1789505789.1139655,112440.3188521,174.761,82,1680,9001,221705435,4
matmul_large_L5_r3,1789505789.1658702,112440.370746,174.761,82,1680,9001,221734387,4
matmul_large_L5_r3,1789505789.2168636,112440.4215728,174.761,82,1680,9001,221734387,4
matmul_large_L5_r3,1789505789.2682555,112440.4730984,174.761,82,1680,9001,221759366,4
matmul_large_L5_r3,1789505789.32012,112440.5248695,174.592,82,1680,9001,221759366,4
matmul_large_L5_r3,1789505789.3721402,112440.5769338,174.592,82,1680,9001,221785647,4
matmul_large_L5_r3,1789505789.4138772,112440.61865,174.592,82,1680,9001,221785647,4
matmul_large_L5_r3,1789505789.4712667,112440.6760496,174.592,82,1680,9001,221810776,4
matmul_large_L5_r3,1789505789.5207522,112440.7257291,174.592,82,1680,9001,221810776,4
matmul_large_L5_r3,1789505789.5674205,112440.7721271,174.592,82,1680,9001,221838236,4
matmul_large_L5_r3,1789505789.6211934,112440.8260116,174.592,82,1680,9001,221838236,4
matmul_large_L5_r3,1789505789.6678803,112440.87262,174.592,82,1680,9001,221865065,4
matmul_large_L5_r3,1789505789.7210498,112440.9257869,174.592,82,1680,9001,221865065,4
matmul_large_L5_r3,1789505789.7621107,112440.9675113,174.592,82,1680,9001,221891809,4
matmul_large_L5_r3,1789505789.8132932,112441.01807,174.73,82,1680,9001,221891809,4
matmul_large_L5_r3,1789505789.864521,112441.0693233,174.73,82,1680,9001,221920710,4
matmul_large_L5_r3,1789505789.916224,112441.1210389,174.73,82,1680,9001,221920710,4
matmul_large_L5_r3,1789505789.9678302,112441.1727691,174.73,82,1680,9001,221945500,4
matmul_large_L5_r3,1789505790.0196555,112441.2244127,174.73,82,1680,9001,221945500,4
matmul_large_L5_r3,1789505790.07311,112441.2779301,174.73,82,1680,9001,221971777,4
matmul_large_L5_r3,1789505790.115729,112441.3204955,174.73,82,1680,9001,221971777,4
matmul_large_L5_r3,1789505790.1658828,112441.3706998,174.73,82,1680,9001,221997739,4
matmul_large_L5_r3,1789505790.2165012,112441.4212577,174.73,82,1680,9001,221997739,4
matmul_large_L5_r3,1789505790.2672336,112441.4719528,174.73,82,1680,9001,222022688,4
matmul_large_L5_r3,1789505790.318385,112441.523165,174.757,82,1665,9001,222022688,4
matmul_large_L5_r3,1789505790.3703651,112441.5751315,174.757,82,1665,9001,222048579,4
matmul_large_L5_r3,1789505790.4210634,112441.6258217,174.757,82,1665,9001,222048579,4
matmul_large_L5_r3,1789505790.46224,112441.6675536,174.757,82,1665,9001,222075992,4
matmul_large_L5_r3,1789505790.520834,112441.7255803,174.757,82,1665,9001,222075992,4
matmul_large_L5_r3,1789505790.5670564,112441.7719789,174.757,82,1665,9001,222106345,4
matmul_large_L5_r3,1789505790.6154044,112441.8202424,174.757,82,1665,9001,222106345,4
matmul_large_L5_r3,1789505790.6635597,112441.868426,174.757,82,1665,9001,222130923,4
matmul_large_L5_r3,1789505790.7211173,112441.9258075,174.757,82,1665,9001,222130923,4
matmul_large_L5_r3,1789505790.762622,112441.9675584,174.757,82,1665,9001,222163345,4
matmul_large_L5_r3,1789505790.8135302,112442.0183025,174.693,82,1680,9001,222163345,4
matmul_large_L5_r3,1789505790.864977,112442.0698722,174.693,82,1680,9001,222192788,4
matmul_large_L5_r3,1789505790.9154623,112442.1202558,174.693,82,1680,9001,222192788,4
matmul_large_L5_r3,1789505790.96711,112442.1717837,174.693,82,1680,9001,222217311,4
matmul_large_L5_r3,1789505791.0177057,112442.2226386,174.693,82,1680,9001,222217311,4
matmul_large_L5_r3,1789505791.0709786,112442.2756904,174.693,82,1680,9001,222242952,4
matmul_large_L5_r3,1789505791.1122882,112442.3177126,174.693,82,1680,9001,222242952,4
matmul_large_L5_r3,1789505791.1712182,112442.3760423,174.693,82,1680,9001,222267227,4
matmul_large_L5_r3,1789505791.221728,112442.4265179,174.693,82,1680,9001,222267227,4
matmul_large_L5_r3,1789505791.2633166,112442.4680621,174.693,82,1680,9001,222295323,4
matmul_large_L5_r3,1789505791.3154368,112442.520233,174.743,82,1680,9001,222295323,4
matmul_large_L5_r3,1789505791.3661568,112442.5710675,174.743,82,1680,9001,222325315,4
matmul_large_L5_r3,1789505791.417517,112442.6222737,174.743,82,1680,9001,222325315,4
matmul_large_L5_r3,1789505791.4716086,112442.6764896,174.743,82,1680,9001,222350898,4
matmul_large_L5_r3,1789505791.5209057,112442.7256487,174.743,82,1680,9001,222350898,4
matmul_large_L5_r3,1789505791.5673292,112442.7720603,174.743,82,1680,9001,222378865,4
matmul_large_L5_r3,1789505791.6222854,112442.8270863,174.743,82,1680,9001,222378865,4
matmul_large_L5_r3,1789505791.6632326,112442.8679747,174.743,82,1680,9001,222406265,4
matmul_large_L5_r3,1789505791.72077,112442.9255686,174.743,82,1680,9001,222406265,4
matmul_large_L5_r3,1789505791.7719884,112442.9768906,174.717,82,1680,9001,222438590,4
matmul_large_L5_r3,1789505791.8129683,112443.0177504,174.717,82,1680,9001,222438590,4
matmul_large_L5_r3,1789505791.8638697,112443.0687186,174.717,82,1680,9001,222463584,4
matmul_large_L5_r3,1789505791.915898,112443.1207795,174.717,82,1680,9001,222463584,4
matmul_large_L5_r3,1789505791.9680302,112443.1727223,174.717,82,1680,9001,222488415,4
matmul_large_L5_r3,1789505792.0195684,112443.2242999,174.717,82,1680,9001,222488415,4
matmul_large_L5_r3,1789505792.07152,112443.2763037,174.717,82,1680,9001,222514772,4
matmul_large_L5_r3,1789505792.117488,112443.3224237,174.717,82,1680,9001,222514772,4
matmul_large_L5_r3,1789505792.169133,112443.3738626,174.717,82,1680,9001,222541428,4
matmul_large_L5_r3,1789505792.221557,112443.4263719,174.717,82,1680,9001,222541428,4
matmul_large_L5_r3,1789505792.2722733,112443.4770067,174.721,82,1680,9001,222568826,4
matmul_large_L5_r3,1789505792.3137927,112443.5185754,174.721,82,1680,9001,222568826,4
matmul_large_L5_r3,1789505792.3621616,112443.5677557,174.721,82,1680,9001,222594396,4
matmul_large_L5_r3,1789505792.4158967,112443.6206738,174.721,82,1680,9001,222594396,4
matmul_large_L2_r2,1789505800.4142456,112451.6207607,174.669,82,1680,9001,224006394,4
matmul_large_L2_r2,1789505800.4709418,112451.6757548,174.669,82,1680,9001,224029905,4
matmul_large_L2_r2,1789505800.5209703,112451.7257874,174.669,82,1680,9001,224029905,4
matmul_large_L2_r2,1789505800.568781,112451.7734773,174.669,82,1680,9001,224059808,4
matmul_large_L2_r2,1789505800.6204836,112451.8251642,174.669,82,1680,9001,224059808,4
matmul_large_L2_r2,1789505800.6674452,112451.8724452,174.669,82,1680,9001,224088551,4
matmul_large_L2_r2,1789505800.7208183,112451.925605,174.669,82,1680,9001,224088551,4
matmul_large_L2_r2,1789505800.7717445,112451.9764426,174.669,82,1680,9001,224117508,4
matmul_large_L2_r2,1789505800.8228898,112452.027592,174.618,82,1680,9001,224139496,4
matmul_large_L2_r2,1789505800.8730345,112452.0777755,174.618,82,1680,9001,224139496,4
matmul_large_L2_r2,1789505800.9250927,112452.1297921,174.618,82,1680,9001,224162735,4
matmul_large_L2_r2,1789505800.975613,112452.1803596,174.618,82,1680,9001,224162735,4
matmul_large_L2_r2,1789505801.0168521,112452.2216002,174.618,82,1680,9001,224162735,4
matmul_large_L2_r2,1789505801.0689769,112452.2737168,174.618,82,1680,9001,224193656,4
matmul_large_L2_r2,1789505801.120481,112452.3252084,174.618,82,1680,9001,224193656,4
matmul_large_L2_r2,1789505801.1721087,112452.3768254,174.618,82,1680,9001,224222848,4
matmul_large_L2_r2,1789505801.2163358,112452.4216797,174.618,82,1680,9001,224222848,4
matmul_large_L2_r2,1789505801.267707,112452.4724802,174.618,82,1680,9001,224251788,4
matmul_large_L2_r2,1789505801.3183615,112452.5230915,174.681,82,1665,9001,224251788,4
matmul_large_L2_r2,1789505801.3705733,112452.5753306,174.681,82,1665,9001,224279814,4
matmul_large_L2_r2,1789505801.4219553,112452.6267554,174.681,82,1665,9001,224279814,4
matmul_large_L2_r2,1789505801.4711576,112452.6759635,174.681,82,1665,9001,224304625,4
matmul_large_L2_r2,1789505801.5208964,112452.7258975,174.681,82,1665,9001,224304625,4
matmul_large_L2_r2,1789505801.5716903,112452.7766063,174.681,82,1665,9001,224328745,4
matmul_large_L2_r2,1789505801.6209006,112452.825648,174.681,82,1665,9001,224328745,4
matmul_large_L2_r2,1789505801.6709018,112452.8758534,174.681,82,1665,9001,224353196,4
matmul_large_L2_r2,1789505801.7170126,112452.921792,174.681,82,1665,9001,224353196,4
matmul_large_L2_r2,1789505801.7719517,112452.9767236,174.681,82,1680,9001,224381662,4
matmul_large_L2_r2,1789505801.8236442,112453.0284562,174.714,82,1680,9001,224404068,4
matmul_large_L2_r2,1789505801.8757164,112453.0805746,174.714,82,1680,9001,224404068,4
matmul_large_L2_r2,1789505801.91639,112453.1215223,174.714,82,1680,9001,224404068,4
matmul_large_L2_r2,1789505801.9699013,112453.1747224,174.714,82,1680,9001,224435092,4
matmul_large_L2_r2,1789505802.0205505,112453.2253604,174.714,82,1680,9001,224435092,4
matmul_large_L2_r2,1789505802.072769,112453.2775751,174.714,82,1680,9001,224465119,4
matmul_large_L2_r2,1789505802.124411,112453.3291085,174.714,82,1680,9001,224487647,4
matmul_large_L2_r2,1789505802.175655,112453.3804002,174.714,82,1680,9001,224487647,4
matmul_large_L2_r2,1789505802.2159867,112453.4216797,174.714,82,1680,9001,224487647,4
matmul_large_L2_r2,1789505802.2709656,112453.4756752,174.714,82,1680,9001,224518929,4
matmul_large_L2_r2,1789505802.3199809,112453.524721,174.685,82,1680,9001,224518929,4
matmul_large_L2_r2,1789505802.37183,112453.5765823,174.685,82,1680,9001,224548918,4
matmul_large_L2_r2,1789505802.4230006,112453.6277508,174.685,82,1680,9001,224571250,4
matmul_large_L1_r1,1789505810.448859,112461.6561538,174.779,82,1680,9001,225976629,4
matmul_large_L1_r1,1789505810.510321,112461.7152228,174.779,82,1680,9001,225976629,4
matmul_large_L1_r1,1789505810.5515008,112461.7569523,174.779,82,1680,9001,226003562,4
matmul_large_L1_r1,1789505810.6042302,112461.8090377,174.779,82,1680,9001,226003562,4
matmul_large_L1_r1,1789505810.655351,112461.8601096,174.779,82,1680,9001,226029928,4
matmul_large_L1_r1,1789505810.7088776,112461.9135374,174.779,82,1680,9001,226029928,4
matmul_large_L1_r1,1789505810.7580364,112461.9630018,174.779,82,1680,9001,226058912,4
matmul_large_L1_r1,1789505810.8092856,112462.0141297,174.87,82,1680,9001,226058912,4
matmul_large_L1_r1,1789505810.860733,112462.0656421,174.87,82,1680,9001,226083646,4
matmul_large_L1_r1,1789505810.902057,112462.1069001,174.87,82,1680,9001,226083646,4
matmul_large_L1_r1,1789505810.9537373,112462.1585865,174.87,82,1680,9001,226105672,4
matmul_large_L1_r1,1789505811.005266,112462.210025,174.87,82,1680,9001,226105672,4
matmul_large_L1_r1,1789505811.0568304,112462.2616757,174.87,82,1680,9001,226132998,4
matmul_large_L1_r1,1789505811.1121998,112462.3169902,174.87,82,1680,9001,226132998,4
matmul_large_L1_r1,1789505811.1529455,112462.3586584,174.87,82,1680,9001,226164195,4
matmul_large_L1_r1,1789505811.2046664,112462.409406,174.87,82,1680,9001,226164195,4
matmul_large_L1_r1,1789505811.2557786,112462.4605671,174.87,82,1680,9001,226191433,4
matmul_large_L1_r1,1789505811.308729,112462.5134664,174.907,82,1680,9001,226191433,4
matmul_large_L1_r1,1789505811.3601513,112462.5648187,174.907,82,1680,9001,226219597,4
matmul_large_L1_r1,1789505811.4021142,112462.6069318,174.907,82,1680,9001,226219597,4
matmul_large_L1_r1,1789505811.4538684,112462.6585696,174.907,82,1680,9001,226241734,4
matmul_large_L10_r1,1789505819.4707215,112470.6777847,174.75,82,1680,9001,227650365,4
matmul_large_L10_r1,1789505819.5306926,112470.7355683,174.75,82,1680,9001,227675370,4
matmul_large_L10_r1,1789505819.5872653,112470.7921577,174.75,82,1680,9001,227675370,4
matmul_large_L10_r1,1789505819.63285,112470.8377727,174.75,82,1680,9001,227702018,4
matmul_large_L10_r1,1789505819.6736217,112470.8785149,174.75,82,1680,9001,227702018,4
matmul_large_L10_r1,1789505819.7299578,112470.9348167,174.75,82,1680,9001,227731446,4
matmul_large_L10_r1,1789505819.773629,112470.9788817,174.75,82,1680,9001,227731446,4
matmul_large_L10_r1,1789505819.8250196,112471.029749,174.233,82,1680,9001,227760856,4
matmul_large_L10_r1,1789505819.8763738,112471.081256,174.233,82,1680,9001,227760856,4
matmul_large_L10_r1,1789505819.926185,112471.1311356,174.233,82,1680,9001,227781739,4
matmul_large_L10_r1,1789505819.977222,112471.1821705,174.233,82,1680,9001,227781739,4
matmul_large_L10_r1,1789505820.0246825,112471.2297392,174.233,82,1680,9001,227803994,4
matmul_large_L10_r1,1789505820.0763285,112471.2812209,174.233,82,1680,9001,227803994,4
matmul_large_L10_r1,1789505820.1291056,112471.3339222,174.233,82,1680,9001,227824919,4
matmul_large_L10_r1,1789505820.179772,112471.3849837,174.233,82,1680,9001,227824919,4
matmul_large_L10_r1,1789505820.2329376,112471.4380928,174.233,82,1680,9001,227848554,4
matmul_large_L10_r1,1789505820.2749183,112471.4797961,174.233,82,1680,9001,227848554,4
matmul_large_L10_r1,1789505820.331108,112471.5361686,174.708,82,1680,9001,227872084,4
matmul_large_L10_r1,1789505820.3823187,112471.5884372,174.708,82,1680,9001,227872084,4
matmul_large_L10_r1,1789505820.422913,112471.6279639,174.708,82,1680,9001,227897962,4
matmul_large_L10_r1,1789505820.4758446,112471.6810859,174.708,82,1680,9001,227897962,4
matmul_large_L10_r1,1789505820.531045,112471.7365674,174.708,82,1680,9001,227918031,4
matmul_large_L10_r1,1789505820.5844548,112471.7893015,174.708,82,1680,9001,227918031,4
matmul_large_L10_r1,1789505820.6253097,112471.830863,174.708,82,1680,9001,227944374,4
matmul_large_L10_r1,1789505820.6787636,112471.883548,174.708,82,1680,9001,227944374,4
matmul_large_L10_r1,1789505820.7312303,112471.9365029,174.708,82,1680,9001,227965584,4
matmul_large_L10_r1,1789505820.7758641,112471.9808967,174.708,82,1680,9001,227965584,4
matmul_large_L10_r1,1789505820.828425,112472.0332791,174.756,82,1680,9001,227990015,4
matmul_large_L10_r1,1789505820.8793397,112472.0844136,174.756,82,1680,9001,227990015,4
matmul_large_L10_r1,1789505820.9307234,112472.1356704,174.756,82,1680,9001,228012380,4
matmul_large_L10_r1,1789505820.9824588,112472.1872268,174.756,82,1680,9001,228012380,4
matmul_large_L10_r1,1789505821.0274944,112472.2323103,174.756,82,1680,9001,228037496,4
matmul_large_L10_r1,1789505821.0785897,112472.2835469,174.756,82,1680,9001,228037496,4
matmul_large_L10_r1,1789505821.1293056,112472.3349813,174.756,82,1680,9001,228059295,4
matmul_large_L10_r1,1789505821.180588,112472.3857598,174.756,82,1680,9001,228059295,4
matmul_large_L10_r1,1789505821.2234814,112472.4287336,174.756,82,1680,9001,228084371,4
matmul_large_L10_r1,1789505821.2749374,112472.4801392,174.756,82,1680,9001,228084371,4
matmul_large_L10_r1,1789505821.32646,112472.5314416,174.733,82,1680,9001,228105043,4
matmul_large_L10_r1,1789505821.3787794,112472.5845647,174.733,82,1680,9001,228105043,4
matmul_large_L10_r1,1789505821.429763,112472.6349772,174.733,82,1680,9001,228127954,4
matmul_large_L10_r1,1789505821.4757247,112472.6809017,174.733,82,1680,9001,228127954,4
matmul_large_L10_r1,1789505821.5333374,112472.7383474,174.733,82,1680,9001,228150837,4
matmul_large_L10_r1,1789505821.5807133,112472.785409,174.733,82,1680,9001,228150837,4
matmul_large_L10_r1,1789505821.6266825,112472.8317712,174.733,82,1680,9001,228177035,4
matmul_large_L10_r1,1789505821.6766658,112472.8816325,174.733,82,1680,9001,228177035,4
matmul_large_L10_r1,1789505821.7319279,112472.9371801,174.733,82,1680,9001,228198777,4
matmul_large_L10_r1,1789505821.7764668,112472.9816093,174.733,82,1680,9001,228198777,4
matmul_large_L10_r1,1789505821.8276577,112473.0327233,174.844,82,1680,9001,228223799,4
matmul_large_L10_r1,1789505821.8807213,112473.0858515,174.844,82,1680,9001,228223799,4
matmul_large_L10_r1,1789505821.9318337,112473.1366975,174.844,82,1680,9001,228246955,4
matmul_large_L10_r1,1789505821.974836,112473.1805226,174.844,82,1680,9001,228246955,4
matmul_large_L10_r1,1789505822.0249968,112473.2300192,174.844,82,1680,9001,228271701,4
matmul_large_L10_r1,1789505822.0741284,112473.2789279,174.844,82,1680,9001,228271701,4
matmul_large_L10_r1,1789505822.1255145,112473.3307503,174.844,82,1680,9001,228298863,4
matmul_large_L10_r1,1789505822.1762958,112473.3812354,174.844,82,1680,9001,228298863,4
matmul_large_L10_r1,1789505822.228086,112473.4329403,174.844,82,1680,9001,228321324,4
matmul_large_L10_r1,1789505822.280143,112473.4858562,174.846,82,1680,9001,228321324,4
matmul_large_L10_r1,1789505822.3321807,112473.5372962,174.846,82,1680,9001,228343789,4
matmul_large_L10_r1,1789505822.373913,112473.5789968,174.846,82,1680,9001,228343789,4
matmul_large_L10_r1,1789505822.4323053,112473.6374244,174.846,82,1680,9001,228368938,4
matmul_large_L10_r1,1789505822.4766493,112473.6815334,174.846,82,1680,9001,228368938,4
matmul_large_L10_r1,1789505822.5366259,112473.7414339,174.846,82,1680,9001,228392714,4
matmul_large_L10_r1,1789505822.5726376,112473.7784798,174.846,82,1680,9001,228392714,4
matmul_large_L10_r1,1789505822.624825,112473.8299776,174.846,82,1680,9001,228420729,4
matmul_large_L10_r1,1789505822.6775477,112473.8827873,174.846,82,1680,9001,228420729,4
matmul_large_L10_r1,1789505822.7330658,112473.938328,174.846,82,1680,9001,228441914,4
matmul_large_L10_r1,1789505822.780814,112473.9858314,174.855,82,1665,9001,228441914,4
matmul_large_L10_r1,1789505822.8325148,112474.0374469,174.855,82,1665,9001,228464989,4
matmul_large_L10_r1,1789505822.873536,112474.0783087,174.855,82,1665,9001,228464989,4
matmul_large_L10_r1,1789505822.9250646,112474.1298652,174.855,82,1665,9001,228494517,4
matmul_large_L10_r1,1789505822.9751058,112474.1798246,174.855,82,1665,9001,228494517,4
matmul_large_L10_r1,1789505823.026433,112474.2314282,174.855,82,1665,9001,228516124,4
matmul_large_L10_r1,1789505823.0790777,112474.2838802,174.855,82,1665,9001,228516124,4
matmul_large_L10_r1,1789505823.1305861,112474.3354818,174.855,82,1665,9001,228537835,4
matmul_large_L10_r1,1789505823.181875,112474.3867097,174.855,82,1665,9001,228537835,4
matmul_large_L10_r1,1789505823.2231505,112474.4285768,174.855,82,1665,9001,228563326,4
matmul_large_L10_r1,1789505823.2746732,112474.4795305,174.855,82,1665,9001,228563326,4
matmul_large_L10_r1,1789505823.3260922,112474.531521,174.8,82,1680,9001,228583963,4
matmul_large_L10_r1,1789505823.3768053,112474.5816441,174.8,82,1680,9001,228583963,4
matmul_large_L10_r1,1789505823.4271693,112474.6323373,174.8,82,1680,9001,228606670,4
matmul_large_L10_r1,1789505823.4730973,112474.6787346,174.8,82,1680,9001,228606670,4
matmul_large_L10_r1,1789505823.5323358,112474.7375797,174.8,82,1680,9001,228634185,4
matmul_large_L10_r1,1789505823.5793102,112474.7841324,174.8,82,1680,9001,228634185,4
matmul_large_L10_r1,1789505823.6289284,112474.8338317,174.8,82,1680,9001,228659820,4
matmul_large_L10_r1,1789505823.6801403,112474.8850768,174.8,82,1680,9001,228659820,4
matmul_large_L10_r1,1789505823.7307465,112474.9355603,174.8,82,1680,9001,228683367,4
matmul_large_L10_r1,1789505823.780291,112474.9850627,174.764,82,1680,9001,228683367,4
matmul_large_L10_r1,1789505823.8320773,112475.0368406,174.764,82,1680,9001,228708499,4
matmul_large_L10_r1,1789505823.873158,112475.0781464,174.764,82,1680,9001,228708499,4
matmul_large_L10_r1,1789505823.9246001,112475.1295441,174.764,82,1680,9001,228738512,4
matmul_large_L10_r1,1789505823.9760878,112475.180838,174.764,82,1680,9001,228738512,4
matmul_large_L10_r1,1789505824.0286083,112475.2334464,174.764,82,1680,9001,228760467,4
matmul_large_L10_r1,1789505824.0726385,112475.2778471,174.764,82,1680,9001,228760467,4
matmul_large_L10_r1,1789505824.1235213,112475.3283573,174.764,82,1680,9001,228789349,4
matmul_large_L10_r1,1789505824.174556,112475.379419,174.764,82,1680,9001,228789349,4
matmul_large_L10_r1,1789505824.225131,112475.4298023,174.764,82,1680,9001,228810171,4
matmul_large_L10_r1,1789505824.2758622,112475.4808321,174.764,82,1680,9001,228810171,4
matmul_large_L10_r1,1789505824.3276434,112475.5323909,174.723,82,1680,9001,228831453,4
matmul_large_L10_r1,1789505824.378809,112475.5836455,174.723,82,1680,9001,228831453,4
matmul_large_L10_r1,1789505824.4303317,112475.6353282,174.723,82,1680,9001,228854519,4
matmul_large_L10_r1,1789505824.4797509,112475.6845378,174.723,82,1680,9001,228854519,4
matmul_large_L10_r1,1789505824.530544,112475.7353126,174.723,82,1680,9001,228878413,4
matmul_large_L10_r1,1789505824.5749233,112475.7798491,174.723,82,1680,9001,228878413,4
matmul_large_L10_r1,1789505824.6328561,112475.8377441,174.723,82,1680,9001,228902950,4
matmul_large_L10_r1,1789505824.6794846,112475.8843338,174.723,82,1680,9001,228902950,4
matmul_large_L10_r1,1789505824.730547,112475.9353105,174.723,82,1680,9001,228927740,4
matmul_large_L10_r1,1789505824.774459,112475.9792613,174.723,82,1680,9001,228927740,4
matmul_large_L10_r1,1789505824.8258588,112476.0306554,174.646,82,1680,9001,228952133,4
matmul_large_L10_r1,1789505824.877447,112476.0823018,174.646,82,1680,9001,228952133,4
matmul_large_L10_r1,1789505824.9293597,112476.1342599,174.646,82,1680,9001,228973760,4
matmul_large_L10_r1,1789505824.9802651,112476.1849939,174.646,82,1680,9001,228973760,4
matmul_large_L10_r1,1789505825.0310616,112476.2357947,174.646,82,1680,9001,228998414,4
matmul_large_L10_r1,1789505825.0744367,112476.2791939,174.646,82,1680,9001,228998414,4
matmul_large_L10_r1,1789505825.1259987,112476.3307784,174.646,82,1680,9001,229022078,4
matmul_large_L10_r1,1789505825.176857,112476.3817425,174.646,82,1680,9001,229022078,4
matmul_large_L10_r1,1789505825.226893,112476.4316974,174.646,82,1680,9001,229044732,4
matmul_large_L10_r1,1789505825.2785633,112476.4832779,174.998,82,1680,9001,229044732,4
matmul_large_L10_r1,1789505825.3304732,112476.5352519,174.79,82,1680,9001,229066911,4
matmul_large_L10_r1,1789505825.3816278,112476.5864729,174.79,82,1680,9001,229066911,4
matmul_large_L10_r1,1789505825.4232771,112476.6283154,174.79,82,1680,9001,229092540,4
matmul_large_L10_r1,1789505825.4799511,112476.6847427,174.79,82,1680,9001,229092540,4
matmul_large_L10_r1,1789505825.530851,112476.7356364,174.79,82,1680,9001,229113982,4
matmul_large_L10_r1,1789505825.5837786,112476.7884914,174.79,82,1680,9001,229113982,4
matmul_large_L10_r1,1789505825.623675,112476.8283741,174.79,82,1680,9001,229140675,4
matmul_large_L10_r1,1789505825.6831357,112476.8879661,174.79,82,1680,9001,229140675,4
matmul_large_L10_r1,1789505825.7303643,112476.9351143,174.79,82,1680,9001,229163358,4
matmul_large_L10_r1,1789505825.7772121,112476.9819523,174.79,82,1680,9001,229163358,4
matmul_large_L10_r1,1789505825.8285046,112477.0333164,174.798,82,1680,9001,229187756,4
matmul_large_L10_r1,1789505825.8800683,112477.0848225,174.798,82,1680,9001,229187756,4
matmul_large_L10_r1,1789505825.9318063,112477.1364979,174.798,82,1680,9001,229211451,4
matmul_large_L10_r1,1789505825.983229,112477.1880037,174.798,82,1680,9001,229211451,4
matmul_large_L10_r1,1789505826.0238354,112477.2286013,174.798,82,1680,9001,229238574,4
matmul_large_L10_r1,1789505826.0754883,112477.2802111,174.798,82,1680,9001,229238574,4
matmul_large_L10_r1,1789505826.1250155,112477.3297764,174.798,82,1680,9001,229259494,4
matmul_large_L10_r1,1789505826.176642,112477.3814392,174.798,82,1680,9001,229259494,4
matmul_large_L10_r1,1789505826.2276287,112477.4323799,174.798,82,1680,9001,229281782,4
matmul_large_L10_r1,1789505826.2780578,112477.482747,174.798,82,1680,9001,229281782,4
matmul_large_L10_r1,1789505826.3293042,112477.5341111,174.729,82,1680,9001,229304243,4
matmul_large_L10_r1,1789505826.3802571,112477.5850458,174.729,82,1680,9001,229304243,4
matmul_large_L10_r1,1789505826.436541,112477.6412961,174.729,82,1680,9001,229329094,4
matmul_large_L10_r1,1789505826.4832318,112477.6880146,174.729,82,1680,9001,229329094,4
matmul_large_L10_r1,1789505826.5301852,112477.7349649,174.729,82,1680,9001,229353331,4
matmul_large_L10_r1,1789505826.5808053,112477.7854829,174.729,82,1680,9001,229353331,4
matmul_large_L10_r1,1789505826.63295,112477.8378319,174.729,82,1680,9001,229379385,4
matmul_large_L10_r1,1789505826.6789672,112477.8838307,174.729,82,1680,9001,229379385,4
matmul_large_L10_r1,1789505826.7318537,112477.9365634,174.729,82,1680,9001,229404260,4
matmul_large_L10_r1,1789505826.7822068,112477.9869953,174.728,82,1680,9001,229404260,4
matmul_large_L10_r1,1789505826.8232634,112478.0283837,174.728,82,1680,9001,229431162,4
matmul_large_L10_r1,1789505826.8735523,112478.0783088,174.728,82,1680,9001,229431162,4
matmul_large_L10_r1,1789505826.9240077,112478.128722,174.728,82,1680,9001,229452081,4
matmul_large_L10_r1,1789505826.9748313,112478.1796155,174.728,82,1680,9001,229452081,4
matmul_large_L10_r1,1789505827.026399,112478.2311311,174.728,82,1680,9001,229474095,4
matmul_large_L10_r1,1789505827.077578,112478.2823292,174.728,82,1680,9001,229474095,4
matmul_large_L10_r1,1789505827.1238194,112478.3286451,174.728,82,1680,9001,229496113,4
matmul_large_L10_r1,1789505827.1768389,112478.3816313,174.728,82,1680,9001,229496113,4
matmul_large_L10_r1,1789505827.2283738,112478.4331573,174.728,82,1680,9001,229518074,4
matmul_large_L10_r1,1789505827.2787375,112478.4834746,174.781,82,1680,9001,229518074,4
matmul_large_L10_r1,1789505827.3298106,112478.5346239,174.781,82,1680,9001,229541558,4
matmul_large_L10_r1,1789505827.381529,112478.5862863,174.781,82,1680,9001,229541558,4
matmul_large_L10_r1,1789505827.422872,112478.6280745,174.781,82,1680,9001,229567562,4
matmul_large_L10_r1,1789505827.47888,112478.6836379,174.781,82,1680,9001,229567562,4
matmul_large_L10_r1,1789505827.5310605,112478.7357627,174.781,82,1680,9001,229588763,4
matmul_large_L10_r1,1789505827.577745,112478.7825894,174.781,82,1680,9001,229588763,4
matmul_large_L10_r1,1789505827.63067,112478.8354398,174.781,82,1680,9001,229613629,4
matmul_large_L10_r1,1789505827.6761732,112478.8810806,174.781,82,1680,9001,229613629,4
matmul_large_L10_r1,1789505827.7327752,112478.9376024,174.781,82,1680,9001,229637686,4
matmul_large_L10_r1,1789505827.7767444,112478.9816273,174.781,82,1680,9001,229637686,4
matmul_large_L10_r1,1789505827.828159,112479.0328445,174.799,82,1680,9001,229659717,4
matmul_large_L10_r1,1789505827.8788934,112479.0836982,174.799,82,1680,9001,229659717,4
matmul_large_L10_r1,1789505827.9302847,112479.135043,174.799,82,1680,9001,229682650,4
matmul_large_L10_r1,1789505827.9809813,112479.1857759,174.799,82,1680,9001,229682650,4
matmul_large_L10_r1,1789505828.0311017,112479.2359577,174.799,82,1680,9001,229708920,4
matmul_large_L10_r1,1789505828.0826573,112479.2874477,174.799,82,1680,9001,229708920,4
matmul_large_L10_r1,1789505828.1234426,112479.3282937,174.799,82,1680,9001,229734635,4
matmul_large_L10_r1,1789505828.173481,112479.3782017,174.799,82,1680,9001,229734635,4
matmul_large_L10_r1,1789505828.2349443,112479.4398303,174.799,82,1680,9001,229756682,4
matmul_large_L10_r1,1789505828.2766528,112479.4814381,174.799,82,1680,9001,229756682,4
matmul_large_L10_r1,1789505828.327111,112479.5318799,174.796,82,1680,9001,229778550,4
matmul_large_L10_r1,1789505828.3779526,112479.5827685,174.796,82,1680,9001,229778550,4
matmul_large_L10_r1,1789505828.428898,112479.6337163,174.796,82,1680,9001,229802697,4
matmul_large_L10_r1,1789505828.4787273,112479.6836701,174.796,82,1680,9001,229802697,4
matmul_large_L10_r1,1789505828.5307784,112479.735597,174.796,82,1680,9001,229826358,4
matmul_large_L10_r1,1789505828.5770228,112479.781832,174.796,82,1680,9001,229826358,4
matmul_large_L10_r1,1789505828.632559,112479.8374365,174.796,82,1680,9001,229851587,4
matmul_large_L10_r1,1789505828.6775122,112479.8823782,174.796,82,1680,9001,229851587,4
matmul_large_L10_r1,1789505828.7303464,112479.9350832,174.796,82,1680,9001,229873625,4
matmul_large_L10_r1,1789505828.7754252,112479.9802693,174.796,82,1680,9001,229873625,4
matmul_large_L10_r1,1789505828.827413,112480.0322508,174.787,82,1665,9001,229898516,4
matmul_large_L10_r1,1789505828.878509,112480.0832469,174.787,82,1665,9001,229898516,4
matmul_large_L10_r1,1789505828.929665,112480.1343805,174.787,82,1665,9001,229921896,4
matmul_large_L10_r1,1789505828.9802458,112480.1850512,174.787,82,1665,9001,229921896,4
matmul_large_L10_r1,1789505829.0309985,112480.2358357,174.787,82,1665,9001,229947513,4
matmul_large_L10_r1,1789505829.0829422,112480.2877798,174.787,82,1665,9001,229947513,4
matmul_large_L10_r1,1789505829.126703,112480.3315271,174.787,82,1665,9001,229974003,4
matmul_large_L10_r1,1789505829.1785495,112480.383488,174.787,82,1665,9001,229974003,4
matmul_large_L10_r1,1789505829.229409,112480.4342729,174.787,82,1665,9001,229998080,4
matmul_large_L10_r1,1789505829.2787547,112480.4836163,174.763,82,1680,9001,229998080,4
matmul_large_L10_r1,1789505829.3241913,112480.5289722,174.763,82,1680,9001,230022363,4
matmul_large_L10_r1,1789505829.3756325,112480.5804583,174.763,82,1680,9001,230022363,4
matmul_large_L10_r1,1789505829.4277935,112480.6325566,174.763,82,1680,9001,230044887,4
matmul_large_L10_r1,1789505829.4811594,112480.685954,174.763,82,1680,9001,230044887,4
matmul_large_L10_r1,1789505829.5307467,112480.7356131,174.763,82,1680,9001,230069240,4
matmul_large_L10_r1,1789505829.5777266,112480.7824871,174.763,82,1680,9001,230069240,4
matmul_large_L10_r1,1789505829.6340015,112480.8388376,174.763,82,1680,9001,230094711,4
matmul_large_L10_r1,1789505829.6759646,112480.8806775,174.763,82,1680,9001,230094711,4
matmul_large_L5_r0,1789505837.6875138,112488.8931885,174.746,82,1680,9001,231501104,4
matmul_large_L5_r0,1789505837.7407463,112488.9455901,174.746,82,1680,9001,231526497,4
matmul_large_L5_r0,1789505837.796505,112489.0014273,174.608,82,1680,9001,231526497,4
matmul_large_L5_r0,1789505837.8380206,112489.0434748,174.608,82,1680,9001,231551732,4
matmul_large_L5_r0,1789505837.8898373,112489.0946741,174.608,82,1680,9001,231551732,4
matmul_large_L5_r0,1789505837.9410577,112489.1457804,174.608,82,1680,9001,231575040,4
matmul_large_L5_r0,1789505837.9920728,112489.1967942,174.608,82,1680,9001,231575040,4
matmul_large_L5_r0,1789505838.046805,112489.2514747,174.608,82,1680,9001,231599602,4
matmul_large_L5_r0,1789505838.0982387,112489.303052,174.608,82,1680,9001,231599602,4
matmul_large_L5_r0,1789505838.1395395,112489.3442982,174.608,82,1680,9001,231627559,4
matmul_large_L5_r0,1789505838.1897483,112489.3945001,174.608,82,1680,9001,231627559,4
matmul_large_L5_r0,1789505838.2415283,112489.4462931,174.608,82,1680,9001,231651458,4
matmul_large_L5_r0,1789505838.2989786,112489.5037134,174.646,82,1680,9001,231651458,4
matmul_large_L5_r0,1789505838.34687,112489.5516554,174.646,82,1680,9001,231677687,4
matmul_large_L5_r0,1789505838.3982272,112489.6030828,174.646,82,1680,9001,231677687,4
matmul_large_L5_r0,1789505838.4388776,112489.6439472,174.646,82,1680,9001,231706277,4
matmul_large_L5_r0,1789505838.4953961,112489.7001609,174.646,82,1680,9001,231706277,4
matmul_large_L5_r0,1789505838.542604,112489.7473835,174.646,82,1680,9001,231730607,4
matmul_large_L5_r0,1789505838.5911283,112489.7960542,174.646,82,1680,9001,231730607,4
matmul_large_L5_r0,1789505838.6406643,112489.8454285,174.646,82,1680,9001,231755940,4
matmul_large_L5_r0,1789505838.6917312,112489.8965305,174.646,82,1680,9001,231755940,4
matmul_large_L5_r0,1789505838.7406814,112489.9454782,174.646,82,1680,9001,231780054,4
matmul_large_L5_r0,1789505838.8012145,112490.0063475,174.829,82,1665,9001,231780054,4
matmul_large_L5_r0,1789505838.8402665,112490.0451251,174.829,82,1665,9001,231807302,4
matmul_large_L5_r0,1789505838.8921413,112490.097087,174.829,82,1665,9001,231807302,4
matmul_large_L5_r0,1789505838.944289,112490.1490996,174.829,82,1665,9001,231831295,4
matmul_large_L5_r0,1789505838.9958062,112490.2005922,174.829,82,1665,9001,231831295,4
matmul_large_L5_r0,1789505839.0397387,112490.2445986,174.829,82,1665,9001,231858028,4
matmul_large_L5_r0,1789505839.0912597,112490.2960002,174.829,82,1665,9001,231858028,4
matmul_large_L5_r0,1789505839.141483,112490.3461656,174.829,82,1665,9001,231881990,4
matmul_large_L5_r0,1789505839.1924527,112490.3973058,174.829,82,1665,9001,231881990,4
matmul_large_L5_r0,1789505839.2433534,112490.4481077,174.829,82,1665,9001,231906894,4
matmul_large_L5_r0,1789505839.294764,112490.4996047,174.812,82,1680,9001,231906894,4
matmul_large_L5_r0,1789505839.346589,112490.5514305,174.812,82,1680,9001,231932460,4
matmul_large_L5_r0,1789505839.399179,112490.604116,174.812,82,1680,9001,231932460,4
matmul_large_L5_r0,1789505839.4403856,112490.6451348,174.812,82,1680,9001,231961535,4
matmul_large_L5_r0,1789505839.4912362,112490.6962067,174.812,82,1680,9001,231961535,4
matmul_large_L5_r0,1789505839.5425496,112490.7472242,174.812,82,1680,9001,231985904,4
matmul_large_L5_r0,1789505839.5913236,112490.7961684,174.812,82,1680,9001,231985904,4
matmul_large_L5_r0,1789505839.6446624,112490.8495242,174.812,82,1680,9001,232011270,4
matmul_large_L5_r0,1789505839.6926587,112490.8974922,174.812,82,1680,9001,232011270,4
matmul_large_L5_r0,1789505839.7426763,112490.947383,174.812,82,1680,9001,232037047,4
matmul_large_L5_r0,1789505839.7913954,112490.9961429,174.675,82,1665,9001,232037047,4
matmul_large_L5_r0,1789505839.8464117,112491.0522735,174.675,82,1665,9001,232062427,4
matmul_large_L5_r0,1789505839.9020634,112491.1068783,174.675,82,1665,9001,232062427,4
matmul_large_L5_r0,1789505839.9429193,112491.1476774,174.675,82,1665,9001,232093033,4
matmul_large_L5_r0,1789505839.9946024,112491.1994258,174.675,82,1665,9001,232093033,4
matmul_large_L5_r0,1789505840.04785,112491.2526071,174.675,82,1665,9001,232119029,4
matmul_large_L5_r0,1789505840.0894353,112491.2942082,174.675,82,1665,9001,232119029,4
matmul_large_L5_r0,1789505840.1408,112491.3455877,174.675,82,1665,9001,232146338,4
matmul_large_L5_r0,1789505840.192802,112491.3976123,174.675,82,1665,9001,232146338,4
matmul_large_L5_r0,1789505840.2444339,112491.4492327,174.675,82,1665,9001,232171195,4
matmul_large_L5_r0,1789505840.2959762,112491.5007151,174.755,82,1680,9001,232171195,4
matmul_large_L5_r0,1789505840.3476725,112491.552515,174.755,82,1680,9001,232197830,4
matmul_large_L5_r0,1789505840.388727,112491.5935218,174.755,82,1680,9001,232197830,4
matmul_large_L5_r0,1789505840.4405217,112491.6453548,174.755,82,1680,9001,232231669,4
matmul_large_L5_r0,1789505840.4954855,112491.7004083,174.755,82,1680,9001,232231669,4
matmul_large_L5_r0,1789505840.5432744,112491.7480814,174.755,82,1680,9001,232256754,4
matmul_large_L5_r0,1789505840.5955107,112491.8002638,174.755,82,1680,9001,232256754,4
matmul_large_L5_r0,1789505840.6403372,112491.8452889,174.755,82,1680,9001,232283603,4
matmul_large_L5_r0,1789505840.6916,112491.8965531,174.755,82,1680,9001,232283603,4
matmul_large_L5_r0,1789505840.7407432,112491.9456014,174.755,82,1680,9001,232306262,4
matmul_large_L5_r0,1789505840.7911026,112491.9959071,174.633,82,1680,9001,232306262,4
matmul_large_L5_r0,1789505840.8401227,112492.0452583,174.633,82,1680,9001,232331279,4
matmul_large_L5_r0,1789505840.8921237,112492.0969929,174.633,82,1680,9001,232331279,4
matmul_large_L5_r0,1789505840.957024,112492.1618342,174.633,82,1680,9001,232354254,4
matmul_large_L5_r0,1789505840.9970746,112492.2019034,174.633,82,1680,9001,232354254,4
matmul_large_L5_r0,1789505841.0389364,112492.2437124,174.633,82,1680,9001,232378832,4
matmul_large_L5_r0,1789505841.0904694,112492.2952586,174.633,82,1680,9001,232378832,4
matmul_large_L5_r0,1789505841.142312,112492.3472639,174.633,82,1680,9001,232402654,4
matmul_large_L5_r0,1789505841.1933734,112492.3981513,174.633,82,1680,9001,232402654,4
matmul_large_L5_r0,1789505841.244943,112492.4498668,174.633,82,1680,9001,232428135,4
matmul_large_L5_r0,1789505841.2957876,112492.5005518,174.756,82,1680,9001,232428135,4
matmul_large_L5_r0,1789505841.3472528,112492.5519418,174.756,82,1680,9001,232455343,4
matmul_large_L5_r0,1789505841.3980374,112492.6031436,174.756,82,1680,9001,232455343,4
matmul_large_L5_r0,1789505841.4390078,112492.643877,174.756,82,1680,9001,232484881,4
matmul_large_L5_r0,1789505841.491196,112492.6960687,174.756,82,1680,9001,232484881,4
matmul_large_L5_r0,1789505841.5447512,112492.7494268,174.756,82,1680,9001,232508958,4
matmul_large_L5_r0,1789505841.5905304,112492.7952432,174.756,82,1680,9001,232508958,4
matmul_large_L5_r0,1789505841.6411078,112492.8458806,174.756,82,1680,9001,232535528,4
matmul_large_L5_r0,1789505841.6910226,112492.8958901,174.756,82,1680,9001,232535528,4
matmul_large_L5_r0,1789505841.740701,112492.9457146,174.756,82,1680,9001,232558989,4
matmul_large_L5_r0,1789505841.79146,112492.9961209,174.703,82,1680,9001,232558989,4
matmul_large_L5_r0,1789505841.838579,112493.0434035,174.703,82,1680,9001,232584055,4
matmul_large_L5_r0,1789505841.890629,112493.0954678,174.703,82,1680,9001,232584055,4
matmul_large_L5_r0,1789505841.9426095,112493.1473939,174.703,82,1680,9001,232607957,4
matmul_large_L5_r0,1789505841.9941108,112493.1989289,174.703,82,1680,9001,232607957,4
matmul_large_L5_r0,1789505842.0485237,112493.253385,174.703,82,1680,9001,232634108,4
matmul_large_L5_r0,1789505842.0903437,112493.2953519,174.703,82,1680,9001,232634108,4
matmul_large_L5_r0,1789505842.1416504,112493.3464533,174.703,82,1680,9001,232656241,4
matmul_large_L5_r0,1789505842.1927109,112493.3975152,174.703,82,1680,9001,232656241,4
matmul_large_L5_r0,1789505842.2438722,112493.4486584,174.703,82,1680,9001,232681663,4
matmul_large_L5_r0,1789505842.2959816,112493.5007227,174.715,82,1680,9001,232681663,4
matmul_large_L5_r0,1789505842.347818,112493.5525427,174.715,82,1680,9001,232708440,4
matmul_large_L5_r0,1789505842.3890674,112493.5938474,174.715,82,1680,9001,232708440,4
matmul_large_L5_r0,1789505842.4405894,112493.6455057,174.715,82,1680,9001,232736604,4
matmul_large_L5_r0,1789505842.495464,112493.7001705,174.715,82,1680,9001,232736604,4
matmul_large_L5_r0,1789505842.551768,112493.7566109,174.715,82,1680,9001,232760841,4
matmul_large_L5_r0,1789505842.5995483,112493.8042818,174.715,82,1680,9001,232760841,4
matmul_large_L5_r0,1789505842.6401906,112493.8450282,174.715,82,1680,9001,232785432,4
matmul_large_L5_r0,1789505842.691082,112493.895787,174.715,82,1680,9001,232785432,4
matmul_large_L5_r0,1789505842.7405188,112493.9454248,174.715,82,1680,9001,232808959,4
matmul_large_L5_r0,1789505842.799256,112494.0042993,174.65,82,1680,9001,232808959,4
matmul_large_L1_r3,1789505850.7930486,112502.0040823,174.798,82,1680,9001,234217276,4
matmul_large_L1_r3,1789505850.8575733,112502.0624443,174.798,82,1680,9001,234240236,4
matmul_large_L1_r3,1789505850.8989112,112502.1042581,174.798,82,1680,9001,234240236,4
matmul_large_L1_r3,1789505850.95073,112502.1555619,174.798,82,1680,9001,234268640,4
matmul_large_L1_r3,1789505851.0032067,112502.2079543,174.798,82,1680,9001,234268640,4
matmul_large_L1_r3,1789505851.0574472,112502.2625168,174.798,82,1680,9001,234295939,4
matmul_large_L1_r3,1789505851.0986204,112502.3043013,174.798,82,1680,9001,234295939,4
matmul_large_L1_r3,1789505851.150063,112502.3550937,174.798,82,1680,9001,234324551,4
matmul_large_L1_r3,1789505851.2034094,112502.4080965,174.798,82,1680,9001,234324551,4
matmul_large_L1_r3,1789505851.254417,112502.4591679,174.798,82,1680,9001,234351959,4
matmul_large_L1_r3,1789505851.3058546,112502.5109691,174.748,83,1680,9001,234351959,4
matmul_large_L1_r3,1789505851.3567598,112502.561539,174.748,83,1680,9001,234376604,4
matmul_large_L1_r3,1789505851.4084604,112502.6134542,174.748,83,1680,9001,234398635,4
matmul_large_L1_r3,1789505851.4504251,112502.6552,174.748,83,1680,9001,234398635,4
matmul_large_L1_r3,1789505851.5095656,112502.7143389,174.748,83,1680,9001,234419125,4
matmul_large_L1_r3,1789505851.5487232,112502.7544898,174.748,83,1680,9001,234419125,4
matmul_large_L1_r3,1789505851.6097739,112502.8145932,174.748,83,1680,9001,234439578,4
matmul_large_L1_r3,1789505851.6510925,112502.8559325,174.748,83,1680,9001,234439578,4
matmul_large_L1_r3,1789505851.710853,112502.9156188,174.748,83,1680,9001,234460419,4
matmul_large_L1_r3,1789505851.7514834,112502.9562039,174.748,83,1680,9001,234460419,4
matmul_large_L1_r3,1789505851.8023036,112503.0070555,174.668,83,1680,9001,234460419,4
matmul_large_L0.5_r1,1789505859.8224905,112511.0271723,174.59,83,1680,9001,235888545,4
matmul_large_L0.5_r1,1789505859.8726962,112511.0775867,174.59,83,1680,9001,235888545,4
matmul_large_L0.5_r1,1789505859.9229553,112511.1278177,174.59,83,1680,9001,235915501,4
matmul_large_L0.5_r1,1789505859.976717,112511.1814848,174.59,83,1680,9001,235915501,4
matmul_large_L0.5_r1,1789505860.0259962,112511.2307902,174.59,83,1680,9001,235941095,4
matmul_large_L0.5_r1,1789505860.086179,112511.2909844,174.59,83,1680,9001,235941095,4
matmul_large_L0.5_r1,1789505860.1266801,112511.3314646,174.59,83,1680,9001,235963829,4
matmul_large_L0.5_r1,1789505860.1774309,112511.3822743,174.59,83,1680,9001,235963829,4
matmul_large_L0.5_r1,1789505860.2290337,112511.4339391,174.59,83,1680,9001,235989803,4
matmul_large_L0.5_r1,1789505860.2811072,112511.4864288,174.59,83,1680,9001,235989803,4
matmul_large_L0.5_r1,1789505860.3319125,112511.5368498,174.738,83,1680,9001,236018463,4
matmul_large_L5_r1,1789505868.3325512,112519.5388958,174.787,83,1665,9001,237420525,4
matmul_large_L5_r1,1789505868.3897061,112519.5945093,174.787,83,1665,9001,237420525,4
matmul_large_L5_r1,1789505868.4404173,112519.6452254,174.787,83,1665,9001,237447985,4
matmul_large_L5_r1,1789505868.4865878,112519.6917328,174.787,83,1665,9001,237447985,4
matmul_large_L5_r1,1789505868.538388,112519.7431988,174.787,83,1665,9001,237470505,4
matmul_large_L5_r1,1789505868.5907292,112519.7955443,174.787,83,1665,9001,237470505,4
matmul_large_L5_r1,1789505868.6398091,112519.8445652,174.787,83,1665,9001,237500266,4
matmul_large_L5_r1,1789505868.6870043,112519.8917846,174.787,83,1665,9001,237500266,4
matmul_large_L5_r1,1789505868.7403586,112519.9451196,174.787,83,1665,9001,237528935,4
matmul_large_L5_r1,1789505868.7883353,112519.993139,174.388,83,1680,9001,237528935,4
matmul_large_L5_r1,1789505868.8402996,112520.0451472,174.388,83,1680,9001,237552260,4
matmul_large_L5_r1,1789505868.8880203,112520.0927568,174.388,83,1680,9001,237552260,4
matmul_large_L5_r1,1789505868.939269,112520.1441655,174.388,83,1680,9001,237575447,4
matmul_large_L5_r1,1789505868.990753,112520.1956897,174.388,83,1680,9001,237575447,4
matmul_large_L5_r1,1789505869.0379398,112520.2427758,174.388,83,1680,9001,237605708,4
matmul_large_L5_r1,1789505869.0841959,112520.289655,174.388,83,1680,9001,237605708,4
matmul_large_L5_r1,1789505869.1357327,112520.3405007,174.388,83,1680,9001,237632823,4
matmul_large_L5_r1,1789505869.1873822,112520.3922316,174.388,83,1680,9001,237632823,4
matmul_large_L5_r1,1789505869.2388897,112520.4438517,174.388,83,1680,9001,237660161,4
matmul_large_L5_r1,1789505869.2900941,112520.4949273,174.696,83,1680,9001,237660161,4
matmul_large_L5_r1,1789505869.3419602,112520.5467549,174.696,83,1680,9001,237688739,4
matmul_large_L5_r1,1789505869.3936388,112520.5984,174.696,83,1680,9001,237688739,4
matmul_large_L5_r1,1789505869.4345398,112520.6393445,174.696,83,1680,9001,237714214,4
matmul_large_L5_r1,1789505869.4846027,112520.6894111,174.696,83,1680,9001,237714214,4
matmul_large_L5_r1,1789505869.540275,112520.7452687,174.696,83,1680,9001,237738316,4
matmul_large_L5_r1,1789505869.5908518,112520.7956405,174.696,83,1680,9001,237738316,4
matmul_large_L5_r1,1789505869.6418617,112520.846666,174.696,83,1680,9001,237762735,4
matmul_large_L5_r1,1789505869.6908364,112520.8956561,174.696,83,1680,9001,237762735,4
matmul_large_L5_r1,1789505869.740739,112520.9455154,174.696,83,1680,9001,237787218,4
matmul_large_L5_r1,1789505869.7883732,112520.9933948,174.893,83,1665,9001,237787218,4
matmul_large_L5_r1,1789505869.8393006,112521.0440409,174.893,83,1665,9001,237811014,4
matmul_large_L5_r1,1789505869.887944,112521.0928288,174.893,83,1665,9001,237811014,4
matmul_large_L5_r1,1789505869.9394915,112521.1442038,174.893,83,1665,9001,237839714,4
matmul_large_L5_r1,1789505869.9928708,112521.1976938,174.893,83,1665,9001,237839714,4
matmul_large_L5_r1,1789505870.043523,112521.2483489,174.893,83,1665,9001,237871125,4
matmul_large_L5_r1,1789505870.084618,112521.2896628,174.893,83,1665,9001,237871125,4
matmul_large_L5_r1,1789505870.1407006,112521.3454274,174.893,83,1665,9001,237893310,4
matmul_large_L5_r1,1789505870.1927464,112521.3974935,174.893,83,1665,9001,237893310,4
matmul_large_L5_r1,1789505870.243329,112521.4480948,174.893,83,1665,9001,237918600,4
matmul_large_L5_r1,1789505870.2846317,112521.4897551,174.893,83,1665,9001,237918600,4
matmul_large_L5_r1,1789505870.3364146,112521.5412495,174.843,83,1665,9001,237940997,4
matmul_large_L5_r1,1789505870.387828,112521.5926037,174.843,83,1665,9001,237940997,4
matmul_large_L5_r1,1789505870.4391735,112521.6439832,174.843,83,1665,9001,237968993,4
matmul_large_L5_r1,1789505870.494983,112521.6997366,174.843,83,1665,9001,237968993,4
matmul_large_L5_r1,1789505870.539865,112521.7447278,174.843,83,1665,9001,237999505,4
matmul_large_L5_r1,1789505870.587082,112521.791848,174.843,83,1665,9001,237999505,4
matmul_large_L5_r1,1789505870.635317,112521.8400761,174.843,83,1665,9001,238022772,4
matmul_large_L5_r1,1789505870.6901429,112521.8949013,174.843,83,1665,9001,238022772,4
matmul_large_L5_r1,1789505870.7404165,112521.9453542,174.843,83,1665,9001,238050815,4
matmul_large_L5_r1,1789505870.7862592,112521.9910231,174.843,83,1665,9001,238050815,4
matmul_large_L5_r1,1789505870.8430812,112522.0479334,174.892,83,1665,9001,238073672,4
matmul_large_L5_r1,1789505870.8912854,112522.0961032,174.892,83,1665,9001,238073672,4
matmul_large_L5_r1,1789505870.9419239,112522.1466199,174.892,83,1665,9001,238098468,4
matmul_large_L5_r1,1789505870.9932573,112522.1980817,174.892,83,1665,9001,238098468,4
matmul_large_L5_r1,1789505871.0367718,112522.2415424,174.892,83,1665,9001,238124155,4
matmul_large_L5_r1,1789505871.0883749,112522.2931989,174.892,83,1665,9001,238124155,4
matmul_large_L5_r1,1789505871.1395757,112522.3442833,174.892,83,1665,9001,238151156,4
matmul_large_L5_r1,1789505871.1850357,112522.3897559,174.892,83,1665,9001,238151156,4
matmul_large_L5_r1,1789505871.236424,112522.441154,174.892,83,1665,9001,238173664,4
matmul_large_L5_r1,1789505871.287212,112522.4919847,174.892,83,1665,9001,238173664,4
matmul_large_L5_r1,1789505871.3377004,112522.5424091,174.719,83,1665,9001,238201279,4
matmul_large_L5_r1,1789505871.3890972,112522.5938686,174.719,83,1665,9001,238201279,4
matmul_large_L5_r1,1789505871.4412668,112522.6461175,174.719,83,1665,9001,238230720,4
matmul_large_L5_r1,1789505871.4882116,112522.6929651,174.719,83,1665,9001,238230720,4
matmul_large_L5_r1,1789505871.5414755,112522.7462451,174.719,83,1665,9001,238257225,4
matmul_large_L5_r1,1789505871.5870068,112522.7917899,174.719,83,1665,9001,238257225,4
matmul_large_L5_r1,1789505871.641519,112522.8462801,174.719,83,1665,9001,238280450,4
matmul_large_L5_r1,1789505871.6915476,112522.8963701,174.719,83,1665,9001,238280450,4
matmul_large_L5_r1,1789505871.7407053,112522.9454825,174.719,83,1665,9001,238305387,4
matmul_large_L5_r1,1789505871.792448,112522.9972147,174.789,83,1665,9001,238305387,4
matmul_large_L5_r1,1789505871.8337386,112523.0390397,174.789,83,1665,9001,238330798,4
matmul_large_L5_r1,1789505871.8855407,112523.0902555,174.789,83,1665,9001,238330798,4
matmul_large_L5_r1,1789505871.9369462,112523.141778,174.789,83,1665,9001,238357329,4
matmul_large_L5_r1,1789505871.988092,112523.1931397,174.789,83,1665,9001,238357329,4
matmul_large_L5_r1,1789505872.0436363,112523.248386,174.789,83,1665,9001,238386593,4
matmul_large_L5_r1,1789505872.0849288,112523.2896888,174.789,83,1665,9001,238386593,4
matmul_large_L5_r1,1789505872.135193,112523.3399932,174.789,83,1665,9001,238409217,4
matmul_large_L5_r1,1789505872.186087,112523.3907887,174.789,83,1665,9001,238409217,4
matmul_large_L5_r1,1789505872.2393327,112523.4441286,174.789,83,1665,9001,238436896,4
matmul_large_L5_r1,1789505872.283545,112523.4889688,174.789,83,1665,9001,238436896,4
matmul_large_L5_r1,1789505872.3355136,112523.5402863,174.754,83,1665,9001,238459183,4
matmul_large_L5_r1,1789505872.3869834,112523.5917858,174.754,83,1665,9001,238459183,4
matmul_large_L5_r1,1789505872.4384537,112523.6433997,174.754,83,1665,9001,238486947,4
matmul_large_L5_r1,1789505872.486584,112523.6914081,174.754,83,1665,9001,238486947,4
matmul_large_L5_r1,1789505872.5342097,112523.7398899,174.754,83,1665,9001,238514507,4
matmul_large_L5_r1,1789505872.5906913,112523.7954956,174.754,83,1665,9001,238514507,4
matmul_large_L5_r1,1789505872.6402938,112523.8451557,174.754,83,1665,9001,238543792,4
matmul_large_L5_r1,1789505872.6875486,112523.892266,174.754,83,1665,9001,238543792,4
matmul_large_L5_r1,1789505872.7366018,112523.9415173,174.754,83,1665,9001,238567501,4
matmul_large_L5_r1,1789505872.797649,112524.0025356,174.831,83,1665,9001,238567501,4
matmul_large_L5_r1,1789505872.8392732,112524.0440196,174.831,83,1665,9001,238600477,4
matmul_large_L5_r1,1789505872.885132,112524.0898927,174.831,83,1665,9001,238600477,4
matmul_large_L5_r1,1789505872.9356916,112524.1404252,174.831,83,1665,9001,238623323,4
matmul_large_L5_r1,1789505872.9868517,112524.191589,174.831,83,1665,9001,238623323,4
matmul_large_L5_r1,1789505873.035881,112524.2406564,174.831,83,1665,9001,238651495,4
matmul_large_L5_r1,1789505873.0840569,112524.2894388,174.831,83,1665,9001,238651495,4
matmul_large_L5_r1,1789505873.1353292,112524.3401351,174.831,83,1665,9001,238678542,4
matmul_large_L5_r1,1789505873.187101,112524.3919757,174.831,83,1665,9001,238678542,4
matmul_large_L5_r1,1789505873.2383254,112524.4431092,174.831,83,1665,9001,238706547,4
matmul_large_L5_r1,1789505873.294036,112524.4988526,174.827,83,1665,9001,238706547,4
matmul_large_L5_r1,1789505873.3374267,112524.5421075,174.827,83,1665,9001,238737240,4
matmul_large_L5_r1,1789505873.388709,112524.5935103,174.827,83,1665,9001,238737240,4
matmul_large_L5_r1,1789505873.4394357,112524.6440902,174.827,83,1665,9001,238766910,4
matmul_large_L10_r4,1789505881.4501367,112532.6616905,174.592,83,1665,9001,240168188,4
matmul_large_L10_r4,1789505881.5090826,112532.7139484,174.592,83,1665,9001,240196443,4
matmul_large_L10_r4,1789505881.5631108,112532.7684993,174.592,83,1665,9001,240196443,4
matmul_large_L10_r4,1789505881.615391,112532.8202541,174.592,83,1665,9001,240220529,4
matmul_large_L10_r4,1789505881.6629937,112532.8682143,174.592,83,1665,9001,240220529,4
matmul_large_L10_r4,1789505881.7096608,112532.9146332,174.592,83,1665,9001,240246384,4
matmul_large_L10_r4,1789505881.7635748,112532.9692491,174.592,83,1665,9001,240246384,4
matmul_large_L10_r4,1789505881.812685,112533.0176704,174.725,83,1680,9001,240271509,4
matmul_large_L10_r4,1789505881.8654196,112533.071348,174.725,83,1680,9001,240271509,4
matmul_large_L10_r4,1789505881.9089324,112533.1138198,174.725,83,1680,9001,240296719,4
matmul_large_L10_r4,1789505881.9596233,112533.1645665,174.725,83,1680,9001,240296719,4
matmul_large_L10_r4,1789505882.0106673,112533.2158386,174.725,83,1680,9001,240319477,4
matmul_large_L10_r4,1789505882.0619025,112533.2667333,174.725,83,1680,9001,240319477,4
matmul_large_L10_r4,1789505882.113308,112533.3181018,174.725,83,1680,9001,240342716,4
matmul_large_L10_r4,1789505882.160775,112533.3660574,174.725,83,1680,9001,240342716,4
matmul_large_L10_r4,1789505882.2122595,112533.4173515,174.725,83,1680,9001,240367790,4
matmul_large_L10_r4,1789505882.2637198,112533.4686403,174.725,83,1680,9001,240367790,4
matmul_large_L10_r4,1789505882.3162835,112533.5211374,174.82,83,1680,9001,240392808,4
matmul_large_L10_r4,1789505882.357762,112533.5626041,174.82,83,1680,9001,240392808,4
matmul_large_L10_r4,1789505882.4155283,112533.6221081,174.82,83,1680,9001,240414674,4
matmul_large_L10_r4,1789505882.4564426,112533.6621,174.82,83,1680,9001,240414674,4
matmul_large_L10_r4,1789505882.5094593,112533.7148988,174.82,83,1680,9001,240437552,4
matmul_large_L10_r4,1789505882.5608838,112533.7659097,174.82,83,1680,9001,240437552,4
matmul_large_L10_r4,1789505882.6114814,112533.8163083,174.82,83,1680,9001,240461509,4
matmul_large_L10_r4,1789505882.6584873,112533.8633403,174.82,83,1680,9001,240461509,4
matmul_large_L10_r4,1789505882.7112021,112533.9162391,174.82,83,1680,9001,240484859,4
matmul_large_L10_r4,1789505882.7627342,112533.9675494,174.82,83,1680,9001,240484859,4
matmul_large_L10_r4,1789505882.8215392,112534.0262176,174.835,83,1680,9001,240509813,4
matmul_large_L10_r4,1789505882.8570828,112534.0618228,174.835,83,1680,9001,240509813,4
matmul_large_L10_r4,1789505882.9130251,112534.1181023,174.835,83,1680,9001,240532772,4
matmul_large_L10_r4,1789505882.9636834,112534.1684308,174.835,83,1680,9001,240532772,4
matmul_large_L10_r4,1789505883.0150733,112534.2200832,174.835,83,1680,9001,240558634,4
matmul_large_L10_r4,1789505883.0662534,112534.271062,174.835,83,1680,9001,240558634,4
matmul_large_L10_r4,1789505883.1071177,112534.3125278,174.835,83,1680,9001,240585605,4
matmul_large_L10_r4,1789505883.158619,112534.363602,174.835,83,1680,9001,240585605,4
matmul_large_L10_r4,1789505883.2166731,112534.4216002,174.835,83,1680,9001,240607472,4
matmul_large_L10_r4,1789505883.2571428,112534.4625556,174.835,83,1680,9001,240607472,4
matmul_large_L10_r4,1789505883.3083887,112534.5133039,174.804,83,1680,9001,240629527,4
matmul_large_L10_r4,1789505883.363755,112534.5689473,174.804,83,1680,9001,240629527,4
matmul_large_L10_r4,1789505883.41534,112534.6203494,174.804,83,1680,9001,240654110,4
matmul_large_L10_r4,1789505883.4745526,112534.67944,174.804,83,1680,9001,240654110,4
matmul_large_L10_r4,1789505883.5118153,112534.7171962,174.804,83,1680,9001,240682768,4
matmul_large_L10_r4,1789505883.562985,112534.7678843,174.804,83,1680,9001,240682768,4
matmul_large_L10_r4,1789505883.6140723,112534.8189702,174.804,83,1680,9001,240708647,4
matmul_large_L10_r4,1789505883.665494,112534.8707441,174.804,83,1680,9001,240708647,4
matmul_large_L10_r4,1789505883.7092767,112534.9142846,174.804,83,1680,9001,240735012,4
matmul_large_L10_r4,1789505883.761635,112534.9667564,174.804,83,1680,9001,240735012,4
matmul_large_L10_r4,1789505883.816593,112535.0215123,174.876,83,1680,9001,240759496,4
matmul_large_L10_r4,1789505883.86834,112535.0732269,174.876,83,1680,9001,240759496,4
matmul_large_L10_r4,1789505883.9131684,112535.1180142,174.876,83,1680,9001,240784728,4
matmul_large_L10_r4,1789505883.9647014,112535.1699743,174.876,83,1680,9001,240784728,4
matmul_large_L10_r4,1789505884.0155241,112535.2202795,174.876,83,1680,9001,240812339,4
matmul_large_L10_r4,1789505884.0569649,112535.2624522,174.876,83,1680,9001,240812339,4
matmul_large_L10_r4,1789505884.108665,112535.313398,174.876,83,1680,9001,240834225,4
matmul_large_L10_r4,1789505884.1603305,112535.365141,174.876,83,1680,9001,240834225,4
matmul_large_L10_r4,1789505884.207196,112535.4125379,174.876,83,1680,9001,240857309,4
matmul_large_L10_r4,1789505884.259625,112535.4645383,174.876,83,1680,9001,240857309,4
matmul_large_L10_r4,1789505884.3131986,112535.5181526,174.847,83,1680,9001,240879376,4
matmul_large_L10_r4,1789505884.364462,112535.5696565,174.847,83,1680,9001,240879376,4
matmul_large_L10_r4,1789505884.4075277,112535.6127175,174.847,83,1680,9001,240906473,4
matmul_large_L10_r4,1789505884.4585347,112535.6634344,174.847,83,1680,9001,240906473,4
matmul_large_L10_r4,1789505884.5112095,112535.7164778,174.847,83,1680,9001,240928491,4
matmul_large_L10_r4,1789505884.5630918,112535.7682392,174.847,83,1680,9001,240928491,4
matmul_large_L10_r4,1789505884.6092117,112535.8140884,174.847,83,1680,9001,240954512,4
matmul_large_L10_r4,1789505884.660781,112535.8659686,174.847,83,1680,9001,240954512,4
matmul_large_L10_r4,1789505884.7070293,112535.9122586,174.847,83,1680,9001,240977888,4
matmul_large_L10_r4,1789505884.765842,112535.9711835,174.847,83,1680,9001,240977888,4
matmul_large_L10_r4,1789505884.8166301,112536.0214325,174.824,83,1680,9001,241003299,4
matmul_large_L10_r4,1789505884.8580341,112536.0628564,174.824,83,1680,9001,241003299,4
matmul_large_L10_r4,1789505884.9133468,112536.1186682,174.824,83,1680,9001,241025643,4
matmul_large_L10_r4,1789505884.961274,112536.1662058,174.824,83,1680,9001,241025643,4
matmul_large_L10_r4,1789505885.0132194,112536.2183068,174.824,83,1680,9001,241051947,4
matmul_large_L10_r4,1789505885.0645032,112536.2695356,174.824,83,1680,9001,241051947,4
matmul_large_L10_r4,1789505885.1148722,112536.319863,174.824,83,1680,9001,241078126,4
matmul_large_L10_r4,1789505885.1664195,112536.3713151,174.824,83,1680,9001,241078126,4
matmul_large_L10_r4,1789505885.212674,112536.4187681,174.824,83,1680,9001,241102746,4
matmul_large_L10_r4,1789505885.2643447,112536.4695729,174.824,83,1680,9001,241102746,4
matmul_large_L10_r4,1789505885.3161528,112536.5213106,174.756,82,1680,9001,241129912,4
matmul_large_L10_r4,1789505885.3570466,112536.5620956,174.756,82,1680,9001,241129912,4
matmul_large_L10_r4,1789505885.4100032,112536.6148858,174.756,82,1680,9001,241151894,4
matmul_large_L10_r4,1789505885.4670436,112536.6717349,174.756,82,1680,9001,241151894,4
matmul_large_L10_r4,1789505885.5092452,112536.7142257,174.756,82,1680,9001,241177806,4
matmul_large_L10_r4,1789505885.5612917,112536.7671961,174.756,82,1680,9001,241177806,4
matmul_large_L10_r4,1789505885.61035,112536.8155292,174.756,82,1680,9001,241202938,4
matmul_large_L10_r4,1789505885.6638334,112536.8687809,174.756,82,1680,9001,241202938,4
matmul_large_L10_r4,1789505885.709082,112536.9139109,174.756,82,1680,9001,241228357,4
matmul_large_L10_r4,1789505885.7606678,112536.9654266,174.756,82,1680,9001,241228357,4
matmul_large_L10_r4,1789505885.8113866,112537.0162306,174.827,82,1680,9001,241251799,4
matmul_large_L10_r4,1789505885.8626065,112537.0673999,174.827,82,1680,9001,241251799,4
matmul_large_L10_r4,1789505885.9064958,112537.111886,174.827,82,1680,9001,241275424,4
matmul_large_L10_r4,1789505885.9585752,112537.1633428,174.827,82,1680,9001,241275424,4
matmul_large_L10_r4,1789505886.0135071,112537.2184246,174.827,82,1680,9001,241297956,4
matmul_large_L10_r4,1789505886.065456,112537.2702323,174.827,82,1680,9001,241297956,4
matmul_large_L10_r4,1789505886.1069603,112537.3123534,174.827,82,1680,9001,241324782,4
matmul_large_L10_r4,1789505886.1592517,112537.3641401,174.827,82,1680,9001,241324782,4
matmul_large_L10_r4,1789505886.2141938,112537.4191974,174.827,82,1680,9001,241347519,4
matmul_large_L10_r4,1789505886.265543,112537.470371,174.827,82,1680,9001,241347519,4
matmul_large_L10_r4,1789505886.307012,112537.512326,174.782,82,1680,9001,241374642,4
matmul_large_L10_r4,1789505886.358585,112537.5633893,174.782,82,1680,9001,241374642,4
matmul_large_L10_r4,1789505886.4109144,112537.616136,174.782,82,1680,9001,241397345,4
matmul_large_L10_r4,1789505886.4624412,112537.6674672,174.782,82,1680,9001,241397345,4
matmul_large_L10_r4,1789505886.510443,112537.7154158,174.782,82,1680,9001,241422223,4
matmul_large_L10_r4,1789505886.559669,112537.7645042,174.782,82,1680,9001,241422223,4
matmul_large_L10_r4,1789505886.6092188,112537.8140063,174.782,82,1680,9001,241446668,4
matmul_large_L10_r4,1789505886.659683,112537.8644643,174.782,82,1680,9001,241446668,4
matmul_large_L10_r4,1789505886.70928,112537.9141001,174.782,82,1680,9001,241469415,4
matmul_large_L10_r4,1789505886.7643373,112537.9690969,174.782,82,1680,9001,241469415,4
matmul_large_L10_r4,1789505886.8160548,112538.0208501,174.72,82,1680,9001,241494814,4
matmul_large_L10_r4,1789505886.8568518,112538.0625441,174.72,82,1680,9001,241494814,4
matmul_large_L10_r4,1789505886.9067552,112538.1120147,174.72,82,1680,9001,241516918,4
matmul_large_L10_r4,1789505886.9583607,112538.1630757,174.72,82,1680,9001,241516918,4
matmul_large_L10_r4,1789505887.0095632,112538.214369,174.72,82,1680,9001,241539753,4
matmul_large_L10_r4,1789505887.0674999,112538.2722935,174.72,82,1680,9001,241539753,4
matmul_large_L10_r4,1789505887.1087701,112538.3136854,174.72,82,1680,9001,241565844,4
matmul_large_L10_r4,1789505887.1609592,112538.3657415,174.72,82,1680,9001,241565844,4
matmul_large_L10_r4,1789505887.212968,112538.4177215,174.72,82,1680,9001,241590312,4
matmul_large_L10_r4,1789505887.2641144,112538.4688358,174.72,82,1680,9001,241590312,4
matmul_large_L10_r4,1789505887.316079,112538.5209645,174.76,82,1680,9001,241616562,4
matmul_large_L10_r4,1789505887.3570523,112538.5623133,174.76,82,1680,9001,241616562,4
matmul_large_L10_r4,1789505887.4091706,112538.6139337,174.76,82,1680,9001,241638838,4
matmul_large_L10_r4,1789505887.4604633,112538.6661704,174.76,82,1680,9001,241638838,4
matmul_large_L10_r4,1789505887.5095842,112538.7144443,174.76,82,1680,9001,241661528,4
matmul_large_L10_r4,1789505887.5602303,112538.7650057,174.76,82,1680,9001,241661528,4
matmul_large_L10_r4,1789505887.6093752,112538.814166,174.76,82,1680,9001,241685769,4
matmul_large_L10_r4,1789505887.6607325,112538.8657092,174.76,82,1680,9001,241685769,4
matmul_large_L10_r4,1789505887.709198,112538.9139511,174.76,82,1680,9001,241708795,4
matmul_large_L10_r4,1789505887.7603595,112538.9651501,174.76,82,1680,9001,241708795,4
matmul_large_L10_r4,1789505887.8113585,112539.0161141,174.813,82,1680,9001,241732769,4
matmul_large_L10_r4,1789505887.8627927,112539.0675471,174.813,82,1680,9001,241732769,4
matmul_large_L10_r4,1789505887.9109719,112539.1156987,174.813,82,1680,9001,241757286,4
matmul_large_L10_r4,1789505887.96147,112539.1661892,174.813,82,1680,9001,241757286,4
matmul_large_L10_r4,1789505888.0107207,112539.2155872,174.813,82,1680,9001,241782482,4
matmul_large_L10_r4,1789505888.0561874,112539.2619457,174.813,82,1680,9001,241782482,4
matmul_large_L10_r4,1789505888.1077611,112539.312576,174.813,82,1680,9001,241805517,4
matmul_large_L10_r4,1789505888.1617267,112539.3664909,174.813,82,1680,9001,241805517,4
matmul_large_L10_r4,1789505888.212981,112539.4177082,174.813,82,1680,9001,241829597,4
matmul_large_L10_r4,1789505888.264139,112539.4689214,174.813,82,1680,9001,241829597,4
matmul_large_L10_r4,1789505888.3140583,112539.5187989,174.826,82,1680,9001,241855473,4
matmul_large_L10_r4,1789505888.3653235,112539.5701755,174.826,82,1680,9001,241855473,4
matmul_large_L10_r4,1789505888.416027,112539.620792,174.826,82,1680,9001,241883770,4
matmul_large_L10_r4,1789505888.4619203,112539.6668044,174.826,82,1680,9001,241883770,4
matmul_large_L10_r4,1789505888.5089743,112539.7137535,174.826,82,1680,9001,241907861,4
matmul_large_L10_r4,1789505888.5612407,112539.7659521,174.826,82,1680,9001,241907861,4
matmul_large_L10_r4,1789505888.619321,112539.8241997,174.826,82,1680,9001,241932396,4
matmul_large_L10_r4,1789505888.6637871,112539.8685261,174.826,82,1680,9001,241932396,4
matmul_large_L10_r4,1789505888.7113414,112539.9161201,174.826,82,1680,9001,241957409,4
matmul_large_L10_r4,1789505888.7606003,112539.9654528,174.826,82,1680,9001,241957409,4
matmul_large_L10_r4,1789505888.8113291,112540.0160381,174.82,82,1680,9001,241982723,4
matmul_large_L10_r4,1789505888.8616247,112540.0663266,174.82,82,1680,9001,241982723,4
matmul_large_L10_r4,1789505888.9107947,112540.1156958,174.82,82,1680,9001,242006887,4
matmul_large_L10_r4,1789505888.961191,112540.1660506,174.82,82,1680,9001,242006887,4
matmul_large_L10_r4,1789505889.014613,112540.2194229,174.82,82,1680,9001,242032314,4
matmul_large_L10_r4,1789505889.066369,112540.2712986,174.82,82,1680,9001,242032314,4
matmul_large_L10_r4,1789505889.1071873,112540.3120268,174.82,82,1680,9001,242058200,4
matmul_large_L10_r4,1789505889.1583278,112540.3631865,174.82,82,1680,9001,242058200,4
matmul_large_L10_r4,1789505889.2130377,112540.4178615,174.82,82,1680,9001,242081141,4
matmul_large_L10_r4,1789505889.2642565,112540.4689758,174.82,82,1680,9001,242081141,4
matmul_large_L10_r4,1789505889.3155806,112540.5203339,174.835,83,1680,9001,242107256,4
matmul_large_L10_r4,1789505889.357163,112540.5622338,174.835,83,1680,9001,242107256,4
matmul_large_L10_r4,1789505889.4082596,112540.6129572,174.835,83,1680,9001,242129316,4
matmul_large_L10_r4,1789505889.4599147,112540.6647422,174.835,83,1680,9001,242129316,4
matmul_large_L10_r4,1789505889.5148287,112540.719506,174.835,83,1680,9001,242151790,4
matmul_large_L10_r4,1789505889.5599532,112540.7647663,174.835,83,1680,9001,242151790,4
matmul_large_L10_r4,1789505889.60952,112540.8142599,174.835,83,1680,9001,242174476,4
matmul_large_L10_r4,1789505889.6605139,112540.8652252,174.835,83,1680,9001,242174476,4
matmul_large_L10_r4,1789505889.7145572,112540.919388,174.835,83,1680,9001,242197735,4
matmul_large_L10_r4,1789505889.7657163,112540.9704001,174.835,83,1680,9001,242197735,4
matmul_large_L10_r4,1789505889.815331,112541.0201044,174.697,83,1680,9001,242222677,4
matmul_large_L10_r4,1789505889.8645668,112541.0692978,174.697,83,1680,9001,242222677,4
matmul_large_L10_r4,1789505889.915426,112541.1201595,174.697,83,1680,9001,242247057,4
matmul_large_L10_r4,1789505889.9668994,112541.1715894,174.697,83,1680,9001,242247057,4
matmul_large_L10_r4,1789505890.0123096,112541.2170709,174.697,83,1680,9001,242272348,4
matmul_large_L10_r4,1789505890.0640047,112541.268911,174.697,83,1680,9001,242272348,4
matmul_large_L10_r4,1789505890.1148891,112541.3197233,174.697,83,1680,9001,242299358,4
matmul_large_L10_r4,1789505890.1562626,112541.3618889,174.697,83,1680,9001,242299358,4
matmul_large_L10_r4,1789505890.2081199,112541.4129745,174.697,83,1680,9001,242321410,4
matmul_large_L10_r4,1789505890.2604961,112541.4653346,174.697,83,1680,9001,242321410,4
matmul_large_L10_r4,1789505890.311172,112541.5159415,174.702,83,1665,9001,242344945,4
matmul_large_L10_r4,1789505890.3613446,112541.566046,174.702,83,1665,9001,242344945,4
matmul_large_L10_r4,1789505890.4127798,112541.6175127,174.702,83,1665,9001,242370804,4
matmul_large_L10_r4,1789505890.463295,112541.6680753,174.702,83,1665,9001,242370804,4
matmul_large_L10_r4,1789505890.5133438,112541.7181093,174.702,83,1665,9001,242396753,4
matmul_large_L10_r4,1789505890.5645413,112541.7692858,174.702,83,1665,9001,242396753,4
matmul_large_L10_r4,1789505890.6132915,112541.8180592,174.702,83,1665,9001,242424883,4
matmul_large_L10_r4,1789505890.6620264,112541.8667668,174.702,83,1665,9001,242424883,4
matmul_large_L10_r4,1789505890.7141056,112541.9188919,174.702,83,1665,9001,242450432,4
matmul_large_L10_r4,1789505890.7760272,112541.9808459,174.702,83,1665,9001,242450432,4
matmul_large_L10_r4,1789505890.8070216,112542.0123308,174.782,83,1680,9001,242472468,4
matmul_large_L10_r4,1789505890.8659585,112542.0707808,174.782,83,1680,9001,242472468,4
matmul_large_L10_r4,1789505890.9081855,112542.112896,174.782,83,1680,9001,242498195,4
matmul_large_L10_r4,1789505890.9594975,112542.1643797,174.782,83,1680,9001,242498195,4
matmul_large_L10_r4,1789505891.0134933,112542.2182243,174.782,83,1680,9001,242522338,4
matmul_large_L10_r4,1789505891.0650175,112542.2697494,174.782,83,1680,9001,242522338,4
matmul_large_L10_r4,1789505891.1166096,112542.321508,174.782,83,1680,9001,242547087,4
matmul_large_L10_r4,1789505891.1572309,112542.3620622,174.782,83,1680,9001,242547087,4
matmul_large_L10_r4,1789505891.2076707,112542.4123499,174.782,83,1680,9001,242569213,4
matmul_large_L10_r4,1789505891.25954,112542.4643499,174.782,83,1680,9001,242569213,4
matmul_large_L10_r4,1789505891.3118725,112542.5165812,174.721,83,1665,9001,242592437,4
matmul_large_L10_r4,1789505891.362758,112542.5677105,174.721,83,1665,9001,242592437,4
matmul_large_L10_r4,1789505891.4132946,112542.6180849,174.721,83,1665,9001,242619437,4
matmul_large_L10_r4,1789505891.4658158,112542.6706001,174.721,83,1665,9001,242619437,4
matmul_large_L10_r4,1789505891.5151033,112542.7199023,174.721,83,1665,9001,242644676,4
matmul_large_L10_r4,1789505891.5589929,112542.7637023,174.721,83,1665,9001,242644676,4
matmul_large_L10_r4,1789505891.6089017,112542.8136743,174.721,83,1665,9001,242667006,4
matmul_large_L10_r4,1789505891.660063,112542.8648329,174.721,83,1665,9001,242667006,4
matmul_large_L0.5_r0,1789505899.698641,112550.9035804,174.684,83,1680,9001,244092942,4
matmul_large_L0.5_r0,1789505899.750787,112550.9554624,174.684,83,1680,9001,244092942,4
matmul_large_L0.5_r0,1789505899.8003497,112551.0053398,174.808,83,1680,9001,244114139,4
matmul_large_L0.5_r0,1789505899.851208,112551.0560523,174.808,83,1680,9001,244114139,4
matmul_large_L0.5_r0,1789505899.9029338,112551.107768,174.808,83,1680,9001,244135034,4
matmul_large_L0.5_r0,1789505899.9580529,112551.1629776,174.808,83,1680,9001,244135034,4
matmul_large_L0.5_r0,1789505899.999239,112551.2040347,174.808,83,1680,9001,244158635,4
matmul_large_L0.5_r0,1789505900.0504084,112551.2550987,174.808,83,1680,9001,244158635,4
matmul_large_L0.5_r0,1789505900.1019971,112551.3068973,174.808,83,1680,9001,244185045,4
matmul_large_L0.5_r0,1789505900.158209,112551.3631868,174.808,83,1680,9001,244185045,4
matmul_large_L0.5_r0,1789505900.1998494,112551.4046433,174.808,83,1680,9001,244208222,4
matmul_large_L20_r2,1789505908.2175555,112559.4252991,174.74,83,1680,9001,245610586,4
matmul_large_L20_r2,1789505908.277693,112559.4825985,174.74,83,1680,9001,245610586,4
matmul_large_L20_r2,1789505908.328741,112559.533936,174.913,81,1710,9001,245636848,4
matmul_large_L20_r2,1789505908.3797116,112559.5845612,174.913,81,1710,9001,245636848,4
matmul_large_L20_r2,1789505908.420712,112559.6263782,174.913,81,1710,9001,245661759,4
matmul_large_L20_r2,1789505908.470388,112559.675381,174.913,81,1710,9001,245661759,4
matmul_large_L20_r2,1789505908.5232253,112559.728792,174.913,81,1710,9001,245685852,4
matmul_large_L20_r2,1789505908.5709546,112559.7761281,174.913,81,1710,9001,245685852,4
matmul_large_L20_r2,1789505908.6313334,112559.8365421,174.913,81,1710,9001,245712583,4
matmul_large_L20_r2,1789505908.6706653,112559.8756792,174.913,81,1710,9001,245712583,4
matmul_large_L20_r2,1789505908.7304206,112559.935612,174.913,81,1710,9001,245734639,4
matmul_large_L20_r2,1789505908.771277,112559.9763332,174.913,81,1710,9001,245734639,4
matmul_large_L20_r2,1789505908.8230171,112560.0279949,174.925,83,1665,9001,245756751,4
matmul_large_L20_r2,1789505908.8745687,112560.0794079,174.925,83,1665,9001,245756751,4
matmul_large_L20_r2,1789505908.9202693,112560.1255869,174.925,83,1665,9001,245782048,4
matmul_large_L20_r2,1789505908.9732072,112560.1783613,174.925,83,1665,9001,245782048,4
matmul_large_L20_r2,1789505909.0272787,112560.2324393,174.925,83,1665,9001,245808041,4
matmul_large_L20_r2,1789505909.0791454,112560.2840308,174.925,83,1665,9001,245808041,4
matmul_large_L20_r2,1789505909.1205568,112560.3259199,174.925,83,1665,9001,245832664,4
matmul_large_L20_r2,1789505909.172153,112560.3770446,174.925,83,1665,9001,245832664,4
matmul_large_L20_r2,1789505909.2246552,112560.4296854,174.925,83,1665,9001,245858108,4
matmul_large_L20_r2,1789505909.275722,112560.4808812,174.925,83,1665,9001,245858108,4
matmul_large_L20_r2,1789505909.330602,112560.5355111,174.859,83,1680,9001,245886091,4
matmul_large_L20_r2,1789505909.372269,112560.5774278,174.859,83,1680,9001,245886091,4
matmul_large_L20_r2,1789505909.424079,112560.6289094,174.859,83,1680,9001,245908502,4
matmul_large_L20_r2,1789505909.4777737,112560.6825204,174.859,83,1680,9001,245908502,4
matmul_large_L20_r2,1789505909.5339084,112560.7396562,174.859,83,1680,9001,245937184,4
matmul_large_L20_r2,1789505909.5763817,112560.781183,174.859,83,1680,9001,245937184,4
matmul_large_L20_r2,1789505909.6209533,112560.8263376,174.859,83,1680,9001,245961982,4
matmul_large_L20_r2,1789505909.670705,112560.8757928,174.859,83,1680,9001,245961982,4
matmul_large_L20_r2,1789505909.730629,112560.9355609,174.859,83,1680,9001,245987644,4
matmul_large_L20_r2,1789505909.7720685,112560.9769851,174.859,83,1680,9001,245987644,4
matmul_large_L20_r2,1789505909.8233492,112561.0283016,174.784,83,1680,9001,246009605,4
matmul_large_L20_r2,1789505909.8734884,112561.0784291,174.784,83,1680,9001,246009605,4
matmul_large_L20_r2,1789505909.9240365,112561.1288776,174.784,83,1680,9001,246036467,4
matmul_large_L20_r2,1789505909.9768527,112561.1818995,174.784,83,1680,9001,246036467,4
matmul_large_L20_r2,1789505910.0285726,112561.2335665,174.784,83,1680,9001,246065171,4
matmul_large_L20_r2,1789505910.074492,112561.279245,174.784,83,1680,9001,246065171,4
matmul_large_L20_r2,1789505910.1257076,112561.3308442,174.784,83,1680,9001,246087965,4
matmul_large_L20_r2,1789505910.1769898,112561.3819473,174.784,83,1680,9001,246087965,4
matmul_large_L20_r2,1789505910.2297647,112561.4346585,174.784,83,1680,9001,246117835,4
matmul_large_L20_r2,1789505910.271159,112561.4761904,174.784,83,1680,9001,246117835,4
matmul_large_L20_r2,1789505910.322426,112561.5272706,174.807,82,1680,9001,246139883,4
matmul_large_L20_r2,1789505910.3739507,112561.5786103,174.807,82,1680,9001,246139883,4
matmul_large_L20_r2,1789505910.4201303,112561.6254989,174.807,82,1680,9001,246166906,4
matmul_large_L20_r2,1789505910.4750073,112561.6798591,174.807,82,1680,9001,246166906,4
matmul_large_L20_r2,1789505910.5292084,112561.7344142,174.807,82,1680,9001,246191822,4
matmul_large_L20_r2,1789505910.5755901,112561.7802515,174.807,82,1680,9001,246191822,4
matmul_large_L20_r2,1789505910.6222436,112561.8271875,174.807,82,1680,9001,246215227,4
matmul_large_L20_r2,1789505910.6741283,112561.8790239,174.807,82,1680,9001,246215227,4
matmul_large_L20_r2,1789505910.7304063,112561.935351,174.807,82,1680,9001,246241072,4
matmul_large_L20_r2,1789505910.7712631,112561.9765628,174.807,82,1680,9001,246241072,4
matmul_large_L20_r2,1789505910.8226266,112562.0276141,174.76,82,1665,9001,246263459,4
matmul_large_L20_r2,1789505910.873778,112562.0788199,174.76,82,1665,9001,246263459,4
matmul_large_L20_r2,1789505910.925156,112562.1297997,174.76,82,1665,9001,246288914,4
matmul_large_L20_r2,1789505910.9795682,112562.1844611,174.76,82,1665,9001,246288914,4
matmul_large_L20_r2,1789505911.0208397,112562.2259385,174.76,82,1665,9001,246319649,4
matmul_large_L20_r2,1789505911.074479,112562.2794365,174.76,82,1665,9001,246319649,4
matmul_large_L20_r2,1789505911.1271083,112562.3319234,174.76,82,1665,9001,246345070,4
matmul_large_L20_r2,1789505911.1783302,112562.3839502,174.76,82,1665,9001,246345070,4
matmul_large_L20_r2,1789505911.2290149,112562.4339104,174.76,82,1665,9001,246370067,4
matmul_large_L20_r2,1789505911.2703614,112562.476033,174.76,82,1665,9001,246370067,4
matmul_large_L20_r2,1789505911.3231385,112562.5282825,174.707,82,1665,9001,246392158,4
matmul_large_L20_r2,1789505911.3748658,112562.5798044,174.707,82,1665,9001,246392158,4
matmul_large_L20_r2,1789505911.427061,112562.6322528,174.707,82,1665,9001,246420131,4
matmul_large_L20_r2,1789505911.4743881,112562.6793085,174.707,82,1665,9001,246420131,4
matmul_large_L20_r2,1789505911.5216105,112562.7266561,174.707,82,1665,9001,246443322,4
matmul_large_L20_r2,1789505911.576712,112562.7816388,174.707,82,1665,9001,246443322,4
matmul_large_L20_r2,1789505911.6215122,112562.826759,174.707,82,1665,9001,246471611,4
matmul_large_L20_r2,1789505911.6712592,112562.8763827,174.707,82,1665,9001,246471611,4
matmul_large_L20_r2,1789505911.72122,112562.9262407,174.707,82,1665,9001,246496570,4
matmul_large_L20_r2,1789505911.7726657,112562.9775669,174.707,82,1665,9001,246496570,4
matmul_large_L20_r2,1789505911.8238318,112563.0288675,174.735,82,1680,9001,246522958,4
matmul_large_L20_r2,1789505911.875734,112563.0807195,174.735,82,1680,9001,246522958,4
matmul_large_L20_r2,1789505911.9270608,112563.132539,174.735,82,1680,9001,246551023,4
matmul_large_L20_r2,1789505911.9764924,112563.1813691,174.735,82,1680,9001,246551023,4
matmul_large_L20_r2,1789505912.0280006,112563.2333945,174.735,82,1680,9001,246574928,4
matmul_large_L20_r2,1789505912.0704465,112563.2760727,174.735,82,1680,9001,246574928,4
matmul_large_L20_r2,1789505912.1266077,112563.3321091,174.735,82,1680,9001,246596989,4
matmul_large_L20_r2,1789505912.177855,112563.3830606,174.735,82,1680,9001,246596989,4
matmul_large_L20_r2,1789505912.2296052,112563.4344899,174.735,82,1680,9001,246621850,4
matmul_large_L20_r2,1789505912.2711527,112563.4759746,174.735,82,1680,9001,246621850,4
matmul_large_L20_r2,1789505912.3228903,112563.5276883,174.829,82,1680,9001,246643821,4
matmul_large_L20_r2,1789505912.374728,112563.5803498,174.829,82,1680,9001,246643821,4
matmul_large_L20_r2,1789505912.4270134,112563.6319589,174.829,82,1680,9001,246672312,4
matmul_large_L20_r2,1789505912.4818885,112563.6868504,174.829,82,1680,9001,246672312,4
matmul_large_L20_r2,1789505912.5317078,112563.7370276,174.829,82,1680,9001,246698728,4
matmul_large_L20_r2,1789505912.5713384,112563.7763573,174.829,82,1680,9001,246698728,4
matmul_large_L20_r2,1789505912.6303465,112563.8352376,174.829,82,1680,9001,246721905,4
matmul_large_L20_r2,1789505912.6702347,112563.8757155,174.829,82,1680,9001,246721905,4
matmul_large_L20_r2,1789505912.7198973,112563.9255317,174.829,82,1680,9001,246743745,4
matmul_large_L20_r2,1789505912.7712843,112563.9764275,174.829,82,1680,9001,246743745,4
matmul_large_L20_r2,1789505912.8223186,112564.0270962,174.765,82,1680,9001,246769690,4
matmul_large_L20_r2,1789505912.8736663,112564.0785797,174.765,82,1680,9001,246769690,4
matmul_large_L20_r2,1789505912.9291086,112564.1343557,174.765,82,1680,9001,246795217,4
matmul_large_L20_r2,1789505912.9739864,112564.178767,174.765,82,1680,9001,246795217,4
matmul_large_L20_r2,1789505913.0234325,112564.2283004,174.765,82,1680,9001,246818183,4
matmul_large_L20_r2,1789505913.0791373,112564.2840596,174.765,82,1680,9001,246818183,4
matmul_large_L20_r2,1789505913.125554,112564.3306557,174.765,82,1680,9001,246846501,4
matmul_large_L20_r2,1789505913.1776545,112564.3824976,174.765,82,1680,9001,246846501,4
matmul_large_L20_r2,1789505913.2298524,112564.4347068,174.765,82,1680,9001,246877133,4
matmul_large_L20_r2,1789505913.2708123,112564.4756057,174.765,82,1680,9001,246877133,4
matmul_large_L20_r2,1789505913.322627,112564.5274136,174.775,82,1680,9001,246899273,4
matmul_large_L20_r2,1789505913.3741403,112564.5790768,174.775,82,1680,9001,246899273,4
matmul_large_L20_r2,1789505913.4261756,112564.6310394,174.775,82,1680,9001,246927036,4
matmul_large_L20_r2,1789505913.4751012,112564.6799772,174.775,82,1680,9001,246927036,4
matmul_large_L20_r2,1789505913.5302393,112564.735096,174.775,82,1680,9001,246950979,4
matmul_large_L20_r2,1789505913.570989,112564.7758725,174.775,82,1680,9001,246950979,4
matmul_large_L20_r2,1789505913.6210356,112564.8261511,174.775,82,1680,9001,246973062,4
matmul_large_L20_r2,1789505913.6717951,112564.8766767,174.775,82,1680,9001,246973062,4
matmul_large_L20_r2,1789505913.7211454,112564.9262259,174.775,82,1680,9001,246997959,4
matmul_large_L20_r2,1789505913.7731647,112564.9781457,174.775,82,1680,9001,246997959,4
matmul_large_L20_r2,1789505913.825554,112565.0304553,174.777,82,1680,9001,247025018,4
matmul_large_L20_r2,1789505913.8775778,112565.0823847,174.777,82,1680,9001,247025018,4
matmul_large_L20_r2,1789505913.9247723,112565.1298253,174.777,82,1680,9001,247054053,4
matmul_large_L20_r2,1789505913.9744465,112565.1792596,174.777,82,1680,9001,247054053,4
matmul_large_L20_r2,1789505914.0257294,112565.2305144,174.777,82,1680,9001,247083208,4
matmul_large_L20_r2,1789505914.0773888,112565.2825258,174.777,82,1680,9001,247083208,4
matmul_large_L20_r2,1789505914.1245184,112565.3295109,174.777,82,1680,9001,247112521,4
matmul_large_L20_r2,1789505914.176046,112565.3808188,174.777,82,1680,9001,247112521,4
matmul_large_L20_r2,1789505914.2281663,112565.4331211,174.777,82,1680,9001,247142188,4
matmul_large_L20_r2,1789505914.2799585,112565.4849069,174.777,82,1680,9001,247142188,4
matmul_large_L20_r2,1789505914.3208034,112565.5259365,174.748,82,1680,9001,247168123,4
matmul_large_L20_r2,1789505914.3723335,112565.5772795,174.748,82,1680,9001,247168123,4
matmul_large_L20_r2,1789505914.4240267,112565.6289086,174.748,82,1680,9001,247194931,4
matmul_large_L20_r2,1789505914.4818048,112565.6865865,174.748,82,1680,9001,247194931,4
matmul_large_L20_r2,1789505914.5296278,112565.7344816,174.748,82,1680,9001,247226397,4
matmul_large_L20_r2,1789505914.5771563,112565.7820768,174.748,82,1680,9001,247226397,4
matmul_large_L20_r2,1789505914.6235251,112565.8282576,174.748,82,1680,9001,247251123,4
matmul_large_L20_r2,1789505914.6792831,112565.8841392,174.748,82,1680,9001,247251123,4
matmul_large_L20_r2,1789505914.7308736,112565.9358881,174.748,82,1680,9001,247281473,4
matmul_large_L20_r2,1789505914.772245,112565.9773706,174.748,82,1680,9001,247281473,4
matmul_large_L20_r2,1789505914.8244996,112566.0294326,174.716,82,1680,9001,247304548,4
matmul_large_L20_r2,1789505914.8756557,112566.0804253,174.716,82,1680,9001,247304548,4
matmul_large_L20_r2,1789505914.92828,112566.1332596,174.716,82,1680,9001,247333830,4
matmul_large_L20_r2,1789505914.9780846,112566.1834847,174.716,82,1680,9001,247333830,4
matmul_large_L20_r2,1789505915.028801,112566.2337172,174.716,82,1680,9001,247359246,4
matmul_large_L20_r2,1789505915.069792,112566.2754337,174.716,82,1680,9001,247359246,4
matmul_large_L20_r2,1789505915.1205513,112566.3260688,174.716,82,1680,9001,247381457,4
matmul_large_L20_r2,1789505915.1734264,112566.3782305,174.716,82,1680,9001,247381457,4
matmul_large_L20_r2,1789505915.223803,112566.4285243,174.716,82,1680,9001,247408802,4
matmul_large_L20_r2,1789505915.2747433,112566.4797803,174.716,82,1680,9001,247408802,4
matmul_large_L20_r2,1789505915.3253615,112566.5303082,174.752,82,1680,9001,247437551,4
matmul_large_L20_r2,1789505915.3769007,112566.5819342,174.752,82,1680,9001,247437551,4
matmul_large_L20_r2,1789505915.4274044,112566.6324611,174.752,82,1680,9001,247468364,4
matmul_large_L20_r2,1789505915.4728787,112566.6778956,174.752,82,1680,9001,247468364,4
matmul_large_L20_r2,1789505915.5307212,112566.7357013,174.752,82,1680,9001,247491486,4
matmul_large_L20_r2,1789505915.5708299,112566.7759033,174.752,82,1680,9001,247491486,4
matmul_large_L20_r2,1789505915.6197958,112566.8254188,174.752,82,1680,9001,247514201,4
matmul_large_L20_r2,1789505915.677235,112566.8823765,174.752,82,1680,9001,247514201,4
matmul_large_L20_r2,1789505915.7290483,112566.9338577,174.752,82,1680,9001,247542666,4
matmul_large_L20_r2,1789505915.7802207,112566.985543,174.752,82,1680,9001,247542666,4
matmul_large_L20_r2,1789505915.8209665,112567.0257465,174.78,82,1680,9001,247568943,4
matmul_large_L20_r2,1789505915.8710923,112567.0761104,174.78,82,1680,9001,247568943,4
matmul_large_L20_r2,1789505915.9210598,112567.1261605,174.78,82,1680,9001,247595396,4
matmul_large_L20_r2,1789505915.9713728,112567.176457,174.78,82,1680,9001,247595396,4
matmul_large_L20_r2,1789505916.0232153,112567.2282975,174.78,82,1680,9001,247622362,4
matmul_large_L20_r2,1789505916.0746655,112567.27994,174.78,82,1680,9001,247622362,4
matmul_large_L20_r2,1789505916.126356,112567.3312356,174.78,82,1680,9001,247651803,4
matmul_large_L20_r2,1789505916.1724749,112567.377561,174.78,82,1680,9001,247651803,4
matmul_large_L20_r2,1789505916.2213602,112567.4263224,174.78,82,1680,9001,247674947,4
matmul_large_L20_r2,1789505916.2727199,112567.4777253,174.78,82,1680,9001,247674947,4
matmul_large_L20_r2,1789505916.3234224,112567.5282807,174.698,82,1665,9001,247702606,4
matmul_large_L20_r2,1789505916.3745031,112567.5796044,174.698,82,1665,9001,247702606,4
matmul_large_L20_r2,1789505916.425405,112567.6304059,174.698,82,1665,9001,247731807,4
matmul_large_L20_r2,1789505916.4742503,112567.6790422,174.698,82,1665,9001,247731807,4
matmul_large_L20_r2,1789505916.5298097,112567.7351307,174.698,82,1665,9001,247755889,4
matmul_large_L20_r2,1789505916.5826776,112567.7876256,174.698,82,1665,9001,247755889,4
matmul_large_L20_r2,1789505916.6210904,112567.8260715,174.698,82,1665,9001,247783328,4
matmul_large_L20_r2,1789505916.6713083,112567.8762892,174.698,82,1665,9001,247783328,4
matmul_large_L20_r2,1789505916.7276936,112567.9324375,174.698,82,1665,9001,247809112,4
matmul_large_L20_r2,1789505916.7779744,112567.9837626,174.698,82,1665,9001,247809112,4
matmul_large_L20_r2,1789505916.8208706,112568.0262188,174.731,82,1680,9001,247834941,4
matmul_large_L20_r2,1789505916.8723168,112568.0773439,174.731,82,1680,9001,247834941,4
matmul_large_L20_r2,1789505916.927054,112568.1321884,174.731,82,1680,9001,247862802,4
matmul_large_L20_r2,1789505916.9724119,112568.1776609,174.731,82,1680,9001,247862802,4
matmul_large_L20_r2,1789505917.0238748,112568.2287357,174.731,82,1680,9001,247886140,4
matmul_large_L20_r2,1789505917.0747533,112568.279604,174.731,82,1680,9001,247886140,4
matmul_large_L20_r2,1789505917.1261613,112568.331826,174.731,82,1680,9001,247913394,4
matmul_large_L20_r2,1789505917.1723878,112568.3772327,174.731,82,1680,9001,247913394,4
matmul_large_L20_r2,1789505917.2258341,112568.4307943,174.731,82,1680,9001,247936435,4
matmul_large_L20_r2,1789505917.2794998,112568.4845138,174.731,82,1680,9001,247936435,4
matmul_large_L20_r2,1789505917.3209083,112568.5258534,174.661,82,1680,9001,247962477,4
matmul_large_L20_r2,1789505917.3754423,112568.580557,174.661,82,1680,9001,247962477,4
matmul_large_L20_r2,1789505917.4269993,112568.6320738,174.661,82,1680,9001,247991605,4
matmul_large_L20_r2,1789505917.473525,112568.6785572,174.661,82,1680,9001,247991605,4
matmul_large_L20_r2,1789505917.528908,112568.7338295,174.661,82,1680,9001,248015532,4
matmul_large_L20_r2,1789505917.5782645,112568.7830704,174.661,82,1680,9001,248015532,4
matmul_large_L20_r2,1789505917.6221426,112568.8271371,174.661,82,1680,9001,248040968,4
matmul_large_L20_r2,1789505917.6746929,112568.879509,174.661,82,1680,9001,248040968,4
matmul_large_L20_r2,1789505917.7209918,112568.9258599,174.661,82,1680,9001,248069584,4
matmul_large_L20_r2,1789505917.7719212,112568.9769274,174.661,82,1680,9001,248069584,4
matmul_large_L20_r2,1789505917.8263834,112569.0312838,174.664,82,1665,9001,248097524,4
matmul_large_L20_r2,1789505917.8775437,112569.082865,174.664,82,1665,9001,248097524,4
matmul_large_L20_r2,1789505917.9279683,112569.1328734,174.664,82,1665,9001,248122928,4
matmul_large_L20_r2,1789505917.976918,112569.1822404,174.664,82,1665,9001,248122928,4
matmul_large_L20_r2,1789505918.0287771,112569.234385,174.664,82,1665,9001,248148160,4
matmul_large_L20_r2,1789505918.0804334,112569.2853207,174.664,82,1665,9001,248148160,4
matmul_large_L20_r2,1789505918.1210437,112569.3263156,174.664,82,1665,9001,248174544,4
matmul_large_L20_r2,1789505918.1753676,112569.3801834,174.664,82,1665,9001,248174544,4
matmul_large_L20_r2,1789505918.2200496,112569.425435,174.664,82,1665,9001,248203792,4
matmul_large_L20_r2,1789505918.2711244,112569.4762194,174.664,82,1665,9001,248203792,4
matmul_large_L20_r2,1789505918.3335032,112569.5387202,174.657,82,1665,9001,248231211,4
matmul_large_L20_r2,1789505918.37477,112569.5801154,174.657,82,1665,9001,248231211,4
matmul_large_L20_r2,1789505918.42623,112569.6311477,174.657,82,1665,9001,248257341,4
matmul_large_L20_r2,1789505918.4731393,112569.6784242,174.657,82,1665,9001,248257341,4
matmul_large_L20_r2,1789505918.529539,112569.7343397,174.657,82,1665,9001,248281216,4
matmul_large_L20_r2,1789505918.5701628,112569.7759233,174.657,82,1665,9001,248281216,4
matmul_large_L20_r2,1789505918.6200843,112569.8254668,174.657,82,1665,9001,248304068,4
matmul_large_L20_r2,1789505918.6726558,112569.8776379,174.657,82,1665,9001,248304068,4
matmul_large_L20_r2,1789505918.7218652,112569.9266609,174.657,82,1665,9001,248331782,4
matmul_large_L20_r2,1789505918.773634,112569.9785627,174.657,82,1665,9001,248331782,4
matmul_large_L20_r2,1789505918.8259082,112570.0308715,174.627,82,1665,9001,248360717,4
matmul_large_L20_r2,1789505918.8772998,112570.0825812,174.627,82,1665,9001,248360717,4
matmul_large_L20_r2,1789505918.9201803,112570.1256297,174.627,82,1665,9001,248386511,4
matmul_large_L20_r2,1789505918.9794567,112570.1843552,174.627,82,1665,9001,248386511,4
matmul_large_L20_r2,1789505919.0208192,112570.2256899,174.627,82,1665,9001,248417218,4
matmul_large_L20_r2,1789505919.0727928,112570.2776639,174.627,82,1665,9001,248417218,4
matmul_large_L20_r2,1789505919.1249495,112570.3303727,174.627,82,1665,9001,248444827,4
matmul_large_L20_r2,1789505919.1766303,112570.3815846,174.627,82,1665,9001,248444827,4
matmul_large_L20_r2,1789505919.223324,112570.4286292,174.627,82,1665,9001,248470248,4
matmul_large_L20_r2,1789505919.2745762,112570.4801743,174.627,82,1665,9001,248470248,4
matmul_large_L20_r2,1789505919.3262172,112570.5310259,174.627,82,1680,9001,248498894,4
matmul_large_L20_r2,1789505919.3775384,112570.5823895,174.627,82,1680,9001,248498894,4
matmul_large_L20_r2,1789505919.421545,112570.6266744,174.627,82,1680,9001,248524176,4
matmul_large_L20_r2,1789505919.4700122,112570.6758089,174.627,82,1680,9001,248524176,4
matmul_large_L20_r2,1789505919.529161,112570.7340792,174.627,82,1680,9001,248551783,4
matmul_large_L20_r2,1789505919.5710666,112570.7760388,174.627,82,1680,9001,248551783,4
matmul_large_L20_r2,1789505919.621358,112570.8261307,174.627,82,1680,9001,248575203,4
matmul_large_L20_r2,1789505919.678296,112570.8830957,174.627,82,1680,9001,248575203,4
matmul_large_L20_r2,1789505919.7304943,112570.9357309,174.627,82,1680,9001,248603891,4
matmul_large_L20_r2,1789505919.7719538,112570.9768238,174.627,82,1680,9001,248603891,4
matmul_large_L20_r2,1789505919.8232198,112571.0279496,174.684,82,1665,9001,248628087,4
matmul_large_L20_r2,1789505919.8754468,112571.080489,174.684,82,1665,9001,248628087,4
matmul_large_L20_r2,1789505919.9215167,112571.1263282,174.684,82,1665,9001,248656463,4
matmul_large_L20_r2,1789505919.981393,112571.1863294,174.684,82,1665,9001,248656463,4
matmul_large_L20_r2,1789505920.0233088,112571.228676,174.684,82,1665,9001,248688657,4
matmul_large_L20_r2,1789505920.0754054,112571.2803118,174.684,82,1665,9001,248688657,4
matmul_large_L20_r2,1789505920.126859,112571.331848,174.684,82,1665,9001,248713136,4
matmul_large_L20_r2,1789505920.1794484,112571.3845653,174.684,82,1665,9001,248713136,4
matmul_large_L20_r2,1789505920.2251177,112571.4302992,174.684,82,1665,9001,248739663,4
matmul_large_L20_r2,1789505920.2734447,112571.4786783,174.684,82,1665,9001,248739663,4
matmul_large_L20_r2,1789505920.3251007,112571.5299551,174.734,82,1680,9001,248763829,4
matmul_large_L20_r2,1789505920.3772242,112571.5824061,174.734,82,1680,9001,248763829,4
matmul_large_L20_r2,1789505920.4291523,112571.6341028,174.734,82,1680,9001,248789442,4
matmul_large_L20_r2,1789505920.470116,112571.6754422,174.734,82,1680,9001,248789442,4
matmul_large_L20_r2,1789505920.529504,112571.7345858,174.734,82,1680,9001,248812358,4
matmul_large_L20_r2,1789505920.5775316,112571.782582,174.734,82,1680,9001,248812358,4
matmul_large_L20_r2,1789505920.6203067,112571.8256871,174.734,82,1680,9001,248838362,4
matmul_large_L20_r2,1789505920.6786199,112571.8835359,174.734,82,1680,9001,248838362,4
matmul_large_L20_r2,1789505920.722678,112571.9275379,174.734,82,1680,9001,248868631,4
matmul_large_L20_r2,1789505920.7723246,112571.9771304,174.734,82,1680,9001,248868631,4
matmul_large_L20_r2,1789505920.822064,112572.0268176,174.732,82,1680,9001,248897632,4
matmul_large_L20_r2,1789505920.873475,112572.0781575,174.732,82,1680,9001,248897632,4
matmul_large_L20_r2,1789505920.9242964,112572.1289824,174.732,82,1680,9001,248926538,4
matmul_large_L20_r2,1789505920.9876554,112572.1925149,174.732,82,1680,9001,248946527,4
matmul_large_L20_r2,1789505921.028716,112572.2336164,174.732,82,1680,9001,248946527,4
matmul_large_L20_r2,1789505921.0704448,112572.2761193,174.732,82,1680,9001,248946527,4
matmul_large_L20_r2,1789505921.1215081,112572.3263605,174.732,82,1680,9001,248969558,4
matmul_large_L20_r2,1789505921.1733537,112572.3781541,174.732,82,1680,9001,248969558,4
matmul_large_L20_r2,1789505921.2246466,112572.4297243,174.732,82,1680,9001,248998802,4
matmul_large_L20_r2,1789505921.2768927,112572.48173,174.732,82,1680,9001,248998802,4
matmul_large_L20_r2,1789505921.327837,112572.5325662,174.787,82,1680,9001,249024111,4
matmul_large_L20_r2,1789505921.3790517,112572.5839472,174.787,82,1680,9001,249024111,4
matmul_large_L20_r2,1789505921.43037,112572.6352163,174.787,82,1680,9001,249050376,4
matmul_large_L20_r2,1789505921.4710062,112572.6761033,174.787,82,1680,9001,249050376,4
matmul_large_L20_r2,1789505921.5272427,112572.7319716,174.787,82,1680,9001,249074161,4
matmul_large_L20_r2,1789505921.574711,112572.7796617,174.787,82,1680,9001,249074161,4
matmul_large_L20_r2,1789505921.6205251,112572.825962,174.787,82,1680,9001,249098776,4
matmul_large_L20_r2,1789505921.6714797,112572.8762578,174.787,82,1680,9001,249098776,4
matmul_large_L20_r2,1789505921.7301283,112572.9349051,174.787,82,1680,9001,249126439,4
matmul_large_L20_r2,1789505921.7708495,112572.9757685,174.787,82,1680,9001,249126439,4
matmul_large_L20_r2,1789505921.823117,112573.0279329,174.784,82,1680,9001,249150049,4
matmul_large_L20_r2,1789505921.8747208,112573.0796379,174.784,82,1680,9001,249150049,4
matmul_large_L20_r2,1789505921.9229531,112573.1278427,174.784,82,1680,9001,249178795,4
matmul_large_L20_r2,1789505921.9754531,112573.1803694,174.784,82,1680,9001,249178795,4
matmul_large_L20_r2,1789505922.041879,112573.2468581,174.784,82,1680,9001,249209547,4
matmul_large_L20_r2,1789505922.0728276,112573.2777644,174.784,82,1680,9001,249209547,4
matmul_large_L20_r2,1789505922.1231127,112573.3280113,174.784,82,1680,9001,249239032,4
matmul_large_L20_r2,1789505922.175009,112573.3797711,174.784,82,1680,9001,249239032,4
matmul_large_L20_r2,1789505922.226103,112573.4309748,174.784,82,1680,9001,249263675,4
matmul_large_L20_r2,1789505922.2778893,112573.4826137,174.784,82,1680,9001,249263675,4
matmul_large_L20_r2,1789505922.3299382,112573.5348291,174.797,82,1680,9001,249289476,4
matmul_large_L20_r2,1789505922.3705382,112573.5763331,174.797,82,1680,9001,249289476,4
matmul_large_L20_r2,1789505922.4222243,112573.6270851,174.797,82,1680,9001,249313498,4
matmul_large_L20_r2,1789505922.4716733,112573.6765768,174.797,82,1680,9001,249313498,4
matmul_large_L20_r2,1789505922.5298002,112573.7346858,174.797,82,1680,9001,249342348,4
matmul_large_L20_r2,1789505922.5786633,112573.7835947,174.797,82,1680,9001,249342348,4
matmul_large_L20_r2,1789505922.6287785,112573.833618,174.797,82,1680,9001,249369442,4
matmul_large_L20_r2,1789505922.670333,112573.8757101,174.797,82,1680,9001,249369442,4
matmul_large_L20_r2,1789505922.7200105,112573.9255866,174.797,82,1680,9001,249392701,4
matmul_large_L20_r2,1789505922.771519,112573.976363,174.797,82,1680,9001,249392701,4
matmul_large_L20_r2,1789505922.8233051,112574.0281181,174.723,82,1680,9001,249421057,4
matmul_large_L20_r2,1789505922.8744953,112574.0794021,174.723,82,1680,9001,249421057,4
matmul_large_L20_r2,1789505922.927087,112574.1318593,174.723,82,1680,9001,249451133,4
matmul_large_L20_r2,1789505922.9783022,112574.1830705,174.723,82,1680,9001,249451133,4
matmul_large_L20_r2,1789505923.0219238,112574.226738,174.723,82,1680,9001,249477277,4
matmul_large_L20_r2,1789505923.0729802,112574.2778515,174.723,82,1680,9001,249477277,4
matmul_large_L20_r2,1789505923.1261952,112574.331115,174.723,82,1680,9001,249506405,4
matmul_large_L20_r2,1789505923.1773877,112574.3821938,174.723,82,1680,9001,249506405,4
matmul_large_L20_r2,1789505923.2290812,112574.4342413,174.723,82,1680,9001,249532167,4
matmul_large_L20_r2,1789505923.2706027,112574.4757581,174.723,82,1680,9001,249532167,4
matmul_large_L20_r2,1789505923.3219578,112574.5267989,174.703,82,1680,9001,249555771,4
matmul_large_L20_r2,1789505923.3737304,112574.5784854,174.703,82,1680,9001,249555771,4
matmul_large_L20_r2,1789505923.424813,112574.629539,174.703,82,1680,9001,249585588,4
matmul_large_L20_r2,1789505923.4742267,112574.6790317,174.703,82,1680,9001,249585588,4
matmul_large_L20_r2,1789505923.5291371,112574.7339218,174.703,82,1680,9001,249609956,4
matmul_large_L20_r2,1789505923.5745578,112574.7795458,174.703,82,1680,9001,249609956,4
matmul_large_L20_r2,1789505923.633609,112574.838423,174.703,82,1680,9001,249635100,4
matmul_large_L20_r2,1789505923.6733384,112574.8782512,174.703,82,1680,9001,249635100,4
matmul_large_L20_r2,1789505923.7304564,112574.9352915,174.703,82,1680,9001,249661408,4
matmul_large_L20_r2,1789505923.7719512,112574.9768196,174.703,82,1680,9001,249661408,4
matmul_large_L20_r2,1789505923.8237028,112575.0288129,174.692,82,1680,9001,249685822,4
matmul_large_L20_r2,1789505923.8751266,112575.0799015,174.692,82,1680,9001,249685822,4
matmul_large_L20_r2,1789505923.9209092,112575.1257008,174.692,82,1680,9001,249710700,4
matmul_large_L20_r2,1789505923.9794328,112575.1841899,174.692,82,1680,9001,249710700,4
matmul_large_L20_r2,1789505924.0242152,112575.2290467,174.692,82,1680,9001,249742732,4
matmul_large_L20_r2,1789505924.07504,112575.2799901,174.692,82,1680,9001,249742732,4
matmul_large_L20_r2,1789505924.126438,112575.3313606,174.692,82,1680,9001,249767697,4
matmul_large_L20_r2,1789505924.1751344,112575.3799868,174.692,82,1680,9001,249767697,4
matmul_large_L20_r2,1789505924.226402,112575.4311934,174.692,82,1680,9001,249792666,4
matmul_large_L20_r2,1789505924.2772174,112575.4820866,174.692,82,1680,9001,249792666,4
matmul_large_L20_r2,1789505924.3284953,112575.5333056,174.731,82,1680,9001,249818441,4
matmul_large_L20_r2,1789505924.3798482,112575.5846121,174.731,82,1680,9001,249818441,4
matmul_large_L20_r2,1789505924.4209292,112575.6257529,174.731,82,1680,9001,249845680,4
matmul_large_L20_r2,1789505924.473745,112575.6785116,174.731,82,1680,9001,249845680,4
matmul_large_L20_r2,1789505924.5295627,112575.7343476,174.731,82,1680,9001,249874991,4
matmul_large_L20_r2,1789505924.5856297,112575.7904074,174.731,82,1680,9001,249895641,4
matmul_large_L20_r2,1789505924.6304164,112575.8352021,174.731,82,1680,9001,249895641,4
matmul_large_L20_r2,1789505924.6763308,112575.8812339,174.731,82,1680,9001,249895641,4
matmul_large_L20_r2,1789505924.7293136,112575.9343591,174.731,82,1680,9001,249922680,4
matmul_large_L20_r2,1789505924.7701182,112575.9754845,174.731,82,1680,9001,249922680,4
matmul_large_L20_r2,1789505924.8205633,112576.0262842,174.808,82,1680,9001,249946554,4
matmul_large_L20_r2,1789505924.8719764,112576.0768664,174.808,82,1680,9001,249946554,4
matmul_large_L20_r2,1789505924.9232762,112576.1279941,174.808,82,1680,9001,249975621,4
matmul_large_L20_r2,1789505924.9809587,112576.1857454,174.808,82,1680,9001,249975621,4
matmul_large_L20_r2,1789505925.020945,112576.2256492,174.808,82,1680,9001,250003053,4
matmul_large_L20_r2,1789505925.0757446,112576.2806905,174.808,82,1680,9001,250003053,4
matmul_large_L20_r2,1789505925.126991,112576.3318228,174.808,82,1680,9001,250033296,4
matmul_large_L20_r2,1789505925.1779165,112576.3827525,174.808,82,1680,9001,250033296,4
matmul_large_L20_r2,1789505925.2293124,112576.4341302,174.808,82,1680,9001,250059427,4
matmul_large_L20_r2,1789505925.2705202,112576.4753766,174.808,82,1680,9001,250059427,4
matmul_large_L20_r2,1789505925.3212407,112576.5261897,174.752,82,1680,9001,250083422,4
matmul_large_L20_r2,1789505925.373953,112576.5787805,174.752,82,1680,9001,250083422,4
matmul_large_L20_r2,1789505925.4228506,112576.6277264,174.752,82,1680,9001,250113731,4
matmul_large_L20_r2,1789505925.4699144,112576.6756462,174.752,82,1680,9001,250113731,4
matmul_large_L20_r2,1789505925.5279505,112576.732803,174.752,82,1680,9001,250136989,4
matmul_large_L20_r2,1789505925.571699,112576.7765056,174.752,82,1680,9001,250136989,4
matmul_large_L20_r2,1789505925.6290624,112576.8340064,174.752,82,1680,9001,250160846,4
matmul_large_L20_r2,1789505925.6773684,112576.8821512,174.752,82,1680,9001,250160846,4
matmul_large_L20_r2,1789505925.72865,112576.9334676,174.752,82,1680,9001,250187612,4
matmul_large_L20_r2,1789505925.7763991,112576.9810759,174.752,82,1680,9001,250187612,4
matmul_large_L20_r2,1789505925.8281124,112577.0328505,174.799,82,1680,9001,250213812,4
matmul_large_L20_r2,1789505925.8787944,112577.0836118,174.799,82,1680,9001,250213812,4
matmul_large_L20_r2,1789505925.9292123,112577.1340411,174.799,82,1680,9001,250240819,4
matmul_large_L20_r2,1789505925.9711068,112577.1762407,174.799,82,1680,9001,250240819,4
matmul_large_L20_r2,1789505926.0215108,112577.2263532,174.799,82,1680,9001,250265126,4
matmul_large_L20_r2,1789505926.07371,112577.2785579,174.799,82,1680,9001,250265126,4
matmul_large_L20_r2,1789505926.1250727,112577.329924,174.799,82,1680,9001,250293808,4
matmul_large_L20_r2,1789505926.1757867,112577.3807111,174.799,82,1680,9001,250293808,4
matmul_large_L20_r2,1789505926.2270982,112577.4319646,174.799,82,1680,9001,250319297,4
matmul_large_L20_r2,1789505926.2772458,112577.4819505,174.799,82,1680,9001,250319297,4
matmul_large_L20_r2,1789505926.3222055,112577.5271915,174.822,82,1680,9001,250345350,4
matmul_large_L20_r2,1789505926.3736303,112577.5784063,174.822,82,1680,9001,250345350,4
matmul_large_L20_r2,1789505926.4243646,112577.6291929,174.822,82,1680,9001,250369893,4
matmul_large_L20_r2,1789505926.4724636,112577.6771879,174.822,82,1680,9001,250369893,4
matmul_large_L20_r2,1789505926.5304694,112577.7354233,174.822,82,1680,9001,250393939,4
matmul_large_L20_r2,1789505926.5776246,112577.7822771,174.822,82,1680,9001,250393939,4
matmul_large_L20_r2,1789505926.6294506,112577.8342895,174.822,82,1680,9001,250421630,4
matmul_large_L20_r2,1789505926.6779919,112577.8829219,174.822,82,1680,9001,250421630,4
matmul_large_L20_r2,1789505926.7292695,112577.9340313,174.822,82,1680,9001,250448957,4
matmul_large_L20_r2,1789505926.780321,112577.9851737,174.822,82,1680,9001,250448957,4
matmul_large_L20_r2,1789505926.822501,112578.027231,174.771,82,1680,9001,250477231,4
matmul_large_L20_r2,1789505926.8739855,112578.0787074,174.771,82,1680,9001,250477231,4
matmul_large_L20_r2,1789505926.9286427,112578.1334979,174.771,82,1680,9001,250501998,4
matmul_large_L20_r2,1789505926.9709778,112578.1757955,174.771,82,1680,9001,250501998,4
matmul_large_L20_r2,1789505927.0221205,112578.2269271,174.771,82,1680,9001,250526672,4
matmul_large_L20_r2,1789505927.0764964,112578.281345,174.771,82,1680,9001,250526672,4
matmul_large_L20_r2,1789505927.1275544,112578.3322821,174.771,82,1680,9001,250552312,4
matmul_large_L20_r2,1789505927.1781864,112578.3830452,174.771,82,1680,9001,250552312,4
matmul_large_L20_r2,1789505927.2299554,112578.4347563,174.771,82,1680,9001,250579109,4
matmul_large_L20_r2,1789505927.2710443,112578.4758237,174.771,82,1680,9001,250579109,4
matmul_large_L20_r2,1789505927.3221476,112578.5269681,174.769,82,1680,9001,250603808,4
matmul_large_L20_r2,1789505927.3745933,112578.5793616,174.769,82,1680,9001,250603808,4
matmul_large_L20_r2,1789505927.4273703,112578.6321204,174.769,82,1680,9001,250628838,4
matmul_large_L20_r2,1789505927.4758341,112578.6805476,174.769,82,1680,9001,250628838,4
matmul_large_L20_r2,1789505927.528901,112578.7337124,174.769,82,1680,9001,250654754,4
matmul_large_L20_r2,1789505927.5703275,112578.7756515,174.769,82,1680,9001,250654754,4
matmul_large_L20_r2,1789505927.623826,112578.8286299,174.769,82,1680,9001,250679085,4
matmul_large_L20_r2,1789505927.675083,112578.8799611,174.769,82,1680,9001,250679085,4
matmul_large_L20_r2,1789505927.728895,112578.9336722,174.769,82,1680,9001,250704509,4
matmul_large_L20_r2,1789505927.7702923,112578.975541,174.769,82,1680,9001,250704509,4
matmul_large_L20_r2,1789505927.821678,112579.0264395,174.722,82,1680,9001,250728767,4
matmul_large_L20_r2,1789505927.8750498,112579.0797563,174.722,82,1680,9001,250728767,4
matmul_large_L20_r2,1789505927.9230733,112579.1280365,174.722,82,1680,9001,250759936,4
matmul_large_L20_r2,1789505927.9747958,112579.1795625,174.722,82,1680,9001,250759936,4
matmul_large_L20_r2,1789505928.025857,112579.230635,174.722,82,1680,9001,250785224,4
matmul_large_L20_r2,1789505928.0774617,112579.2822133,174.722,82,1680,9001,250785224,4
matmul_large_L20_r2,1789505928.1241102,112579.3288456,174.722,82,1680,9001,250811551,4
matmul_large_L20_r2,1789505928.1758738,112579.380581,174.722,82,1680,9001,250811551,4
matmul_large_L20_r2,1789505928.2271554,112579.4320807,174.722,82,1680,9001,250837301,4
matmul_large_L20_r2,1789505928.2787201,112579.4835743,174.722,82,1680,9001,250837301,4
matmul_large_L20_r2,1789505928.3301044,112579.5349739,174.735,82,1680,9001,250864619,4
matmul_large_L20_r2,1789505928.3703752,112579.5753706,174.735,82,1680,9001,250864619,4
matmul_large_L20_r2,1789505928.4336658,112579.6385584,174.735,82,1680,9001,250889641,4
matmul_large_L20_r2,1789505928.477323,112579.6822807,174.735,82,1680,9001,250889641,4
matmul_large_L20_r2,1789505928.5288508,112579.7336311,174.735,82,1680,9001,250918900,4
matmul_large_L20_r2,1789505928.5753543,112579.7801858,174.735,82,1680,9001,250918900,4
matmul_large_L20_r2,1789505928.6281095,112579.8330143,174.735,82,1680,9001,250945268,4
matmul_large_L2_r0,1789505936.6493225,112587.8622212,174.693,82,1680,9001,252352256,4
matmul_large_L2_r0,1789505936.710113,112587.9149111,174.693,82,1680,9001,252377483,4
matmul_large_L2_r0,1789505936.7587216,112587.9635847,174.693,82,1680,9001,252377483,4
matmul_large_L2_r0,1789505936.8090432,112588.0139642,174.748,82,1665,9001,252407953,4
matmul_large_L2_r0,1789505936.860395,112588.0652998,174.748,82,1665,9001,252407953,4
matmul_large_L2_r0,1789505936.9147415,112588.1196841,174.748,82,1665,9001,252430719,4
matmul_large_L2_r0,1789505936.9621277,112588.1669461,174.748,82,1665,9001,252430719,4
matmul_large_L2_r0,1789505937.0073273,112588.2123265,174.748,82,1665,9001,252457307,4
matmul_large_L2_r0,1789505937.0593536,112588.2641246,174.748,82,1665,9001,252457307,4
matmul_large_L2_r0,1789505937.1116152,112588.3165693,174.748,82,1665,9001,252480162,4
matmul_large_L2_r0,1789505937.1631637,112588.3679907,174.748,82,1665,9001,252480162,4
matmul_large_L2_r0,1789505937.2177773,112588.4226787,174.748,82,1665,9001,252505265,4
matmul_large_L2_r0,1789505937.2589564,112588.4637184,174.748,82,1665,9001,252505265,4
matmul_large_L2_r0,1789505937.3111684,112588.5159892,174.727,82,1665,9001,252538722,4
matmul_large_L2_r0,1789505937.362234,112588.5676176,174.727,82,1665,9001,252538722,4
matmul_large_L2_r0,1789505937.4122102,112588.6169995,174.727,82,1665,9001,252563622,4
matmul_large_L2_r0,1789505937.4590225,112588.6639313,174.727,82,1665,9001,252563622,4
matmul_large_L2_r0,1789505937.508149,112588.7131626,174.727,82,1665,9001,252588383,4
matmul_large_L2_r0,1789505937.559615,112588.7644442,174.727,82,1665,9001,252588383,4
matmul_large_L2_r0,1789505937.618386,112588.8231581,174.727,82,1665,9001,252612106,4
matmul_large_L2_r0,1789505937.65964,112588.8644172,174.727,82,1665,9001,252612106,4
matmul_large_L2_r0,1789505937.7206395,112588.9253882,174.727,82,1665,9001,252639717,4
matmul_large_L2_r0,1789505937.761136,112588.9658661,174.727,82,1665,9001,252639717,4
matmul_large_L2_r0,1789505937.8131614,112589.0180656,174.673,82,1680,9001,252662027,4
matmul_large_L2_r0,1789505937.8652494,112589.0700786,174.673,82,1680,9001,252662027,4
matmul_large_L2_r0,1789505937.9157126,112589.1205692,174.673,82,1680,9001,252687884,4
matmul_large_L2_r0,1789505937.9606335,112589.1658351,174.673,82,1680,9001,252687884,4
matmul_large_L2_r0,1789505938.011543,112589.216351,174.673,82,1680,9001,252715078,4
matmul_large_L2_r0,1789505938.0633514,112589.268067,174.673,82,1680,9001,252715078,4
matmul_large_L2_r0,1789505938.1150987,112589.3199932,174.673,82,1680,9001,252738061,4
matmul_large_L2_r0,1789505938.1664143,112589.3711609,174.673,82,1680,9001,252738061,4
matmul_large_L2_r0,1789505938.207584,112589.4125398,174.673,82,1680,9001,252766032,4
matmul_large_L2_r0,1789505938.2588017,112589.4635494,174.673,82,1680,9001,252766032,4
matmul_large_L2_r0,1789505938.3097558,112589.5145805,174.624,82,1680,9001,252788669,4
matmul_large_L2_r0,1789505938.3600984,112589.5649204,174.624,82,1680,9001,252788669,4
matmul_large_L2_r0,1789505938.4113824,112589.6161243,174.624,82,1680,9001,252813280,4
matmul_large_L2_r0,1789505938.4603271,112589.6652292,174.624,82,1680,9001,252813280,4
matmul_large_L2_r0,1789505938.5084865,112589.7132475,174.624,82,1680,9001,252836194,4
matmul_large_L2_r0,1789505938.558184,112589.7629871,174.624,82,1680,9001,252836194,4
matmul_large_L2_r0,1789505938.608128,112589.8128631,174.624,82,1680,9001,252866150,4
matmul_large_L2_r0,1789505938.6592312,112589.8640685,174.624,82,1680,9001,252866150,4
matmul_large_L1_r0,1789505946.6986337,112597.9078371,174.715,82,1680,9001,254288878,4
matmul_large_L1_r0,1789505946.7588847,112597.9637242,174.715,82,1680,9001,254288878,4
matmul_large_L1_r0,1789505946.8099146,112598.0147271,174.715,82,1680,9001,254311999,4
matmul_large_L1_r0,1789505946.861386,112598.0661721,174.664,82,1680,9001,254311999,4
matmul_large_L1_r0,1789505946.9131608,112598.1182956,174.664,82,1680,9001,254337566,4
matmul_large_L1_r0,1789505946.95929,112598.1639839,174.664,82,1680,9001,254337566,4
matmul_large_L1_r0,1789505947.0072968,112598.2120718,174.664,82,1680,9001,254364690,4
matmul_large_L1_r0,1789505947.0533998,112598.2588558,174.664,82,1680,9001,254364690,4
matmul_large_L1_r0,1789505947.1050608,112598.3098562,174.664,82,1680,9001,254394193,4
matmul_large_L1_r0,1789505947.1530735,112598.3586515,174.664,82,1680,9001,254394193,4
matmul_large_L1_r0,1789505947.2050345,112598.4097743,174.664,82,1680,9001,254423144,4
matmul_large_L1_r0,1789505947.2566602,112598.4614994,174.664,82,1680,9001,254423144,4
matmul_large_L1_r0,1789505947.3070598,112598.5119469,174.664,82,1680,9001,254446259,4
matmul_large_L1_r0,1789505947.3574207,112598.5622396,174.762,82,1680,9001,254446259,4
matmul_large_L1_r0,1789505947.4093862,112598.6142501,174.762,82,1680,9001,254470752,4
matmul_large_L1_r0,1789505947.4607575,112598.6654975,174.762,82,1680,9001,254470752,4
matmul_large_L1_r0,1789505947.5081613,112598.712937,174.762,82,1680,9001,254494821,4
matmul_large_L1_r0,1789505947.5594685,112598.7641305,174.762,82,1680,9001,254494821,4
matmul_large_L1_r0,1789505947.6083014,112598.8138798,174.762,82,1680,9001,254519755,4
matmul_large_L1_r0,1789505947.6539333,112598.8588889,174.762,82,1680,9001,254519755,4
matmul_large_L1_r0,1789505947.7083044,112598.9131726,174.762,82,1680,9001,254549202,4
matmul_large_L0.5_r4,1789505955.7174778,112606.9320096,174.7,82,1680,9001,255955686,4
matmul_large_L0.5_r4,1789505955.7792804,112606.9840043,174.7,82,1680,9001,255979054,4
matmul_large_L0.5_r4,1789505955.8305392,112607.0355031,174.659,83,1680,9001,255979054,4
matmul_large_L0.5_r4,1789505955.880947,112607.08566,174.659,83,1680,9001,256004325,4
matmul_large_L0.5_r4,1789505955.9324417,112607.1372107,174.659,83,1680,9001,256004325,4
matmul_large_L0.5_r4,1789505955.987256,112607.1920095,174.659,83,1680,9001,256030658,4
matmul_large_L0.5_r4,1789505956.0290017,112607.2337163,174.659,83,1680,9001,256030658,4
matmul_large_L0.5_r4,1789505956.0833428,112607.2880285,174.659,83,1680,9001,256057554,4
matmul_large_L0.5_r4,1789505956.1351888,112607.3401026,174.659,83,1680,9001,256057554,4
matmul_large_L0.5_r4,1789505956.1862102,112607.391285,174.659,83,1680,9001,256079301,4
matmul_large_L0.5_r4,1789505956.2280648,112607.4329788,174.659,83,1680,9001,256079301,4
matmul_large_L20_r3,1789505964.2478778,112615.4534499,174.681,83,1680,9001,257487968,4
matmul_large_L20_r3,1789505964.3051603,112615.510065,174.681,83,1680,9001,257512949,4
matmul_large_L20_r3,1789505964.3575985,112615.5628062,174.506,83,1680,9001,257512949,4
matmul_large_L20_r3,1789505964.3998363,112615.6047359,174.506,83,1680,9001,257539759,4
matmul_large_L20_r3,1789505964.45698,112615.6619131,174.506,83,1680,9001,257539759,4
matmul_large_L20_r3,1789505964.508112,112615.7130492,174.506,83,1680,9001,257563767,4
matmul_large_L20_r3,1789505964.5492508,112615.7542421,174.506,83,1680,9001,257563767,4
matmul_large_L20_r3,1789505964.5990613,112615.8043072,174.506,83,1680,9001,257597074,4
matmul_large_L20_r3,1789505964.6522677,112615.8572364,174.506,83,1680,9001,257597074,4
matmul_large_L20_r3,1789505964.7096093,112615.9145537,174.506,83,1680,9001,257620366,4
matmul_large_L20_r3,1789505964.7517486,112615.9569456,174.506,83,1680,9001,257620366,4
matmul_large_L20_r3,1789505964.803409,112616.0085179,174.506,83,1680,9001,257648686,4
matmul_large_L20_r3,1789505964.8547738,112616.0598066,174.653,83,1680,9001,257648686,4
matmul_large_L20_r3,1789505964.9068673,112616.1117049,174.653,83,1680,9001,257672548,4
matmul_large_L20_r3,1789505964.94809,112616.1535776,174.653,83,1680,9001,257672548,4
matmul_large_L20_r3,1789505965.0033748,112616.2095684,174.653,83,1680,9001,257704850,4
matmul_large_L20_r3,1789505965.0485184,112616.2540142,174.653,83,1680,9001,257704850,4
matmul_large_L20_r3,1789505965.1001348,112616.3049928,174.653,83,1680,9001,257736264,4
matmul_large_L20_r3,1789505965.1555195,112616.3604543,174.653,83,1680,9001,257736264,4
matmul_large_L20_r3,1789505965.205709,112616.4115672,174.653,83,1680,9001,257760759,4
matmul_large_L20_r3,1789505965.2502456,112616.4555291,174.653,83,1680,9001,257760759,4
matmul_large_L20_r3,1789505965.301544,112616.5071096,174.653,83,1680,9001,257786992,4
matmul_large_L20_r3,1789505965.3532395,112616.5586098,174.676,82,1665,9001,257786992,4
matmul_large_L20_r3,1789505965.4049613,112616.6097762,174.676,82,1665,9001,257811975,4
matmul_large_L20_r3,1789505965.457212,112616.6623034,174.676,82,1665,9001,257811975,4
matmul_large_L20_r3,1789505965.507814,112616.7127523,174.676,82,1665,9001,257838405,4
matmul_large_L20_r3,1789505965.5483358,112616.7540179,174.676,82,1665,9001,257838405,4
matmul_large_L20_r3,1789505965.6093628,112616.8143283,174.676,82,1665,9001,257871661,4
matmul_large_L20_r3,1789505965.65333,112616.8588459,174.676,82,1665,9001,257871661,4
matmul_large_L20_r3,1789505965.709476,112616.9144357,174.676,82,1665,9001,257899161,4
matmul_large_L20_r3,1789505965.7515213,112616.9565557,174.676,82,1665,9001,257899161,4
matmul_large_L20_r3,1789505965.8038208,112617.0087794,174.676,82,1665,9001,257927071,4
matmul_large_L20_r3,1789505965.855773,112617.0606823,174.737,83,1680,9001,257927071,4
matmul_large_L20_r3,1789505965.906911,112617.1120913,174.737,83,1680,9001,257953036,4
matmul_large_L20_r3,1789505965.9484792,112617.1541326,174.737,83,1680,9001,257953036,4
matmul_large_L20_r3,1789505966.0010033,112617.206299,174.737,83,1680,9001,257986128,4
matmul_large_L20_r3,1789505966.0515976,112617.2569013,174.737,83,1680,9001,257986128,4
matmul_large_L20_r3,1789505966.1038387,112617.30871,174.737,83,1680,9001,258008852,4
matmul_large_L20_r3,1789505966.1489902,112617.3541737,174.737,83,1680,9001,258008852,4
matmul_large_L20_r3,1789505966.2007897,112617.4057835,174.737,83,1680,9001,258040971,4
matmul_large_L20_r3,1789505966.2517505,112617.4567904,174.737,83,1680,9001,258040971,4
matmul_large_L20_r3,1789505966.3032916,112617.5088639,174.737,83,1680,9001,258063271,4
matmul_large_L20_r3,1789505966.3539584,112617.5593167,174.628,82,1680,9001,258063271,4
matmul_large_L20_r3,1789505966.4046433,112617.6094294,174.628,82,1680,9001,258089053,4
matmul_large_L20_r3,1789505966.4559026,112617.6614239,174.628,82,1680,9001,258089053,4
matmul_large_L20_r3,1789505966.507828,112617.7129632,174.628,82,1680,9001,258114036,4
matmul_large_L20_r3,1789505966.5517209,112617.7564683,174.628,82,1680,9001,258114036,4
matmul_large_L20_r3,1789505966.6113737,112617.8166229,174.628,82,1680,9001,258141876,4
matmul_large_L20_r3,1789505966.6580229,112617.8629034,174.628,82,1680,9001,258141876,4
matmul_large_L20_r3,1789505966.7076185,112617.9129846,174.628,82,1680,9001,258165176,4
matmul_large_L20_r3,1789505966.7587407,112617.9637237,174.628,82,1680,9001,258165176,4
matmul_large_L20_r3,1789505966.8000255,112618.0047705,174.628,82,1680,9001,258194623,4
matmul_large_L20_r3,1789505966.8592012,112618.0643361,174.755,83,1680,9001,258194623,4
matmul_large_L20_r3,1789505966.900355,112618.1053218,174.755,83,1680,9001,258220533,4
matmul_large_L20_r3,1789505966.9515824,112618.1564688,174.755,83,1680,9001,258220533,4
matmul_large_L20_r3,1789505967.005482,112618.2105091,174.755,83,1680,9001,258244854,4
matmul_large_L20_r3,1789505967.0524876,112618.2573628,174.755,83,1680,9001,258244854,4
matmul_large_L20_r3,1789505967.1044688,112618.3094101,174.755,83,1680,9001,258269972,4
matmul_large_L20_r3,1789505967.1557465,112618.360953,174.755,83,1680,9001,258269972,4
matmul_large_L20_r3,1789505967.2009816,112618.4058445,174.755,83,1680,9001,258297545,4
matmul_large_L20_r3,1789505967.251874,112618.4569057,174.755,83,1680,9001,258297545,4
matmul_large_L20_r3,1789505967.3075702,112618.5127991,174.755,83,1680,9001,258321012,4
matmul_large_L20_r3,1789505967.349401,112618.5542291,174.779,82,1680,9001,258321012,4
matmul_large_L20_r3,1789505967.4036157,112618.6087145,174.779,82,1680,9001,258354626,4
matmul_large_L20_r3,1789505967.4554017,112618.6602069,174.779,82,1680,9001,258354626,4
matmul_large_L20_r3,1789505967.4999409,112618.7048176,174.779,82,1680,9001,258379725,4
matmul_large_L20_r3,1789505967.5517027,112618.7567862,174.779,82,1680,9001,258379725,4
matmul_large_L20_r3,1789505967.600718,112618.8055995,174.779,82,1680,9001,258404106,4
matmul_large_L20_r3,1789505967.6562061,112618.8611305,174.779,82,1680,9001,258404106,4
matmul_large_L20_r3,1789505967.7069752,112618.9118936,174.779,82,1680,9001,258427848,4
matmul_large_L20_r3,1789505967.7508845,112618.9558315,174.779,82,1680,9001,258427848,4
matmul_large_L20_r3,1789505967.803505,112619.0086377,174.779,82,1680,9001,258455278,4
matmul_large_L20_r3,1789505967.854757,112619.0594605,174.821,82,1665,9001,258455278,4
matmul_large_L20_r3,1789505967.9057546,112619.1109325,174.821,82,1665,9001,258479938,4
matmul_large_L20_r3,1789505967.956774,112619.1618865,174.821,82,1665,9001,258479938,4
matmul_large_L20_r3,1789505967.998572,112619.2036461,174.821,82,1665,9001,258508228,4
matmul_large_L20_r3,1789505968.0521398,112619.257077,174.821,82,1665,9001,258508228,4
matmul_large_L20_r3,1789505968.1058404,112619.3108123,174.821,82,1665,9001,258531163,4
matmul_large_L20_r3,1789505968.1623843,112619.3673316,174.821,82,1665,9001,258531163,4
matmul_large_L20_r3,1789505968.2053802,112619.4104726,174.821,82,1665,9001,258561159,4
matmul_large_L20_r3,1789505968.2595417,112619.4646297,174.821,82,1665,9001,258561159,4
matmul_large_L20_r3,1789505968.3005052,112619.5056883,174.821,82,1665,9001,258588602,4
matmul_large_L20_r3,1789505968.3517225,112619.5566661,174.775,82,1680,9001,258588602,4
matmul_large_L20_r3,1789505968.4029987,112619.60801,174.775,82,1680,9001,258613593,4
matmul_large_L20_r3,1789505968.454277,112619.6593488,174.775,82,1680,9001,258613593,4
matmul_large_L20_r3,1789505968.5060668,112619.7108884,174.775,82,1680,9001,258638215,4
matmul_large_L20_r3,1789505968.5488808,112619.7541299,174.775,82,1680,9001,258638215,4
matmul_large_L20_r3,1789505968.5999053,112619.8046964,174.775,82,1680,9001,258664970,4
matmul_large_L20_r3,1789505968.6517015,112619.8565999,174.775,82,1680,9001,258664970,4
matmul_large_L20_r3,1789505968.7078059,112619.9127969,174.775,82,1680,9001,258688911,4
matmul_large_L20_r3,1789505968.74975,112619.9547184,174.775,82,1680,9001,258688911,4
matmul_large_L20_r3,1789505968.8013487,112620.0069611,174.775,82,1680,9001,258716617,4
matmul_large_L20_r3,1789505968.8515725,112620.0564307,174.756,82,1665,9001,258716617,4
matmul_large_L20_r3,1789505968.9021113,112620.1070247,174.756,82,1665,9001,258740546,4
matmul_large_L20_r3,1789505968.9533408,112620.1582113,174.756,82,1665,9001,258740546,4
matmul_large_L20_r3,1789505969.004714,112620.2095383,174.756,82,1665,9001,258765888,4
matmul_large_L20_r3,1789505969.0490348,112620.2542696,174.756,82,1665,9001,258765888,4
matmul_large_L20_r3,1789505969.1035893,112620.3085553,174.756,82,1665,9001,258791672,4
matmul_large_L20_r3,1789505969.1544294,112620.3594094,174.756,82,1665,9001,258791672,4
matmul_large_L20_r3,1789505969.1992652,112620.4040636,174.756,82,1665,9001,258817993,4
matmul_large_L20_r3,1789505969.2508242,112620.4559734,174.756,82,1665,9001,258817993,4
matmul_large_L20_r3,1789505969.3033643,112620.5084543,174.756,82,1665,9001,258840821,4
matmul_large_L20_r3,1789505969.3552737,112620.5601619,174.828,82,1680,9001,258840821,4
matmul_large_L20_r3,1789505969.4072838,112620.612412,174.828,82,1680,9001,258867440,4
matmul_large_L20_r3,1789505969.4585774,112620.6634373,174.828,82,1680,9001,258867440,4
matmul_large_L20_r3,1789505969.508018,112620.7130158,174.828,82,1680,9001,258896462,4
matmul_large_L20_r3,1789505969.5491533,112620.7542451,174.828,82,1680,9001,258896462,4
matmul_large_L20_r3,1789505969.6086047,112620.8135692,174.828,82,1680,9001,258924257,4
matmul_large_L20_r3,1789505969.6497183,112620.8549028,174.828,82,1680,9001,258924257,4
matmul_large_L20_r3,1789505969.7081082,112620.9130673,174.828,82,1680,9001,258946225,4
matmul_large_L20_r3,1789505969.7496085,112620.9544631,174.828,82,1680,9001,258946225,4
matmul_large_L20_r3,1789505969.8010433,112621.0062653,174.828,82,1680,9001,258974152,4
matmul_large_L20_r3,1789505969.8528621,112621.0576205,174.699,82,1680,9001,258974152,4
matmul_large_L20_r3,1789505969.9041536,112621.1092066,174.699,82,1680,9001,258999126,4
matmul_large_L20_r3,1789505969.9549644,112621.1599434,174.699,82,1680,9001,258999126,4
matmul_large_L20_r3,1789505970.0070097,112621.2122706,174.699,82,1680,9001,259026150,4
matmul_large_L20_r3,1789505970.0511212,112621.2561077,174.699,82,1680,9001,259026150,4
matmul_large_L20_r3,1789505970.1006255,112621.3056313,174.699,82,1680,9001,259053778,4
matmul_large_L20_r3,1789505970.1514783,112621.3565104,174.699,82,1680,9001,259053778,4
matmul_large_L20_r3,1789505970.2050514,112621.4100376,174.699,82,1680,9001,259078612,4
matmul_large_L20_r3,1789505970.257038,112621.4620897,174.699,82,1680,9001,259078612,4
matmul_large_L20_r3,1789505970.3049166,112621.5101606,174.699,82,1680,9001,259106050,4
matmul_large_L20_r3,1789505970.357764,112621.5628402,174.784,82,1680,9001,259106050,4
matmul_large_L20_r3,1789505970.4078908,112621.6129175,174.784,82,1680,9001,259134817,4
matmul_large_L20_r3,1789505970.4496098,112621.6545644,174.784,82,1680,9001,259134817,4
matmul_large_L20_r3,1789505970.4986007,112621.7036657,174.784,82,1680,9001,259162451,4
matmul_large_L20_r3,1789505970.5492039,112621.7545003,174.784,82,1680,9001,259162451,4
matmul_large_L20_r3,1789505970.6033843,112621.8082056,174.784,82,1680,9001,259186586,4
matmul_large_L20_r3,1789505970.6493351,112621.8544253,174.784,82,1680,9001,259186586,4
matmul_large_L20_r3,1789505970.699254,112621.9040229,174.784,82,1680,9001,259212095,4
matmul_large_L20_r3,1789505970.7509387,112621.9557974,174.784,82,1680,9001,259212095,4
matmul_large_L20_r3,1789505970.803086,112622.0082776,174.784,82,1680,9001,259236435,4
matmul_large_L20_r3,1789505970.854761,112622.059982,174.735,82,1680,9001,259236435,4
matmul_large_L20_r3,1789505970.905329,112622.1105521,174.735,82,1680,9001,259261470,4
matmul_large_L20_r3,1789505970.9494886,112622.1543901,174.735,82,1680,9001,259261470,4
matmul_large_L20_r3,1789505971.0009243,112622.2059324,174.735,82,1680,9001,259288681,4
matmul_large_L20_r3,1789505971.052725,112622.2579026,174.735,82,1680,9001,259288681,4
matmul_large_L20_r3,1789505971.1060915,112622.3110758,174.735,82,1680,9001,259313292,4
matmul_large_L20_r3,1789505971.1489582,112622.3541243,174.735,82,1680,9001,259313292,4
matmul_large_L20_r3,1789505971.200205,112622.4054285,174.735,82,1680,9001,259340638,4
matmul_large_L20_r3,1789505971.257772,112622.4627331,174.735,82,1680,9001,259340638,4
matmul_large_L20_r3,1789505971.2995522,112622.5044181,174.735,82,1680,9001,259365738,4
matmul_large_L20_r3,1789505971.353937,112622.5588872,174.677,82,1680,9001,259365738,4
matmul_large_L20_r3,1789505971.405425,112622.6101598,174.677,82,1680,9001,259391052,4
matmul_large_L20_r3,1789505971.4570925,112622.6619788,174.677,82,1680,9001,259391052,4
matmul_large_L20_r3,1789505971.5094833,112622.7144979,174.677,82,1680,9001,259417456,4
matmul_large_L20_r3,1789505971.5510795,112622.7560133,174.677,82,1680,9001,259417456,4
matmul_large_L20_r3,1789505971.5993204,112622.8044424,174.677,82,1680,9001,259439775,4
matmul_large_L20_r3,1789505971.6502,112622.8551924,174.677,82,1680,9001,259439775,4
matmul_large_L20_r3,1789505971.6995554,112622.9046143,174.677,82,1680,9001,259463453,4
matmul_large_L20_r3,1789505971.7553747,112622.9601446,174.677,82,1680,9001,259463453,4
matmul_large_L20_r3,1789505971.8062966,112623.0112845,174.677,82,1680,9001,259489427,4
matmul_large_L20_r3,1789505971.8659046,112623.0709875,174.613,82,1680,9001,259489427,4
matmul_large_L20_r3,1789505971.907132,112623.1121874,174.613,82,1680,9001,259520447,4
matmul_large_L20_r3,1789505971.9580977,112623.1635462,174.613,82,1680,9001,259520447,4
matmul_large_L20_r3,1789505971.9990103,112623.2044541,174.613,82,1680,9001,259550926,4
matmul_large_L20_r3,1789505972.0554202,112623.2604321,174.613,82,1680,9001,259550926,4
matmul_large_L20_r3,1789505972.0996144,112623.3049251,174.613,82,1680,9001,259576360,4
matmul_large_L20_r3,1789505972.151694,112623.3564655,174.613,82,1680,9001,259576360,4
matmul_large_L20_r3,1789505972.203537,112623.4087951,174.613,82,1680,9001,259601275,4
matmul_large_L20_r3,1789505972.255042,112623.4600916,174.613,82,1680,9001,259601275,4
matmul_large_L20_r3,1789505972.306087,112623.5108838,174.613,82,1680,9001,259628459,4
matmul_large_L20_r3,1789505972.3574533,112623.5623291,174.649,82,1680,9001,259628459,4
matmul_large_L20_r3,1789505972.404661,112623.6097826,174.649,82,1680,9001,259658130,4
matmul_large_L20_r3,1789505972.4555404,112623.6605455,174.649,82,1680,9001,259658130,4
matmul_large_L20_r3,1789505972.5078688,112623.712765,174.649,82,1680,9001,259684361,4
matmul_large_L20_r3,1789505972.5486271,112623.7541576,174.649,82,1680,9001,259684361,4
matmul_large_L20_r3,1789505972.608567,112623.8133174,174.649,82,1680,9001,259706425,4
matmul_large_L20_r3,1789505972.6494343,112623.8543339,174.649,82,1680,9001,259706425,4
matmul_large_L20_r3,1789505972.6991231,112623.9043345,174.649,82,1680,9001,259728477,4
matmul_large_L20_r3,1789505972.7493622,112623.9542059,174.649,82,1680,9001,259728477,4
matmul_large_L20_r3,1789505972.8010623,112624.0062133,174.649,82,1680,9001,259753085,4
matmul_large_L20_r3,1789505972.8525686,112624.0575373,174.67,82,1680,9001,259753085,4
matmul_large_L20_r3,1789505972.9030495,112624.107892,174.67,82,1680,9001,259778269,4
matmul_large_L20_r3,1789505972.9551222,112624.1598959,174.67,82,1680,9001,259778269,4
matmul_large_L20_r3,1789505973.000155,112624.2049423,174.67,82,1680,9001,259805251,4
matmul_large_L20_r3,1789505973.0513513,112624.2564436,174.67,82,1680,9001,259805251,4
matmul_large_L20_r3,1789505973.0989454,112624.3039365,174.67,82,1680,9001,259829860,4
matmul_large_L20_r3,1789505973.1501207,112624.3549739,174.67,82,1680,9001,259829860,4
matmul_large_L20_r3,1789505973.2009475,112624.4056266,174.67,82,1680,9001,259854302,4
matmul_large_L20_r3,1789505973.2520843,112624.4568823,174.67,82,1680,9001,259854302,4
matmul_large_L20_r3,1789505973.3042376,112624.5092072,174.67,82,1680,9001,259879034,4
matmul_large_L20_r3,1789505973.3554387,112624.5604815,174.674,82,1665,9001,259879034,4
matmul_large_L20_r3,1789505973.4074123,112624.6122111,174.674,82,1665,9001,259906876,4
matmul_large_L20_r3,1789505973.454347,112624.6591244,174.674,82,1665,9001,259906876,4
matmul_large_L20_r3,1789505973.5077472,112624.712634,174.674,82,1665,9001,259935202,4
matmul_large_L20_r3,1789505973.5494902,112624.7544866,174.674,82,1665,9001,259935202,4
matmul_large_L20_r3,1789505973.5986097,112624.8037675,174.674,82,1665,9001,259957211,4
matmul_large_L20_r3,1789505973.6495476,112624.8543999,174.674,82,1665,9001,259957211,4
matmul_large_L20_r3,1789505973.7037652,112624.9084871,174.674,82,1665,9001,259981318,4
matmul_large_L20_r3,1789505973.749992,112624.9547543,174.674,82,1665,9001,259981318,4
matmul_large_L20_r3,1789505973.8004458,112625.0052538,174.674,82,1665,9001,260007852,4
matmul_large_L20_r3,1789505973.8501225,112625.0550947,174.813,82,1680,9001,260007852,4
matmul_large_L20_r3,1789505973.8997712,112625.1045983,174.813,82,1680,9001,260032595,4
matmul_large_L20_r3,1789505973.9506445,112625.155404,174.813,82,1680,9001,260032595,4
matmul_large_L20_r3,1789505973.9982586,112625.203568,174.813,82,1680,9001,260057437,4
matmul_large_L20_r3,1789505974.054758,112625.2595503,174.813,82,1680,9001,260057437,4
matmul_large_L20_r3,1789505974.1091008,112625.3139564,174.813,82,1680,9001,260082554,4
matmul_large_L20_r3,1789505974.1493146,112625.354088,174.813,82,1680,9001,260082554,4
matmul_large_L20_r3,1789505974.20135,112625.4063217,174.813,82,1680,9001,260104635,4
matmul_large_L20_r3,1789505974.2529206,112625.4576887,174.813,82,1680,9001,260104635,4
matmul_large_L20_r3,1789505974.304132,112625.508999,174.813,82,1680,9001,260130485,4
matmul_large_L20_r3,1789505974.3554761,112625.5602672,174.696,82,1680,9001,260130485,4
matmul_large_L20_r3,1789505974.406101,112625.6112215,174.696,82,1680,9001,260158665,4
matmul_large_L20_r3,1789505974.457398,112625.6621909,174.696,82,1680,9001,260158665,4
matmul_large_L20_r3,1789505974.5123222,112625.7176382,174.696,82,1680,9001,260187990,4
matmul_large_L20_r3,1789505974.5537229,112625.7584852,174.696,82,1680,9001,260187990,4
matmul_large_L20_r3,1789505974.603143,112625.807925,174.696,82,1680,9001,260211137,4
matmul_large_L20_r3,1789505974.652877,112625.8576501,174.696,82,1680,9001,260211137,4
matmul_large_L20_r3,1789505974.707817,112625.9125937,174.696,82,1680,9001,260237198,4
matmul_large_L20_r3,1789505974.7581992,112625.9631546,174.696,82,1680,9001,260237198,4
matmul_large_L20_r3,1789505974.8080258,112626.0129424,174.696,82,1680,9001,260261673,4
matmul_large_L20_r3,1789505974.8486888,112626.0544322,174.76,82,1680,9001,260261673,4
matmul_large_L20_r3,1789505974.9002538,112626.105118,174.76,82,1680,9001,260283735,4
matmul_large_L20_r3,1789505974.9512687,112626.156145,174.76,82,1680,9001,260283735,4
matmul_large_L20_r3,1789505975.0066197,112626.2114952,174.76,82,1680,9001,260309055,4
matmul_large_L20_r3,1789505975.0535338,112626.2584269,174.76,82,1680,9001,260309055,4
matmul_large_L20_r3,1789505975.0996916,112626.3045149,174.76,82,1680,9001,260337203,4
matmul_large_L20_r3,1789505975.1520545,112626.3569002,174.76,82,1680,9001,260337203,4
matmul_large_L20_r3,1789505975.203325,112626.408197,174.76,82,1680,9001,260362281,4
matmul_large_L20_r3,1789505975.2551515,112626.4599642,174.76,82,1680,9001,260362281,4
matmul_large_L20_r3,1789505975.3071406,112626.5120502,174.76,82,1680,9001,260389425,4
matmul_large_L20_r3,1789505975.3485715,112626.5542726,174.749,82,1680,9001,260389425,4
matmul_large_L20_r3,1789505975.4003308,112626.6050899,174.749,82,1680,9001,260411535,4
matmul_large_L20_r3,1789505975.4517925,112626.6567661,174.749,82,1680,9001,260411535,4
matmul_large_L20_r3,1789505975.5017788,112626.7066323,174.749,82,1680,9001,260436379,4
matmul_large_L20_r3,1789505975.5573847,112626.7621896,174.749,82,1680,9001,260436379,4
matmul_large_L20_r3,1789505975.6076572,112626.8123803,174.749,82,1680,9001,260464461,4
matmul_large_L20_r3,1789505975.6590648,112626.8639462,174.749,82,1680,9001,260464461,4
matmul_large_L20_r3,1789505975.7015305,112626.9062505,174.749,82,1680,9001,260489413,4
matmul_large_L20_r3,1789505975.7585962,112626.963316,174.749,82,1680,9001,260489413,4
matmul_large_L20_r3,1789505975.7996702,112627.0048126,174.749,82,1680,9001,260517811,4
matmul_large_L20_r3,1789505975.8502595,112627.0550888,174.766,82,1680,9001,260517811,4
matmul_large_L20_r3,1789505975.9007769,112627.1054761,174.766,82,1680,9001,260542764,4
matmul_large_L20_r3,1789505975.9519963,112627.1566918,174.766,82,1680,9001,260542764,4
matmul_large_L20_r3,1789505976.003091,112627.2078861,174.766,82,1680,9001,260568185,4
matmul_large_L20_r3,1789505976.0505292,112627.2552709,174.766,82,1680,9001,260568185,4
matmul_large_L20_r3,1789505976.1038284,112627.3089394,174.766,82,1680,9001,260594275,4
matmul_large_L20_r3,1789505976.1547759,112627.3595027,174.766,82,1680,9001,260594275,4
matmul_large_L20_r3,1789505976.2057862,112627.4105864,174.766,82,1680,9001,260622268,4
matmul_large_L20_r3,1789505976.2572925,112627.4620957,174.766,82,1680,9001,260622268,4
matmul_large_L20_r3,1789505976.298742,112627.5039577,174.766,82,1680,9001,260651719,4
matmul_large_L20_r3,1789505976.3494933,112627.5543007,174.757,82,1680,9001,260651719,4
matmul_large_L20_r3,1789505976.400884,112627.6055618,174.757,82,1680,9001,260676726,4
matmul_large_L20_r3,1789505976.4520679,112627.6568381,174.757,82,1680,9001,260676726,4
matmul_large_L20_r3,1789505976.508161,112627.7129461,174.757,82,1680,9001,260702006,4
matmul_large_L20_r3,1789505976.5551538,112627.7601573,174.757,82,1680,9001,260702006,4
matmul_large_L20_r3,1789505976.6076078,112627.812658,174.757,82,1680,9001,260725470,4
matmul_large_L20_r3,1789505976.652483,112627.8572579,174.757,82,1680,9001,260725470,4
matmul_large_L20_r3,1789505976.6982682,112627.9035496,174.757,82,1680,9001,260747851,4
matmul_large_L20_r3,1789505976.7488105,112627.9543776,174.757,82,1680,9001,260747851,4
matmul_large_L20_r3,1789505976.8007693,112628.0059028,174.757,82,1680,9001,260772657,4
matmul_large_L20_r3,1789505976.851212,112628.0559923,174.707,82,1680,9001,260772657,4
matmul_large_L20_r3,1789505976.9029336,112628.1078781,174.707,82,1680,9001,260798119,4
matmul_large_L20_r3,1789505976.9550567,112628.1602332,174.707,82,1680,9001,260798119,4
matmul_large_L20_r3,1789505977.0065002,112628.21126,174.707,82,1680,9001,260826120,4
matmul_large_L20_r3,1789505977.0494444,112628.2542911,174.707,82,1680,9001,260826120,4
matmul_large_L20_r3,1789505977.1031127,112628.3079854,174.707,82,1680,9001,260854031,4
matmul_large_L20_r3,1789505977.1661012,112628.3710372,174.707,82,1680,9001,260854031,4
matmul_large_L20_r3,1789505977.2073877,112628.4123847,174.707,82,1680,9001,260887005,4
matmul_large_L20_r3,1789505977.2590477,112628.4640927,174.707,82,1680,9001,260887005,4
matmul_large_L20_r3,1789505977.3008344,112628.5057538,174.707,82,1680,9001,260912153,4
matmul_large_L20_r3,1789505977.353122,112628.5582285,174.767,82,1680,9001,260912153,4
matmul_large_L20_r3,1789505977.4053905,112628.6102874,174.767,82,1680,9001,260938656,4
matmul_large_L20_r3,1789505977.457478,112628.6627481,174.767,82,1680,9001,260938656,4
matmul_large_L20_r3,1789505977.5078552,112628.7128051,174.767,82,1680,9001,260968948,4
matmul_large_L20_r3,1789505977.5517235,112628.7570339,174.767,82,1680,9001,260968948,4
matmul_large_L20_r3,1789505977.6074474,112628.8122401,174.767,82,1680,9001,260991756,4
matmul_large_L20_r3,1789505977.6579833,112628.8629787,174.767,82,1680,9001,260991756,4
matmul_large_L20_r3,1789505977.6992438,112628.9041424,174.767,82,1680,9001,261016342,4
matmul_large_L20_r3,1789505977.7494419,112628.9541259,174.767,82,1680,9001,261016342,4
matmul_large_L20_r3,1789505977.800771,112629.0056285,174.767,82,1680,9001,261041668,4
matmul_large_L20_r3,1789505977.8517282,112629.0564729,174.659,82,1665,9001,261041668,4
matmul_large_L20_r3,1789505977.903045,112629.1080964,174.659,82,1665,9001,261065764,4
matmul_large_L20_r3,1789505977.9538984,112629.1587482,174.659,82,1665,9001,261065764,4
matmul_large_L20_r3,1789505978.0042145,112629.2091922,174.659,82,1665,9001,261093699,4
matmul_large_L20_r3,1789505978.050181,112629.2549662,174.659,82,1665,9001,261093699,4
matmul_large_L20_r3,1789505978.1031435,112629.3079206,174.659,82,1665,9001,261120758,4
matmul_large_L20_r3,1789505978.154484,112629.3597648,174.659,82,1665,9001,261120758,4
matmul_large_L20_r3,1789505978.205625,112629.4107476,174.659,82,1665,9001,261149002,4
matmul_large_L20_r3,1789505978.249316,112629.4543487,174.659,82,1665,9001,261149002,4
matmul_large_L20_r3,1789505978.300579,112629.5061544,174.659,82,1665,9001,261176643,4
matmul_large_L20_r3,1789505978.3515506,112629.5564139,174.711,82,1680,9001,261176643,4
matmul_large_L20_r3,1789505978.4032435,112629.6080415,174.711,82,1680,9001,261203338,4
matmul_large_L20_r3,1789505978.4545958,112629.6596475,174.711,82,1680,9001,261203338,4
matmul_large_L20_r3,1789505978.5091763,112629.7139916,174.711,82,1680,9001,261230339,4
matmul_large_L20_r3,1789505978.5566227,112629.7613489,174.711,82,1680,9001,261230339,4
matmul_large_L20_r3,1789505978.6059375,112629.8106512,174.711,82,1680,9001,261254467,4
matmul_large_L20_r3,1789505978.658414,112629.8634158,174.711,82,1680,9001,261254467,4
matmul_large_L20_r3,1789505978.7054904,112629.9104165,174.711,82,1680,9001,261285136,4
matmul_large_L20_r3,1789505978.7635095,112629.9682848,174.711,82,1680,9001,261285136,4
matmul_large_L20_r3,1789505978.80723,112630.0120385,174.711,82,1680,9001,261318041,4
matmul_large_L20_r3,1789505978.858364,112630.0632614,174.646,82,1680,9001,261318041,4
matmul_large_L20_r3,1789505978.9000297,112630.1048621,174.646,82,1680,9001,261342952,4
matmul_large_L20_r3,1789505978.951054,112630.1558621,174.646,82,1680,9001,261342952,4
matmul_large_L20_r3,1789505979.0015695,112630.2063705,174.646,82,1680,9001,261368725,4
matmul_large_L20_r3,1789505979.0567245,112630.2614917,174.646,82,1680,9001,261368725,4
matmul_large_L20_r3,1789505979.1072543,112630.3120888,174.646,82,1680,9001,261396913,4
matmul_large_L20_r3,1789505979.148329,112630.3540019,174.646,82,1680,9001,261396913,4
matmul_large_L20_r3,1789505979.2091649,112630.4140057,174.646,82,1680,9001,261418951,4
matmul_large_L20_r3,1789505979.2497284,112630.454454,174.646,82,1680,9001,261418951,4
matmul_large_L20_r3,1789505979.304299,112630.5090707,174.646,82,1680,9001,261440982,4
matmul_large_L20_r3,1789505979.3552334,112630.5600674,174.739,82,1680,9001,261440982,4
matmul_large_L20_r3,1789505979.4060628,112630.6107555,174.739,82,1680,9001,261470291,4
matmul_large_L20_r3,1789505979.4570513,112630.6617509,174.739,82,1680,9001,261470291,4
matmul_large_L20_r3,1789505979.5010633,112630.7058893,174.739,82,1680,9001,261494653,4
matmul_large_L20_r3,1789505979.549057,112630.7537707,174.739,82,1680,9001,261494653,4
matmul_large_L20_r3,1789505979.6076627,112630.8124027,174.739,82,1680,9001,261520807,4
matmul_large_L20_r3,1789505979.6587017,112630.8634876,174.739,82,1680,9001,261520807,4
matmul_large_L20_r3,1789505979.7031517,112630.9079544,174.739,82,1680,9001,261545833,4
matmul_large_L20_r3,1789505979.7489908,112630.9537777,174.739,82,1680,9001,261545833,4
matmul_large_L20_r3,1789505979.812993,112631.0179364,174.739,82,1680,9001,261573195,4
matmul_large_L20_r3,1789505979.8535755,112631.0583598,174.724,82,1680,9001,261573195,4
matmul_large_L20_r3,1789505979.9040565,112631.1087708,174.724,82,1680,9001,261596831,4
matmul_large_L20_r3,1789505979.955305,112631.1600674,174.724,82,1680,9001,261596831,4
matmul_large_L20_r3,1789505980.0057962,112631.2108119,174.724,82,1680,9001,261626207,4
matmul_large_L20_r3,1789505980.0531144,112631.2578403,174.724,82,1680,9001,261626207,4
matmul_large_L20_r3,1789505980.110699,112631.3154946,174.724,82,1680,9001,261649007,4
matmul_large_L20_r3,1789505980.150591,112631.3554515,174.724,82,1680,9001,261649007,4
matmul_large_L20_r3,1789505980.201137,112631.4060779,174.724,82,1680,9001,261671122,4
matmul_large_L20_r3,1789505980.2529,112631.4576383,174.724,82,1680,9001,261671122,4
matmul_large_L20_r3,1789505980.304725,112631.5094437,174.724,82,1680,9001,261697854,4
matmul_large_L20_r3,1789505980.3501258,112631.5548788,174.787,82,1680,9001,261697854,4
matmul_large_L20_r3,1789505980.4015834,112631.6065322,174.787,82,1680,9001,261725689,4
matmul_large_L20_r3,1789505980.4513166,112631.6560387,174.787,82,1680,9001,261725689,4
matmul_large_L20_r3,1789505980.5075128,112631.712308,174.787,82,1680,9001,261752033,4
matmul_large_L20_r3,1789505980.5491083,112631.7538931,174.787,82,1680,9001,261752033,4
matmul_large_L20_r3,1789505980.6015267,112631.8063346,174.787,82,1680,9001,261773991,4
matmul_large_L20_r3,1789505980.654769,112631.8595347,174.787,82,1680,9001,261773991,4
matmul_large_L20_r3,1789505980.707659,112631.9124614,174.787,82,1680,9001,261801905,4
matmul_large_L20_r3,1789505980.7489622,112631.9536804,174.787,82,1680,9001,261801905,4
matmul_large_L20_r3,1789505980.799377,112632.0041613,174.787,82,1680,9001,261824029,4
matmul_large_L20_r3,1789505980.850135,112632.0548798,174.689,82,1680,9001,261824029,4
matmul_large_L20_r3,1789505980.900245,112632.1049873,174.689,82,1680,9001,261849072,4
matmul_large_L20_r3,1789505980.9520552,112632.1568343,174.689,82,1680,9001,261849072,4
matmul_large_L20_r3,1789505981.0041862,112632.2089835,174.689,82,1680,9001,261875706,4
matmul_large_L20_r3,1789505981.061606,112632.2663943,174.689,82,1680,9001,261875706,4
matmul_large_L20_r3,1789505981.0986278,112632.3042202,174.689,82,1680,9001,261907569,4
matmul_large_L20_r3,1789505981.1521924,112632.3569693,174.689,82,1680,9001,261907569,4
matmul_large_L20_r3,1789505981.2035918,112632.4083883,174.689,82,1680,9001,261933959,4
matmul_large_L20_r3,1789505981.2554522,112632.4602122,174.689,82,1680,9001,261933959,4
matmul_large_L20_r3,1789505981.3066719,112632.5114613,174.689,82,1680,9001,261963075,4
matmul_large_L20_r3,1789505981.3479402,112632.5535106,174.777,82,1680,9001,261963075,4
matmul_large_L20_r3,1789505981.3990946,112632.6043131,174.777,82,1680,9001,261985130,4
matmul_large_L20_r3,1789505981.4549093,112632.6596266,174.777,82,1680,9001,261985130,4
matmul_large_L20_r3,1789505981.507253,112632.7119884,174.777,82,1680,9001,262011476,4
matmul_large_L20_r3,1789505981.5590944,112632.76385,174.777,82,1680,9001,262011476,4
matmul_large_L20_r3,1789505981.6073368,112632.812045,174.777,82,1680,9001,262036986,4
matmul_large_L20_r3,1789505981.6500125,112632.8547689,174.777,82,1680,9001,262036986,4
matmul_large_L20_r3,1789505981.7014725,112632.9062167,174.777,82,1680,9001,262059117,4
matmul_large_L20_r3,1789505981.757042,112632.9617735,174.777,82,1680,9001,262059117,4
matmul_large_L20_r3,1789505981.7980714,112633.0036375,174.777,82,1680,9001,262088329,4
matmul_large_L20_r3,1789505981.8489137,112633.054445,174.791,82,1680,9001,262088329,4
matmul_large_L20_r3,1789505981.9002943,112633.1050507,174.791,82,1680,9001,262113445,4
matmul_large_L20_r3,1789505981.9538963,112633.1586277,174.791,82,1680,9001,262113445,4
matmul_large_L20_r3,1789505982.0048215,112633.2095265,174.791,82,1680,9001,262140923,4
matmul_large_L20_r3,1789505982.055461,112633.2602255,174.791,82,1680,9001,262140923,4
matmul_large_L20_r3,1789505982.101493,112633.3062192,174.791,82,1680,9001,262170584,4
matmul_large_L20_r3,1789505982.152401,112633.3571957,174.791,82,1680,9001,262170584,4
matmul_large_L20_r3,1789505982.2037733,112633.4085107,174.791,82,1680,9001,262198033,4
matmul_large_L20_r3,1789505982.254687,112633.4594138,174.791,82,1680,9001,262198033,4
matmul_large_L20_r3,1789505982.3065884,112633.511288,174.791,82,1680,9001,262227086,4
matmul_large_L20_r3,1789505982.3581176,112633.5628629,174.793,82,1680,9001,262227086,4
matmul_large_L20_r3,1789505982.3990715,112633.6038086,174.793,82,1680,9001,262252318,4
matmul_large_L20_r3,1789505982.461341,112633.6661102,174.793,82,1680,9001,262252318,4
matmul_large_L20_r3,1789505982.5075514,112633.7122986,174.793,82,1680,9001,262282309,4
matmul_large_L20_r3,1789505982.5488994,112633.7536365,174.793,82,1680,9001,262282309,4
matmul_large_L20_r3,1789505982.608684,112633.8134059,174.793,82,1680,9001,262304474,4
matmul_large_L20_r3,1789505982.6504052,112633.855199,174.793,82,1680,9001,262304474,4
matmul_large_L20_r3,1789505982.6984053,112633.9035287,174.793,82,1680,9001,262326695,4
matmul_large_L20_r3,1789505982.7488031,112633.9543329,174.793,82,1680,9001,262326695,4
matmul_large_L20_r3,1789505982.8005128,112634.005177,174.793,82,1680,9001,262352160,4
matmul_large_L20_r3,1789505982.8520124,112634.0567966,174.771,82,1680,9001,262352160,4
matmul_large_L20_r3,1789505982.903561,112634.1082801,174.771,82,1680,9001,262378976,4
matmul_large_L20_r3,1789505982.9544353,112634.1592714,174.771,82,1680,9001,262378976,4
matmul_large_L20_r3,1789505982.999309,112634.204155,174.771,82,1680,9001,262408299,4
matmul_large_L20_r3,1789505983.051353,112634.2561474,174.771,82,1680,9001,262408299,4
matmul_large_L20_r3,1789505983.1014454,112634.3061811,174.771,82,1680,9001,262434515,4
matmul_large_L20_r3,1789505983.1494887,112634.3543478,174.771,82,1680,9001,262434515,4
matmul_large_L20_r3,1789505983.2001128,112634.4048278,174.771,82,1680,9001,262461213,4
matmul_large_L20_r3,1789505983.2510824,112634.4558559,174.771,82,1680,9001,262461213,4
matmul_large_L20_r3,1789505983.3021195,112634.5068533,174.771,82,1680,9001,262487514,4
matmul_large_L20_r3,1789505983.3534844,112634.5582249,174.706,82,1680,9001,262487514,4
matmul_large_L20_r3,1789505983.4052908,112634.6101212,174.706,82,1680,9001,262516023,4
matmul_large_L20_r3,1789505983.4564838,112634.6612551,174.706,82,1680,9001,262516023,4
matmul_large_L20_r3,1789505983.5076108,112634.7125246,174.706,82,1680,9001,262540758,4
matmul_large_L20_r3,1789505983.5553622,112634.7600887,174.706,82,1680,9001,262540758,4
matmul_large_L20_r3,1789505983.6088092,112634.813609,174.706,82,1680,9001,262565368,4
matmul_large_L20_r3,1789505983.652624,112634.8573856,174.706,82,1680,9001,262565368,4
matmul_large_L20_r3,1789505983.708673,112634.9133982,174.706,82,1680,9001,262588386,4
matmul_large_L20_r3,1789505983.7506163,112634.9553444,174.706,82,1680,9001,262588386,4
matmul_large_L20_r3,1789505983.802218,112635.0069682,174.706,82,1680,9001,262611056,4
matmul_large_L20_r3,1789505983.8530214,112635.0577684,174.708,82,1680,9001,262611056,4
matmul_large_L20_r3,1789505983.9047668,112635.1096027,174.708,82,1680,9001,262637896,4
matmul_large_L20_r3,1789505983.956513,112635.1612393,174.708,82,1680,9001,262637896,4
matmul_large_L20_r3,1789505984.0082738,112635.2133136,174.708,82,1680,9001,262662736,4
matmul_large_L20_r3,1789505984.0626252,112635.2674455,174.708,82,1680,9001,262662736,4
matmul_large_L20_r3,1789505984.1013591,112635.3061803,174.708,82,1680,9001,262690243,4
matmul_large_L20_r3,1789505984.1494074,112635.3542793,174.708,82,1680,9001,262690243,4
matmul_large_L20_r3,1789505984.200395,112635.4052151,174.708,82,1680,9001,262717049,4
matmul_large_L20_r3,1789505984.251461,112635.4562304,174.708,82,1680,9001,262717049,4
matmul_large_L20_r3,1789505984.303113,112635.5079503,174.708,82,1680,9001,262743891,4
matmul_large_L20_r3,1789505984.3545072,112635.5592366,174.717,82,1680,9001,262743891,4
matmul_large_L20_r3,1789505984.4053593,112635.6104647,174.717,82,1680,9001,262773477,4
matmul_large_L20_r3,1789505984.4564097,112635.6611745,174.717,82,1680,9001,262773477,4
matmul_large_L20_r3,1789505984.5077527,112635.7125097,174.717,82,1680,9001,262798351,4
matmul_large_L20_r3,1789505984.548982,112635.7540188,174.717,82,1680,9001,262798351,4
matmul_large_L20_r3,1789505984.6074889,112635.8122478,174.717,82,1680,9001,262820547,4
matmul_large_L20_r3,1789505984.6523364,112635.8571756,174.717,82,1680,9001,262820547,4
matmul_large_L20_r0,1789505992.6864824,112643.8931662,174.76,82,1680,9001,264243355,4
matmul_large_L20_r0,1789505992.7395701,112643.9443524,174.76,82,1680,9001,264243355,4
matmul_large_L20_r0,1789505992.790538,112643.9952411,174.76,82,1680,9001,264271018,4
matmul_large_L20_r0,1789505992.841864,112644.0467105,174.7,83,1680,9001,264271018,4
matmul_large_L20_r0,1789505992.893124,112644.0978605,174.7,83,1680,9001,264293668,4
matmul_large_L20_r0,1789505992.9450588,112644.1498935,174.7,83,1680,9001,264293668,4
matmul_large_L20_r0,1789505992.9962597,112644.2012231,174.7,83,1680,9001,264317989,4
matmul_large_L20_r0,1789505993.0397308,112644.2444632,174.7,83,1680,9001,264317989,4
matmul_large_L20_r0,1789505993.0917706,112644.296649,174.7,83,1680,9001,264349058,4
matmul_large_L20_r0,1789505993.1466625,112644.351814,174.7,83,1680,9001,264349058,4
matmul_large_L20_r0,1789505993.188691,112644.3933456,174.7,83,1680,9001,264373415,4
matmul_large_L20_r0,1789505993.2440891,112644.4490601,174.7,83,1680,9001,264373415,4
matmul_large_L20_r0,1789505993.2958138,112644.5008961,174.7,83,1680,9001,264395819,4
matmul_large_L20_r0,1789505993.3471754,112644.5520504,174.781,83,1680,9001,264395819,4
matmul_large_L20_r0,1789505993.388615,112644.5936618,174.781,83,1680,9001,264422360,4
matmul_large_L20_r0,1789505993.4405124,112644.6453221,174.781,83,1680,9001,264422360,4
matmul_large_L20_r0,1789505993.4916852,112644.6965259,174.781,83,1680,9001,264450975,4
matmul_large_L20_r0,1789505993.5435393,112644.7484075,174.781,83,1680,9001,264450975,4
matmul_large_L20_r0,1789505993.5935254,112644.7986244,174.781,83,1680,9001,264475044,4
matmul_large_L20_r0,1789505993.642637,112644.8478711,174.781,83,1680,9001,264475044,4
matmul_large_L20_r0,1789505993.6913521,112644.8961588,174.781,83,1680,9001,264498362,4
matmul_large_L20_r0,1789505993.740287,112644.9452445,174.781,83,1680,9001,264498362,4
matmul_large_L20_r0,1789505993.7919705,112644.9968956,174.781,83,1680,9001,264528194,4
matmul_large_L20_r0,1789505993.844122,112645.049217,174.598,83,1665,9001,264528194,4
matmul_large_L20_r0,1789505993.8952856,112645.1003592,174.598,83,1665,9001,264550750,4
matmul_large_L20_r0,1789505993.9475336,112645.1523371,174.598,83,1665,9001,264550750,4
matmul_large_L20_r0,1789505993.9891386,112645.1941278,174.598,83,1665,9001,264576913,4
matmul_large_L20_r0,1789505994.0406337,112645.2456252,174.598,83,1665,9001,264576913,4
matmul_large_L20_r0,1789505994.0992467,112645.3044615,174.598,83,1665,9001,264605885,4
matmul_large_L20_r0,1789505994.1446044,112645.3495381,174.598,83,1665,9001,264605885,4
matmul_large_L20_r0,1789505994.195317,112645.4004306,174.598,83,1665,9001,264633426,4
matmul_large_L20_r0,1789505994.2463415,112645.4513046,174.598,83,1665,9001,264633426,4
matmul_large_L20_r0,1789505994.29749,112645.5023429,174.598,83,1665,9001,264658810,4
matmul_large_L20_r0,1789505994.3386414,112645.5434128,174.728,83,1665,9001,264658810,4
matmul_large_L20_r0,1789505994.3902802,112645.5951751,174.728,83,1665,9001,264690500,4
matmul_large_L20_r0,1789505994.442022,112645.6471696,174.728,83,1665,9001,264690500,4
matmul_large_L20_r0,1789505994.4893334,112645.694336,174.728,83,1665,9001,264714093,4
matmul_large_L20_r0,1789505994.5387368,112645.7439578,174.728,83,1665,9001,264714093,4
matmul_large_L20_r0,1789505994.596303,112645.8012202,174.728,83,1665,9001,264742840,4
matmul_large_L20_r0,1789505994.6543255,112645.8592544,174.728,83,1665,9001,264742840,4
matmul_large_L20_r0,1789505994.69061,112645.895711,174.728,83,1665,9001,264770635,4
matmul_large_L20_r0,1789505994.7391381,112645.9440303,174.728,83,1665,9001,264770635,4
matmul_large_L20_r0,1789505994.790674,112645.9958083,174.728,83,1665,9001,264800149,4
matmul_large_L20_r0,1789505994.8424716,112646.0474146,174.663,82,1680,9001,264800149,4
matmul_large_L20_r0,1789505994.8941336,112646.0992682,174.663,82,1680,9001,264824001,4
matmul_large_L20_r0,1789505994.9455311,112646.1503764,174.663,82,1680,9001,264824001,4
matmul_large_L20_r0,1789505994.996994,112646.2023106,174.663,82,1680,9001,264849348,4
matmul_large_L20_r0,1789505995.0384395,112646.2439642,174.663,82,1680,9001,264849348,4
matmul_large_L20_r0,1789505995.0889163,112646.2938984,174.663,82,1680,9001,264881474,4
matmul_large_L20_r0,1789505995.1487195,112646.3534949,174.663,82,1680,9001,264881474,4
matmul_large_L20_r0,1789505995.193072,112646.3978583,174.663,82,1680,9001,264905699,4
matmul_large_L20_r0,1789505995.2448287,112646.4497566,174.663,82,1680,9001,264905699,4
matmul_large_L20_r0,1789505995.2964897,112646.5014238,174.663,82,1680,9001,264930419,4
matmul_large_L20_r0,1789505995.3470492,112646.5517945,174.708,82,1665,9001,264930419,4
matmul_large_L20_r0,1789505995.3884954,112646.5934495,174.708,82,1665,9001,264957269,4
matmul_large_L20_r0,1789505995.4403334,112646.6454184,174.708,82,1665,9001,264957269,4
matmul_large_L20_r0,1789505995.49114,112646.6957881,174.708,82,1665,9001,264986088,4
matmul_large_L20_r0,1789505995.540283,112646.7451345,174.708,82,1665,9001,264986088,4
matmul_large_L20_r0,1789505995.592721,112646.7975632,174.708,82,1665,9001,265010005,4
matmul_large_L20_r0,1789505995.6388142,112646.8439367,174.708,82,1665,9001,265010005,4
matmul_large_L20_r0,1789505995.6935506,112646.8984243,174.708,82,1665,9001,265039834,4
matmul_large_L20_r0,1789505995.7464805,112646.9514183,174.708,82,1665,9001,265039834,4
matmul_large_L20_r0,1789505995.7978413,112647.0029616,174.708,82,1665,9001,265065315,4
matmul_large_L20_r0,1789505995.8398845,112647.0448885,174.703,82,1680,9001,265065315,4
matmul_large_L20_r0,1789505995.8910644,112647.0959626,174.703,82,1680,9001,265097801,4
matmul_large_L20_r0,1789505995.9433775,112647.1484029,174.703,82,1680,9001,265097801,4
matmul_large_L20_r0,1789505995.9950078,112647.2004074,174.703,82,1680,9001,265121969,4
matmul_large_L20_r0,1789505996.0469685,112647.2519638,174.703,82,1680,9001,265121969,4
matmul_large_L20_r0,1789505996.0930529,112647.2978933,174.703,82,1680,9001,265148139,4
matmul_large_L20_r0,1789505996.143162,112647.3479524,174.703,82,1680,9001,265148139,4
matmul_large_L20_r0,1789505996.194241,112647.3991901,174.703,82,1680,9001,265173316,4
matmul_large_L20_r0,1789505996.23902,112647.4437177,174.703,82,1680,9001,265173316,4
matmul_large_L20_r0,1789505996.2939415,112647.4987409,174.703,82,1680,9001,265203749,4
matmul_large_L20_r0,1789505996.3447473,112647.5498587,174.719,82,1680,9001,265203749,4
matmul_large_L20_r0,1789505996.3952692,112647.6002263,174.719,82,1680,9001,265229265,4
matmul_large_L20_r0,1789505996.4465563,112647.6514754,174.719,82,1680,9001,265229265,4
matmul_large_L20_r0,1789505996.4896405,112647.6943947,174.719,82,1680,9001,265253835,4
matmul_large_L20_r0,1789505996.548683,112647.7535431,174.719,82,1680,9001,265253835,4
matmul_large_L20_r0,1789505996.5947556,112647.7999445,174.719,82,1680,9001,265278949,4
matmul_large_L20_r0,1789505996.6398952,112647.8447484,174.719,82,1680,9001,265278949,4
matmul_large_L20_r0,1789505996.6945698,112647.8995755,174.719,82,1680,9001,265308995,4
matmul_large_L20_r0,1789505996.7386506,112647.9435532,174.719,82,1680,9001,265308995,4
matmul_large_L20_r0,1789505996.7925978,112647.997772,174.719,82,1680,9001,265340369,4
matmul_large_L20_r0,1789505996.8439598,112648.0488263,174.651,82,1665,9001,265340369,4
matmul_large_L20_r0,1789505996.8956234,112648.1005376,174.651,82,1665,9001,265362967,4
matmul_large_L20_r0,1789505996.9478173,112648.1528497,174.651,82,1665,9001,265362967,4
matmul_large_L20_r0,1789505996.9891832,112648.1940264,174.651,82,1665,9001,265390129,4
matmul_large_L20_r0,1789505997.0407243,112648.245635,174.651,82,1665,9001,265390129,4
matmul_large_L20_r0,1789505997.0977712,112648.302444,174.651,82,1665,9001,265413130,4
matmul_large_L20_r0,1789505997.139793,112648.3445851,174.651,82,1665,9001,265413130,4
matmul_large_L20_r0,1789505997.1950707,112648.3999217,174.651,82,1665,9001,265446119,4
matmul_large_L20_r0,1789505997.2460818,112648.4508703,174.651,82,1665,9001,265446119,4
matmul_large_L20_r0,1789505997.3126326,112648.517415,174.651,82,1665,9001,265470232,4
matmul_large_L20_r0,1789505997.343633,112648.5485174,174.641,82,1680,9001,265470232,4
matmul_large_L20_r0,1789505997.395067,112648.5997985,174.641,82,1680,9001,265495187,4
matmul_large_L20_r0,1789505997.4467392,112648.6517437,174.641,82,1680,9001,265495187,4
matmul_large_L20_r0,1789505997.489985,112648.6949445,174.641,82,1680,9001,265520004,4
matmul_large_L20_r0,1789505997.5399435,112648.7447994,174.641,82,1680,9001,265520004,4
matmul_large_L20_r0,1789505997.5934818,112648.7984199,174.641,82,1680,9001,265550033,4
matmul_large_L20_r0,1789505997.6399128,112648.8447444,174.641,82,1680,9001,265550033,4
matmul_large_L20_r0,1789505997.6889417,112648.8938626,174.641,82,1680,9001,265579717,4
matmul_large_L20_r0,1789505997.740152,112648.9449256,174.641,82,1680,9001,265579717,4
matmul_large_L20_r0,1789505997.7918801,112648.9967121,174.641,82,1680,9001,265603203,4
matmul_large_L20_r0,1789505997.8469896,112649.0517699,174.557,82,1680,9001,265603203,4
matmul_large_L20_r0,1789505997.8881166,112649.0940551,174.557,82,1680,9001,265628106,4
matmul_large_L20_r0,1789505997.9404068,112649.1451745,174.557,82,1680,9001,265628106,4
matmul_large_L20_r0,1789505997.9916866,112649.1966028,174.557,82,1680,9001,265651772,4
matmul_large_L20_r0,1789505998.0429533,112649.2477888,174.557,82,1680,9001,265651772,4
matmul_large_L20_r0,1789505998.0950525,112649.3001214,174.557,82,1680,9001,265676433,4
matmul_large_L20_r0,1789505998.139259,112649.3440065,174.557,82,1680,9001,265676433,4
matmul_large_L20_r0,1789505998.1940413,112649.3991821,174.557,82,1680,9001,265708331,4
matmul_large_L20_r0,1789505998.245562,112649.4503978,174.557,82,1680,9001,265708331,4
matmul_large_L20_r0,1789505998.2969275,112649.5018329,174.557,82,1680,9001,265734195,4
matmul_large_L20_r0,1789505998.338612,112649.5438028,174.62,82,1680,9001,265734195,4
matmul_large_L20_r0,1789505998.39468,112649.5996393,174.62,82,1680,9001,265766738,4
matmul_large_L20_r0,1789505998.4460907,112649.6510554,174.62,82,1680,9001,265766738,4
matmul_large_L20_r0,1789505998.4896731,112649.694762,174.62,82,1680,9001,265793003,4
matmul_large_L20_r0,1789505998.539178,112649.7440624,174.62,82,1680,9001,265793003,4
matmul_large_L20_r0,1789505998.5935428,112649.798317,174.62,82,1680,9001,265822860,4
matmul_large_L20_r0,1789505998.6419156,112649.8469147,174.62,82,1680,9001,265822860,4
matmul_large_L20_r0,1789505998.6944547,112649.8992698,174.62,82,1680,9001,265846742,4
matmul_large_L20_r0,1789505998.7417748,112649.9467008,174.62,82,1680,9001,265846742,4
matmul_large_L20_r0,1789505998.7935114,112649.998416,174.62,82,1680,9001,265872533,4
matmul_large_L20_r0,1789505998.8451862,112650.0500875,174.687,82,1680,9001,265872533,4
matmul_large_L20_r0,1789505998.8991003,112650.1038833,174.687,82,1680,9001,265897902,4
matmul_large_L20_r0,1789505998.9408247,112650.1456541,174.687,82,1680,9001,265897902,4
matmul_large_L20_r0,1789505998.9922187,112650.1971483,174.687,82,1680,9001,265925726,4
matmul_large_L20_r0,1789505999.0430877,112650.2479751,174.687,82,1680,9001,265925726,4
matmul_large_L20_r0,1789505999.0949173,112650.2998069,174.687,82,1680,9001,265950308,4
matmul_large_L20_r0,1789505999.1430385,112650.3478066,174.687,82,1680,9001,265950308,4
matmul_large_L20_r0,1789505999.1938398,112650.3987098,174.687,82,1680,9001,265976671,4
matmul_large_L20_r0,1789505999.245625,112650.4505698,174.687,82,1680,9001,265976671,4
matmul_large_L20_r0,1789505999.29637,112650.5012287,174.687,82,1680,9001,266001171,4
matmul_large_L20_r0,1789505999.3472905,112650.5520153,174.682,82,1680,9001,266001171,4
matmul_large_L20_r0,1789505999.398725,112650.6036159,174.682,82,1680,9001,266029235,4
matmul_large_L20_r0,1789505999.4466722,112650.6516167,174.682,82,1680,9001,266029235,4
matmul_large_L20_r0,1789505999.4903324,112650.6953202,174.682,82,1680,9001,266056393,4
matmul_large_L20_r0,1789505999.5402594,112650.7451477,174.682,82,1680,9001,266056393,4
matmul_large_L20_r0,1789505999.594997,112650.8000465,174.682,82,1680,9001,266080793,4
matmul_large_L20_r0,1789505999.6446948,112650.8496403,174.682,82,1680,9001,266080793,4
matmul_large_L20_r0,1789505999.6957655,112650.9006954,174.682,82,1680,9001,266105518,4
matmul_large_L20_r0,1789505999.739805,112650.9446839,174.682,82,1680,9001,266105518,4
matmul_large_L20_r0,1789505999.7908957,112650.9959081,174.682,82,1680,9001,266132257,4
matmul_large_L20_r0,1789505999.8422608,112651.0471624,174.708,82,1680,9001,266132257,4
matmul_large_L20_r0,1789505999.893307,112651.0980265,174.708,82,1680,9001,266156356,4
matmul_large_L20_r0,1789505999.9575458,112651.1626132,174.708,82,1680,9001,266156356,4
matmul_large_L20_r0,1789505999.9891655,112651.1944121,174.708,82,1680,9001,266187446,4
matmul_large_L20_r0,1789506000.037909,112651.2435638,174.708,82,1680,9001,266187446,4
matmul_large_L20_r0,1789506000.0935652,112651.2983222,174.708,82,1680,9001,266216991,4
matmul_large_L20_r0,1789506000.13868,112651.3441713,174.708,82,1680,9001,266216991,4
matmul_large_L20_r0,1789506000.1987803,112651.4035424,174.708,82,1680,9001,266248765,4
matmul_large_L20_r0,1789506000.2396867,112651.4444036,174.708,82,1680,9001,266248765,4
matmul_large_L20_r0,1789506000.2908342,112651.4955662,174.708,82,1680,9001,266276198,4
matmul_large_L20_r0,1789506000.341776,112651.5466165,174.68,82,1680,9001,266276198,4
matmul_large_L20_r0,1789506000.3928878,112651.5977678,174.68,82,1680,9001,266300785,4
matmul_large_L20_r0,1789506000.4443285,112651.6491737,174.68,82,1680,9001,266300785,4
matmul_large_L20_r0,1789506000.4889731,112651.6936448,174.68,82,1680,9001,266325734,4
matmul_large_L20_r0,1789506000.5400662,112651.7451536,174.68,82,1680,9001,266325734,4
matmul_large_L20_r0,1789506000.595294,112651.8000978,174.68,82,1680,9001,266349701,4
matmul_large_L20_r0,1789506000.6398282,112651.844633,174.68,82,1680,9001,266349701,4
matmul_large_L20_r0,1789506000.6942587,112651.899041,174.68,82,1680,9001,266375734,4
matmul_large_L20_r0,1789506000.7409205,112651.9458883,174.68,82,1680,9001,266375734,4
matmul_large_L20_r0,1789506000.792448,112651.9972632,174.68,82,1680,9001,266401761,4
matmul_large_L20_r0,1789506000.8439074,112652.0487781,174.836,82,1680,9001,266401761,4
matmul_large_L20_r0,1789506000.895475,112652.1004428,174.836,82,1680,9001,266426859,4
matmul_large_L20_r0,1789506000.9476612,112652.1526894,174.836,82,1680,9001,266426859,4
matmul_large_L20_r0,1789506000.9884946,112652.1937295,174.836,82,1680,9001,266454939,4
matmul_large_L20_r0,1789506001.0417607,112652.2467912,174.836,82,1680,9001,266454939,4
matmul_large_L20_r0,1789506001.0939124,112652.2986644,174.836,82,1680,9001,266478605,4
matmul_large_L20_r0,1789506001.1441185,112652.3489158,174.836,82,1680,9001,266478605,4
matmul_large_L20_r0,1789506001.190063,112652.3948793,174.836,82,1680,9001,266504610,4
matmul_large_L20_r0,1789506001.2418976,112652.4468775,174.836,82,1680,9001,266504610,4
matmul_large_L20_r0,1789506001.2939334,112652.498704,174.836,82,1680,9001,266528495,4
matmul_large_L20_r0,1789506001.3447313,112652.5494297,174.755,82,1680,9001,266528495,4
matmul_large_L20_r0,1789506001.39616,112652.6012372,174.755,82,1680,9001,266554640,4
matmul_large_L20_r0,1789506001.4477286,112652.6524932,174.755,82,1680,9001,266554640,4
matmul_large_L20_r0,1789506001.4902003,112652.6950586,174.755,82,1680,9001,266582846,4
matmul_large_L20_r0,1789506001.5537097,112652.758622,174.755,82,1680,9001,266582846,4
matmul_large_L20_r0,1789506001.5937507,112652.7985636,174.755,82,1680,9001,266612086,4
matmul_large_L20_r0,1789506001.639837,112652.8447677,174.755,82,1680,9001,266612086,4
matmul_large_L20_r0,1789506001.695041,112652.9001152,174.755,82,1680,9001,266637858,4
matmul_large_L20_r0,1789506001.7403822,112652.9452135,174.755,82,1680,9001,266637858,4
matmul_large_L20_r0,1789506001.7912707,112652.9963134,174.755,82,1680,9001,266664527,4
matmul_large_L20_r0,1789506001.8425586,112653.0473643,174.805,82,1680,9001,266664527,4
matmul_large_L20_r0,1789506001.8946922,112653.0995922,174.805,82,1680,9001,266689135,4
matmul_large_L20_r0,1789506001.9463522,112653.1515769,174.805,82,1680,9001,266689135,4
matmul_large_L20_r0,1789506001.9877555,112653.1934985,174.805,82,1680,9001,266716727,4
matmul_large_L20_r0,1789506002.038827,112653.2439448,174.805,82,1680,9001,266716727,4
matmul_large_L20_r0,1789506002.0905366,112653.2959608,174.805,82,1680,9001,266740357,4
matmul_large_L20_r0,1789506002.143429,112653.3481676,174.805,82,1680,9001,266740357,4
matmul_large_L20_r0,1789506002.2021453,112653.4072609,174.805,82,1680,9001,266765343,4
matmul_large_L20_r0,1789506002.2440197,112653.4489873,174.805,82,1680,9001,266765343,4
matmul_large_L20_r0,1789506002.2955306,112653.5004564,174.805,82,1680,9001,266787630,4
matmul_large_L20_r0,1789506002.3467305,112653.5516502,174.69,82,1680,9001,266787630,4
matmul_large_L20_r0,1789506002.3884103,112653.5940286,174.69,82,1680,9001,266815904,4
matmul_large_L20_r0,1789506002.439544,112653.6444548,174.69,82,1680,9001,266815904,4
matmul_large_L20_r0,1789506002.4929206,112653.697916,174.69,82,1680,9001,266839418,4
matmul_large_L20_r0,1789506002.5405376,112653.7453483,174.69,82,1680,9001,266839418,4
matmul_large_L20_r0,1789506002.594599,112653.7998125,174.69,82,1680,9001,266865262,4
matmul_large_L20_r0,1789506002.6388433,112653.8435854,174.69,82,1680,9001,266865262,4
matmul_large_L20_r0,1789506002.6940365,112653.8987972,174.69,82,1680,9001,266892132,4
matmul_large_L20_r0,1789506002.7406714,112653.9456622,174.69,82,1680,9001,266892132,4
matmul_large_L20_r0,1789506002.7930264,112653.9977974,174.69,82,1680,9001,266918359,4
matmul_large_L20_r0,1789506002.8447094,112654.0496471,174.802,82,1680,9001,266918359,4
matmul_large_L20_r0,1789506002.8957636,112654.1006173,174.802,82,1680,9001,266944444,4
matmul_large_L20_r0,1789506002.9469953,112654.1519168,174.802,82,1680,9001,266944444,4
matmul_large_L20_r0,1789506002.9978542,112654.202844,174.802,82,1680,9001,266972791,4
matmul_large_L20_r0,1789506003.0391295,112654.2444207,174.802,82,1680,9001,266972791,4
matmul_large_L20_r0,1789506003.0900934,112654.2950074,174.802,82,1680,9001,267000624,4
matmul_large_L20_r0,1789506003.1449451,112654.3498831,174.802,82,1680,9001,267000624,4
matmul_large_L20_r0,1789506003.2008061,112654.4058001,174.802,82,1680,9001,267025962,4
matmul_large_L20_r0,1789506003.241895,112654.4469353,174.802,82,1680,9001,267025962,4
matmul_large_L20_r0,1789506003.2929,112654.4979655,174.802,82,1680,9001,267048031,4
matmul_large_L20_r0,1789506003.3450685,112654.5499332,174.811,82,1680,9001,267048031,4
matmul_large_L20_r0,1789506003.3968868,112654.6017991,174.811,82,1680,9001,267074790,4
matmul_large_L20_r0,1789506003.4477835,112654.652892,174.811,82,1680,9001,267074790,4
matmul_large_L20_r0,1789506003.493653,112654.6983818,174.811,82,1680,9001,267102460,4
matmul_large_L20_r0,1789506003.5412893,112654.7464223,174.811,82,1680,9001,267102460,4
matmul_large_L20_r0,1789506003.5894103,112654.7941727,174.811,82,1680,9001,267128702,4
matmul_large_L20_r0,1789506003.638849,112654.843919,174.811,82,1680,9001,267128702,4
matmul_large_L20_r0,1789506003.6935272,112654.8984815,174.811,82,1680,9001,267151591,4
matmul_large_L20_r0,1789506003.7396696,112654.9446608,174.811,82,1680,9001,267151591,4
matmul_large_L20_r0,1789506003.7915614,112654.9965097,174.811,82,1680,9001,267178761,4
matmul_large_L20_r0,1789506003.8426578,112655.0484174,174.826,82,1680,9001,267178761,4
matmul_large_L20_r0,1789506003.8936977,112655.098589,174.826,82,1680,9001,267202788,4
matmul_large_L20_r0,1789506003.9454768,112655.1503313,174.826,82,1680,9001,267202788,4
matmul_large_L20_r0,1789506003.9962394,112655.2009534,174.826,82,1680,9001,267229795,4
matmul_large_L20_r0,1789506004.047719,112655.2524505,174.826,82,1680,9001,267229795,4
matmul_large_L20_r0,1789506004.088761,112655.2935977,174.826,82,1680,9001,267258512,4
matmul_large_L20_r0,1789506004.14032,112655.3452253,174.826,82,1680,9001,267258512,4
matmul_large_L20_r0,1789506004.1905792,112655.3955754,174.826,82,1680,9001,267282751,4
matmul_large_L20_r0,1789506004.2477942,112655.4527501,174.826,82,1680,9001,267282751,4
matmul_large_L20_r0,1789506004.2888978,112655.4937957,174.826,82,1680,9001,267309074,4
matmul_large_L20_r0,1789506004.3402784,112655.5452227,174.761,82,1665,9001,267309074,4
matmul_large_L20_r0,1789506004.391848,112655.596616,174.761,82,1665,9001,267334042,4
matmul_large_L20_r0,1789506004.4429088,112655.6478145,174.761,82,1665,9001,267334042,4
matmul_large_L20_r0,1789506004.495149,112655.7001051,174.761,82,1665,9001,267358089,4
matmul_large_L20_r0,1789506004.5392327,112655.7442383,174.761,82,1665,9001,267358089,4
matmul_large_L20_r0,1789506004.5911808,112655.796461,174.761,82,1665,9001,267385094,4
matmul_large_L20_r0,1789506004.6394358,112655.8445857,174.761,82,1665,9001,267385094,4
matmul_large_L20_r0,1789506004.6946363,112655.8994579,174.761,82,1665,9001,267410371,4
matmul_large_L20_r0,1789506004.7430356,112655.9477455,174.761,82,1665,9001,267410371,4
matmul_large_L20_r0,1789506004.7945533,112655.9994264,174.761,82,1665,9001,267437056,4
matmul_large_L20_r0,1789506004.8467162,112656.0515006,174.681,82,1680,9001,267437056,4
matmul_large_L20_r0,1789506004.887819,112656.0934162,174.681,82,1680,9001,267464777,4
matmul_large_L20_r0,1789506004.9397142,112656.1445275,174.681,82,1680,9001,267464777,4
matmul_large_L20_r0,1789506004.9913723,112656.1970319,174.681,82,1680,9001,267489046,4
matmul_large_L20_r0,1789506005.0421233,112656.2469693,174.681,82,1680,9001,267489046,4
matmul_large_L20_r0,1789506005.0878685,112656.293492,174.681,82,1680,9001,267514719,4
matmul_large_L20_r0,1789506005.146196,112656.3510935,174.681,82,1680,9001,267514719,4
matmul_large_L20_r0,1789506005.1911378,112656.3962085,174.681,82,1680,9001,267540333,4
matmul_large_L20_r0,1789506005.2387955,112656.4440545,174.681,82,1680,9001,267540333,4
matmul_large_L20_r0,1789506005.2955186,112656.500698,174.681,82,1680,9001,267565162,4
matmul_large_L20_r0,1789506005.3467376,112656.5515668,174.68,82,1680,9001,267565162,4
matmul_large_L20_r0,1789506005.3879385,112656.5935619,174.68,82,1680,9001,267594203,4
matmul_large_L20_r0,1789506005.4397502,112656.6445741,174.68,82,1680,9001,267594203,4
matmul_large_L20_r0,1789506005.4935617,112656.6985795,174.68,82,1680,9001,267617990,4
matmul_large_L20_r0,1789506005.5401652,112656.7454244,174.68,82,1680,9001,267617990,4
matmul_large_L20_r0,1789506005.5947673,112656.7995891,174.68,82,1680,9001,267644509,4
matmul_large_L20_r0,1789506005.638569,112656.8433719,174.68,82,1680,9001,267644509,4
matmul_large_L20_r0,1789506005.693738,112656.8984679,174.68,82,1680,9001,267669274,4
matmul_large_L20_r0,1789506005.7403636,112656.9452243,174.68,82,1680,9001,267669274,4
matmul_large_L20_r0,1789506005.792307,112656.9971467,174.68,82,1680,9001,267695778,4
matmul_large_L20_r0,1789506005.843889,112657.048625,174.667,82,1680,9001,267695778,4
matmul_large_L20_r0,1789506005.894888,112657.0996924,174.667,82,1680,9001,267721688,4
matmul_large_L20_r0,1789506005.946699,112657.1518067,174.667,82,1680,9001,267721688,4
matmul_large_L20_r0,1789506005.9940069,112657.1992134,174.667,82,1680,9001,267750501,4
matmul_large_L20_r0,1789506006.045731,112657.250524,174.667,82,1680,9001,267750501,4
matmul_large_L20_r0,1789506006.0973146,112657.3022262,174.667,82,1680,9001,267778043,4
matmul_large_L20_r0,1789506006.1381092,112657.3434632,174.667,82,1680,9001,267778043,4
matmul_large_L20_r0,1789506006.1901963,112657.3950118,174.667,82,1680,9001,267806142,4
matmul_large_L20_r0,1789506006.2416317,112657.4466492,174.667,82,1680,9001,267806142,4
matmul_large_L20_r0,1789506006.2938504,112657.4987312,174.667,82,1680,9001,267830811,4
matmul_large_L20_r0,1789506006.3461337,112657.5511249,174.722,82,1680,9001,267830811,4
matmul_large_L20_r0,1789506006.388164,112657.5932768,174.722,82,1680,9001,267858950,4
matmul_large_L20_r0,1789506006.4391649,112657.6440319,174.722,82,1680,9001,267858950,4
matmul_large_L20_r0,1789506006.5070918,112657.7121284,174.722,82,1680,9001,267883769,4
matmul_large_L20_r0,1789506006.547421,112657.7523085,174.722,82,1680,9001,267883769,4
matmul_large_L20_r0,1789506006.5981088,112657.8031449,174.722,82,1680,9001,267909782,4
matmul_large_L20_r0,1789506006.6391394,112657.8441182,174.722,82,1680,9001,267909782,4
matmul_large_L20_r0,1789506006.6928127,112657.8976767,174.722,82,1680,9001,267931832,4
matmul_large_L20_r0,1789506006.7382166,112657.9434799,174.722,82,1680,9001,267931832,4
matmul_large_L20_r0,1789506006.7895722,112657.9945293,174.722,82,1680,9001,267958060,4
matmul_large_L20_r0,1789506006.841064,112658.0459287,174.831,82,1680,9001,267958060,4
matmul_large_L20_r0,1789506006.8925734,112658.0977087,174.831,82,1680,9001,267982568,4
matmul_large_L20_r0,1789506006.9439883,112658.1491383,174.831,82,1680,9001,267982568,4
matmul_large_L20_r0,1789506007.0008087,112658.2057176,174.831,82,1680,9001,268009618,4
matmul_large_L20_r0,1789506007.0417004,112658.2466051,174.831,82,1680,9001,268009618,4
matmul_large_L20_r0,1789506007.0930681,112658.2979552,174.831,82,1680,9001,268031785,4
matmul_large_L20_r0,1789506007.141698,112658.3465358,174.831,82,1680,9001,268031785,4
matmul_large_L20_r0,1789506007.1943557,112658.3992264,174.831,82,1680,9001,268058278,4
matmul_large_L20_r0,1789506007.2458773,112658.4506945,174.831,82,1680,9001,268058278,4
matmul_large_L20_r0,1789506007.2976558,112658.5026369,174.831,82,1680,9001,268086008,4
matmul_large_L20_r0,1789506007.3386793,112658.5434784,174.782,82,1680,9001,268086008,4
matmul_large_L20_r0,1789506007.396697,112658.6016884,174.782,82,1680,9001,268108035,4
matmul_large_L20_r0,1789506007.4481964,112658.6529685,174.782,82,1680,9001,268108035,4
matmul_large_L20_r0,1789506007.493834,112658.698559,174.782,82,1680,9001,268138022,4
matmul_large_L20_r0,1789506007.548037,112658.7528277,174.782,82,1680,9001,268138022,4
matmul_large_L20_r0,1789506007.58934,112658.7940653,174.782,82,1680,9001,268167025,4
matmul_large_L20_r0,1789506007.6394904,112658.8443294,174.782,82,1680,9001,268167025,4
matmul_large_L20_r0,1789506007.6912882,112658.8960328,174.782,82,1680,9001,268191509,4
matmul_large_L20_r0,1789506007.741238,112658.9460069,174.782,82,1680,9001,268191509,4
matmul_large_L20_r0,1789506007.7925076,112658.9972235,174.782,82,1680,9001,268217138,4
matmul_large_L20_r0,1789506007.8445265,112659.0492425,174.758,82,1680,9001,268217138,4
matmul_large_L20_r0,1789506007.9038353,112659.1086728,174.758,82,1680,9001,268243773,4
matmul_large_L20_r0,1789506007.9479399,112659.1527727,174.758,82,1680,9001,268243773,4
matmul_large_L20_r0,1789506007.989268,112659.1939736,174.758,82,1680,9001,268268902,4
matmul_large_L20_r0,1789506008.0435636,112659.2483841,174.758,82,1680,9001,268268902,4
matmul_large_L20_r0,1789506008.094936,112659.2997675,174.758,82,1680,9001,268294040,4
matmul_large_L20_r0,1789506008.1395466,112659.34425,174.758,82,1680,9001,268294040,4
matmul_large_L20_r0,1789506008.1966324,112659.4014731,174.758,82,1680,9001,268321466,4
matmul_large_L20_r0,1789506008.2379768,112659.4432198,174.758,82,1680,9001,268321466,4
matmul_large_L20_r0,1789506008.2894425,112659.4941798,174.758,82,1680,9001,268349040,4
matmul_large_L20_r0,1789506008.340655,112659.5454228,174.744,82,1680,9001,268349040,4
matmul_large_L20_r0,1789506008.3929775,112659.5977492,174.744,82,1680,9001,268373917,4
matmul_large_L20_r0,1789506008.4469247,112659.6516506,174.744,82,1680,9001,268373917,4
matmul_large_L20_r0,1789506008.4937687,112659.6986152,174.744,82,1680,9001,268400665,4
matmul_large_L20_r0,1789506008.5407012,112659.7455645,174.744,82,1680,9001,268400665,4
matmul_large_L20_r0,1789506008.5896049,112659.7945366,174.744,82,1680,9001,268427530,4
matmul_large_L20_r0,1789506008.6388683,112659.84365,174.744,82,1680,9001,268427530,4
matmul_large_L20_r0,1789506008.690075,112659.8948584,174.744,82,1680,9001,268451142,4
matmul_large_L20_r0,1789506008.7401466,112659.9449303,174.744,82,1680,9001,268451142,4
matmul_large_L20_r0,1789506008.791892,112659.9967057,174.744,82,1680,9001,268476492,4
matmul_large_L20_r0,1789506008.8439567,112660.0487806,174.785,82,1680,9001,268476492,4
matmul_large_L20_r0,1789506008.8956969,112660.1003912,174.785,82,1680,9001,268502742,4
matmul_large_L20_r0,1789506008.9465501,112660.151381,174.785,82,1680,9001,268502742,4
matmul_large_L20_r0,1789506008.994204,112660.1989184,174.785,82,1680,9001,268532252,4
matmul_large_L20_r0,1789506009.0393877,112660.2443216,174.785,82,1680,9001,268532252,4
matmul_large_L20_r0,1789506009.090465,112660.2951553,174.785,82,1680,9001,268559016,4
matmul_large_L20_r0,1789506009.1437688,112660.3485471,174.785,82,1680,9001,268559016,4
matmul_large_L20_r0,1789506009.1924253,112660.3972343,174.785,82,1680,9001,268585204,4
matmul_large_L20_r0,1789506009.2436545,112660.4484108,174.785,82,1680,9001,268585204,4
matmul_large_L20_r0,1789506009.2959187,112660.5007695,174.785,82,1680,9001,268611947,4
matmul_large_L20_r0,1789506009.347397,112660.5521809,174.782,82,1680,9001,268611947,4
matmul_large_L20_r0,1789506009.3890967,112660.5939873,174.782,82,1680,9001,268642029,4
matmul_large_L20_r0,1789506009.440601,112660.6453443,174.782,82,1680,9001,268642029,4
matmul_large_L20_r0,1789506009.4938507,112660.6985891,174.782,82,1680,9001,268666770,4
matmul_large_L20_r0,1789506009.5417087,112660.7464316,174.782,82,1680,9001,268666770,4
matmul_large_L20_r0,1789506009.5934198,112660.7981622,174.782,82,1680,9001,268693576,4
matmul_large_L20_r0,1789506009.638539,112660.8439013,174.782,82,1680,9001,268693576,4
matmul_large_L20_r0,1789506009.6899154,112660.8948917,174.782,82,1680,9001,268720056,4
matmul_large_L20_r0,1789506009.7402618,112660.9451482,174.782,82,1680,9001,268720056,4
matmul_large_L20_r0,1789506009.7920187,112660.9967685,174.782,82,1680,9001,268745328,4
matmul_large_L20_r0,1789506009.8427145,112661.0474421,174.698,82,1680,9001,268745328,4
matmul_large_L20_r0,1789506009.8942947,112661.0991282,174.698,82,1680,9001,268771631,4
matmul_large_L20_r0,1789506009.9467986,112661.1515392,174.698,82,1680,9001,268771631,4
matmul_large_L20_r0,1789506009.9881465,112661.1939208,174.698,82,1680,9001,268801287,4
matmul_large_L20_r0,1789506010.0458934,112661.2506421,174.698,82,1680,9001,268801287,4
matmul_large_L20_r0,1789506010.0969136,112661.3016424,174.698,82,1680,9001,268827839,4
matmul_large_L20_r0,1789506010.1498377,112661.3545867,174.698,82,1680,9001,268827839,4
matmul_large_L20_r0,1789506010.1951678,112661.4000038,174.698,82,1680,9001,268853304,4
matmul_large_L20_r0,1789506010.2468038,112661.451599,174.698,82,1680,9001,268853304,4
matmul_large_L20_r0,1789506010.2881937,112661.4934263,174.698,82,1680,9001,268882663,4
matmul_large_L20_r0,1789506010.3396103,112661.54434,174.737,82,1680,9001,268882663,4
matmul_large_L20_r0,1789506010.3913436,112661.5960317,174.737,82,1680,9001,268907574,4
matmul_large_L20_r0,1789506010.4433427,112661.6481185,174.737,82,1680,9001,268907574,4
matmul_large_L20_r0,1789506010.4940228,112661.6987956,174.737,82,1680,9001,268933832,4
matmul_large_L20_r0,1789506010.5388815,112661.7438434,174.737,82,1680,9001,268933832,4
matmul_large_L20_r0,1789506010.593744,112661.7985103,174.737,82,1680,9001,268961135,4
matmul_large_L20_r0,1789506010.6397986,112661.8446336,174.737,82,1680,9001,268961135,4
matmul_large_L20_r0,1789506010.692937,112661.8976821,174.737,82,1680,9001,268986552,4
matmul_large_L20_r0,1789506010.7396357,112661.9444218,174.737,82,1680,9001,268986552,4
matmul_large_L20_r0,1789506010.790931,112661.9957335,174.737,82,1680,9001,269013169,4
matmul_large_L20_r0,1789506010.8420846,112662.0468042,174.685,82,1680,9001,269013169,4
matmul_large_L20_r0,1789506010.893211,112662.097969,174.685,82,1680,9001,269038968,4
matmul_large_L20_r0,1789506010.9450665,112662.149847,174.685,82,1680,9001,269038968,4
matmul_large_L20_r0,1789506010.9957187,112662.200513,174.685,82,1680,9001,269067314,4
matmul_large_L20_r0,1789506011.0473313,112662.2521405,174.685,82,1680,9001,269067314,4
matmul_large_L20_r0,1789506011.0904806,112662.2953851,174.685,82,1680,9001,269097385,4
matmul_large_L20_r0,1789506011.141903,112662.3467884,174.685,82,1680,9001,269097385,4
matmul_large_L20_r0,1789506011.1891446,112662.3938928,174.685,82,1680,9001,269123729,4
matmul_large_L20_r0,1789506011.2407823,112662.4456126,174.685,82,1680,9001,269123729,4
matmul_large_L20_r0,1789506011.292277,112662.4970118,174.685,82,1680,9001,269148474,4
matmul_large_L20_r0,1789506011.343298,112662.548018,174.728,82,1680,9001,269148474,4
matmul_large_L20_r0,1789506011.394957,112662.5997512,174.728,82,1680,9001,269175765,4
matmul_large_L20_r0,1789506011.446866,112662.6515691,174.728,82,1680,9001,269175765,4
matmul_large_L20_r0,1789506011.494603,112662.6993558,174.728,82,1680,9001,269205379,4
matmul_large_L20_r0,1789506011.5484364,112662.7531822,174.728,82,1680,9001,269205379,4
matmul_large_L20_r0,1789506011.5973444,112662.8020885,174.728,82,1680,9001,269235890,4
matmul_large_L20_r0,1789506011.6409397,112662.8457989,174.728,82,1680,9001,269235890,4
matmul_large_L20_r0,1789506011.6954527,112662.9002138,174.728,82,1680,9001,269258024,4
matmul_large_L20_r0,1789506011.7395945,112662.9443398,174.728,82,1680,9001,269258024,4
matmul_large_L20_r0,1789506011.7917504,112662.9965951,174.728,82,1680,9001,269285877,4
matmul_large_L20_r0,1789506011.8429878,112663.0477354,174.753,82,1680,9001,269285877,4
matmul_large_L20_r0,1789506011.894222,112663.0990177,174.753,82,1680,9001,269312484,4
matmul_large_L20_r0,1789506011.9508052,112663.155647,174.753,82,1680,9001,269312484,4
matmul_large_L20_r0,1789506011.9918473,112663.1966631,174.753,82,1680,9001,269344003,4
matmul_large_L20_r0,1789506012.0431628,112663.2479289,174.753,82,1680,9001,269344003,4
matmul_large_L20_r0,1789506012.090071,112663.2947717,174.753,82,1680,9001,269371141,4
matmul_large_L20_r0,1789506012.146593,112663.3514202,174.753,82,1680,9001,269371141,4
matmul_large_L20_r0,1789506012.1892307,112663.3939618,174.753,82,1680,9001,269399152,4
matmul_large_L20_r0,1789506012.2409139,112663.4456981,174.753,82,1680,9001,269399152,4
matmul_large_L20_r0,1789506012.292223,112663.4970379,174.753,82,1680,9001,269424460,4
matmul_large_L20_r0,1789506012.3439808,112663.5487619,174.763,82,1680,9001,269424460,4
matmul_large_L20_r0,1789506012.3954732,112663.6003457,174.763,82,1680,9001,269452307,4
matmul_large_L20_r0,1789506012.4466584,112663.6514183,174.763,82,1680,9001,269452307,4
matmul_large_L20_r0,1789506012.4929364,112663.6978693,174.763,82,1680,9001,269482463,4
matmul_large_L20_r0,1789506012.5382333,112663.7437245,174.763,82,1680,9001,269482463,4
matmul_large_L20_r0,1789506012.5929234,112663.7976592,174.763,82,1680,9001,269509546,4
matmul_large_L20_r0,1789506012.6389759,112663.8437285,174.763,82,1680,9001,269509546,4
matmul_large_L20_r0,1789506012.693909,112663.8987316,174.763,82,1680,9001,269536173,4
matmul_large_L20_r0,1789506012.7394714,112663.9442554,174.763,82,1680,9001,269536173,4
matmul_large_L20_r0,1789506012.7906013,112663.9953618,174.763,82,1680,9001,269563719,4
matmul_large_L20_r0,1789506012.842617,112664.0473322,174.779,82,1680,9001,269563719,4
matmul_large_L20_r0,1789506012.893299,112664.0980874,174.779,82,1680,9001,269589153,4
matmul_large_L20_r0,1789506012.9449933,112664.149744,174.779,82,1680,9001,269589153,4
matmul_large_L20_r0,1789506012.995886,112664.2006086,174.779,82,1680,9001,269618230,4
matmul_large_L20_r0,1789506013.0478668,112664.2528723,174.779,82,1680,9001,269618230,4
matmul_large_L20_r0,1789506013.0915413,112664.2962242,174.779,82,1680,9001,269643359,4
matmul_large_L1_r4,1789506021.118584,112672.3321843,174.745,83,1680,9001,271050592,4
matmul_large_L1_r4,1789506021.1773493,112672.3828271,174.745,83,1680,9001,271074120,4
matmul_large_L1_r4,1789506021.2300513,112672.434748,174.745,83,1680,9001,271074120,4
matmul_large_L1_r4,1789506021.281519,112672.4863059,174.745,83,1680,9001,271101816,4
matmul_large_L1_r4,1789506021.3331947,112672.5380512,174.742,83,1680,9001,271101816,4
matmul_large_L1_r4,1789506021.38453,112672.5893737,174.742,83,1680,9001,271125137,4
matmul_large_L1_r4,1789506021.436418,112672.641369,174.742,83,1680,9001,271125137,4
matmul_large_L1_r4,1789506021.4823568,112672.6870474,174.742,83,1680,9001,271149398,4
matmul_large_L1_r4,1789506021.5291853,112672.7340436,174.742,83,1680,9001,271149398,4
matmul_large_L1_r4,1789506021.5851653,112672.7899513,174.742,83,1680,9001,271177823,4
matmul_large_L1_r4,1789506021.6311393,112672.8359526,174.742,83,1680,9001,271177823,4
matmul_large_L1_r4,1789506021.6772678,112672.8827816,174.742,83,1680,9001,271207830,4
matmul_large_L1_r4,1789506021.728991,112672.9337146,174.742,83,1680,9001,271207830,4
matmul_large_L1_r4,1789506021.7805693,112672.9853597,174.742,83,1680,9001,271234430,4
matmul_large_L1_r4,1789506021.8321238,112673.0369251,174.779,83,1665,9001,271234430,4
matmul_large_L1_r4,1789506021.8831186,112673.0878508,174.779,83,1665,9001,271263210,4
matmul_large_L1_r4,1789506021.9344325,112673.1391312,174.779,83,1665,9001,271263210,4
matmul_large_L1_r4,1789506021.9851644,112673.1899745,174.779,83,1665,9001,271287501,4
matmul_large_L1_r4,1789506022.0364435,112673.2412351,174.779,83,1665,9001,271287501,4
matmul_large_L1_r4,1789506022.0775957,112673.2831313,174.779,83,1665,9001,271311772,4
matmul_large_L1_r4,1789506022.129142,112673.3340227,174.779,83,1665,9001,271311772,4
