window,t_wall,t_perf,power_w,temp_c,sm_clock_mhz,mem_clock_mhz,energy_mj,throttle_mask
heat,1790333022.3514402,4877074.040176188,78.373,34,1095,1215,736734308349,0
heat,1790333022.4015553,4877074.090291422,78.291,36,1095,1215,736734308349,0
heat,1790333022.4515574,4877074.140293837,78.291,36,1095,1215,736734324557,0
heat,1790333022.501548,4877074.190284313,188.706,37,1095,1215,736734324557,0
heat,1790333022.551562,4877074.240298438,188.706,37,1095,1215,736734346620,0
heat,1790333022.601559,4877074.290295233,310.403,41,1410,1215,736734346620,0
heat,1790333022.6515586,4877074.340295018,310.403,41,1410,1215,736734380581,0
heat,1790333022.7015593,4877074.390295594,343.254,43,1410,1215,736734380581,0
heat,1790333022.7515619,4877074.440298339,343.254,43,1410,1215,736734415916,0
heat,1790333022.8015628,4877074.490299194,345.906,45,1410,1215,736734415916,0
heat,1790333022.851561,4877074.54029716,345.906,45,1410,1215,736734450840,0
heat,1790333022.9015615,4877074.590297805,346.175,45,1410,1215,736734450840,0
heat,1790333022.9515622,4877074.64029859,346.175,45,1410,1215,736734486059,0
heat,1790333023.001559,4877074.690295376,352.018,46,1410,1215,736734486059,0
heat,1790333023.0515614,4877074.740297771,352.018,46,1410,1215,736734521570,0
heat,1790333023.1015615,4877074.790297986,352.887,47,1410,1215,736734521570,0
heat,1790333023.1515586,4877074.840294932,352.887,47,1410,1215,736734557255,0
heat,1790333023.2015624,4877074.890298687,353.479,47,1410,1215,736734557255,0
heat,1790333023.2515616,4877074.940297992,353.479,47,1410,1215,736734592881,0
heat,1790333023.3015592,4877074.990295578,353.756,48,1410,1215,736734592881,0
heat,1790333023.3515615,4877075.040297863,353.756,48,1410,1215,736734629160,0
heat,1790333023.4015605,4877075.090296888,354.617,48,1410,1215,736734629160,0
heat,1790333023.4515557,4877075.140292024,354.617,48,1410,1215,736734664837,0
heat,1790333023.5015619,4877075.190298169,354.893,48,1410,1215,736734664837,0
heat,1790333023.5515556,4877075.240291824,354.893,48,1410,1215,736734700565,0
heat,1790333023.6015606,4877075.29029679,355.216,48,1410,1215,736734700565,0
heat,1790333023.651555,4877075.340291455,355.216,48,1410,1215,736734736312,0
heat,1790333023.701559,4877075.3902954,355.216,48,1410,1215,736734736312,0
heat,1790333023.7515564,4877075.440292646,355.216,48,1410,1215,736734772097,0
heat,1790333023.8015683,4877075.490304491,355.485,48,1410,1215,736734772097,0
heat,1790333023.8515556,4877075.540291826,355.485,48,1410,1215,736734807947,0
heat,1790333023.9015596,4877075.590295872,355.808,49,1410,1215,736734807947,0
heat,1790333023.951561,4877075.640297197,355.808,49,1410,1215,736734844287,0
heat,1790333024.00156,4877075.690296292,356.077,49,1410,1215,736734844287,0
heat,1790333024.0515597,4877075.740295928,356.077,49,1410,1215,736734844287,0
heat,1790333024.1015599,4877075.790296213,356.354,49,1410,1215,736734880337,0
heat,1790333024.1515617,4877075.840297918,356.354,49,1410,1215,736734880337,0
heat,1790333024.2015598,4877075.890296194,356.677,49,1410,1215,736734916149,0
heat,1790333024.2515624,4877075.940298539,356.677,49,1410,1215,736734916149,0
heat,1790333024.301559,4877075.990295224,356.946,49,1410,1215,736734951965,0
heat,1790333024.3515582,4877076.0402945,356.946,49,1410,1215,736734951965,0
heat,1790333024.401559,4877076.090295245,356.677,49,1410,1215,736734987842,0
heat,1790333024.4515617,4877076.14029808,356.677,49,1410,1215,736734987842,0
heat,1790333024.5015595,4877076.190295906,356.677,49,1410,1215,736735023688,0
heat,1790333024.551556,4877076.240292241,356.677,49,1410,1215,736735023688,0
heat,1790333024.6015613,4877076.290297656,356.677,49,1410,1215,736735059592,0
heat,1790333024.6515563,4877076.340292652,356.677,49,1410,1215,736735059592,0
heat,1790333024.701559,4877076.390295387,356.677,49,1410,1215,736735095479,0
heat,1790333024.7515554,4877076.440291742,356.677,49,1410,1215,736735095479,0
heat,1790333024.801561,4877076.490297258,356.677,49,1410,1215,736735131412,0
heat,1790333024.851557,4877076.540293273,356.677,49,1410,1215,736735131412,0
heat,1790333024.9015613,4877076.590297488,356.354,50,1410,1215,736735167331,0
heat,1790333024.9515607,4877076.640297064,356.354,50,1410,1215,736735167331,0
heat,1790333025.001559,4877076.690295469,356.677,50,1410,1215,736735203294,0
heat,1790333025.0515606,4877076.740297384,356.677,50,1410,1215,736735203294,0
heat,1790333025.1018474,4877076.790590186,356.677,50,1410,1215,736735239210,0
heat,1790333025.1515517,4877076.840288095,356.677,50,1410,1215,736735239210,0
heat,1790333025.2015266,4877076.890262511,356.946,50,1410,1215,736735275224,0
heat,1790333025.2515159,4877076.940251856,356.946,50,1410,1215,736735275224,0
heat,1790333025.3015199,4877076.990255821,356.946,50,1410,1215,736735311206,0
heat,1790333025.351552,4877077.040288146,356.946,50,1410,1215,736735311206,0
heat,1790333025.40156,4877077.090296272,356.677,50,1410,1215,736735347247,0
heat,1790333025.4515607,4877077.140296917,356.677,50,1410,1215,736735347247,0
heat,1790333025.501561,4877077.190297122,356.677,50,1410,1215,736735383210,0
heat,1790333025.551557,4877077.240293418,356.677,50,1410,1215,736735383210,0
heat,1790333025.6015604,4877077.290296663,356.354,50,1410,1215,736735419214,0
heat,1790333025.651557,4877077.340293118,356.354,50,1410,1215,736735419214,0
heat,1790333025.7015579,4877077.390294274,356.677,50,1410,1215,736735455175,0
heat,1790333025.7515554,4877077.440291689,356.677,50,1410,1215,736735455175,0
heat,1790333025.8015606,4877077.490296774,356.677,50,1410,1215,736735491214,0
heat,1790333025.8515549,4877077.54029101,356.677,50,1410,1215,736735491214,0
heat,1790333025.9015574,4877077.590293865,356.354,50,1410,1215,736735527205,0
heat,1790333025.9515548,4877077.64029118,356.354,50,1410,1215,736735527205,0
heat,1790333026.0015569,4877077.690293366,356.354,50,1410,1215,736735563267,0
heat,1790333026.0515544,4877077.740290731,356.354,50,1410,1215,736735563267,0
heat,1790333026.1015582,4877077.790294516,356.677,50,1410,1215,736735599357,0
heat,1790333026.151554,4877077.840290292,356.677,50,1410,1215,736735599357,0
heat,1790333026.201558,4877077.890294227,356.354,50,1410,1215,736735635462,0
heat,1790333026.2515554,4877077.940291662,356.354,50,1410,1215,736735635462,0
heat,1790333026.3015602,4877077.990296268,356.354,51,1410,1215,736735671501,0
heat,1790333026.3515568,4877078.040293103,356.354,51,1410,1215,736735671501,0
heat,1790333026.4015582,4877078.090294518,356.677,51,1410,1215,736735707539,0
heat,1790333026.451559,4877078.140295424,356.677,51,1410,1215,736735707539,0
heat,1790333026.5015552,4877078.190291429,356.946,51,1410,1215,736735743544,0
heat,1790333026.5515556,4877078.240291814,356.946,51,1410,1215,736735743544,0
heat,1790333026.6015596,4877078.29029589,357.215,51,1410,1215,736735779628,0
heat,1790333026.6515558,4877078.340292175,357.215,51,1410,1215,736735779628,0
heat,1790333026.70156,4877078.3902964,357.215,51,1410,1215,736735815776,0
heat,1790333026.7515562,4877078.440292456,357.215,51,1410,1215,736735815776,0
heat,1790333026.8015606,4877078.490296751,357.538,51,1410,1215,736735851938,0
heat,1790333026.851556,4877078.540292326,357.538,51,1410,1215,736735851938,0
heat,1790333026.9015608,4877078.590297111,357.815,51,1410,1215,736735888025,0
heat,1790333026.951555,4877078.640291347,357.815,51,1410,1215,736735888025,0
heat,1790333027.0015588,4877078.690295132,358.407,51,1410,1215,736735924158,0
heat,1790333027.051562,4877078.740298357,358.407,51,1410,1215,736735924158,0
heat,1790333027.1015584,4877078.790294963,358.676,51,1410,1215,736735960260,0
heat,1790333027.1515615,4877078.840297728,358.676,51,1410,1215,736735960260,0
heat,1790333027.2015607,4877078.890297114,358.676,51,1410,1215,736735996609,0
heat,1790333027.2515614,4877078.940297759,358.676,51,1410,1215,736735996609,0
heat,1790333027.3015604,4877078.990296514,359.007,51,1410,1215,736736032721,0
heat,1790333027.3515563,4877079.040292719,359.007,51,1410,1215,736736032721,0
heat,1790333027.4015622,4877079.090298355,359.276,51,1410,1215,736736068793,0
heat,1790333027.4515553,4877079.14029174,359.276,51,1410,1215,736736068793,0
heat,1790333027.5015583,4877079.190294636,359.545,51,1410,1215,736736104970,0
heat,1790333027.5515587,4877079.240294931,359.545,51,1410,1215,736736104970,0
heat,1790333027.6015608,4877079.290297046,360.137,51,1410,1215,736736141161,0
heat,1790333027.6515594,4877079.340295812,360.137,51,1410,1215,736736141161,0
heat,1790333027.701558,4877079.390294407,360.137,51,1410,1215,736736177332,0
heat,1790333027.7515612,4877079.440297562,360.137,51,1410,1215,736736177332,0
heat,1790333027.801559,4877079.490295427,360.137,51,1410,1215,736736213530,0
heat,1790333027.8515587,4877079.540294903,360.137,51,1410,1215,736736213530,0
heat,1790333027.9015596,4877079.590295838,360.467,52,1410,1215,736736249655,0
heat,1790333027.9515555,4877079.640292014,360.467,52,1410,1215,736736249655,0
heat,1790333028.0015588,4877079.690294949,360.467,52,1410,1215,736736286026,0
heat,1790333028.0515614,4877079.740297904,360.467,52,1410,1215,736736286026,0
heat,1790333028.1015618,4877079.790298189,359.868,52,1410,1215,736736322174,0
heat,1790333028.1515586,4877079.840295035,359.868,52,1410,1215,736736322174,0
heat,1790333028.2015593,4877079.89029552,360.137,52,1410,1215,736736358385,0
heat,1790333028.2515583,4877079.940294585,360.137,52,1410,1215,736736358385,0
heat,1790333028.3015769,4877079.990313191,360.137,52,1410,1215,736736394653,0
heat,1790333028.3515563,4877080.040292556,360.137,52,1410,1215,736736394653,0
heat,1790333028.4015586,4877080.090294901,360.137,52,1410,1215,736736430977,0
heat,1790333028.4515557,4877080.140292007,360.137,52,1410,1215,736736430977,0
heat,1790333028.5015597,4877080.190296102,360.137,52,1410,1215,736736467258,0
heat,1790333028.5515556,4877080.240291958,360.137,52,1410,1215,736736467258,0
heat,1790333028.6015627,4877080.290298963,360.137,52,1410,1215,736736503397,0
heat,1790333028.6515553,4877080.340291758,360.137,52,1410,1215,736736503397,0
heat,1790333028.7015607,4877080.390297083,360.137,52,1410,1215,736736539670,0
heat,1790333028.7515547,4877080.440291099,360.137,52,1410,1215,736736539670,0
heat,1790333028.8015618,4877080.490298124,360.137,52,1410,1215,736736575994,0
heat,1790333028.8515565,4877080.540292789,360.137,52,1410,1215,736736575994,0
heat,1790333028.901601,4877080.590337384,359.868,52,1410,1215,736736612263,0
heat,1790333028.9515562,4877080.6402924,359.868,52,1410,1215,736736612263,0
heat,1790333029.0015597,4877080.690296155,359.868,52,1410,1215,736736648566,0
heat,1790333029.0515556,4877080.740291801,359.868,52,1410,1215,736736648566,0
heat,1790333029.1015599,4877080.790296066,359.868,52,1410,1215,736736684843,0
heat,1790333029.1515558,4877080.840292121,359.868,52,1410,1215,736736684843,0
heat,1790333029.2015584,4877080.890294667,359.868,52,1410,1215,736736721153,0
heat,1790333029.2515583,4877080.940294722,359.868,52,1410,1215,736736721153,0
heat,1790333029.3015592,4877080.990295557,359.868,52,1410,1215,736736757483,0
heat,1790333029.3515265,4877081.040262783,359.868,52,1410,1215,736736757483,0
heat,1790333029.4015605,4877081.090296928,359.545,52,1410,1215,736736793811,0
heat,1790333029.4515553,4877081.140291693,359.545,52,1410,1215,736736793811,0
heat,1790333029.5015614,4877081.190297509,359.545,52,1410,1215,736736830131,0
heat,1790333029.5515552,4877081.240291454,359.545,52,1410,1215,736736830131,0
heat,1790333029.6015608,4877081.290297139,359.545,52,1410,1215,736736867031,0
heat,1790333029.6515207,4877081.340256925,360.137,52,1410,1215,736736867031,0
heat,1790333029.7015188,4877081.390254761,360.137,53,1410,1215,736736867031,0
heat,1790333029.7515166,4877081.440252876,360.137,53,1410,1215,736736903414,0
heat,1790333029.8015177,4877081.490253901,360.467,53,1410,1215,736736903414,0
heat,1790333029.851552,4877081.540288226,360.467,53,1410,1215,736736939675,0
heat,1790333029.9015615,4877081.590298001,360.467,53,1410,1215,736736939675,0
heat,1790333029.9515557,4877081.640292017,360.467,53,1410,1215,736736975908,0
heat,1790333030.001561,4877081.690297082,360.137,53,1410,1215,736736975908,0
heat,1790333030.051556,4877081.740292327,360.137,53,1410,1215,736737012281,0
heat,1790333030.101559,4877081.790295413,359.868,53,1410,1215,736737012281,0
heat,1790333030.1515574,4877081.840293578,359.868,53,1410,1215,736737048564,0
heat,1790333030.2015593,4877081.890295453,359.868,53,1410,1215,736737048564,0
heat,1790333030.251556,4877081.940292229,359.868,53,1410,1215,736737084960,0
heat,1790333030.3015587,4877081.990295224,360.137,53,1410,1215,736737084960,0
heat,1790333030.3515558,4877082.040292069,360.137,53,1410,1215,736737121344,0
heat,1790333030.4015622,4877082.090298275,359.868,53,1410,1215,736737121344,0
heat,1790333030.4515555,4877082.14029177,359.868,53,1410,1215,736737157847,0
heat,1790333030.501558,4877082.190294305,360.467,53,1410,1215,736737157847,0
heat,1790333030.5515552,4877082.240291351,360.467,53,1410,1215,736737194217,0
heat,1790333030.6015596,4877082.290295776,360.467,53,1410,1215,736737194217,0
heat,1790333030.6515565,4877082.340292811,360.467,53,1410,1215,736737230651,0
heat,1790333030.7015579,4877082.390294117,360.736,53,1410,1215,736737230651,0
heat,1790333030.7515593,4877082.440295502,360.736,53,1410,1215,736737267057,0
heat,1790333030.801558,4877082.490294217,360.736,53,1410,1215,736737267057,0
heat,1790333030.8515594,4877082.540295613,360.736,53,1410,1215,736737303560,0
heat,1790333030.9015598,4877082.590296128,360.467,53,1410,1215,736737303560,0
heat,1790333030.9515557,4877082.640292123,360.467,53,1410,1215,736737340029,0
heat,1790333031.0015588,4877082.690295039,361.005,53,1410,1215,736737340029,0
heat,1790333031.051556,4877082.740292314,361.005,53,1410,1215,736737376509,0
heat,1790333031.1015582,4877082.790294779,361.005,53,1410,1215,736737376509,0
heat,1790333031.1515553,4877082.840291595,361.005,53,1410,1215,736737412926,0
heat,1790333031.2015603,4877082.89029647,361.005,53,1410,1215,736737412926,0
heat,1790333031.2515564,4877082.940292645,361.005,53,1410,1215,736737449482,0
heat,1790333031.3015609,4877082.990297141,361.874,53,1410,1215,736737449482,0
heat,1790333031.3515594,4877083.040295696,361.874,53,1410,1215,736737485895,0
heat,1790333031.401559,4877083.090295411,361.328,53,1410,1215,736737485895,0
heat,1790333031.451626,4877083.140362376,361.328,53,1410,1215,736737522396,0
heat,1790333031.5015607,4877083.190296982,361.328,53,1410,1215,736737522396,0
heat,1790333031.551559,4877083.240295137,361.328,53,1410,1215,736737558841,0
heat,1790333031.601558,4877083.290294393,361.605,53,1410,1215,736737558841,0
heat,1790333031.6515565,4877083.340292808,361.605,53,1410,1215,736737595402,0
heat,1790333031.7015595,4877083.390295793,361.605,54,1410,1215,736737595402,0
heat,1790333031.7515616,4877083.440297999,361.605,54,1410,1215,736737631852,0
heat,1790333031.8015578,4877083.490294194,361.874,54,1410,1215,736737631852,0
heat,1790333031.851557,4877083.540293319,361.874,54,1410,1215,736737668381,0
heat,1790333031.9015594,4877083.590295695,361.874,54,1410,1215,736737668381,0
heat,1790333031.951555,4877083.64029137,361.874,54,1410,1215,736737704771,0
heat,1790333032.0015616,4877083.690297765,361.874,54,1410,1215,736737704771,0
heat,1790333032.051559,4877083.740295331,361.874,54,1410,1215,736737741222,0
heat,1790333032.1015584,4877083.790294886,362.197,54,1410,1215,736737741222,0
heat,1790333032.1515584,4877083.840294601,362.197,54,1410,1215,736737777669,0
heat,1790333032.2015595,4877083.890295747,361.874,54,1410,1215,736737815054,0
heat,1790333032.2695053,4877083.958240966,361.874,54,1410,1215,736737815054,0
heat,1790333032.3195832,4877084.00831927,361.874,54,1410,1215,736737815054,0
heat,1790333032.3695774,4877084.058313416,361.874,54,1410,1215,736737851568,0
heat,1790333032.41958,4877084.108315881,361.005,54,1410,1215,736737851568,0
heat,1790333032.4695861,4877084.158322156,361.005,54,1410,1215,736737888326,0
heat,1790333032.519625,4877084.208361341,365.987,54,1410,1215,736737888326,0
heat,1790333032.5696278,4877084.258364016,365.987,54,1410,1215,736737925337,0
heat,1790333032.6196265,4877084.308362782,366.848,54,1410,1215,736737925337,0
heat,1790333032.6696293,4877084.358365637,366.848,54,1410,1215,736737962392,0
heat,1790333032.719629,4877084.408365252,367.125,54,1410,1215,736737962392,0
heat,1790333032.769639,4877084.458375257,367.125,54,1410,1215,736737999430,0
heat,1790333032.81963,4877084.508366123,367.448,54,1410,1215,736737999430,0
heat,1790333032.8696265,4877084.558362908,367.448,54,1410,1215,736738036559,0
heat,1790333032.9196281,4877084.608364464,367.717,54,1410,1215,736738036559,0
heat,1790333032.9696279,4877084.658364179,367.717,54,1410,1215,736738073595,0
heat,1790333033.0196264,4877084.708362664,367.717,54,1410,1215,736738073595,0
heat,1790333033.0696259,4877084.75836226,367.717,54,1410,1215,736738110723,0
heat,1790333033.1196265,4877084.808362715,368.586,54,1410,1215,736738110723,0
heat,1790333033.169632,4877084.85836824,368.586,54,1410,1215,736738147817,0
heat,1790333033.2196267,4877084.908363085,368.855,54,1410,1215,736738147817,0
heat,1790333033.2696264,4877084.958362781,368.855,54,1410,1215,736738185079,0
heat,1790333033.3196256,4877085.008362076,368.855,54,1410,1215,736738185079,0
heat,1790333033.3696287,4877085.058365002,368.855,54,1410,1215,736738222218,0
heat,1790333033.4196267,4877085.108362977,368.855,54,1410,1215,736738222218,0
heat,1790333033.4696293,4877085.158365382,368.855,54,1410,1215,736738259432,0
heat,1790333033.519626,4877085.208362158,369.447,55,1410,1215,736738259432,0
heat,1790333033.569628,4877085.258364143,369.447,55,1410,1215,736738296600,0
heat,1790333033.6196265,4877085.308362888,369.447,55,1410,1215,736738296600,0
heat,1790333033.6696289,4877085.358365303,369.447,55,1410,1215,736738333751,0
heat,1790333033.719626,4877085.408362299,369.447,55,1410,1215,736738333751,0
heat,1790333033.7696288,4877085.458364994,369.447,55,1410,1215,736738370966,0
heat,1790333033.819627,4877085.50836317,369.777,55,1410,1215,736738370966,0
heat,1790333033.8696263,4877085.558362665,369.777,55,1410,1215,736738408165,0
heat,1790333033.919624,4877085.60836058,370.047,55,1410,1215,736738408165,0
heat,1790333033.9696293,4877085.658365536,370.047,55,1410,1215,736738445331,0
heat,1790333034.0196254,4877085.708361841,369.777,55,1410,1215,736738445331,0
heat,1790333034.0696268,4877085.758363046,369.777,55,1410,1215,736738482554,0
heat,1790333034.1196291,4877085.808365471,369.777,55,1410,1215,736738482554,0
heat,1790333034.1696267,4877085.858362857,369.777,55,1410,1215,736738519774,0
heat,1790333034.2196255,4877085.908361662,369.777,55,1410,1215,736738519774,0
heat,1790333034.2696257,4877085.958361797,369.777,55,1410,1215,736738557098,0
heat,1790333034.319626,4877086.008362213,369.777,55,1410,1215,736738557098,0
heat,1790333034.3696275,4877086.058363658,369.777,55,1410,1215,736738594200,0
heat,1790333034.419627,4877086.108363234,369.777,55,1410,1215,736738594200,0
heat,1790333034.469626,4877086.158362229,369.777,55,1410,1215,736738631426,0
heat,1790333034.519627,4877086.208363254,369.447,55,1410,1215,736738631426,0
heat,1790333034.5696259,4877086.258362189,369.447,55,1410,1215,736738668657,0
heat,1790333034.6196265,4877086.308362805,369.777,55,1410,1215,736738668657,0
heat,1790333034.669627,4877086.35836307,369.777,55,1410,1215,736738705952,0
heat,1790333034.7196288,4877086.408365115,369.777,55,1410,1215,736738705952,0
heat,1790333034.7696269,4877086.458363191,369.777,55,1410,1215,736738743216,0
heat,1790333034.8196263,4877086.508362446,369.447,55,1410,1215,736738743216,0
heat,1790333034.8696291,4877086.558365581,369.447,55,1410,1215,736738780480,0
heat,1790333034.919629,4877086.608365277,369.447,55,1410,1215,736738780480,0
heat,1790333034.9696238,4877086.658360192,369.447,55,1410,1215,736738817662,0
heat,1790333035.0196292,4877086.708365557,369.447,55,1410,1215,736738817662,0
heat,1790333035.069626,4877086.758362483,369.447,55,1410,1215,736738854885,0
heat,1790333035.1196265,4877086.808362788,369.178,55,1410,1215,736738854885,0
heat,1790333035.1696267,4877086.858362783,369.178,55,1410,1215,736738892133,0
heat,1790333035.2196264,4877086.908362839,369.178,55,1410,1215,736738892133,0
heat,1790333035.269626,4877086.958362164,369.178,55,1410,1215,736738929410,0
heat,1790333035.3196256,4877087.008361939,369.178,55,1410,1215,736738929410,0
heat,1790333035.3696294,4877087.058365665,369.178,55,1410,1215,736738966641,0
heat,1790333035.4196258,4877087.10836211,369.178,55,1410,1215,736738966641,0
heat,1790333035.4696257,4877087.158361916,369.178,55,1410,1215,736739003940,0
heat,1790333035.5196292,4877087.208365731,369.447,55,1410,1215,736739003940,0
heat,1790333035.5696263,4877087.258362786,369.447,55,1410,1215,736739041180,0
heat,1790333035.6196265,4877087.308362651,369.178,55,1410,1215,736739041180,0
heat,1790333035.6696258,4877087.358362267,369.178,55,1410,1215,736739078421,0
heat,1790333035.7196264,4877087.408362812,368.855,55,1410,1215,736739078421,0
heat,1790333035.7696264,4877087.458362737,368.855,55,1410,1215,736739115728,0
heat,1790333035.8196256,4877087.508362023,369.178,56,1410,1215,736739115728,0
heat,1790333035.8696272,4877087.558363428,369.178,56,1410,1215,736739153030,0
heat,1790333035.9196262,4877087.608362583,369.178,56,1410,1215,736739153030,0
heat,1790333035.9696264,4877087.658362749,369.178,56,1410,1215,736739190288,0
heat,1790333036.0196276,4877087.708363924,369.178,56,1410,1215,736739190288,0
heat,1790333036.0696294,4877087.758365629,369.178,56,1410,1215,736739227645,0
heat,1790333036.119627,4877087.808363165,369.178,56,1410,1215,736739227645,0
heat,1790333036.169627,4877087.85836327,369.178,56,1410,1215,736739264930,0
heat,1790333036.2196293,4877087.908365545,369.178,56,1410,1215,736739264930,0
heat,1790333036.2696285,4877087.958364751,369.178,56,1410,1215,736739302238,0
heat,1790333036.3196297,4877088.008365966,369.178,56,1410,1215,736739302238,0
heat,1790333036.3696263,4877088.058362611,369.178,56,1410,1215,736739339483,0
heat,1790333036.4196262,4877088.108362637,369.447,56,1410,1215,736739339483,0
heat,1790333036.469626,4877088.158362152,369.447,56,1410,1215,736739376777,0
heat,1790333036.5196269,4877088.208363087,369.777,56,1410,1215,736739376777,0
heat,1790333036.5696287,4877088.258364933,369.777,56,1410,1215,736739414101,0
heat,1790333036.619627,4877088.308363368,369.777,56,1410,1215,736739414101,0
heat,1790333036.6696267,4877088.358362863,369.777,56,1410,1215,736739451435,0
heat,1790333036.7196293,4877088.408365689,369.777,56,1410,1215,736739451435,0
heat,1790333036.7696288,4877088.458364934,369.777,56,1410,1215,736739488824,0
heat,1790333036.8196263,4877088.508362509,370.047,56,1410,1215,736739488824,0
heat,1790333036.8696263,4877088.558362755,370.047,56,1410,1215,736739526171,0
heat,1790333036.9196274,4877088.60836376,370.047,56,1410,1215,736739526171,0
heat,1790333036.9696279,4877088.658364305,370.047,56,1410,1215,736739563440,0
heat,1790333037.0196269,4877088.708363011,370.316,56,1410,1215,736739563440,0
heat,1790333037.0696294,4877088.758365616,370.316,56,1410,1215,736739600778,0
heat,1790333037.1196291,4877088.808365211,370.316,56,1410,1215,736739600778,0
heat,1790333037.169627,4877088.858363217,370.316,56,1410,1215,736739638064,0
heat,1790333037.2196262,4877088.908362502,371.184,56,1410,1215,736739638064,0
heat,1790333037.2696285,4877088.958364787,371.184,56,1410,1215,736739675403,0
heat,1790333037.3196237,4877089.008360033,371.507,56,1410,1215,736739675403,0
heat,1790333037.369629,4877089.058365208,371.507,56,1410,1215,736739675403,0
heat,1790333037.419629,4877089.108365403,370.908,56,1410,1215,736739713239,0
heat,1790333037.469627,4877089.158363279,370.908,56,1410,1215,736739713239,0
heat,1790333037.5196288,4877089.208365084,371.776,56,1410,1215,736739750317,0
heat,1790333037.5696297,4877089.258366049,371.776,56,1410,1215,736739750317,0
heat,1790333037.6196272,4877089.308363525,372.099,56,1410,1215,736739787498,0
heat,1790333037.6696255,4877089.35836181,372.099,56,1410,1215,736739787498,0
heat,1790333037.719627,4877089.408363405,372.099,56,1410,1215,736739824894,0
heat,1790333037.76963,4877089.458366181,372.099,56,1410,1215,736739824894,0
heat,1790333037.819627,4877089.508363356,372.368,56,1410,1215,736739862317,0
heat,1790333037.8696275,4877089.558363811,372.368,56,1410,1215,736739862317,0
heat,1790333037.9196265,4877089.608362727,372.368,56,1410,1215,736739899766,0
heat,1790333037.9696252,4877089.658361702,372.368,56,1410,1215,736739899766,0
heat,1790333038.0196283,4877089.708364477,372.099,56,1410,1215,736739937183,0
heat,1790333038.0696301,4877089.758366403,372.099,56,1410,1215,736739937183,0
heat,1790333038.1196282,4877089.808364608,371.776,56,1410,1215,736739974607,0
heat,1790333038.1696258,4877089.858362243,371.776,56,1410,1215,736739974607,0
heat,1790333038.2196288,4877089.908365009,372.099,56,1410,1215,736740012038,0
heat,1790333038.2696292,4877089.958365494,372.099,56,1410,1215,736740012038,0
heat,1790333038.319626,4877090.008362269,371.776,57,1410,1215,736740049503,0
heat,1790333038.3696284,4877090.058364705,371.776,57,1410,1215,736740049503,0
heat,1790333038.419627,4877090.10836321,371.776,57,1410,1215,736740086924,0
heat,1790333038.4696271,4877090.158363435,371.776,57,1410,1215,736740086924,0
heat,1790333038.5196269,4877090.208363101,371.507,57,1410,1215,736740124273,0
heat,1790333038.569629,4877090.258365156,371.507,57,1410,1215,736740124273,0
heat,1790333038.6196263,4877090.308362581,371.507,57,1410,1215,736740161639,0
heat,1790333038.6696265,4877090.358362767,371.507,57,1410,1215,736740161639,0
heat,1790333038.7196298,4877090.408366052,371.507,57,1410,1215,736740199073,0
heat,1790333038.7696273,4877090.458363697,371.507,57,1410,1215,736740199073,0
heat,1790333038.8196297,4877090.508365753,371.184,57,1410,1215,736740236499,0
heat,1790333038.869627,4877090.558363158,371.184,57,1410,1215,736740236499,0
heat,1790333038.919629,4877090.608365303,371.184,57,1410,1215,736740273964,0
heat,1790333038.9696264,4877090.658362599,371.184,57,1410,1215,736740273964,0
heat,1790333039.019627,4877090.708363324,371.184,57,1410,1215,736740311379,0
heat,1790333039.0696292,4877090.758365449,371.184,57,1410,1215,736740311379,0
heat,1790333039.1196234,4877090.808359615,371.184,57,1410,1215,736740348876,0
heat,1790333039.169626,4877090.85836239,371.184,57,1410,1215,736740348876,0
heat,1790333039.2196283,4877090.908364615,371.184,57,1410,1215,736740386321,0
heat,1790333039.2696266,4877090.958362781,371.184,57,1410,1215,736740386321,0
heat,1790333039.3196266,4877091.008362806,371.184,57,1410,1215,736740423819,0
heat,1790333039.3696263,4877091.058362661,371.184,57,1410,1215,736740423819,0
heat,1790333039.41963,4877091.108366297,370.908,57,1410,1215,736740461265,0
heat,1790333039.4696264,4877091.158362642,370.908,57,1410,1215,736740461265,0
heat,1790333039.519627,4877091.208363457,370.908,57,1410,1215,736740498924,0
heat,1790333039.569627,4877091.258363363,370.908,57,1410,1215,736740498924,0
heat,1790333039.6196291,4877091.308365358,371.184,57,1410,1215,736740536402,0
heat,1790333039.6696267,4877091.358363053,371.184,57,1410,1215,736740536402,0
heat,1790333039.7196257,4877091.408362069,370.908,57,1410,1215,736740573957,0
heat,1790333039.7696292,4877091.458365434,370.908,57,1410,1215,736740573957,0
heat,1790333039.8196297,4877091.508365799,370.908,57,1410,1215,736740611442,0
heat,1790333039.8696263,4877091.558362655,370.908,57,1410,1215,736740611442,0
heat,1790333039.9196382,4877091.60837459,371.184,57,1410,1215,736740649226,0
heat,1790333039.96963,4877091.658366175,371.184,57,1410,1215,736740649226,0
heat,1790333040.0196095,4877091.708345621,371.184,57,1410,1215,736740686626,0
heat,1790333040.0696123,4877091.758348596,371.184,57,1410,1215,736740686626,0
heat,1790333040.1196146,4877091.808351061,371.507,57,1410,1215,736740724270,0
heat,1790333040.1696146,4877091.858350737,371.507,57,1410,1215,736740724270,0
heat,1790333040.2195938,4877091.908329812,371.507,57,1410,1215,736740761788,0
heat,1790333040.2695973,4877091.958333558,371.507,57,1410,1215,736740761788,0
heat,1790333040.3195925,4877092.008328573,371.507,57,1410,1215,736740799284,0
heat,1790333040.3695836,4877092.058319588,371.507,57,1410,1215,736740799284,0
heat,1790333040.419623,4877092.108359123,372.099,57,1410,1215,736740836821,0
heat,1790333040.4696245,4877092.158360768,372.099,57,1410,1215,736740836821,0
heat,1790333040.5196302,4877092.208366334,371.776,57,1410,1215,736740874400,0
heat,1790333040.5696244,4877092.258360799,371.776,57,1410,1215,736740874400,0
heat,1790333040.6196246,4877092.308361075,372.099,57,1410,1215,736740911892,0
heat,1790333040.6696222,4877092.35835857,372.099,57,1410,1215,736740911892,0
heat,1790333040.719594,4877092.408330196,372.099,57,1410,1215,736740950714,0
heat,1790333040.769583,4877092.458319221,373.237,57,1410,1215,736740950714,0
heat,1790333040.8195853,4877092.508321396,373.237,57,1410,1215,736740987581,0
heat,1790333040.8695815,4877092.558317602,373.237,57,1410,1215,736740987581,0
heat,1790333040.9196205,4877092.608356897,372.968,57,1410,1215,736741025400,0
heat,1790333040.9696221,4877092.658358272,372.968,57,1410,1215,736741025400,0
heat,1790333041.019626,4877092.708362257,372.968,57,1410,1215,736741062850,0
heat,1790333041.069622,4877092.758358493,372.968,57,1410,1215,736741062850,0
heat,1790333041.1196256,4877092.808361708,372.968,58,1410,1215,736741100409,0
heat,1790333041.1696222,4877092.858358543,372.968,58,1410,1215,736741100409,0
heat,1790333041.2196276,4877092.908363869,372.968,58,1410,1215,736741137952,0
heat,1790333041.2696257,4877092.958361794,372.968,58,1410,1215,736741137952,0
heat,1790333041.3196247,4877093.008360939,372.968,58,1410,1215,736741175574,0
heat,1790333041.3696275,4877093.058363674,372.968,58,1410,1215,736741175574,0
heat,1790333041.4196262,4877093.10836259,372.968,58,1410,1215,736741213133,0
heat,1790333041.469625,4877093.158361395,372.968,58,1410,1215,736741213133,0
heat,1790333041.5196261,4877093.20836257,372.968,58,1410,1215,736741250731,0
heat,1790333041.5696225,4877093.258358706,372.968,58,1410,1215,736741250731,0
heat,1790333041.6196246,4877093.308361031,373.237,58,1410,1215,736741288288,0
heat,1790333041.669623,4877093.358358977,373.237,58,1410,1215,736741288288,0
heat,1790333041.719625,4877093.408361132,372.968,58,1410,1215,736741325890,0
heat,1790333041.769623,4877093.458359387,372.968,58,1410,1215,736741325890,0
heat,1790333041.819625,4877093.508361152,373.237,58,1410,1215,736741363511,0
heat,1790333041.8696225,4877093.558358678,373.237,58,1410,1215,736741363511,0
heat,1790333041.9196272,4877093.608363493,374.106,58,1410,1215,736741401187,0
heat,1790333041.9696238,4877093.658360048,374.106,58,1410,1215,736741401187,0
heat,1790333042.019627,4877093.708363304,374.429,58,1410,1215,736741438770,0
heat,1790333042.0696247,4877093.758360799,374.429,58,1410,1215,736741438770,0
heat,1790333042.1196256,4877093.808361775,374.106,58,1410,1215,736741476483,0
heat,1790333042.1696239,4877093.85836006,374.106,58,1410,1215,736741476483,0
heat,1790333042.2196257,4877093.908362165,374.106,58,1410,1215,736741514125,0
heat,1790333042.269627,4877093.95836336,374.106,58,1410,1215,736741514125,0
heat,1790333042.3196266,4877094.008362726,374.106,58,1410,1215,736741551853,0
heat,1790333042.3696291,4877094.058365611,374.106,58,1410,1215,736741551853,0
heat,1790333042.4196265,4877094.108362746,374.429,58,1410,1215,736741589512,0
heat,1790333042.4696238,4877094.158360012,374.429,58,1410,1215,736741589512,0
heat,1790333042.519625,4877094.208361287,373.837,58,1410,1215,736741627154,0
heat,1790333042.5696268,4877094.258363302,373.837,58,1410,1215,736741627154,0
heat,1790333042.6196303,4877094.308366678,374.106,58,1410,1215,736741664774,0
heat,1790333042.6696246,4877094.358360853,374.106,58,1410,1215,736741664774,0
heat,1790333042.7196264,4877094.408362818,373.837,58,1410,1215,736741702477,0
heat,1790333042.7696238,4877094.458360004,373.837,58,1410,1215,736741702477,0
heat,1790333042.8196263,4877094.508362639,374.106,58,1410,1215,736741740127,0
heat,1790333042.8696299,4877094.558366134,374.106,58,1410,1215,736741740127,0
heat,1790333042.9196286,4877094.60836497,373.506,58,1410,1215,736741777814,0
heat,1790333042.9696252,4877094.658361915,373.506,58,1410,1215,736741777814,0
heat,1790333043.0196302,4877094.70836633,373.837,58,1410,1215,736741815491,0
heat,1790333043.0696244,4877094.758360636,373.837,58,1410,1215,736741815491,0
heat,1790333043.119627,4877094.808363211,373.506,58,1410,1215,736741815491,0
heat,1790333043.169624,4877094.858360396,373.506,58,1410,1215,736741853702,0
heat,1790333043.219629,4877094.908365292,374.106,58,1410,1215,736741853702,0
heat,1790333043.2696233,4877094.958359667,374.106,58,1410,1215,736741891082,0
heat,1790333043.3196275,4877095.008363812,374.106,58,1410,1215,736741891082,0
heat,1790333043.3696241,4877095.058360418,374.106,58,1410,1215,736741928698,0
heat,1790333043.4196281,4877095.108364393,374.106,58,1410,1215,736741928698,0
heat,1790333043.4696238,4877095.158360288,374.106,58,1410,1215,736741966343,0
heat,1790333043.519626,4877095.208362174,373.837,58,1410,1215,736741966343,0
heat,1790333043.5696297,4877095.258366039,373.837,58,1410,1215,736742004060,0
heat,1790333043.6196263,4877095.308362434,373.506,58,1410,1215,736742004060,0
heat,1790333043.6695967,4877095.35833287,373.506,58,1410,1215,736742041693,0
heat,1790333043.7195919,4877095.408328165,373.506,58,1410,1215,736742041693,0
heat,1790333043.7695835,4877095.458319281,373.506,58,1410,1215,736742079452,0
heat,1790333043.8195906,4877095.508326836,373.837,58,1410,1215,736742079452,0
heat,1790333043.8695824,4877095.558318511,373.837,58,1410,1215,736742117132,0
heat,1790333043.91959,4877095.608325947,373.837,58,1410,1215,736742117132,0
heat,1790333043.9695816,4877095.658317722,373.837,58,1410,1215,736742154920,0
heat,1790333044.0195873,4877095.708323367,374.106,58,1410,1215,736742154920,0
heat,1790333044.0695853,4877095.758321583,374.106,58,1410,1215,736742192592,0
heat,1790333044.1195886,4877095.808324818,373.837,58,1410,1215,736742192592,0
heat,1790333044.1695817,4877095.858317634,373.837,58,1410,1215,736742230315,0
heat,1790333044.2195866,4877095.908322529,374.429,58,1410,1215,736742230315,0
heat,1790333044.2695818,4877095.958317854,374.429,58,1410,1215,736742268017,0
heat,1790333044.3195891,4877096.008325169,374.429,59,1410,1215,736742268017,0
heat,1790333044.3695822,4877096.058318005,374.429,59,1410,1215,736742305857,0
heat,1790333044.419586,4877096.10832198,374.429,59,1410,1215,736742305857,0
heat,1790333044.469582,4877096.158318056,374.429,59,1410,1215,736742343619,0
heat,1790333044.519586,4877096.208321891,374.429,59,1410,1215,736742343619,0
heat,1790333044.5695872,4877096.258323166,374.429,59,1410,1215,736742381407,0
heat,1790333044.6195877,4877096.308323571,374.698,59,1410,1215,736742381407,0
heat,1790333044.669582,4877096.358317967,374.698,59,1410,1215,736742419129,0
heat,1790333044.719591,4877096.408326892,374.429,59,1410,1215,736742419129,0
heat,1790333044.769583,4877096.458319067,374.429,59,1410,1215,736742456952,0
heat,1790333044.8195872,4877096.508323443,374.429,59,1410,1215,736742456952,0
heat,1790333044.869583,4877096.558318998,374.429,59,1410,1215,736742494693,0
heat,1790333044.9196205,4877096.608356793,374.698,59,1410,1215,736742494693,0
heat,1790333044.9696257,4877096.658362108,374.698,59,1410,1215,736742532498,0
heat,1790333045.0196261,4877096.708362474,374.698,59,1410,1215,736742532498,0
heat,1790333045.0696259,4877096.758362289,374.698,59,1410,1215,736742570294,0
heat,1790333045.119628,4877096.808364204,374.698,59,1410,1215,736742570294,0
heat,1790333045.1695874,4877096.85832355,374.698,59,1410,1215,736742609141,0
heat,1790333045.2195914,4877096.908327515,375.297,59,1410,1215,736742609141,0
heat,1790333045.269584,4877096.958319821,375.297,59,1410,1215,736742646838,0
heat,1790333045.3196247,4877097.008360996,379.626,59,1410,1215,736742646838,0
heat,1790333045.3696244,4877097.058360801,379.626,59,1410,1215,736742685246,0
heat,1790333045.4196293,4877097.108365776,379.626,59,1410,1215,736742685246,0
heat,1790333045.469626,4877097.158362202,379.626,59,1410,1215,736742723598,0
heat,1790333045.5196295,4877097.208365807,379.626,59,1410,1215,736742723598,0
heat,1790333045.5696251,4877097.258361302,379.626,59,1410,1215,736742761962,0
heat,1790333045.619626,4877097.308362278,379.357,59,1410,1215,736742761962,0
heat,1790333045.6696234,4877097.358359663,379.357,59,1410,1215,736742800280,0
heat,1790333045.7196255,4877097.408361808,379.357,59,1410,1215,736742800280,0
heat,1790333045.7696238,4877097.458360104,379.357,59,1410,1215,736742838726,0
heat,1790333045.8196285,4877097.508364849,379.357,59,1410,1215,736742838726,0
heat,1790333045.8696237,4877097.558359964,379.357,59,1410,1215,736742877102,0
heat,1790333045.919625,4877097.60836128,379.357,59,1410,1215,736742877102,0
heat,1790333045.9696238,4877097.658360065,379.357,59,1410,1215,736742915469,0
heat,1790333046.0196283,4877097.70836444,379.357,59,1410,1215,736742915469,0
heat,1790333046.0696244,4877097.758360806,379.357,59,1410,1215,736742953791,0
heat,1790333046.1196036,4877097.808340121,379.949,59,1410,1215,736742953791,0
heat,1790333046.1696234,4877097.858359526,379.949,59,1410,1215,736742992232,0
heat,1790333046.219627,4877097.908363311,380.218,59,1410,1215,736742992232,0
heat,1790333046.2696235,4877097.958359977,380.218,59,1410,1215,736743030585,0
heat,1790333046.3196263,4877098.008362542,380.218,59,1410,1215,736743030585,0
heat,1790333046.3696232,4877098.058359708,380.218,59,1410,1215,736743069086,0
heat,1790333046.419625,4877098.108361163,380.817,59,1410,1215,736743069086,0
heat,1790333046.469624,4877098.158360318,380.817,59,1410,1215,736743107535,0
heat,1790333046.5196252,4877098.208361494,380.817,59,1410,1215,736743107535,0
heat,1790333046.5695968,4877098.258332919,380.817,59,1410,1215,736743146006,0
heat,1790333046.6196268,4877098.308363124,380.817,59,1410,1215,736743146006,0
heat,1790333046.6695907,4877098.35832718,380.817,59,1410,1215,736743184369,0
heat,1790333046.7196252,4877098.408361495,382.278,59,1410,1215,736743184369,0
heat,1790333046.7695918,4877098.458328171,382.278,59,1410,1215,736743222890,0
heat,1790333046.8196256,4877098.508361956,382.278,60,1410,1215,736743222890,0
heat,1790333046.8695924,4877098.558328701,382.278,60,1410,1215,736743261299,0
heat,1790333046.919626,4877098.608362276,382.547,60,1410,1215,736743261299,0
heat,1790333046.9695902,4877098.658326632,382.547,60,1410,1215,736743299775,0
heat,1790333047.0196285,4877098.708364797,382.278,60,1410,1215,736743299775,0
heat,1790333047.0695922,4877098.758328703,382.278,60,1410,1215,736743338245,0
heat,1790333047.1196268,4877098.808362997,382.278,60,1410,1215,736743338245,0
heat,1790333047.1695921,4877098.858328493,382.278,60,1410,1215,736743376795,0
heat,1790333047.2196279,4877098.908364058,382.547,60,1410,1215,736743376795,0
heat,1790333047.2695909,4877098.958327084,382.547,60,1410,1215,736743415238,0
heat,1790333047.3196287,4877099.008365129,382.547,60,1410,1215,736743415238,0
heat,1790333047.369631,4877099.058367164,382.547,60,1410,1215,736743453753,0
heat,1790333047.4196289,4877099.1083651,382.547,60,1410,1215,736743453753,0
heat,1790333047.4696274,4877099.158363605,382.547,60,1410,1215,736743492175,0
heat,1790333047.5196276,4877099.20836376,382.278,60,1410,1215,736743492175,0
heat,1790333047.5696268,4877099.258363115,382.278,60,1410,1215,736743530811,0
heat,1790333047.6196275,4877099.308363741,382.547,60,1410,1215,736743530811,0
heat,1790333047.6696274,4877099.358363706,382.547,60,1410,1215,736743569420,0
heat,1790333047.719629,4877099.408365471,382.547,60,1410,1215,736743569420,0
heat,1790333047.7696264,4877099.458362667,382.547,60,1410,1215,736743607722,0
heat,1790333047.8196263,4877099.508362662,382.547,60,1410,1215,736743607722,0
heat,1790333047.8696294,4877099.558365767,382.547,60,1410,1215,736743646117,0
heat,1790333047.9196272,4877099.608363503,382.547,60,1410,1215,736743646117,0
heat,1790333047.9696271,4877099.658363468,382.547,60,1410,1215,736743684627,0
heat,1790333048.019626,4877099.708362203,382.547,60,1410,1215,736743684627,0
heat,1790333048.069629,4877099.758365199,382.547,60,1410,1215,736743723094,0
heat,1790333048.119627,4877099.808363504,382.278,60,1410,1215,736743723094,0
heat,1790333048.1696243,4877099.858360629,382.278,60,1410,1215,736743761554,0
heat,1790333048.2196264,4877099.908362735,381.955,60,1410,1215,736743761554,0
heat,1790333048.2696276,4877099.95836386,381.955,60,1410,1215,736743800040,0
heat,1790333048.3196268,4877100.008363045,382.278,60,1410,1215,736743800040,0
heat,1790333048.3696294,4877100.058365761,382.278,60,1410,1215,736743838542,0
heat,1790333048.4196286,4877100.108364886,381.955,60,1410,1215,736743838542,0
heat,1790333048.4696276,4877100.158363911,381.955,60,1410,1215,736743877101,0
heat,1790333048.519626,4877100.208362317,381.955,60,1410,1215,736743877101,0
heat,1790333048.5696263,4877100.258362662,381.955,60,1410,1215,736743915585,0
heat,1790333048.6196256,4877100.308361627,381.409,60,1410,1215,736743915585,0
heat,1790333048.6696272,4877100.358363423,381.409,60,1410,1215,736743954060,0
heat,1790333048.719629,4877100.408365408,381.409,60,1410,1215,736743954060,0
heat,1790333048.7696269,4877100.458363223,381.409,60,1410,1215,736743992635,0
heat,1790333048.819627,4877100.508363179,381.409,60,1410,1215,736743992635,0
heat,1790333048.8696272,4877100.558363384,381.409,60,1410,1215,736744031112,0
heat,1790333048.9196293,4877100.608365519,381.955,60,1410,1215,736744031112,0
heat,1790333048.9696298,4877100.658365915,381.955,60,1410,1215,736744031112,0
heat,1790333049.019627,4877100.70836334,382.547,60,1410,1215,736744070297,0
heat,1790333049.0696297,4877100.758366075,382.547,60,1410,1215,736744070297,0
heat,1790333049.1196256,4877100.808361701,381.955,60,1410,1215,736744108822,0
heat,1790333049.1696272,4877100.858363556,381.955,60,1410,1215,736744108822,0
heat,1790333049.219626,4877100.908362341,381.955,60,1410,1215,736744147137,0
heat,1790333049.2696304,4877100.958366657,381.955,60,1410,1215,736744147137,0
heat,1790333049.3196297,4877101.008366072,381.409,60,1410,1215,736744185372,0
heat,1790333049.3696272,4877101.058363337,381.409,60,1410,1215,736744185372,0
heat,1790333049.419626,4877101.108362163,381.409,60,1410,1215,736744223922,0
heat,1790333049.4696298,4877101.158365948,381.409,60,1410,1215,736744223922,0
heat,1790333049.5196292,4877101.208365583,381.086,60,1410,1215,736744262432,0
heat,1790333049.5696266,4877101.258363019,381.086,60,1410,1215,736744262432,0
heat,1790333049.619628,4877101.308364384,381.086,60,1410,1215,736744301004,0
heat,1790333049.6696265,4877101.358362739,381.086,60,1410,1215,736744301004,0
heat,1790333049.7196264,4877101.408362835,381.409,60,1410,1215,736744339527,0
heat,1790333049.7696295,4877101.45836584,381.409,60,1410,1215,736744339527,0
heat,1790333049.8196244,4877101.508360795,381.409,60,1410,1215,736744378078,0
heat,1790333049.8696294,4877101.558365641,381.409,60,1410,1215,736744378078,0
heat,1790333049.9196296,4877101.608365886,381.409,60,1410,1215,736744416632,0
heat,1790333049.9696283,4877101.658364621,381.409,60,1410,1215,736744416632,0
heat,1790333050.0196257,4877101.708362037,381.086,60,1410,1215,736744455223,0
heat,1790333050.0696297,4877101.758365972,381.086,60,1410,1215,736744455223,0
heat,1790333050.1196277,4877101.808363997,381.955,60,1410,1215,736744493778,0
heat,1790333050.1696267,4877101.858362983,381.955,60,1410,1215,736744493778,0
heat,1790333050.219625,4877101.908361338,382.278,60,1410,1215,736744532372,0
heat,1790333050.26963,4877101.958366323,382.278,60,1410,1215,736744532372,0
heat,1790333050.319627,4877102.008363219,382.278,60,1410,1215,736744570938,0
heat,1790333050.369626,4877102.058362514,382.278,60,1410,1215,736744570938,0
heat,1790333050.4196274,4877102.108363849,382.547,60,1410,1215,736744609574,0
heat,1790333050.4696267,4877102.158362835,382.547,60,1410,1215,736744609574,0
heat,1790333050.5196269,4877102.20836302,382.547,61,1410,1215,736744648192,0
heat,1790333050.5696294,4877102.258365875,382.547,61,1410,1215,736744648192,0
heat,1790333050.6196272,4877102.308363441,382.816,60,1410,1215,736744686825,0
heat,1790333050.6696265,4877102.358362706,382.816,60,1410,1215,736744686825,0
heat,1790333050.719629,4877102.408365231,384.008,60,1410,1215,736744725494,0
heat,1790333050.7696269,4877102.458363237,384.008,60,1410,1215,736744725494,0
heat,1790333050.8196251,4877102.508361462,384.008,61,1410,1215,736744764110,0
heat,1790333050.8696263,4877102.558362647,384.008,61,1410,1215,736744764110,0
heat,1790333050.9196267,4877102.608363143,384.008,61,1410,1215,736744802733,0
heat,1790333050.9696264,4877102.658362718,384.008,61,1410,1215,736744802733,0
heat,1790333051.019628,4877102.708364293,384.008,61,1410,1215,736744841437,0
heat,1790333051.069626,4877102.758362379,384.008,61,1410,1215,736744841437,0
heat,1790333051.1196241,4877102.808360474,383.739,61,1410,1215,736744880274,0
heat,1790333051.1696267,4877102.858362989,383.739,61,1410,1215,736744880274,0
heat,1790333051.2196274,4877102.908363465,384.277,61,1410,1215,736744918887,0
heat,1790333051.2696278,4877102.95836423,384.277,61,1410,1215,736744918887,0
heat,1790333051.3196287,4877103.008364995,384.608,61,1410,1215,736744957562,0
heat,1790333051.3696284,4877103.058364791,384.608,61,1410,1215,736744957562,0
heat,1790333051.419629,4877103.108365436,384.608,61,1410,1215,736744996349,0
heat,1790333051.4696295,4877103.158365651,384.608,61,1410,1215,736744996349,0
heat,1790333051.519626,4877103.208362247,384.608,61,1410,1215,736745034936,0
heat,1790333051.56963,4877103.258366272,384.608,61,1410,1215,736745034936,0
heat,1790333051.6196253,4877103.308361577,384.277,61,1410,1215,736745073576,0
heat,1790333051.6696293,4877103.358365733,384.277,61,1410,1215,736745073576,0
heat,1790333051.7196264,4877103.408362698,384.608,61,1410,1215,736745112370,0
heat,1790333051.769627,4877103.458363473,384.608,61,1410,1215,736745112370,0
heat,1790333051.819629,4877103.508365209,384.608,61,1410,1215,736745150728,0
heat,1790333051.8696275,4877103.558363634,384.608,61,1410,1215,736745150728,0
heat,1790333051.9196296,4877103.608365829,384.277,61,1410,1215,736745189518,0
heat,1790333051.9696295,4877103.658365705,384.277,61,1410,1215,736745189518,0
heat,1790333052.019628,4877103.70836429,384.008,61,1410,1215,736745228018,0
heat,1790333052.0696287,4877103.758365085,384.008,61,1410,1215,736745228018,0
heat,1790333052.1196275,4877103.808363921,384.008,61,1410,1215,736745266692,0
heat,1790333052.1696303,4877103.858366436,384.008,61,1410,1215,736745266692,0
heat,1790333052.219626,4877103.908362211,384.008,61,1410,1215,736745305346,0
heat,1790333052.269624,4877103.958360417,384.008,61,1410,1215,736745305346,0
heat,1790333052.3196297,4877104.008365932,384.008,61,1410,1215,736745344006,0
heat,1790333052.369629,4877104.058365287,384.008,61,1410,1215,736745344006,0
heat,1790333052.4196289,4877104.108365123,383.739,61,1410,1215,736745382707,0
heat,1790333052.4696305,4877104.158366728,383.739,61,1410,1215,736745382707,0
heat,1790333052.5196269,4877104.208363103,383.739,61,1410,1215,736745421370,0
heat,1790333052.5696287,4877104.258364909,383.739,61,1410,1215,736745421370,0
heat,1790333052.6196268,4877104.308363144,383.739,61,1410,1215,736745460044,0
heat,1790333052.6696272,4877104.358363469,383.739,61,1410,1215,736745460044,0
heat,1790333052.719627,4877104.408363235,383.416,61,1410,1215,736745498711,0
heat,1790333052.769626,4877104.45836224,383.416,61,1410,1215,736745498711,0
heat,1790333052.8196287,4877104.508365135,383.739,61,1410,1215,736745537369,0
heat,1790333052.869629,4877104.558365261,383.739,61,1410,1215,736745537369,0
heat,1790333052.9196262,4877104.608362596,383.139,61,1410,1215,736745576054,0
heat,1790333052.9696286,4877104.658364951,383.139,61,1410,1215,736745576054,0
heat,1790333053.0196276,4877104.708363666,383.139,61,1410,1215,736745614713,0
heat,1790333053.0696292,4877104.758365362,383.139,61,1410,1215,736745614713,0
heat,1790333053.1196256,4877104.808361747,383.139,61,1410,1215,736745653373,0
heat,1790333053.1696284,4877104.858364673,383.139,61,1410,1215,736745653373,0
heat,1790333053.2196257,4877104.908362028,382.816,61,1410,1215,736745692009,0
heat,1790333053.2696295,4877104.958365703,382.816,61,1410,1215,736745692009,0
heat,1790333053.3196263,4877105.008362749,382.816,61,1410,1215,736745730746,0
heat,1790333053.369627,4877105.058363144,382.816,61,1410,1215,736745730746,0
heat,1790333053.4196262,4877105.108362549,382.816,61,1410,1215,736745769483,0
heat,1790333053.4696298,4877105.158366074,382.816,61,1410,1215,736745769483,0
heat,1790333053.5196254,4877105.20836171,382.816,61,1410,1215,736745808241,0
heat,1790333053.5696266,4877105.258363155,382.816,61,1410,1215,736745808241,0
heat,1790333053.6196258,4877105.308361881,382.547,61,1410,1215,736745846957,0
heat,1790333053.6696265,4877105.358362586,382.547,61,1410,1215,736745846957,0
heat,1790333053.7196252,4877105.408361411,382.547,61,1410,1215,736745885654,0
heat,1790333053.769627,4877105.458363447,382.547,61,1410,1215,736745885654,0
heat,1790333053.819626,4877105.508362152,382.547,61,1410,1215,736745924382,0
heat,1790333053.86963,4877105.558366367,382.547,61,1410,1215,736745924382,0
heat,1790333053.9196258,4877105.608362082,382.547,61,1410,1215,736745963056,0
heat,1790333053.9696298,4877105.658366018,382.547,61,1410,1215,736745963056,0
heat,1790333054.0196292,4877105.708365523,382.816,61,1410,1215,736746001778,0
heat,1790333054.0696292,4877105.758365518,382.816,61,1410,1215,736746001778,0
heat,1790333054.1196258,4877105.808362144,382.816,61,1410,1215,736746040508,0
heat,1790333054.1696303,4877105.858366509,382.816,61,1410,1215,736746040508,0
heat,1790333054.2196267,4877105.908363065,383.139,61,1410,1215,736746079489,0
heat,1790333054.269629,4877105.95836536,383.139,61,1410,1215,736746079489,0
heat,1790333054.3196273,4877106.008363485,383.139,61,1410,1215,736746118219,0
heat,1790333054.3696284,4877106.05836468,383.139,61,1410,1215,736746118219,0
heat,1790333054.4196393,4877106.108375646,383.416,61,1410,1215,736746157146,0
heat,1790333054.4696338,4877106.158370081,383.416,61,1410,1215,736746157146,0
heat,1790333054.5196269,4877106.208362946,383.739,61,1410,1215,736746195555,0
heat,1790333054.5696294,4877106.258365652,383.739,61,1410,1215,736746195555,0
heat,1790333054.6196268,4877106.308363017,384.608,61,1410,1215,736746234324,0
heat,1790333054.6696289,4877106.358365202,384.608,61,1410,1215,736746234324,0
heat,1790333054.7196257,4877106.408362008,384.608,61,1410,1215,736746273114,0
heat,1790333054.7696266,4877106.458363023,384.608,61,1410,1215,736746273114,0
heat,1790333054.819626,4877106.508362248,384.877,61,1410,1215,736746311917,0
heat,1790333054.8696275,4877106.558363644,384.877,61,1410,1215,736746311917,0
heat,1790333054.9196064,4877106.608342949,385.146,62,1410,1215,736746350652,0
heat,1790333054.969595,4877106.658330715,385.146,62,1410,1215,736746350652,0
heat,1790333055.019588,4877106.70832427,385.738,61,1410,1215,736746350652,0
heat,1790333055.0695813,4877106.758317246,385.738,61,1410,1215,736746388894,0
heat,1790333055.1196215,4877106.808357771,385.469,62,1410,1215,736746388894,0
heat,1790333055.169627,4877106.858363106,385.469,62,1410,1215,736746427359,0
heat,1790333055.2196248,4877106.908360851,385.469,62,1410,1215,736746427359,0
heat,1790333055.2696254,4877106.958361746,385.469,62,1410,1215,736746466019,0
heat,1790333055.3196254,4877107.008361672,384.877,62,1410,1215,736746466019,0
heat,1790333055.3696263,4877107.058362717,384.877,62,1410,1215,736746504756,0
heat,1790333055.4196286,4877107.108364942,385.146,62,1410,1215,736746504756,0
heat,1790333055.4696286,4877107.158364938,385.146,62,1410,1215,736746543532,0
heat,1790333055.519626,4877107.208362383,385.146,62,1410,1215,736746543532,0
heat,1790333055.5696251,4877107.258361328,385.146,62,1410,1215,736746582264,0
heat,1790333055.619627,4877107.308363384,384.745,62,1410,1215,736746582264,0
heat,1790333055.6696281,4877107.358364579,384.745,62,1410,1215,736746621048,0
heat,1790333055.7196252,4877107.408361554,385.146,62,1410,1215,736746621048,0
heat,1790333055.7696245,4877107.45836095,385.146,62,1410,1215,736746659786,0
heat,1790333055.8196275,4877107.508363915,384.877,62,1410,1215,736746659786,0
heat,1790333055.8696282,4877107.55836434,384.877,62,1410,1215,736746698550,0
heat,1790333055.9196277,4877107.608364146,384.608,62,1410,1215,736746698550,0
heat,1790333055.9696288,4877107.658365301,384.608,62,1410,1215,736746737306,0
heat,1790333056.0196242,4877107.708360396,384.877,62,1410,1215,736746737306,0
heat,1790333056.0696287,4877107.758364992,384.877,62,1410,1215,736746776102,0
heat,1790333056.1196256,4877107.808361647,384.608,62,1410,1215,736746776102,0
heat,1790333056.1696277,4877107.858363792,384.608,62,1410,1215,736746814926,0
heat,1790333056.219627,4877107.908363138,384.608,62,1410,1215,736746814926,0
heat,1790333056.2696257,4877107.958361823,384.608,62,1410,1215,736746853732,0
heat,1790333056.3196242,4877108.008360488,384.877,62,1410,1215,736746853732,0
heat,1790333056.3696249,4877108.058361094,384.877,62,1410,1215,736746892606,0
heat,1790333056.4196281,4877108.108364229,385.146,62,1410,1215,736746892606,0
heat,1790333056.4696248,4877108.158361184,385.146,62,1410,1215,736746931434,0
heat,1790333056.519627,4877108.20836315,385.146,62,1410,1215,736746931434,0
heat,1790333056.569626,4877108.258362435,385.146,62,1410,1215,736746970212,0
heat,1790333056.6196256,4877108.3083618,385.146,62,1410,1215,736746970212,0
heat,1790333056.6696284,4877108.358364666,385.146,62,1410,1215,736747009046,0
heat,1790333056.7196245,4877108.408360761,385.146,62,1410,1215,736747009046,0
heat,1790333056.769626,4877108.458362116,385.146,62,1410,1215,736747047888,0
heat,1790333056.819628,4877108.508364172,384.877,62,1410,1215,736747047888,0
heat,1790333056.8695948,4877108.558331097,384.877,62,1410,1215,736747087298,0
heat,1790333056.9195886,4877108.608324673,384.608,62,1410,1215,736747087298,0
heat,1790333056.96959,4877108.658326068,384.608,62,1410,1215,736747126435,0
heat,1790333057.0196233,4877108.708359403,384.277,62,1410,1215,736747126435,0
heat,1790333057.069629,4877108.758365268,384.277,62,1410,1215,736747165310,0
heat,1790333057.119628,4877108.808364344,384.277,62,1410,1215,736747165310,0
heat,1790333057.1696277,4877108.858363909,384.277,62,1410,1215,736747204150,0
heat,1790333057.219626,4877108.908362384,384.277,62,1410,1215,736747204150,0
heat,1790333057.2696288,4877108.95836511,384.277,62,1410,1215,736747243018,0
heat,1790333057.3196256,4877109.008361895,384.277,62,1410,1215,736747243018,0
heat,1790333057.3696272,4877109.05836346,384.277,62,1410,1215,736747281791,0
heat,1790333057.4196265,4877109.108362876,384.008,62,1410,1215,736747281791,0
heat,1790333057.4696264,4877109.158362591,384.008,62,1410,1215,736747320688,0
heat,1790333057.5196283,4877109.208364576,384.277,62,1410,1215,736747320688,0
heat,1790333057.5696294,4877109.258365742,384.277,62,1410,1215,736747359523,0
heat,1790333057.619629,4877109.308365107,384.277,62,1410,1215,736747359523,0
heat,1790333057.6696265,4877109.358362732,384.277,62,1410,1215,736747398365,0
heat,1790333057.7196288,4877109.408364968,384.008,62,1410,1215,736747398365,0
heat,1790333057.7696273,4877109.458363833,384.008,62,1410,1215,736747437201,0
heat,1790333057.8196256,4877109.508362028,384.277,62,1410,1215,736747437201,0
heat,1790333057.8696284,4877109.558364724,384.277,62,1410,1215,736747476066,0
heat,1790333057.9196227,4877109.608358999,384.877,62,1410,1215,736747476066,0
heat,1790333057.9696262,4877109.658362384,384.877,62,1410,1215,736747514943,0
heat,1790333058.0196264,4877109.70836278,384.877,62,1410,1215,736747514943,0
heat,1790333058.0696282,4877109.758364535,384.877,62,1410,1215,736747553851,0
heat,1790333058.1196258,4877109.8083621,386.337,62,1410,1215,736747553851,0
heat,1790333058.1696286,4877109.858365096,386.337,62,1410,1215,736747592742,0
heat,1790333058.219625,4877109.908361141,386.337,62,1410,1215,736747592742,0
heat,1790333058.2696295,4877109.958365836,386.337,62,1410,1215,736747631685,0
heat,1790333058.319625,4877110.008361282,386.337,62,1410,1215,736747631685,0
heat,1790333058.3696299,4877110.058366137,386.337,62,1410,1215,736747670634,0
heat,1790333058.4196248,4877110.108361102,386.606,62,1410,1215,736747670634,0
heat,1790333058.4696274,4877110.158363548,386.606,62,1410,1215,736747709679,0
heat,1790333058.5196295,4877110.208365773,386.929,62,1410,1215,736747709679,0
heat,1790333058.5696287,4877110.258364908,386.929,62,1410,1215,736747748640,0
heat,1790333058.6196258,4877110.308361894,386.606,62,1410,1215,736747748640,0
heat,1790333058.6696303,4877110.358366439,386.606,62,1410,1215,736747787598,0
heat,1790333058.719628,4877110.408364324,386.606,62,1410,1215,736747787598,0
heat,1790333058.769628,4877110.45836434,386.606,62,1410,1215,736747826453,0
heat,1790333058.8196266,4877110.508362675,386.606,62,1410,1215,736747826453,0
heat,1790333058.8696284,4877110.55836479,386.606,62,1410,1215,736747865359,0
heat,1790333058.9196293,4877110.608365586,386.929,62,1410,1215,736747865359,0
heat,1790333058.9696288,4877110.658365101,386.929,62,1410,1215,736747904232,0
heat,1790333059.0196247,4877110.708361076,386.606,62,1410,1215,736747904232,0
heat,1790333059.0696292,4877110.758365492,386.606,62,1410,1215,736747943200,0
heat,1790333059.1196284,4877110.808364957,386.929,62,1410,1215,736747943200,0
heat,1790333059.1696274,4877110.858363662,386.929,62,1410,1215,736747982054,0
heat,1790333059.2196288,4877110.908365017,386.606,62,1410,1215,736747982054,0
heat,1790333059.2696257,4877110.958361853,386.606,62,1410,1215,736748021009,0
heat,1790333059.3196287,4877111.008365098,386.606,62,1410,1215,736748021009,0
heat,1790333059.3696265,4877111.058363014,386.606,62,1410,1215,736748059894,0
heat,1790333059.41963,4877111.108366259,386.929,62,1410,1215,736748059894,0
heat,1790333059.46963,4877111.158366244,386.929,62,1410,1215,736748098912,0
heat,1790333059.519629,4877111.20836525,386.606,62,1410,1215,736748098912,0
heat,1790333059.5696263,4877111.258362715,386.606,62,1410,1215,736748137844,0
heat,1790333059.619628,4877111.30836444,386.929,62,1410,1215,736748137844,0
heat,1790333059.6696265,4877111.358362805,386.929,62,1410,1215,736748176855,0
heat,1790333059.7196288,4877111.408365101,387.198,62,1410,1215,736748176855,0
heat,1790333059.7696264,4877111.458362736,387.198,62,1410,1215,736748215847,0
heat,1790333059.8196263,4877111.508362572,386.929,62,1410,1215,736748215847,0
heat,1790333059.8696275,4877111.558363847,386.929,62,1410,1215,736748254850,0
heat,1790333059.919629,4877111.608365372,386.929,63,1410,1215,736748254850,0
heat,1790333059.9696293,4877111.658365408,386.929,63,1410,1215,736748293771,0
heat,1790333060.0196252,4877111.708361393,387.198,63,1410,1215,736748293771,0
heat,1790333060.069629,4877111.758365188,387.198,63,1410,1215,736748332699,0
heat,1790333060.1196253,4877111.808361393,386.606,63,1410,1215,736748332699,0
heat,1790333060.1696298,4877111.858366049,386.606,63,1410,1215,736748371636,0
heat,1790333060.2196283,4877111.908364634,386.929,63,1410,1215,736748371636,0
heat,1790333060.2696276,4877111.958363959,386.929,63,1410,1215,736748410577,0
heat,1790333060.319626,4877112.008362265,386.606,63,1410,1215,736748410577,0
heat,1790333060.3696294,4877112.05836571,386.606,63,1410,1215,736748449532,0
heat,1790333060.4196284,4877112.108364426,386.929,63,1410,1215,736748449532,0
heat,1790333060.4696252,4877112.158361681,386.929,63,1410,1215,736748488559,0
heat,1790333060.5196238,4877112.208359826,386.929,63,1410,1215,736748488559,0
heat,1790333060.5696266,4877112.258362961,386.929,63,1410,1215,736748527525,0
heat,1790333060.619626,4877112.308362167,386.606,63,1410,1215,736748527525,0
heat,1790333060.6696293,4877112.358365752,386.606,63,1410,1215,736748566519,0
heat,1790333060.7196255,4877112.408361887,386.929,63,1410,1215,736748566519,0
heat,1790333060.7696264,4877112.458362783,386.929,63,1410,1215,736748566519,0
heat,1790333060.8196263,4877112.508362548,387.198,63,1410,1215,736748606080,0
heat,1790333060.8696263,4877112.558362744,387.198,63,1410,1215,736748606080,0
heat,1790333060.9196286,4877112.608364819,386.929,63,1410,1215,736748644814,0
heat,1790333060.9696267,4877112.658362884,386.929,63,1410,1215,736748644814,0
heat,1790333061.019626,4877112.708362139,386.606,63,1410,1215,736748683591,0
heat,1790333061.0696251,4877112.758361295,386.606,63,1410,1215,736748683591,0
heat,1790333061.119626,4877112.80836236,386.606,63,1410,1215,736748722447,0
heat,1790333061.1696272,4877112.858363285,386.606,63,1410,1215,736748722447,0
heat,1790333061.2196293,4877112.908365541,386.606,63,1410,1215,736748761450,0
heat,1790333061.2696264,4877112.958362786,386.606,63,1410,1215,736748761450,0
heat,1790333061.3196254,4877113.008361702,386.606,63,1410,1215,736748800465,0
heat,1790333061.3696296,4877113.058366017,386.606,63,1410,1215,736748800465,0
heat,1790333061.4196265,4877113.108362732,386.606,63,1410,1215,736748839418,0
heat,1790333061.4696293,4877113.158365487,386.606,63,1410,1215,736748839418,0
heat,1790333061.5196252,4877113.208361663,386.606,63,1410,1215,736748878488,0
heat,1790333061.569629,4877113.258365238,386.606,63,1410,1215,736748878488,0
heat,1790333061.619626,4877113.308362313,386.606,63,1410,1215,736748917470,0
heat,1790333061.6696272,4877113.358363479,386.606,63,1410,1215,736748917470,0
heat,1790333061.719628,4877113.408364374,387.475,63,1410,1215,736748956500,0
heat,1790333061.7696302,4877113.458366459,387.475,63,1410,1215,736748956500,0
heat,1790333061.8196251,4877113.508361595,387.475,63,1410,1215,736748995506,0
heat,1790333061.8696291,4877113.55836561,387.475,63,1410,1215,736748995506,0
heat,1790333061.9196289,4877113.608365145,387.475,63,1410,1215,736749034557,0
heat,1790333061.9696279,4877113.658364251,387.475,63,1410,1215,736749034557,0
heat,1790333062.0196295,4877113.708366006,387.475,63,1410,1215,736749073562,0
heat,1790333062.0696268,4877113.758363121,387.475,63,1410,1215,736749073562,0
heat,1790333062.1196265,4877113.808362837,387.198,63,1410,1215,736749112565,0
heat,1790333062.1696293,4877113.858365772,387.198,63,1410,1215,736749112565,0
heat,1790333062.2196279,4877113.908364097,387.475,63,1410,1215,736749151547,0
heat,1790333062.2696257,4877113.958362033,387.475,63,1410,1215,736749151547,0
heat,1790333062.3196256,4877114.008361958,387.198,63,1410,1215,736749190565,0
heat,1790333062.369629,4877114.058365273,387.198,63,1410,1215,736749190565,0
heat,1790333062.4196255,4877114.108361859,387.198,63,1410,1215,736749229553,0
heat,1790333062.4696295,4877114.158365714,387.198,63,1410,1215,736749229553,0
heat,1790333062.5196257,4877114.208362029,387.198,63,1410,1215,736749268665,0
heat,1790333062.5696292,4877114.258365585,387.198,63,1410,1215,736749268665,0
heat,1790333062.6196265,4877114.30836278,387.198,63,1410,1215,736749307685,0
heat,1790333062.6696265,4877114.358362645,387.198,63,1410,1215,736749307685,0
heat,1790333062.7196255,4877114.408361881,387.198,63,1410,1215,736749346741,0
heat,1790333062.7696285,4877114.458364746,387.198,63,1410,1215,736749346741,0
heat,1790333062.8196409,4877114.508377041,387.475,63,1410,1215,736749385755,0
heat,1790333062.8696272,4877114.558363457,387.475,63,1410,1215,736749385755,0
heat,1790333062.9196281,4877114.608364252,387.198,63,1410,1215,736749424854,0
heat,1790333062.9696293,4877114.658365667,387.198,63,1410,1215,736749424854,0
heat,1790333063.019626,4877114.708362263,387.198,63,1410,1215,736749463912,0
heat,1790333063.0696292,4877114.758365478,387.198,63,1410,1215,736749463912,0
heat,1790333063.1196256,4877114.808361733,387.475,63,1410,1215,736749502992,0
heat,1790333063.1696289,4877114.858365209,387.475,63,1410,1215,736749502992,0
heat,1790333063.2196286,4877114.908364844,387.198,63,1410,1215,736749542155,0
heat,1790333063.269626,4877114.958362059,387.198,63,1410,1215,736749542155,0
heat,1790333063.319626,4877115.008362345,387.475,63,1410,1215,736749581201,0
heat,1790333063.369626,4877115.05836243,387.475,63,1410,1215,736749581201,0
heat,1790333063.4196262,4877115.108362635,387.475,63,1410,1215,736749620541,0
heat,1790333063.4696288,4877115.158365161,387.475,63,1410,1215,736749620541,0
heat,1790333063.5196288,4877115.208364976,387.198,63,1410,1215,736749659686,0
heat,1790333063.5696294,4877115.258365811,387.198,63,1410,1215,736749659686,0
heat,1790333063.6196282,4877115.308364457,387.475,63,1410,1215,736749698583,0
heat,1790333063.6696281,4877115.358364372,387.475,63,1410,1215,736749698583,0
heat,1790333063.719628,4877115.408364297,387.475,63,1410,1215,736749737734,0
heat,1790333063.7696297,4877115.458366003,387.475,63,1410,1215,736749737734,0
heat,1790333063.8196251,4877115.508361548,387.798,63,1410,1215,736749776713,0
heat,1790333063.8696272,4877115.558363623,387.798,63,1410,1215,736749776713,0
heat,1790333063.919629,4877115.608365309,387.798,63,1410,1215,736749815860,0
heat,1790333063.969627,4877115.658363134,387.798,63,1410,1215,736749815860,0
heat,1790333064.0196288,4877115.708365159,387.475,63,1410,1215,736749854929,0
heat,1790333064.0696366,4877115.758372954,387.475,63,1410,1215,736749854929,0
heat,1790333064.119629,4877115.80836513,387.798,63,1410,1215,736749894064,0
heat,1790333064.169627,4877115.858363115,387.798,63,1410,1215,736749894064,0
heat,1790333064.219629,4877115.908365321,387.798,63,1410,1215,736749933059,0
heat,1790333064.2696261,4877115.958362606,387.798,63,1410,1215,736749933059,0
heat,1790333064.319628,4877116.008364211,387.475,63,1410,1215,736749972178,0
heat,1790333064.3696237,4877116.058359747,387.475,63,1410,1215,736749972178,0
heat,1790333064.419626,4877116.108362282,387.798,63,1410,1215,736750011216,0
heat,1790333064.4696293,4877116.158365457,387.798,63,1410,1215,736750011216,0
heat,1790333064.5196257,4877116.208362143,387.798,63,1410,1215,736750050417,0
heat,1790333064.5696256,4877116.258361838,387.798,63,1410,1215,736750050417,0
heat,1790333064.619629,4877116.308365203,388.067,63,1410,1215,736750089460,0
heat,1790333064.6696267,4877116.358362889,388.067,63,1410,1215,736750089460,0
heat,1790333064.719626,4877116.408362344,387.798,63,1410,1215,736750128638,0
heat,1790333064.76963,4877116.458366129,387.798,63,1410,1215,736750128638,0
heat,1790333064.8196263,4877116.508362445,388.067,63,1410,1215,736750167715,0
heat,1790333064.8696291,4877116.55836545,388.067,63,1410,1215,736750167715,0
heat,1790333064.9196258,4877116.608362035,387.798,63,1410,1215,736750206802,0
heat,1790333064.9696286,4877116.658365021,387.798,63,1410,1215,736750206802,0
heat,1790333065.0196285,4877116.708364966,388.067,63,1410,1215,736750245864,0
heat,1790333065.069628,4877116.758364071,388.067,63,1410,1215,736750245864,0
heat,1790333065.119628,4877116.808364447,387.798,63,1410,1215,736750285040,0
heat,1790333065.169627,4877116.858363062,387.798,63,1410,1215,736750285040,0
heat,1790333065.2196264,4877116.908362937,388.067,63,1410,1215,736750324158,0
heat,1790333065.2696261,4877116.958362493,388.067,63,1410,1215,736750324158,0
heat,1790333065.3196282,4877117.008364718,388.39,63,1410,1215,736750363409,0
heat,1790333065.3696291,4877117.058365503,388.39,63,1410,1215,736750363409,0
heat,1790333065.4196289,4877117.108365109,388.39,63,1410,1215,736750402491,0
heat,1790333065.4696262,4877117.158362484,388.39,63,1410,1215,736750402491,0
heat,1790333065.5196285,4877117.208364729,388.067,63,1410,1215,736750441635,0
heat,1790333065.5696268,4877117.258363135,388.067,63,1410,1215,736750441635,0
heat,1790333065.619626,4877117.3083623,388.39,63,1410,1215,736750480670,0
heat,1790333065.6696267,4877117.358362775,388.39,63,1410,1215,736750480670,0
heat,1790333065.719627,4877117.408363261,388.39,63,1410,1215,736750519810,0
heat,1790333065.7696261,4877117.458362446,388.39,63,1410,1215,736750519810,0
heat,1790333065.819628,4877117.508364491,388.39,64,1410,1215,736750558849,0
heat,1790333065.8696258,4877117.558362047,388.39,64,1410,1215,736750558849,0
heat,1790333065.9196277,4877117.608363942,388.39,64,1410,1215,736750598046,0
heat,1790333065.9696262,4877117.658362437,388.39,64,1410,1215,736750598046,0
heat,1790333066.0196278,4877117.708364093,389.259,64,1410,1215,736750637220,0
heat,1790333066.0696304,4877117.758366758,389.259,64,1410,1215,736750637220,0
heat,1790333066.1196265,4877117.808362873,389.528,64,1410,1215,736750676480,0
heat,1790333066.1696265,4877117.858362549,389.528,64,1410,1215,736750676480,0
heat,1790333066.219629,4877117.908365204,389.259,64,1410,1215,736750715579,0
heat,1790333066.2696273,4877117.958363879,389.259,64,1410,1215,736750715579,0
heat,1790333066.3196232,4877118.008359445,389.259,64,1410,1215,736750754788,0
heat,1790333066.3696275,4877118.05836362,389.259,64,1410,1215,736750754788,0
heat,1790333066.4196286,4877118.108364775,389.259,64,1410,1215,736750793889,0
heat,1790333066.4696295,4877118.15836561,389.259,64,1410,1215,736750793889,0
heat,1790333066.5196292,4877118.208365526,388.936,64,1410,1215,736750833059,0
heat,1790333066.569626,4877118.258362521,388.936,64,1410,1215,736750833059,0
heat,1790333066.6196244,4877118.308360887,388.936,64,1410,1215,736750872311,0
heat,1790333066.669626,4877118.358362342,388.936,64,1410,1215,736750872311,0
heat,1790333066.7196245,4877118.408360857,389.259,64,1410,1215,736750872311,0
heat,1790333066.7696292,4877118.458365513,389.259,64,1410,1215,736750911833,0
heat,1790333066.8196287,4877118.508365058,389.259,64,1410,1215,736750911833,0
heat,1790333066.8696258,4877118.558362093,389.259,64,1410,1215,736750950703,0
heat,1790333066.9196293,4877118.608365548,388.936,64,1410,1215,736750950703,0
heat,1790333066.9696286,4877118.658364954,388.936,64,1410,1215,736750989804,0
heat,1790333067.0196269,4877118.708362939,388.667,64,1410,1215,736750989804,0
heat,1790333067.0696287,4877118.758365024,388.667,64,1410,1215,736751028931,0
heat,1790333067.119629,4877118.80836498,388.667,64,1410,1215,736751028931,0
heat,1790333067.1696265,4877118.858362785,388.667,64,1410,1215,736751068099,0
heat,1790333067.2196288,4877118.908365281,388.667,64,1410,1215,736751068099,0
heat,1790333067.2696297,4877118.958365876,388.667,64,1410,1215,736751107264,0
heat,1790333067.3196278,4877119.008364041,388.667,64,1410,1215,736751147019,0
heat,1790333067.3695908,4877119.058327027,388.667,64,1410,1215,736751147019,0
heat,1790333067.4195879,4877119.108323912,388.667,64,1410,1215,736751147019,0
heat,1790333067.4695857,4877119.158321718,388.667,64,1410,1215,736751186244,0
heat,1790333067.5195868,4877119.208322853,389.259,64,1410,1215,736751186244,0
heat,1790333067.5696251,4877119.258361408,389.259,64,1410,1215,736751225532,0
heat,1790333067.6196253,4877119.308361473,388.936,64,1410,1215,736751225532,0
heat,1790333067.669626,4877119.358362509,388.936,64,1410,1215,736751264691,0
heat,1790333067.719623,4877119.408359454,388.667,64,1410,1215,736751264691,0
heat,1790333067.7696264,4877119.458362559,388.667,64,1410,1215,736751304138,0
heat,1790333067.8196285,4877119.508364934,388.936,64,1410,1215,736751304138,0
heat,1790333067.869627,4877119.5583632,388.936,64,1410,1215,736751343219,0
heat,1790333067.9196262,4877119.608362575,388.936,64,1410,1215,736751343219,0
heat,1790333067.9696288,4877119.65836531,388.936,64,1410,1215,736751382358,0
heat,1790333068.0196302,4877119.708366406,388.667,64,1410,1215,736751382358,0
heat,1790333068.069627,4877119.758363351,388.667,64,1410,1215,736751421525,0
heat,1790333068.1196258,4877119.808361957,388.936,64,1410,1215,736751421525,0
heat,1790333068.1696277,4877119.858364002,388.936,64,1410,1215,736751460810,0
heat,1790333068.2196279,4877119.908364157,389.259,64,1410,1215,736751460810,0
heat,1790333068.2696261,4877119.958362302,389.259,64,1410,1215,736751500017,0
heat,1790333068.3196256,4877120.008362068,388.936,64,1410,1215,736751500017,0
heat,1790333068.3696256,4877120.058361843,388.936,64,1410,1215,736751539240,0
heat,1790333068.4196274,4877120.108363838,388.936,64,1410,1215,736751539240,0
heat,1790333068.46963,4877120.158366364,388.936,64,1410,1215,736751578414,0
heat,1790333068.5196254,4877120.208361849,388.936,64,1410,1215,736751578414,0
heat,1790333068.5696294,4877120.258365654,388.936,64,1410,1215,736751617689,0
heat,1790333068.6196284,4877120.3083648,388.936,64,1410,1215,736751617689,0
heat,1790333068.669625,4877120.358361375,388.936,64,1410,1215,736751656850,0
heat,1790333068.7196252,4877120.40836155,388.936,64,1410,1215,736751656850,0
heat,1790333068.7696292,4877120.458365456,388.936,64,1410,1215,736751696170,0
heat,1790333068.8196251,4877120.508361531,388.936,64,1410,1215,736751696170,0
heat,1790333068.8696313,4877120.558367546,388.936,64,1410,1215,736751735379,0
heat,1790333068.9196265,4877120.608362762,389.259,64,1410,1215,736751735379,0
heat,1790333068.9696286,4877120.658364947,389.259,64,1410,1215,736751774654,0
heat,1790333069.0196273,4877120.708363672,388.936,64,1410,1215,736751774654,0
heat,1790333069.0696259,4877120.758362108,388.936,64,1410,1215,736751813869,0
heat,1790333069.1196263,4877120.808362623,388.854,64,1410,1215,736751813869,0
heat,1790333069.1696293,4877120.858365788,388.854,64,1410,1215,736751853133,0
heat,1790333069.2196255,4877120.908361624,389.259,64,1410,1215,736751853133,0
heat,1790333069.2696073,4877120.958343729,389.259,64,1410,1215,736751892303,0
heat,1790333069.319592,4877121.008328245,388.936,64,1410,1215,736751892303,0
heat,1790333069.3695872,4877121.05832328,388.936,64,1410,1215,736751931584,0
heat,1790333069.419585,4877121.108321066,388.936,64,1410,1215,736751931584,0
heat,1790333069.469586,4877121.158322121,388.936,64,1410,1215,736751970855,0
heat,1790333069.5195868,4877121.208322856,389.259,64,1410,1215,736751970855,0
heat,1790333069.569589,4877121.258325062,389.259,64,1410,1215,736752010234,0
heat,1790333069.6195858,4877121.308321807,389.259,64,1410,1215,736752010234,0
heat,1790333069.6695879,4877121.358323892,389.259,64,1410,1215,736752049431,0
heat,1790333069.7195847,4877121.408320757,389.797,64,1410,1215,736752049431,0
heat,1790333069.7695885,4877121.458324543,389.797,64,1410,1215,736752088679,0
heat,1790333069.8195863,4877121.508322318,389.259,64,1410,1215,736752088679,0
heat,1790333069.8695855,4877121.558321483,389.259,64,1410,1215,736752127854,0
heat,1790333069.9195843,4877121.608320239,389.259,64,1410,1215,736752127854,0
heat,1790333069.9695868,4877121.658322974,389.259,64,1410,1215,736752167095,0
heat,1790333070.0195858,4877121.70832182,389.259,64,1410,1215,736752167095,0
heat,1790333070.0695882,4877121.758324275,389.259,64,1410,1215,736752206329,0
heat,1790333070.1195893,4877121.80832529,389.259,64,1410,1215,736752206329,0
heat,1790333070.1695879,4877121.858323855,389.259,64,1410,1215,736752245623,0
heat,1790333070.219588,4877121.908324051,389.528,64,1410,1215,736752245623,0
heat,1790333070.2695856,4877121.958321596,389.528,64,1410,1215,736752284904,0
heat,1790333070.319587,4877122.008322991,389.259,64,1410,1215,736752284904,0
heat,1790333070.369588,4877122.058324077,389.259,64,1410,1215,736752324196,0
heat,1790333070.4195879,4877122.108323922,389.797,64,1410,1215,736752324196,0
heat,1790333070.4695868,4877122.158323057,389.797,64,1410,1215,736752363479,0
heat,1790333070.5196195,4877122.208356142,389.528,64,1410,1215,736752363479,0
heat,1790333070.5696285,4877122.258364768,389.528,64,1410,1215,736752402853,0
heat,1790333070.619628,4877122.308364233,389.259,64,1410,1215,736752402853,0
heat,1790333070.669627,4877122.358363118,389.259,64,1410,1215,736752442084,0
heat,1790333070.7196252,4877122.408361424,390.128,64,1410,1215,736752442084,0
heat,1790333070.7696266,4877122.458362859,390.128,64,1410,1215,736752481361,0
heat,1790333070.8196282,4877122.508364574,389.528,64,1410,1215,736752481361,0
heat,1790333070.8696287,4877122.55836508,389.528,64,1410,1215,736752520629,0
heat,1790333070.9196286,4877122.608364795,389.528,64,1410,1215,736752520629,0
heat,1790333070.9696288,4877122.65836514,389.528,64,1410,1215,736752559947,0
heat,1790333071.0196269,4877122.708363086,390.397,64,1410,1215,736752559947,0
heat,1790333071.0696259,4877122.758362161,390.397,64,1410,1215,736752599223,0
heat,1790333071.1196249,4877122.808361406,390.397,64,1410,1215,736752599223,0
heat,1790333071.1696272,4877122.858363532,390.397,64,1410,1215,736752638505,0
heat,1790333071.219628,4877122.908364207,390.72,64,1410,1215,736752638505,0
heat,1790333071.2696292,4877122.958365562,390.72,64,1410,1215,736752677722,0
heat,1790333071.319628,4877123.008364258,390.72,64,1410,1215,736752677722,0
heat,1790333071.3696291,4877123.058365443,390.72,64,1410,1215,736752717038,0
heat,1790333071.4196286,4877123.108364918,389.722,64,1410,1215,736752717038,0
heat,1790333071.4696267,4877123.158363074,389.722,64,1410,1215,736752756324,0
heat,1790333071.5196292,4877123.208365719,390.397,64,1410,1215,736752756324,0
heat,1790333071.5696294,4877123.258365884,390.397,64,1410,1215,736752795747,0
heat,1790333071.6196272,4877123.30836369,390.397,64,1410,1215,736752795747,0
heat,1790333071.6696267,4877123.358362895,390.397,64,1410,1215,736752835096,0
heat,1790333071.7196252,4877123.40836155,390.397,64,1410,1215,736752835096,0
heat,1790333071.769626,4877123.458362236,390.397,64,1410,1215,736752874429,0
heat,1790333071.819625,4877123.508361331,390.128,64,1410,1215,736752874429,0
heat,1790333071.8696272,4877123.558363326,390.128,64,1410,1215,736752913703,0
heat,1790333071.9196298,4877123.608365992,389.797,64,1410,1215,736752913703,0
heat,1790333071.9696267,4877123.658362907,389.797,64,1410,1215,736752953058,0
heat,1790333072.0196252,4877123.708361422,389.797,64,1410,1215,736752953058,0
heat,1790333072.0696287,4877123.758364908,389.797,64,1410,1215,736752992356,0
heat,1790333072.1196294,4877123.808365643,389.797,64,1410,1215,736752992356,0
heat,1790333072.1696286,4877123.858365078,389.797,64,1410,1215,736753031738,0
heat,1790333072.2196255,4877123.908361694,389.797,64,1410,1215,736753031738,0
heat,1790333072.2696295,4877123.958365749,389.797,64,1410,1215,736753071108,0
heat,1790333072.319626,4877124.008362294,389.797,64,1410,1215,736753071108,0
heat,1790333072.369628,4877124.05836414,389.797,64,1410,1215,736753071108,0
heat,1790333072.419625,4877124.108361175,390.128,64,1410,1215,736753110883,0
heat,1790333072.4696267,4877124.15836282,390.128,64,1410,1215,736753110883,0
heat,1790333072.519625,4877124.208361416,389.528,64,1410,1215,736753149896,0
heat,1790333072.5696285,4877124.258364681,389.528,64,1410,1215,736753149896,0
heat,1790333072.619626,4877124.308362376,389.528,64,1410,1215,736753189190,0
heat,1790333072.6696289,4877124.358365141,389.528,64,1410,1215,736753189190,0
heat,1790333072.719626,4877124.408362247,389.797,65,1410,1215,736753228493,0
heat,1790333072.7696261,4877124.458362502,389.797,65,1410,1215,736753228493,0
heat,1790333072.819628,4877124.508364398,389.528,64,1410,1215,736753267802,0
heat,1790333072.869626,4877124.558362333,389.528,64,1410,1215,736753267802,0
heat,1790333072.9196274,4877124.608363928,390.128,65,1410,1215,736753307107,0
heat,1790333072.9696267,4877124.658362954,390.128,65,1410,1215,736753307107,0
heat,1790333073.0196285,4877124.708364739,389.123,65,1410,1215,736753346436,0
heat,1790333073.0696292,4877124.758365474,389.123,65,1410,1215,736753346436,0
heat,1790333073.119628,4877124.808364299,389.528,65,1410,1215,736753385715,0
heat,1790333073.1696258,4877124.858362275,389.528,65,1410,1215,736753385715,0
heat,1790333073.2196288,4877124.90836502,389.528,65,1410,1215,736753425087,0
heat,1790333073.2696288,4877124.958365025,389.528,65,1410,1215,736753425087,0
heat,1790333073.3196287,4877125.008364971,389.797,65,1410,1215,736753464400,0
heat,1790333073.3696253,4877125.058361736,389.797,65,1410,1215,736753464400,0
heat,1790333073.4196267,4877125.108362912,389.528,65,1410,1215,736753503752,0
heat,1790333073.4696288,4877125.158365147,389.528,65,1410,1215,736753503752,0
heat,1790333073.5196247,4877125.208360862,389.528,65,1410,1215,736753543027,0
heat,1790333073.5696268,4877125.258363197,389.528,65,1410,1215,736753543027,0
heat,1790333073.6196249,4877125.308361133,389.528,65,1410,1215,736753582389,0
heat,1790333073.6696286,4877125.358365008,389.528,65,1410,1215,736753582389,0
heat,1790333073.7196257,4877125.408362003,389.528,65,1410,1215,736753621750,0
heat,1790333073.769598,4877125.458334309,389.528,65,1410,1215,736753621750,0
heat,1790333073.8196247,4877125.508361014,389.797,65,1410,1215,736753661129,0
heat,1790333073.8696282,4877125.55836444,389.797,65,1410,1215,736753661129,0
heat,1790333073.9196284,4877125.608364685,389.797,65,1410,1215,736753700489,0
heat,1790333073.9696288,4877125.65836521,389.797,65,1410,1215,736753700489,0
heat,1790333074.019629,4877125.708365475,389.797,65,1410,1215,736753739832,0
heat,1790333074.0696273,4877125.758363581,389.797,65,1410,1215,736753739832,0
heat,1790333074.119627,4877125.808363316,389.797,65,1410,1215,736753779160,0
heat,1790333074.169628,4877125.858364331,389.797,65,1410,1215,736753779160,0
heat,1790333074.2196262,4877125.908362467,389.797,65,1410,1215,736753818480,0
heat,1790333074.269628,4877125.958364392,389.797,65,1410,1215,736753818480,0
heat,1790333074.3196251,4877126.008361428,390.128,65,1410,1215,736753857822,0
heat,1790333074.3696291,4877126.058365343,390.128,65,1410,1215,736753857822,0
heat,1790333074.4196262,4877126.108362418,390.397,65,1410,1215,736753897226,0
heat,1790333074.4696267,4877126.158362943,390.397,65,1410,1215,736753897226,0
heat,1790333074.5196238,4877126.208359989,390.397,65,1410,1215,736753936550,0
heat,1790333074.5696263,4877126.258362784,390.397,65,1410,1215,736753936550,0
heat,1790333074.6196241,4877126.308360659,390.397,65,1410,1215,736753975946,0
heat,1790333074.6696267,4877126.358362815,390.397,65,1410,1215,736753975946,0
heat,1790333074.7196276,4877126.4083638,391.258,65,1410,1215,736754015303,0
heat,1790333074.7696261,4877126.458362505,391.258,65,1410,1215,736754015303,0
heat,1790333074.8196268,4877126.508363071,390.72,65,1410,1215,736754054786,0
heat,1790333074.869624,4877126.558359986,390.72,65,1410,1215,736754054786,0
heat,1790333074.9196253,4877126.608361641,391.258,65,1410,1215,736754094071,0
heat,1790333074.969626,4877126.658362227,391.258,65,1410,1215,736754094071,0
heat,1790333075.0196283,4877126.708364662,391.258,65,1410,1215,736754133753,0
heat,1790333075.0696263,4877126.758362667,391.258,65,1410,1215,736754133753,0
heat,1790333075.1196284,4877126.808364813,390.989,65,1410,1215,736754172948,0
heat,1790333075.1696253,4877126.858361648,390.989,65,1410,1215,736754172948,0
heat,1790333075.2196255,4877126.908361673,391.588,65,1410,1215,736754212325,0
heat,1790333075.2696297,4877126.958366059,391.588,65,1410,1215,736754212325,0
heat,1790333075.319626,4877127.008362144,391.857,65,1410,1215,736754251677,0
heat,1790333075.369624,4877127.058359999,391.857,65,1410,1215,736754251677,0
heat,1790333075.4196262,4877127.108362625,391.857,65,1410,1215,736754290907,0
heat,1790333075.4696295,4877127.15836581,391.857,65,1410,1215,736754290907,0
heat,1790333075.5196261,4877127.208362495,392.449,65,1410,1215,736754330263,0
heat,1790333075.569626,4877127.258362501,392.449,65,1410,1215,736754330263,0
heat,1790333075.6196282,4877127.308364656,391.857,65,1410,1215,736754369663,0
heat,1790333075.669626,4877127.358362481,391.857,65,1410,1215,736754369663,0
heat,1790333075.719626,4877127.408362187,391.857,65,1410,1215,736754409053,0
heat,1790333075.7696292,4877127.458365422,391.857,65,1410,1215,736754409053,0
heat,1790333075.8196263,4877127.508362737,391.857,65,1410,1215,736754448430,0
heat,1790333075.8696287,4877127.558364963,391.857,65,1410,1215,736754448430,0
heat,1790333075.9196255,4877127.608361688,391.857,65,1410,1215,736754487828,0
heat,1790333075.9696274,4877127.658363703,391.857,65,1410,1215,736754487828,0
heat,1790333076.0196264,4877127.708362859,391.588,65,1410,1215,736754527261,0
heat,1790333076.0696292,4877127.758365474,391.588,65,1410,1215,736754527261,0
heat,1790333076.1196246,4877127.808361129,391.588,65,1410,1215,736754566696,0
heat,1790333076.1696267,4877127.858363015,391.588,65,1410,1215,736754566696,0
heat,1790333076.2196245,4877127.9083608,391.588,65,1410,1215,736754606105,0
heat,1790333076.2696297,4877127.958365915,391.588,65,1410,1215,736754606105,0
heat,1790333076.319628,4877128.008364451,391.258,65,1410,1215,736754645544,0
heat,1790333076.3696263,4877128.058362576,391.258,65,1410,1215,736754645544,0
heat,1790333076.419625,4877128.108361111,391.258,65,1410,1215,736754684966,0
heat,1790333076.4696288,4877128.158365187,391.258,65,1410,1215,736754684966,0
heat,1790333076.5196261,4877128.208362482,391.258,65,1410,1215,736754724352,0
heat,1790333076.5696292,4877128.258365467,391.258,65,1410,1215,736754724352,0
heat,1790333076.6196258,4877128.308362043,390.989,65,1410,1215,736754763829,0
heat,1790333076.6696272,4877128.358363358,390.989,65,1410,1215,736754763829,0
heat,1790333076.719626,4877128.408362313,390.989,65,1410,1215,736754803203,0
heat,1790333076.7696285,4877128.458364859,390.989,65,1410,1215,736754803203,0
heat,1790333076.8196251,4877128.508361444,390.989,65,1410,1215,736754842598,0
heat,1790333076.869626,4877128.558362449,390.989,65,1410,1215,736754842598,0
heat,1790333076.9196286,4877128.608364795,390.72,65,1410,1215,736754881963,0
heat,1790333076.969626,4877128.6583622,390.72,65,1410,1215,736754881963,0
heat,1790333077.0196283,4877128.708364625,390.72,65,1410,1215,736754921435,0
heat,1790333077.0696266,4877128.758363031,390.72,65,1410,1215,736754921435,0
heat,1790333077.1196275,4877128.808363746,390.72,65,1410,1215,736754960871,0
heat,1790333077.1696286,4877128.858365031,390.72,65,1410,1215,736754960871,0
heat,1790333077.2196245,4877128.908360777,390.72,65,1410,1215,736755000292,0
heat,1790333077.2696278,4877128.958364132,390.72,65,1410,1215,736755000292,0
heat,1790333077.3196216,4877129.008357987,390.397,65,1410,1215,736755039731,0
heat,1790333077.3696256,4877129.058361803,390.397,65,1410,1215,736755039731,0
heat,1790333077.419629,4877129.108365328,390.397,65,1410,1215,736755079214,0
heat,1790333077.4696288,4877129.158365273,390.397,65,1410,1215,736755079214,0
heat,1790333077.5196257,4877129.208362049,390.397,65,1410,1215,736755118652,0
heat,1790333077.5696256,4877129.258361884,390.397,65,1410,1215,736755118652,0
heat,1790333077.6196258,4877129.308361959,390.128,65,1410,1215,736755158165,0
heat,1790333077.6696286,4877129.358365055,390.128,65,1410,1215,736755158165,0
heat,1790333077.7196257,4877129.40836197,390.128,65,1410,1215,736755197602,0
heat,1790333077.769629,4877129.458365115,390.128,65,1410,1215,736755197602,0
heat,1790333077.819626,4877129.508362221,390.128,65,1410,1215,736755237061,0
heat,1790333077.869628,4877129.558364186,390.128,65,1410,1215,736755237061,0
heat,1790333077.9196334,4877129.608369701,389.797,65,1410,1215,736755276460,0
heat,1790333077.9696286,4877129.658365097,389.797,65,1410,1215,736755276460,0
heat,1790333078.0196264,4877129.708362672,390.128,65,1410,1215,736755315967,0
heat,1790333078.0696297,4877129.758365997,390.128,65,1410,1215,736755315967,0
heat,1790333078.119627,4877129.808363323,389.797,65,1410,1215,736755355374,0
heat,1790333078.1696267,4877129.858362958,389.797,65,1410,1215,736755355374,0
heat,1790333078.2196264,4877129.908362663,390.128,65,1410,1215,736755394864,0
heat,1790333078.2696278,4877129.958364289,390.128,65,1410,1215,736755394864,0
heat,1790333078.3196263,4877130.008362504,389.722,65,1410,1215,736755394864,0
heat,1790333078.369627,4877130.058363249,389.722,65,1410,1215,736755434726,0
heat,1790333078.4196372,4877130.108373634,389.797,65,1410,1215,736755434726,0
heat,1790333078.4696288,4877130.15836523,389.797,65,1410,1215,736755473849,0
heat,1790333078.5196278,4877130.208363995,390.128,65,1410,1215,736755473849,0
heat,1790333078.569629,4877130.258365371,390.128,65,1410,1215,736755513120,0
heat,1790333078.6196258,4877130.308362046,390.72,65,1410,1215,736755513120,0
heat,1790333078.6696265,4877130.358362751,390.72,65,1410,1215,736755552623,0
heat,1790333078.7196267,4877130.408363137,390.72,65,1410,1215,736755552623,0
heat,1790333078.7696288,4877130.458365052,390.72,65,1410,1215,736755592073,0
heat,1790333078.8196316,4877130.508368147,390.72,65,1410,1215,736755592073,0
heat,1790333078.8696294,4877130.558365803,390.72,65,1410,1215,736755631511,0
heat,1790333078.9196248,4877130.608360938,392.449,65,1410,1215,736755631511,0
heat,1790333078.9696279,4877130.658364223,392.449,65,1410,1215,736755670943,0
heat,1790333079.0196278,4877130.708364129,392.126,65,1410,1215,736755670943,0
heat,1790333079.0696297,4877130.758366094,392.126,65,1410,1215,736755710430,0
heat,1790333079.1196263,4877130.808362509,392.449,65,1410,1215,736755710430,0
heat,1790333079.1696277,4877130.858364005,392.449,65,1410,1215,736755749909,0
heat,1790333079.2196288,4877130.90836517,392.449,65,1410,1215,736755749909,0
heat,1790333079.2696292,4877130.958365455,392.449,65,1410,1215,736755789452,0
heat,1790333079.3196285,4877131.008364731,392.126,65,1410,1215,736755789452,0
heat,1790333079.3696263,4877131.058362636,392.126,65,1410,1215,736755828921,0
heat,1790333079.4196284,4877131.108364731,392.126,65,1410,1215,736755828921,0
heat,1790333079.4696286,4877131.158364956,392.126,65,1410,1215,736755868382,0
heat,1790333079.5196257,4877131.208361872,392.126,65,1410,1215,736755868382,0
heat,1790333079.569629,4877131.258365117,392.126,65,1410,1215,736755907861,0
heat,1790333079.6196282,4877131.308364623,391.857,65,1410,1215,736755907861,0
heat,1790333079.6696289,4877131.358365088,391.857,65,1410,1215,736755947378,0
heat,1790333079.7196286,4877131.408364743,392.126,65,1410,1215,736755947378,0
heat,1790333079.769629,4877131.458365169,392.126,65,1410,1215,736755986820,0
heat,1790333079.8196278,4877131.508364154,392.126,65,1410,1215,736755986820,0
heat,1790333079.8696263,4877131.558362539,392.126,65,1410,1215,736756026319,0
heat,1790333079.9196296,4877131.608365914,391.718,65,1410,1215,736756026319,0
heat,1790333079.9696262,4877131.65836239,391.718,65,1410,1215,736756065858,0
heat,1790333080.0196295,4877131.708365995,392.126,65,1410,1215,736756065858,0
heat,1790333080.0696309,4877131.75836755,392.126,65,1410,1215,736756105359,0
heat,1790333080.1196268,4877131.808362996,392.126,65,1410,1215,736756105359,0
heat,1790333080.1696277,4877131.858363951,392.126,65,1410,1215,736756144852,0
heat,1790333080.219629,4877131.908365257,392.449,65,1410,1215,736756144852,0
heat,1790333080.2696257,4877131.958361862,392.449,65,1410,1215,736756184377,0
heat,1790333080.3196263,4877132.008362437,392.449,65,1410,1215,736756184377,0
heat,1790333080.3696265,4877132.058362862,392.449,65,1410,1215,736756223844,0
heat,1790333080.419626,4877132.108362148,391.857,65,1410,1215,736756223844,0
heat,1790333080.4696262,4877132.158362323,391.857,65,1410,1215,736756263295,0
heat,1790333080.519629,4877132.208365308,391.857,65,1410,1215,736756263295,0
heat,1790333080.569629,4877132.258365324,391.857,65,1410,1215,736756302731,0
heat,1790333080.6196268,4877132.308363019,392.126,65,1410,1215,736756302731,0
heat,1790333080.669629,4877132.358365565,392.126,65,1410,1215,736756342233,0
heat,1790333080.7196267,4877132.40836308,392.126,65,1410,1215,736756342233,0
heat,1790333080.7696261,4877132.458362495,392.126,65,1410,1215,736756381692,0
heat,1790333080.8196285,4877132.50836479,391.857,65,1410,1215,736756381692,0
heat,1790333080.8696263,4877132.558362666,391.857,65,1410,1215,736756421190,0
heat,1790333080.9196262,4877132.608362471,391.857,65,1410,1215,736756421190,0
heat,1790333080.9696262,4877132.658362426,391.857,65,1410,1215,736756460670,0
heat,1790333081.0196254,4877132.708361972,392.126,65,1410,1215,736756460670,0
heat,1790333081.0696256,4877132.758361937,392.126,65,1410,1215,736756500204,0
heat,1790333081.1196258,4877132.808362053,391.857,65,1410,1215,736756500204,0
heat,1790333081.1696284,4877132.858364668,391.857,65,1410,1215,736756539786,0
heat,1790333081.2196286,4877132.908364793,391.857,65,1410,1215,736756539786,0
heat,1790333081.269628,4877132.958364618,391.857,65,1410,1215,736756579367,0
heat,1790333081.319626,4877133.008362224,391.857,65,1410,1215,736756579367,0
heat,1790333081.3696244,4877133.058360569,391.857,65,1410,1215,736756618958,0
heat,1790333081.419629,4877133.108365484,391.857,65,1410,1215,736756618958,0
heat,1790333081.4696298,4877133.15836592,391.857,65,1410,1215,736756658513,0
heat,1790333081.519624,4877133.208360165,391.857,65,1410,1215,736756658513,0
heat,1790333081.5696266,4877133.25836284,391.857,65,1410,1215,736756698044,0
heat,1790333081.619629,4877133.308365036,391.857,65,1410,1215,736756698044,0
heat,1790333081.6696253,4877133.358361741,391.857,65,1410,1215,736756737624,0
heat,1790333081.7196283,4877133.408364666,392.126,65,1410,1215,736756737624,0
heat,1790333081.769628,4877133.458364392,392.126,65,1410,1215,736756777162,0
heat,1790333081.819628,4877133.508364347,392.126,65,1410,1215,736756777162,0
heat,1790333081.8696253,4877133.558361652,392.126,65,1410,1215,736756816695,0
heat,1790333081.9196265,4877133.608362718,392.449,66,1410,1215,736756816695,0
heat,1790333081.9696271,4877133.658363303,392.449,66,1410,1215,736756856208,0
heat,1790333082.0196257,4877133.708361928,392.449,66,1410,1215,736756856208,0
heat,1790333082.0696263,4877133.758362624,392.449,66,1410,1215,736756895732,0
heat,1790333082.1196258,4877133.808362119,392.449,66,1410,1215,736756895732,0
heat,1790333082.1696293,4877133.858365724,392.449,66,1410,1215,736756935286,0
heat,1790333082.2196286,4877133.90836476,392.449,66,1410,1215,736756935286,0
heat,1790333082.269627,4877133.958363545,392.449,66,1410,1215,736756974818,0
heat,1790333082.3196256,4877134.00836193,393.318,66,1410,1215,736756974818,0
heat,1790333082.3696291,4877134.058365616,393.318,66,1410,1215,736757014360,0
heat,1790333082.419629,4877134.108365031,393.318,66,1410,1215,736757014360,0
heat,1790333082.469625,4877134.158361186,393.318,66,1410,1215,736757053955,0
heat,1790333082.5196257,4877134.208361712,393.318,66,1410,1215,736757053955,0
heat,1790333082.5696256,4877134.258361767,393.318,66,1410,1215,736757093473,0
heat,1790333082.6196275,4877134.308363592,393.318,66,1410,1215,736757093473,0
heat,1790333082.6696281,4877134.358364078,393.318,66,1410,1215,736757133078,0
heat,1790333082.7196257,4877134.408361823,393.049,66,1410,1215,736757133078,0
heat,1790333082.769628,4877134.458364268,393.049,66,1410,1215,736757172603,0
heat,1790333082.8196287,4877134.508364784,393.049,66,1410,1215,736757172603,0
heat,1790333082.8696246,4877134.558360549,393.049,66,1410,1215,736757212199,0
heat,1790333082.919626,4877134.608362094,393.049,66,1410,1215,736757212199,0
heat,1790333082.9696252,4877134.65836147,393.049,66,1410,1215,736757251803,0
heat,1790333083.019627,4877134.708363045,393.049,66,1410,1215,736757251803,0
heat,1790333083.0696254,4877134.75836136,393.049,66,1410,1215,736757291391,0
heat,1790333083.1196284,4877134.808364636,393.318,66,1410,1215,736757291391,0
heat,1790333083.1696284,4877134.858364541,393.318,66,1410,1215,736757330964,0
heat,1790333083.2196252,4877134.908361266,393.318,66,1410,1215,736757330964,0
heat,1790333083.269628,4877134.958364212,393.318,66,1410,1215,736757370553,0
heat,1790333083.319623,4877135.008359107,392.317,66,1410,1215,736757370553,0
heat,1790333083.3696256,4877135.058361702,392.317,66,1410,1215,736757410077,0
heat,1790333083.4196289,4877135.108364758,392.726,66,1410,1215,736757410077,0
heat,1790333083.469626,4877135.158361923,392.726,66,1410,1215,736757449647,0
heat,1790333083.5196288,4877135.208364968,392.726,66,1410,1215,736757449647,0
heat,1790333083.5696259,4877135.258361974,392.726,66,1410,1215,736757489214,0
heat,1790333083.619628,4877135.308364039,392.726,66,1410,1215,736757489214,0
heat,1790333083.669629,4877135.358365244,392.726,66,1410,1215,736757528835,0
heat,1790333083.7196255,4877135.40836162,392.726,66,1410,1215,736757528835,0
heat,1790333083.7696285,4877135.458364465,392.726,66,1410,1215,736757568404,0
heat,1790333083.819626,4877135.50836207,392.726,66,1410,1215,736757568404,0
heat,1790333083.8696282,4877135.558364146,392.726,66,1410,1215,736757607979,0
heat,1790333083.9196262,4877135.608362201,392.726,66,1410,1215,736757607979,0
heat,1790333083.9696288,4877135.658365076,392.726,66,1410,1215,736757647530,0
heat,1790333084.0196252,4877135.708361392,392.726,66,1410,1215,736757647530,0
heat,1790333084.0696287,4877135.758364707,392.726,66,1410,1215,736757687074,0
heat,1790333084.1196282,4877135.808364362,392.726,66,1410,1215,736757687074,0
heat,1790333084.169629,4877135.858365318,392.726,66,1410,1215,736757726649,0
heat,1790333084.219627,4877135.908363133,392.126,66,1410,1215,736757726649,0
heat,1790333084.2696288,4877135.958364698,392.126,66,1410,1215,736757766293,0
heat,1790333084.3196266,4877136.008362534,392.449,66,1410,1215,736757766293,0
heat,1790333084.3696258,4877136.058361999,392.449,66,1410,1215,736757766293,0
heat,1790333084.4196253,4877136.108361214,392.449,66,1410,1215,736757806192,0
heat,1790333084.4696288,4877136.15836487,392.449,66,1410,1215,736757806192,0
heat,1790333084.5196285,4877136.208364705,392.126,66,1410,1215,736757845457,0
heat,1790333084.5696282,4877136.25836416,392.126,66,1410,1215,736757845457,0
heat,1790333084.6196854,4877136.308424205,392.126,66,1410,1215,736757885012,0
heat,1790333084.6696417,4877136.358377791,392.126,66,1410,1215,736757885012,0
heat,1790333084.7196286,4877136.408364656,391.857,66,1410,1215,736757924632,0
heat,1790333084.769629,4877136.458364892,391.857,66,1410,1215,736757924632,0
heat,1790333084.8196285,4877136.508364687,392.126,66,1410,1215,736757964213,0
heat,1790333084.869627,4877136.558362952,392.126,66,1410,1215,736757964213,0
heat,1790333084.9196281,4877136.608364138,392.126,66,1410,1215,736758003864,0
heat,1790333084.969628,4877136.658364333,392.126,66,1410,1215,736758003864,0
heat,1790333085.0196252,4877136.708361328,391.258,66,1410,1215,736758043447,0
heat,1790333085.0696292,4877136.758365214,391.258,66,1410,1215,736758043447,0
heat,1790333085.1196284,4877136.808364609,391.588,66,1410,1215,736758083040,0
heat,1790333085.1696255,4877136.858361714,391.588,66,1410,1215,736758083040,0
heat,1790333085.219628,4877136.9083641,391.258,66,1410,1215,736758122614,0
heat,1790333085.269626,4877136.958362045,391.258,66,1410,1215,736758122614,0
heat,1790333085.3196304,4877137.00836648,391.588,66,1410,1215,736758162223,0
heat,1790333085.3696318,4877137.058367856,391.588,66,1410,1215,736758162223,0
heat,1790333085.4196253,4877137.108361251,391.588,66,1410,1215,736758201793,0
heat,1790333085.4696248,4877137.158360826,391.588,66,1410,1215,736758201793,0
heat,1790333085.519629,4877137.208365052,391.45,66,1410,1215,736758241427,0
heat,1790333085.569628,4877137.258363967,391.45,66,1410,1215,736758241427,0
heat,1790333085.619623,4877137.308358912,391.588,66,1410,1215,736758281011,0
heat,1790333085.6696258,4877137.358361978,391.588,66,1410,1215,736758281011,0
heat,1790333085.7196264,4877137.408362623,391.588,66,1410,1215,736758320674,0
heat,1790333085.769626,4877137.458361968,391.588,66,1410,1215,736758320674,0
heat,1790333085.8196287,4877137.508364854,392.126,66,1410,1215,736758360271,0
heat,1790333085.8696282,4877137.558364309,392.126,66,1410,1215,736758360271,0
heat,1790333085.9196262,4877137.608362374,392.126,66,1410,1215,736758399857,0
heat,1790333085.9696257,4877137.65836162,392.126,66,1410,1215,736758399857,0
heat,1790333086.019626,4877137.708361915,392.126,66,1410,1215,736758439447,0
heat,1790333086.0696273,4877137.75836347,392.126,66,1410,1215,736758439447,0
heat,1790333086.119627,4877137.808362925,392.126,66,1410,1215,736758479075,0
heat,1790333086.1696274,4877137.858363371,392.126,66,1410,1215,736758479075,0
heat,1790333086.219625,4877137.908361096,393.587,66,1410,1215,736758518661,0
heat,1790333086.269627,4877137.958363142,393.587,66,1410,1215,736758518661,0
heat,1790333086.319627,4877138.008363027,393.587,66,1410,1215,736758558333,0
heat,1790333086.3696253,4877138.058361432,393.587,66,1410,1215,736758558333,0
heat,1790333086.419629,4877138.108365038,393.587,66,1410,1215,736758598070,0
heat,1790333086.4696264,4877138.158362273,393.587,66,1410,1215,736758598070,0
heat,1790333086.5196252,4877138.208361138,393.91,66,1410,1215,736758637625,0
heat,1790333086.5696268,4877138.258362873,393.91,66,1410,1215,736758637625,0
heat,1790333086.6196291,4877138.308365079,393.318,66,1410,1215,736758677303,0
heat,1790333086.669628,4877138.358363994,393.318,66,1410,1215,736758677303,0
heat,1790333086.719627,4877138.408362939,393.587,66,1410,1215,736758716992,0
heat,1790333086.769628,4877138.458364195,393.587,66,1410,1215,736758716992,0
heat,1790333086.8196285,4877138.50836472,393.318,66,1410,1215,736758756645,0
heat,1790333086.8696256,4877138.558361736,393.318,66,1410,1215,736758756645,0
heat,1790333086.9196293,4877138.608365411,393.587,66,1410,1215,736758796417,0
heat,1790333086.9696264,4877138.658362566,393.587,66,1410,1215,736758796417,0
heat,1790333087.0196254,4877138.708361641,393.587,66,1410,1215,736758836038,0
heat,1790333087.0696259,4877138.758362017,393.587,66,1410,1215,736758836038,0
heat,1790333087.119626,4877138.808362052,393.318,66,1410,1215,736758875620,0
heat,1790333087.1696265,4877138.858362357,393.318,66,1410,1215,736758875620,0
heat,1790333087.2196283,4877138.908364403,393.318,66,1410,1215,736758915280,0
heat,1790333087.2696276,4877138.958363558,393.318,66,1410,1215,736758915280,0
heat,1790333087.319626,4877139.008362084,393.318,66,1410,1215,736758955047,0
heat,1790333087.369629,4877139.058364939,393.318,66,1410,1215,736758955047,0
heat,1790333087.4196296,4877139.108365544,393.91,66,1410,1215,736758994503,0
heat,1790333087.4696252,4877139.158361419,393.91,66,1410,1215,736758994503,0
heat,1790333087.5196285,4877139.208364695,393.587,66,1410,1215,736759034182,0
heat,1790333087.5696256,4877139.25836164,393.587,66,1410,1215,736759034182,0
heat,1790333087.6196277,4877139.308363755,393.587,66,1410,1215,736759073647,0
heat,1790333087.6696265,4877139.358362521,393.587,66,1410,1215,736759073647,0
heat,1790333087.7196283,4877139.408364276,393.318,66,1410,1215,736759113476,0
heat,1790333087.769625,4877139.458360942,393.318,66,1410,1215,736759113476,0
heat,1790333087.8196282,4877139.508364457,393.318,66,1410,1215,736759153000,0
heat,1790333087.8696263,4877139.558362352,393.318,66,1410,1215,736759153000,0
heat,1790333087.919627,4877139.608363147,393.318,66,1410,1215,736759192682,0
heat,1790333087.9696283,4877139.658364563,393.318,66,1410,1215,736759192682,0
heat,1790333088.0196257,4877139.708361798,393.587,66,1410,1215,736759232248,0
heat,1790333088.0696306,4877139.758366713,393.587,66,1410,1215,736759232248,0
heat,1790333088.1196268,4877139.808362839,393.587,66,1410,1215,736759271917,0
heat,1790333088.1696258,4877139.858362034,393.587,66,1410,1215,736759271917,0
heat,1790333088.2196286,4877139.908364819,393.318,66,1410,1215,736759311536,0
heat,1790333088.2696264,4877139.958362385,393.318,66,1410,1215,736759311536,0
heat,1790333088.3196251,4877140.0083613,393.318,66,1410,1215,736759351242,0
heat,1790333088.3696258,4877140.058361795,393.318,66,1410,1215,736759351242,0
heat,1790333088.4196286,4877140.108364501,393.587,66,1410,1215,736759390850,0
heat,1790333088.469627,4877140.158362966,393.587,66,1410,1215,736759390850,0
heat,1790333088.5196257,4877140.208361661,393.318,66,1410,1215,736759430583,0
heat,1790333088.5696251,4877140.258361257,393.318,66,1410,1215,736759430583,0
heat,1790333088.619627,4877140.308363182,393.318,66,1410,1215,736759470211,0
heat,1790333088.6696281,4877140.358364247,393.318,66,1410,1215,736759470211,0
heat,1790333088.7196343,4877140.408370193,393.587,66,1410,1215,736759509932,0
heat,1790333088.7696276,4877140.458363578,393.587,66,1410,1215,736759509932,0
heat,1790333088.8196254,4877140.508361593,393.587,66,1410,1215,736759549600,0
heat,1790333088.869627,4877140.558362839,393.587,66,1410,1215,736759549600,0
heat,1790333088.9196296,4877140.608365514,393.318,66,1410,1215,736759589245,0
heat,1790333088.9696295,4877140.658365579,393.318,66,1410,1215,736759589245,0
heat,1790333089.0196254,4877140.708361505,393.318,66,1410,1215,736759628883,0
heat,1790333089.0696266,4877140.75836269,393.318,66,1410,1215,736759628883,0
heat,1790333089.1196249,4877140.808360895,393.587,66,1410,1215,736759668549,0
heat,1790333089.1696267,4877140.858362661,393.587,66,1410,1215,736759668549,0
heat,1790333089.2196252,4877140.908361186,393.318,66,1410,1215,736759708164,0
heat,1790333089.2696257,4877140.958361761,393.318,66,1410,1215,736759708164,0
heat,1790333089.3196251,4877141.008361227,393.318,66,1410,1215,736759747809,0
heat,1790333089.3696287,4877141.058364842,393.318,66,1410,1215,736759747809,0
heat,1790333089.4196253,4877141.108361367,393.91,66,1410,1215,736759787434,0
heat,1790333089.4696262,4877141.158362103,393.91,66,1410,1215,736759787434,0
heat,1790333089.5196273,4877141.208363308,393.91,66,1410,1215,736759827081,0
heat,1790333089.569626,4877141.258362163,393.91,66,1410,1215,736759827081,0
heat,1790333089.6196258,4877141.308361739,393.91,66,1410,1215,736759866716,0
heat,1790333089.6696248,4877141.358360964,393.91,66,1410,1215,736759866716,0
heat,1790333089.7196264,4877141.408362529,394.779,66,1410,1215,736759906437,0
