window,t_wall,t_perf,power_w,temp_c,sm_clock_mhz,mem_clock_mhz,energy_mj,throttle_mask
matmul_tiny_loop_block00,1790333809.57408,4877861.262815891,119.68,45,1410,1215,737013155035,0
matmul_tiny_loop_block00,1790333809.6241915,4877861.312927514,119.357,44,1410,1215,737013167057,0
matmul_tiny_loop_block00,1790333809.6741922,4877861.362928098,119.357,44,1410,1215,737013167057,0
matmul_tiny_loop_block00,1790333809.724201,4877861.412937031,119.357,44,1410,1215,737013179091,0
matmul_tiny_loop_block00,1790333809.774201,4877861.462936855,119.357,44,1410,1215,737013179091,0
matmul_tiny_loop_block00,1790333809.8242016,4877861.512937478,119.481,44,1410,1215,737013191142,0
matmul_tiny_loop_block00,1790333809.8742015,4877861.562937552,119.481,44,1410,1215,737013191142,0
matmul_tiny_loop_block00,1790333809.9242017,4877861.612937686,119.481,44,1410,1215,737013203173,0
matmul_tiny_loop_block00,1790333809.9742007,4877861.662936859,119.481,44,1410,1215,737013203173,0
matmul_tiny_loop_block00,1790333810.0242019,4877861.712937983,119.357,44,1410,1215,737013203173,0
matmul_tiny_loop_block00,1790333810.0742025,4877861.762938667,119.357,44,1410,1215,737013215322,0
matmul_tiny_loop_block00,1790333810.1242082,4877861.81294421,119.357,44,1410,1215,737013215322,0
matmul_tiny_loop_block00,1790333810.1742003,4877861.862936294,119.357,44,1410,1215,737013227254,0
matmul_tiny_loop_block00,1790333810.224204,4877861.912939958,119.357,44,1410,1215,737013227254,0
matmul_tiny_loop_block00,1790333810.2742057,4877861.962941651,119.357,44,1410,1215,737013239286,0
matmul_tiny_loop_block00,1790333810.3242042,4877862.012940425,119.481,44,1410,1215,737013239286,0
matmul_tiny_loop_block00,1790333810.3742008,4877862.062936809,119.481,44,1410,1215,737013251317,0
matmul_tiny_loop_block00,1790333810.424205,4877862.112940972,119.357,44,1410,1215,737013251317,0
matmul_tiny_loop_block00,1790333810.4742038,4877862.162939916,119.357,44,1410,1215,737013263339,0
matmul_tiny_loop_block00,1790333810.524199,4877862.21293497,119.357,44,1410,1215,737013263339,0
matmul_tiny_loop_block00,1790333810.5742013,4877862.262937483,119.357,44,1410,1215,737013275364,0
matmul_tiny_loop_block00,1790333810.6242003,4877862.312936497,119.357,44,1410,1215,737013275364,0
matmul_tiny_loop_block00,1790333810.6742032,4877862.362939231,119.357,44,1410,1215,737013287372,0
matmul_tiny_loop_block00,1790333810.7242036,4877862.412939574,119.357,44,1410,1215,737013287372,0
matmul_tiny_loop_block00,1790333810.7742,4877862.462936018,119.357,44,1410,1215,737013299397,0
matmul_tiny_loop_block00,1790333810.8242033,4877862.512939431,119.357,44,1410,1215,737013299397,0
matmul_tiny_loop_block00,1790333810.874203,4877862.562939025,119.357,44,1410,1215,737013311416,0
matmul_tiny_loop_block00,1790333810.9242046,4877862.612940659,119.357,44,1410,1215,737013311416,0
matmul_tiny_loop_block00,1790333810.9742005,4877862.662936523,119.357,44,1410,1215,737013323431,0
matmul_tiny_loop_block00,1790333811.0242016,4877862.712937756,119.357,44,1410,1215,737013323431,0
matmul_tiny_loop_block00,1790333811.0742033,4877862.7629391,119.357,44,1410,1215,737013335445,0
matmul_tiny_loop_block00,1790333811.1241999,4877862.812935884,119.357,44,1410,1215,737013335445,0
matmul_tiny_loop_block00,1790333811.1742055,4877862.862941437,119.357,44,1410,1215,737013347440,0
matmul_tiny_loop_block00,1790333811.2242022,4877862.912938271,119.088,44,1410,1215,737013347440,0
matmul_tiny_loop_block00,1790333811.2742002,4877862.962936594,119.088,44,1410,1215,737013359455,0
matmul_tiny_loop_block00,1790333811.324203,4877863.012939108,119.212,44,1410,1215,737013359455,0
matmul_tiny_loop_block00,1790333811.374204,4877863.062940092,119.212,44,1410,1215,737013371455,0
matmul_tiny_loop_block00,1790333811.4242008,4877863.112936865,119.088,44,1410,1215,737013371455,0
matmul_tiny_loop_block00,1790333811.4742074,4877863.162943589,119.088,44,1410,1215,737013383440,0
matmul_tiny_loop_block00,1790333811.5242033,4877863.212939333,119.088,44,1410,1215,737013383440,0
matmul_tiny_loop_block00,1790333811.5742013,4877863.262937446,119.088,44,1410,1215,737013395439,0
matmul_tiny_loop_block00,1790333811.6242013,4877863.31293742,119.088,44,1410,1215,737013395439,0
matmul_tiny_loop_block00,1790333811.6742337,4877863.362969713,119.088,44,1410,1215,737013407442,0
matmul_tiny_loop_block00,1790333811.7242012,4877863.412937397,119.088,44,1410,1215,737013407442,0
matmul_tiny_loop_block00,1790333811.774201,4877863.462936991,119.088,44,1410,1215,737013419426,0
matmul_tiny_loop_block00,1790333811.8242028,4877863.512938835,119.212,44,1410,1215,737013419426,0
matmul_tiny_loop_block00,1790333811.874203,4877863.562938928,119.212,44,1410,1215,737013431408,0
matmul_tiny_loop_block00,1790333811.9242046,4877863.612940662,119.088,44,1410,1215,737013431408,0
matmul_tiny_loop_block00,1790333811.9742,4877863.662936126,119.088,44,1410,1215,737013443403,0
matmul_tiny_loop_block00,1790333812.0242057,4877863.712941759,119.088,44,1410,1215,737013443403,0
matmul_tiny_loop_block00,1790333812.074202,4877863.762938073,119.088,44,1410,1215,737013455380,0
matmul_tiny_loop_block00,1790333812.1241999,4877863.812935997,119.088,44,1410,1215,737013455380,0
matmul_tiny_loop_block00,1790333812.1742,4877863.86293618,119.088,44,1410,1215,737013467380,0
matmul_tiny_loop_block00,1790333812.2242036,4877863.912939504,119.088,44,1410,1215,737013467380,0
matmul_tiny_loop_block00,1790333812.2742035,4877863.962939798,119.088,44,1410,1215,737013479385,0
matmul_tiny_loop_block00,1790333812.3242006,4877864.012936761,119.088,44,1410,1215,737013479385,0
matmul_tiny_loop_block00,1790333812.3742037,4877864.062939595,119.088,44,1410,1215,737013491386,0
matmul_tiny_loop_block00,1790333812.424202,4877864.112938159,119.088,44,1410,1215,737013491386,0
matmul_tiny_loop_block00,1790333812.474202,4877864.162937942,119.088,44,1410,1215,737013503369,0
matmul_tiny_loop_block00,1790333812.5242019,4877864.212937986,119.088,44,1410,1215,737013503369,0
matmul_tiny_loop_block00,1790333812.5742002,4877864.26293619,119.088,44,1410,1215,737013515386,0
matmul_tiny_loop_block00,1790333812.624201,4877864.312937053,119.088,44,1410,1215,737013515386,0
matmul_tiny_loop_block00,1790333812.6742043,4877864.362940497,119.088,44,1410,1215,737013527368,0
matmul_tiny_loop_block00,1790333812.7242036,4877864.412939571,118.819,44,1410,1215,737013527368,0
matmul_tiny_loop_block00,1790333812.7742019,4877864.462937934,118.819,44,1410,1215,737013539386,0
matmul_tiny_loop_block00,1790333812.8242004,4877864.512936458,119.212,44,1410,1215,737013539386,0
matmul_tiny_loop_block00,1790333812.8742034,4877864.562939621,119.212,44,1410,1215,737013551369,0
matmul_tiny_loop_block00,1790333812.9242046,4877864.612940575,118.819,44,1410,1215,737013551369,0
matmul_tiny_loop_block00,1790333812.9742005,4877864.662936679,118.819,44,1410,1215,737013563364,0
matmul_tiny_loop_block00,1790333813.0242033,4877864.712939462,118.819,44,1410,1215,737013563364,0
matmul_tiny_loop_block00,1790333813.0742016,4877864.762937776,118.819,44,1410,1215,737013575350,0
matmul_tiny_loop_block00,1790333813.1241999,4877864.81293608,118.819,44,1410,1215,737013575350,0
matmul_tiny_loop_block00,1790333813.1741993,4877864.862935333,118.819,44,1410,1215,737013587326,0
matmul_tiny_loop_block00,1790333813.2242017,4877864.912937897,118.819,44,1410,1215,737013587326,0
matmul_tiny_loop_block00,1790333813.2742007,4877864.962936711,118.819,44,1410,1215,737013599311,0
matmul_tiny_loop_block00,1790333813.3242328,4877865.012968874,118.819,44,1410,1215,737013599311,0
matmul_tiny_loop_block00,1790333813.3742063,4877865.062942318,118.819,44,1410,1215,737013611294,0
matmul_tiny_loop_block00,1790333813.4242048,4877865.112940882,118.819,44,1410,1215,737013611294,0
matmul_tiny_loop_block00,1790333813.4742026,4877865.162938585,118.819,44,1410,1215,737013623264,0
matmul_tiny_loop_block00,1790333813.5242043,4877865.212940399,118.819,44,1410,1215,737013623264,0
matmul_tiny_loop_block00,1790333813.5742006,4877865.262936733,118.819,44,1410,1215,737013635239,0
matmul_tiny_loop_block00,1790333813.6242049,4877865.312940756,118.819,44,1410,1215,737013635239,0
matmul_tiny_loop_block00,1790333813.6742008,4877865.36293704,118.819,44,1410,1215,737013647211,0
matmul_tiny_loop_block00,1790333813.7242017,4877865.412937684,118.819,44,1410,1215,737013647211,0
matmul_tiny_loop_block00,1790333813.7742035,4877865.462939757,118.819,44,1410,1215,737013659187,0
matmul_tiny_loop_block00,1790333813.8242016,4877865.512937561,118.819,44,1410,1215,737013659187,0
matmul_tiny_loop_block00,1790333813.8741999,4877865.562935925,118.819,44,1410,1215,737013671153,0
matmul_tiny_loop_block00,1790333813.9242036,4877865.612939488,118.942,44,1410,1215,737013671153,0
matmul_tiny_loop_block00,1790333813.9742033,4877865.662939402,118.942,44,1410,1215,737013683127,0
matmul_tiny_loop_block00,1790333814.0242004,4877865.712936486,118.819,44,1410,1215,737013683127,0
matmul_tiny_loop_block00,1790333814.0742009,4877865.762936979,118.819,44,1410,1215,737013695096,0
matmul_tiny_loop_block00,1790333814.124237,4877865.812973012,118.819,44,1410,1215,737013695096,0
matmul_tiny_loop_block00,1790333814.1742032,4877865.862939237,118.819,44,1410,1215,737013707075,0
matmul_tiny_loop_block00,1790333814.2242043,4877865.91294053,118.819,44,1410,1215,737013707075,0
matmul_tiny_loop_block00,1790333814.2742,4877865.962936304,118.819,44,1410,1215,737013719068,0
matmul_tiny_loop_block00,1790333814.3242009,4877866.012936917,118.819,44,1410,1215,737013719068,0
matmul_tiny_loop_block00,1790333814.374202,4877866.062938181,118.819,44,1410,1215,737013731054,0
matmul_tiny_loop_block00,1790333814.4242043,4877866.112940305,118.942,44,1410,1215,737013731054,0
matmul_tiny_loop_block00,1790333814.4742007,4877866.162936849,118.942,44,1410,1215,737013743016,0
matmul_tiny_loop_block00,1790333814.5242026,4877866.212938422,118.819,44,1410,1215,737013743016,0
matmul_tiny_loop_block00,1790333814.5742033,4877866.262939156,118.819,44,1410,1215,737013755005,0
matmul_tiny_loop_block00,1790333814.6242013,4877866.3129373,118.819,44,1410,1215,737013755005,0
matmul_tiny_loop_block00,1790333814.6742003,4877866.362936473,118.819,44,1410,1215,737013766971,0
matmul_tiny_loop_block00,1790333814.7242036,4877866.412939687,118.819,44,1410,1215,737013766971,0
matmul_tiny_loop_block00,1790333814.7742014,4877866.46293729,118.819,44,1410,1215,737013778950,0
matmul_tiny_loop_block00,1790333814.8242033,4877866.512939374,118.495,44,1410,1215,737013778950,0
matmul_tiny_loop_block00,1790333814.874203,4877866.562938928,118.495,44,1410,1215,737013790914,0
matmul_tiny_loop_block00,1790333814.9242067,4877866.612943001,118.942,44,1410,1215,737013790914,0
matmul_tiny_loop_block00,1790333814.9742026,4877866.662938775,118.942,44,1410,1215,737013802871,0
matmul_tiny_loop_block00,1790333815.0242023,4877866.712938469,118.819,43,1410,1215,737013802871,0
matmul_tiny_loop_block00,1790333815.0742013,4877866.762937392,118.819,43,1410,1215,737013814850,0
matmul_tiny_loop_block00,1790333815.124202,4877866.812938006,118.819,43,1410,1215,737013814850,0
matmul_tiny_loop_block00,1790333815.174201,4877866.86293716,118.819,43,1410,1215,737013826808,0
matmul_tiny_loop_block00,1790333815.2242017,4877866.912937843,118.495,43,1410,1215,737013826808,0
matmul_tiny_loop_block00,1790333815.2742012,4877866.962937087,118.495,43,1410,1215,737013838761,0
matmul_tiny_loop_block00,1790333815.3242009,4877867.012937091,118.495,43,1410,1215,737013838761,0
matmul_tiny_loop_block00,1790333815.3742032,4877867.062939444,118.495,43,1410,1215,737013850714,0
matmul_tiny_loop_block00,1790333815.4242022,4877867.112938298,118.495,43,1410,1215,737013850714,0
matmul_tiny_loop_block00,1790333815.4742043,4877867.162940362,118.495,43,1410,1215,737013862663,0
matmul_tiny_loop_block00,1790333815.5242078,4877867.212943995,118.495,43,1410,1215,737013862663,0
matmul_tiny_loop_block00,1790333815.5742037,4877867.262939729,118.495,43,1410,1215,737013874619,0
matmul_tiny_loop_block00,1790333815.6242018,4877867.312937743,118.495,43,1410,1215,737013874619,0
matmul_tiny_loop_block00,1790333815.6742065,4877867.362942636,118.495,43,1410,1215,737013886549,0
matmul_tiny_loop_block00,1790333815.7242026,4877867.41293882,118.495,43,1410,1215,737013886549,0
matmul_tiny_loop_block00,1790333815.7742,4877867.462936314,118.495,43,1410,1215,737013898498,0
matmul_tiny_loop_block00,1790333815.8242023,4877867.512938457,118.495,43,1410,1215,737013898498,0
matmul_tiny_loop_block00,1790333815.874204,4877867.562939911,118.495,43,1410,1215,737013910439,0
matmul_tiny_loop_block00,1790333815.9242046,4877867.612940714,118.495,43,1410,1215,737013910439,0
matmul_tiny_loop_block00,1790333815.974237,4877867.662972878,118.495,43,1410,1215,737013922373,0
matmul_tiny_loop_block00,1790333816.0242014,4877867.712937602,118.495,43,1410,1215,737013922373,0
matmul_tiny_loop_block00,1790333816.074201,4877867.762937106,118.495,43,1410,1215,737013934312,0
matmul_tiny_loop_block00,1790333816.1242068,4877867.812942929,118.495,43,1410,1215,737013934312,0
matmul_tiny_loop_block00,1790333816.174202,4877867.862937923,118.495,43,1410,1215,737013934312,0
matmul_tiny_loop_block00,1790333816.2242033,4877867.912939266,118.495,43,1410,1215,737013946414,0
matmul_tiny_loop_block00,1790333816.2742035,4877867.96293965,118.495,43,1410,1215,737013946414,0
matmul_tiny_loop_block00,1790333816.3242018,4877868.012937884,118.495,43,1410,1215,737013958313,0
matmul_tiny_loop_block00,1790333816.3742046,4877868.062940727,118.495,43,1410,1215,737013958313,0
matmul_tiny_loop_block00,1790333816.4242005,4877868.112936591,118.495,43,1410,1215,737013970182,0
matmul_tiny_loop_block00,1790333816.4742036,4877868.162939715,118.495,43,1410,1215,737013970182,0
matmul_tiny_loop_block00,1790333816.5242028,4877868.212938868,118.495,43,1410,1215,737013982101,0
matmul_tiny_loop_block00,1790333816.5742323,4877868.262968482,118.495,43,1410,1215,737013982101,0
matmul_tiny_loop_block00,1790333816.624204,4877868.312940216,118.495,43,1410,1215,737013994080,0
matmul_tiny_loop_block00,1790333816.6742015,4877868.362937619,118.495,43,1410,1215,737013994080,0
matmul_tiny_loop_block00,1790333816.7242012,4877868.412937343,118.495,43,1410,1215,737014006038,0
matmul_tiny_loop_block00,1790333816.7742007,4877868.462936597,118.495,43,1410,1215,737014006038,0
matmul_tiny_loop_block00,1790333816.8242047,4877868.51294082,118.618,43,1410,1215,737014017998,0
matmul_tiny_loop_block00,1790333816.8742006,4877868.562936704,118.618,43,1410,1215,737014017998,0
matmul_tiny_loop_block00,1790333816.9242046,4877868.612940608,118.495,43,1410,1215,737014029952,0
matmul_tiny_loop_block00,1790333816.9742062,4877868.662942301,118.495,43,1410,1215,737014029952,0
matmul_tiny_loop_block00,1790333817.0242355,4877868.712971765,118.495,43,1410,1215,737014041919,0
matmul_tiny_loop_block00,1790333817.0742042,4877868.762940339,118.495,43,1410,1215,737014041919,0
matmul_tiny_loop_block00,1790333817.124204,4877868.812940152,118.218,43,1410,1215,737014053847,0
matmul_tiny_loop_block00,1790333817.1742024,4877868.862938576,118.218,43,1410,1215,737014053847,0
matmul_tiny_loop_block00,1790333817.2242048,4877868.91294094,118.618,43,1410,1215,737014065781,0
matmul_tiny_loop_block00,1790333817.2742047,4877868.962940783,118.618,43,1410,1215,737014065781,0
matmul_tiny_loop_block00,1790333817.3242033,4877869.012939267,118.341,43,1410,1215,737014077713,0
matmul_tiny_loop_block00,1790333817.3742032,4877869.062939151,118.341,43,1410,1215,737014077713,0
matmul_tiny_loop_block00,1790333817.4242036,4877869.112939544,118.218,43,1410,1215,737014089646,0
matmul_tiny_loop_block00,1790333817.4742026,4877869.162938608,118.218,43,1410,1215,737014089646,0
matmul_tiny_loop_block00,1790333817.5242093,4877869.212945281,118.218,43,1410,1215,737014101555,0
matmul_tiny_loop_block00,1790333817.5742166,4877869.262952685,118.218,43,1410,1215,737014101555,0
matmul_tiny_loop_block00,1790333817.6242003,4877869.312936509,118.218,43,1410,1215,737014113475,0
matmul_tiny_loop_block00,1790333817.6742077,4877869.362943752,118.218,43,1410,1215,737014113475,0
matmul_tiny_loop_block00,1790333817.7242002,4877869.412936406,118.218,43,1410,1215,737014125381,0
matmul_tiny_loop_block00,1790333817.774204,4877869.46293999,118.218,43,1410,1215,737014125381,0
matmul_tiny_loop_block00,1790333817.8242006,4877869.512936753,118.218,43,1410,1215,737014137295,0
matmul_tiny_loop_block00,1790333817.8742032,4877869.562939297,118.218,43,1410,1215,737014137295,0
matmul_tiny_loop_block00,1790333817.924202,4877869.612938251,118.218,43,1410,1215,737014149242,0
matmul_tiny_loop_block00,1790333817.9742084,4877869.662944404,118.218,43,1410,1215,737014149242,0
matmul_tiny_loop_block00,1790333818.0242028,4877869.712938888,118.218,43,1410,1215,737014161153,0
matmul_tiny_loop_block00,1790333818.0742013,4877869.762937502,118.218,43,1410,1215,737014161153,0
matmul_tiny_loop_block00,1790333818.124202,4877869.812938036,118.218,43,1410,1215,737014173137,0
matmul_tiny_loop_block00,1790333818.1742022,4877869.862938219,118.218,43,1410,1215,737014173137,0
matmul_tiny_loop_block00,1790333818.224205,4877869.912941143,118.218,43,1410,1215,737014185058,0
matmul_tiny_loop_block00,1790333818.274201,4877869.962936966,118.218,43,1410,1215,737014185058,0
matmul_tiny_loop_block00,1790333818.3242016,4877870.01293753,118.218,43,1410,1215,737014196933,0
matmul_tiny_loop_block00,1790333818.374205,4877870.062941154,118.218,43,1410,1215,737014196933,0
matmul_tiny_loop_block00,1790333818.4242043,4877870.112940447,118.218,43,1410,1215,737014208864,0
matmul_tiny_loop_block00,1790333818.4742014,4877870.162937551,118.218,43,1410,1215,737014208864,0
matmul_tiny_loop_block00,1790333818.5242,4877870.212935955,118.218,43,1410,1215,737014220754,0
matmul_tiny_loop_block00,1790333818.574205,4877870.262941108,118.218,43,1410,1215,737014220754,0
matmul_tiny_loop_block00,1790333818.6242032,4877870.312939282,118.218,43,1410,1215,737014232686,0
matmul_tiny_loop_block00,1790333818.6742036,4877870.362939716,118.218,43,1410,1215,737014232686,0
matmul_tiny_loop_block00,1790333818.7242012,4877870.412937299,118.218,43,1410,1215,737014244601,0
matmul_tiny_loop_block00,1790333818.7741997,4877870.462936033,118.218,43,1410,1215,737014244601,0
matmul_tiny_loop_block00,1790333818.8241994,4877870.512935457,118.218,43,1410,1215,737014256518,0
matmul_tiny_loop_block00,1790333818.874202,4877870.56293818,118.218,43,1410,1215,737014256518,0
matmul_tiny_loop_block00,1790333818.9242013,4877870.612937234,118.218,43,1410,1215,737014268426,0
matmul_tiny_loop_block00,1790333818.9742053,4877870.662941368,118.218,43,1410,1215,737014268426,0
matmul_tiny_loop_block00,1790333819.0242012,4877870.712937231,118.218,43,1410,1215,737014280368,0
matmul_tiny_loop_block00,1790333819.074201,4877870.762937155,118.218,43,1410,1215,737014280368,0
matmul_tiny_loop_block00,1790333819.1241994,4877870.812935459,118.218,43,1410,1215,737014292301,0
matmul_tiny_loop_block00,1790333819.1742036,4877870.862939682,118.218,43,1410,1215,737014292301,0
matmul_tiny_loop_block00,1790333819.224205,4877870.912941116,118.218,43,1410,1215,737014304199,0
matmul_tiny_loop_block00,1790333819.2742057,4877870.96294163,118.218,43,1410,1215,737014304199,0
matmul_tiny_loop_block00,1790333819.3242059,4877871.012941903,118.218,43,1410,1215,737014316125,0
matmul_tiny_loop_block00,1790333819.3741984,4877871.062934707,118.218,43,1410,1215,737014316125,0
matmul_tiny_loop_block00,1790333819.424201,4877871.1129369,118.218,43,1410,1215,737014328061,0
matmul_tiny_loop_block00,1790333819.474203,4877871.162939234,118.218,43,1410,1215,737014328061,0
matmul_tiny_loop_block00,1790333819.5242043,4877871.212940368,118.218,43,1410,1215,737014339969,0
matmul_tiny_loop_block00,1790333819.5742028,4877871.262939091,118.218,43,1410,1215,737014339969,0
matmul_tiny_loop_block01,1790333819.604307,4877871.293042725,118.218,43,1410,1215,737014339969,0
matmul_tiny_loop_block01,1790333819.654421,4877871.343157127,118.218,43,1410,1215,737014351950,0
matmul_tiny_loop_block01,1790333819.70442,4877871.393156151,117.626,43,1410,1215,737014351950,0
matmul_tiny_loop_block01,1790333819.7544327,4877871.443168694,117.626,43,1410,1215,737014363794,0
matmul_tiny_loop_block01,1790333819.804461,4877871.493197127,118.218,43,1410,1215,737014363794,0
matmul_tiny_loop_block01,1790333819.8544292,4877871.543165271,118.218,43,1410,1215,737014375697,0
matmul_tiny_loop_block01,1790333819.9044337,4877871.593169895,118.218,43,1410,1215,737014375697,0
matmul_tiny_loop_block01,1790333819.9544337,4877871.643169889,118.218,43,1410,1215,737014387578,0
matmul_tiny_loop_block01,1790333820.0044007,4877871.693136773,117.949,43,1410,1215,737014387578,0
matmul_tiny_loop_block01,1790333820.0544322,4877871.743168266,117.949,43,1410,1215,737014399465,0
matmul_tiny_loop_block01,1790333820.104427,4877871.79316317,117.949,43,1410,1215,737014399465,0
matmul_tiny_loop_block01,1790333820.15443,4877871.843165953,117.949,43,1410,1215,737014411350,0
matmul_tiny_loop_block01,1790333820.2044315,4877871.893167657,117.949,43,1410,1215,737014411350,0
matmul_tiny_loop_block01,1790333820.25443,4877871.943166011,117.949,43,1410,1215,737014423235,0
matmul_tiny_loop_block01,1790333820.3044324,4877871.993168444,118.072,43,1410,1215,737014423235,0
matmul_tiny_loop_block01,1790333820.354432,4877872.043168138,118.072,43,1410,1215,737014435124,0
matmul_tiny_loop_block01,1790333820.404433,4877872.093169032,117.949,43,1410,1215,737014435124,0
matmul_tiny_loop_block01,1790333820.454432,4877872.143168025,117.949,43,1410,1215,737014447017,0
matmul_tiny_loop_block01,1790333820.5044317,4877872.193167679,117.949,43,1410,1215,737014447017,0
matmul_tiny_loop_block01,1790333820.5544322,4877872.243168233,117.949,43,1410,1215,737014458892,0
matmul_tiny_loop_block01,1790333820.6044338,4877872.293169706,117.949,43,1410,1215,737014458892,0
matmul_tiny_loop_block01,1790333820.6544323,4877872.34316826,117.949,43,1410,1215,737014470793,0
matmul_tiny_loop_block01,1790333820.7044318,4877872.393167843,117.949,43,1410,1215,737014470793,0
matmul_tiny_loop_block01,1790333820.754429,4877872.443165147,117.949,43,1410,1215,737014482678,0
matmul_tiny_loop_block01,1790333820.804433,4877872.493169301,117.949,43,1410,1215,737014482678,0
matmul_tiny_loop_block01,1790333820.8544307,4877872.543166945,117.949,43,1410,1215,737014494573,0
matmul_tiny_loop_block01,1790333820.9044297,4877872.593165628,117.949,43,1410,1215,737014494573,0
matmul_tiny_loop_block01,1790333820.954432,4877872.643167992,117.949,43,1410,1215,737014506459,0
matmul_tiny_loop_block01,1790333821.004432,4877872.693168075,117.949,43,1410,1215,737014506459,0
matmul_tiny_loop_block01,1790333821.0544302,4877872.743166419,117.949,43,1410,1215,737014518359,0
matmul_tiny_loop_block01,1790333821.1044261,4877872.793162223,117.949,43,1410,1215,737014518359,0
matmul_tiny_loop_block01,1790333821.1544316,4877872.843167616,117.949,43,1410,1215,737014530234,0
matmul_tiny_loop_block01,1790333821.2044325,4877872.89316838,117.949,43,1410,1215,737014530234,0
matmul_tiny_loop_block01,1790333821.2544322,4877872.943168234,117.949,43,1410,1215,737014542128,0
matmul_tiny_loop_block01,1790333821.3044305,4877872.993166707,117.949,43,1410,1215,737014542128,0
matmul_tiny_loop_block01,1790333821.354432,4877873.043167991,117.949,43,1410,1215,737014554034,0
matmul_tiny_loop_block01,1790333821.404429,4877873.093165115,117.949,43,1410,1215,737014554034,0
matmul_tiny_loop_block01,1790333821.4544349,4877873.143170778,117.949,43,1410,1215,737014565933,0
matmul_tiny_loop_block01,1790333821.5044305,4877873.193166732,117.949,43,1410,1215,737014565933,0
matmul_tiny_loop_block01,1790333821.554431,4877873.243167056,117.949,43,1410,1215,737014577817,0
matmul_tiny_loop_block01,1790333821.604436,4877873.293172009,117.949,42,1410,1215,737014577817,0
matmul_tiny_loop_block01,1790333821.654432,4877873.343168053,117.949,42,1410,1215,737014589729,0
matmul_tiny_loop_block01,1790333821.7044346,4877873.393170847,117.949,42,1410,1215,737014589729,0
matmul_tiny_loop_block01,1790333821.7544317,4877873.4431679,117.949,42,1410,1215,737014601602,0
matmul_tiny_loop_block01,1790333821.8044288,4877873.493164894,117.949,42,1410,1215,737014601602,0
matmul_tiny_loop_block01,1790333821.8544295,4877873.543165648,117.949,42,1410,1215,737014613472,0
matmul_tiny_loop_block01,1790333821.9044304,4877873.593166551,117.626,42,1410,1215,737014613472,0
matmul_tiny_loop_block01,1790333821.9544313,4877873.643167485,117.626,42,1410,1215,737014625351,0
matmul_tiny_loop_block01,1790333822.004431,4877873.693167329,117.626,42,1410,1215,737014625351,0
matmul_tiny_loop_block01,1790333822.0544353,4877873.743171472,117.626,42,1410,1215,737014637241,0
matmul_tiny_loop_block01,1790333822.1044323,4877873.793168396,117.949,42,1410,1215,737014637241,0
matmul_tiny_loop_block01,1790333822.1544318,4877873.843167669,117.949,42,1410,1215,737014649102,0
matmul_tiny_loop_block01,1790333822.2044313,4877873.893167393,117.626,42,1410,1215,737014649102,0
matmul_tiny_loop_block01,1790333822.2544312,4877873.943167367,117.626,42,1410,1215,737014660967,0
matmul_tiny_loop_block01,1790333822.3044322,4877873.99316814,117.626,42,1410,1215,737014660967,0
matmul_tiny_loop_block01,1790333822.3544304,4877874.043166614,117.626,42,1410,1215,737014672844,0
matmul_tiny_loop_block01,1790333822.4044333,4877874.093169198,117.626,42,1410,1215,737014672844,0
matmul_tiny_loop_block01,1790333822.4544318,4877874.143167732,117.626,42,1410,1215,737014684701,0
matmul_tiny_loop_block01,1790333822.5044367,4877874.193172855,117.626,42,1410,1215,737014684701,0
matmul_tiny_loop_block01,1790333822.5544326,4877874.243168439,117.626,42,1410,1215,737014696554,0
matmul_tiny_loop_block01,1790333822.6044288,4877874.293164912,117.626,42,1410,1215,737014696554,0
matmul_tiny_loop_block01,1790333822.6544316,4877874.343167486,117.626,42,1410,1215,737014708415,0
matmul_tiny_loop_block01,1790333822.7044294,4877874.39316545,117.626,42,1410,1215,737014708415,0
matmul_tiny_loop_block01,1790333822.7544284,4877874.443164543,117.626,42,1410,1215,737014720241,0
matmul_tiny_loop_block01,1790333822.8044312,4877874.493167167,117.626,42,1410,1215,737014720241,0
matmul_tiny_loop_block01,1790333822.8544328,4877874.543168741,117.626,42,1410,1215,737014732097,0
matmul_tiny_loop_block01,1790333822.9044306,4877874.593166554,117.748,42,1410,1215,737014732097,0
matmul_tiny_loop_block01,1790333822.9544325,4877874.643168638,117.748,42,1410,1215,737014743937,0
matmul_tiny_loop_block01,1790333823.0044322,4877874.693168212,117.626,42,1410,1215,737014743937,0
matmul_tiny_loop_block01,1790333823.054432,4877874.743168075,117.626,42,1410,1215,737014755790,0
matmul_tiny_loop_block01,1790333823.1044285,4877874.793164519,117.626,42,1410,1215,737014755790,0
matmul_tiny_loop_block01,1790333823.1544297,4877874.843165783,117.626,42,1410,1215,737014767628,0
matmul_tiny_loop_block01,1790333823.2044318,4877874.893167906,117.748,42,1410,1215,737014767628,0
matmul_tiny_loop_block01,1790333823.2544339,4877874.94316988,117.748,42,1410,1215,737014779481,0
matmul_tiny_loop_block01,1790333823.3044314,4877874.993167354,117.626,42,1410,1215,737014779481,0
matmul_tiny_loop_block01,1790333823.3544297,4877875.043165747,117.626,42,1410,1215,737014791342,0
matmul_tiny_loop_block01,1790333823.404431,4877875.093167251,117.626,42,1410,1215,737014791342,0
matmul_tiny_loop_block01,1790333823.4544322,4877875.143168295,117.626,42,1410,1215,737014803196,0
matmul_tiny_loop_block01,1790333823.5044322,4877875.193168228,117.626,42,1410,1215,737014803196,0
matmul_tiny_loop_block01,1790333823.5544295,4877875.243165422,117.626,42,1410,1215,737014815030,0
matmul_tiny_loop_block01,1790333823.6044285,4877875.293164746,117.626,42,1410,1215,737014815030,0
matmul_tiny_loop_block01,1790333823.6544292,4877875.343165389,117.626,42,1410,1215,737014826884,0
matmul_tiny_loop_block01,1790333823.7044315,4877875.393167673,117.626,42,1410,1215,737014826884,0
matmul_tiny_loop_block01,1790333823.754437,4877875.443172886,117.626,42,1410,1215,737014838738,0
matmul_tiny_loop_block01,1790333823.8044345,4877875.49317063,117.626,42,1410,1215,737014838738,0
matmul_tiny_loop_block01,1790333823.854437,4877875.543173264,117.626,42,1410,1215,737014850606,0
matmul_tiny_loop_block01,1790333823.904431,4877875.593167078,117.748,42,1410,1215,737014850606,0
matmul_tiny_loop_block01,1790333823.9544325,4877875.643168541,117.748,42,1410,1215,737014862448,0
matmul_tiny_loop_block01,1790333824.0044289,4877875.693164885,117.626,42,1410,1215,737014862448,0
matmul_tiny_loop_block01,1790333824.0544298,4877875.743165679,117.626,42,1410,1215,737014874322,0
matmul_tiny_loop_block01,1790333824.1044307,4877875.793166652,117.626,42,1410,1215,737014874322,0
matmul_tiny_loop_block01,1790333824.1544616,4877875.843197645,117.626,42,1410,1215,737014886185,0
matmul_tiny_loop_block01,1790333824.204435,4877875.893171389,117.626,42,1410,1215,737014898209,0
matmul_tiny_loop_block01,1790333824.2702568,4877875.958992151,117.626,42,1410,1215,737014898209,0
matmul_tiny_loop_block01,1790333824.3203356,4877876.009071413,117.626,42,1410,1215,737014898209,0
matmul_tiny_loop_block01,1790333824.3703325,4877876.059067917,117.626,42,1410,1215,737014910092,0
matmul_tiny_loop_block01,1790333824.4203393,4877876.109075291,117.626,42,1410,1215,737014910092,0
matmul_tiny_loop_block01,1790333824.4703422,4877876.159078244,117.626,42,1410,1215,737014921938,0
matmul_tiny_loop_block01,1790333824.5203826,4877876.209118728,117.626,42,1410,1215,737014921938,0
matmul_tiny_loop_block01,1790333824.570383,4877876.259119251,117.626,42,1410,1215,737014933793,0
matmul_tiny_loop_block01,1790333824.6203802,4877876.309116425,117.626,42,1410,1215,737014933793,0
matmul_tiny_loop_block01,1790333824.6703827,4877876.359118879,117.626,42,1410,1215,737014945644,0
matmul_tiny_loop_block01,1790333824.7203822,4877876.409118322,117.626,42,1410,1215,737014945644,0
matmul_tiny_loop_block01,1790333824.770387,4877876.459123006,117.626,42,1410,1215,737014957500,0
matmul_tiny_loop_block01,1790333824.820379,4877876.50911509,117.626,42,1410,1215,737014957500,0
matmul_tiny_loop_block01,1790333824.8703856,4877876.559121763,117.626,42,1410,1215,737014969340,0
matmul_tiny_loop_block01,1790333824.920382,4877876.609118067,117.356,42,1410,1215,737014969340,0
matmul_tiny_loop_block01,1790333824.9703696,4877876.659105591,117.356,42,1410,1215,737014981178,0
matmul_tiny_loop_block01,1790333825.0203457,4877876.709081634,117.356,42,1410,1215,737014981178,0
matmul_tiny_loop_block01,1790333825.0703418,4877876.759077758,117.356,42,1410,1215,737014993015,0
matmul_tiny_loop_block01,1790333825.1203446,4877876.809080552,117.626,42,1410,1215,737014993015,0
matmul_tiny_loop_block01,1790333825.170342,4877876.859077636,117.626,42,1410,1215,737015004857,0
matmul_tiny_loop_block01,1790333825.22034,4877876.909075849,117.356,42,1410,1215,737015004857,0
matmul_tiny_loop_block01,1790333825.2703428,4877876.959078563,117.356,42,1410,1215,737015016692,0
matmul_tiny_loop_block01,1790333825.3203404,4877877.009076206,117.356,42,1410,1215,737015016692,0
matmul_tiny_loop_block01,1790333825.3703408,4877877.05907695,117.356,42,1410,1215,737015028527,0
matmul_tiny_loop_block01,1790333825.4203475,4877877.109083284,117.356,42,1410,1215,737015028527,0
matmul_tiny_loop_block01,1790333825.4703398,4877877.159075928,117.356,42,1410,1215,737015040360,0
matmul_tiny_loop_block01,1790333825.520338,4877877.209074221,117.356,42,1410,1215,737015040360,0
matmul_tiny_loop_block01,1790333825.5703409,4877877.259076735,117.356,42,1410,1215,737015052185,0
matmul_tiny_loop_block01,1790333825.62034,4877877.309076049,117.356,42,1410,1215,737015052185,0
matmul_tiny_loop_block01,1790333825.6703446,4877877.359080562,117.356,42,1410,1215,737015064003,0
matmul_tiny_loop_block01,1790333825.7203412,4877877.409076826,117.356,42,1410,1215,737015064003,0
matmul_tiny_loop_block01,1790333825.770343,4877877.459079029,117.356,42,1410,1215,737015075828,0
matmul_tiny_loop_block01,1790333825.8203416,4877877.509077493,117.356,42,1410,1215,737015075828,0
matmul_tiny_loop_block01,1790333825.8703434,4877877.559079237,117.356,42,1410,1215,737015087649,0
matmul_tiny_loop_block01,1790333825.9203405,4877877.6090762,117.478,42,1410,1215,737015087649,0
matmul_tiny_loop_block01,1790333825.9703424,4877877.659078164,117.478,42,1410,1215,737015099469,0
matmul_tiny_loop_block01,1790333826.0203428,4877877.709078588,117.356,42,1410,1215,737015099469,0
matmul_tiny_loop_block01,1790333826.070362,4877877.759097891,117.356,42,1410,1215,737015111299,0
matmul_tiny_loop_block01,1790333826.1203413,4877877.809077005,117.356,42,1410,1215,737015111299,0
matmul_tiny_loop_block01,1790333826.1703427,4877877.859078689,117.356,42,1410,1215,737015123132,0
matmul_tiny_loop_block01,1790333826.2203743,4877877.909110522,117.356,42,1410,1215,737015123132,0
matmul_tiny_loop_block01,1790333826.2703795,4877877.959115605,117.356,42,1410,1215,737015134964,0
matmul_tiny_loop_block01,1790333826.3203835,4877878.009119439,117.478,42,1410,1215,737015134964,0
matmul_tiny_loop_block01,1790333826.370384,4877878.059119823,117.478,42,1410,1215,737015146807,0
matmul_tiny_loop_block01,1790333826.4203808,4877878.109117037,117.356,42,1410,1215,737015146807,0
matmul_tiny_loop_block01,1790333826.47038,4877878.15911599,117.356,42,1410,1215,737015158659,0
matmul_tiny_loop_block01,1790333826.520378,4877878.209114154,117.356,42,1410,1215,737015158659,0
matmul_tiny_loop_block01,1790333826.5703835,4877878.259119758,117.356,42,1410,1215,737015170495,0
matmul_tiny_loop_block01,1790333826.6203825,4877878.309118571,117.356,42,1410,1215,737015170495,0
matmul_tiny_loop_block01,1790333826.670382,4877878.359118145,117.356,42,1410,1215,737015182354,0
matmul_tiny_loop_block01,1790333826.7203863,4877878.409122558,117.356,42,1410,1215,737015182354,0
matmul_tiny_loop_block01,1790333826.7703824,4877878.459118602,117.356,42,1410,1215,737015194181,0
matmul_tiny_loop_block01,1790333826.8203833,4877878.509119296,117.478,42,1410,1215,737015194181,0
matmul_tiny_loop_block01,1790333826.870379,4877878.559115179,117.478,42,1410,1215,737015206004,0
matmul_tiny_loop_block01,1790333826.9203854,4877878.609121393,117.356,42,1410,1215,737015206004,0
matmul_tiny_loop_block01,1790333826.9703794,4877878.659115347,117.356,42,1410,1215,737015217822,0
matmul_tiny_loop_block01,1790333827.0203826,4877878.70911875,117.356,42,1410,1215,737015217822,0
matmul_tiny_loop_block01,1790333827.070382,4877878.759118144,117.356,42,1410,1215,737015229644,0
matmul_tiny_loop_block01,1790333827.1203828,4877878.809118948,117.356,42,1410,1215,737015229644,0
matmul_tiny_loop_block01,1790333827.1703796,4877878.859115561,117.356,42,1410,1215,737015241470,0
matmul_tiny_loop_block01,1790333827.2203853,4877878.909121505,117.478,42,1410,1215,737015241470,0
matmul_tiny_loop_block01,1790333827.2703826,4877878.959118689,117.478,42,1410,1215,737015241470,0
matmul_tiny_loop_block01,1790333827.3203804,4877879.009116632,117.356,42,1410,1215,737015253457,0
matmul_tiny_loop_block01,1790333827.3703794,4877879.059115576,117.356,42,1410,1215,737015253457,0
matmul_tiny_loop_block01,1790333827.4203827,4877879.10911887,117.356,42,1410,1215,737015265181,0
matmul_tiny_loop_block01,1790333827.4703827,4877879.159118733,117.356,42,1410,1215,737015265181,0
matmul_tiny_loop_block01,1790333827.5203846,4877879.209120477,117.356,42,1410,1215,737015276963,0
matmul_tiny_loop_block01,1790333827.5703802,4877879.259116481,117.356,42,1410,1215,737015276963,0
matmul_tiny_loop_block01,1790333827.6203804,4877879.309116464,117.356,42,1410,1215,737015288776,0
matmul_tiny_loop_block01,1790333827.670382,4877879.359118108,117.356,42,1410,1215,737015288776,0
matmul_tiny_loop_block01,1790333827.7203794,4877879.409115582,117.025,42,1410,1215,737015300599,0
matmul_tiny_loop_block01,1790333827.7703824,4877879.459118265,117.025,42,1410,1215,737015300599,0
matmul_tiny_loop_block01,1790333827.8203833,4877879.509119379,117.356,42,1410,1215,737015312412,0
matmul_tiny_loop_block01,1790333827.870383,4877879.559119352,117.356,42,1410,1215,737015312412,0
matmul_tiny_loop_block01,1790333827.9203794,4877879.609115586,117.025,42,1410,1215,737015324246,0
matmul_tiny_loop_block01,1790333827.9703825,4877879.65911843,117.025,42,1410,1215,737015324246,0
matmul_tiny_loop_block01,1790333828.0203793,4877879.709115494,117.356,42,1410,1215,737015336045,0
matmul_tiny_loop_block01,1790333828.0703871,4877879.759123287,117.356,42,1410,1215,737015336045,0
matmul_tiny_loop_block01,1790333828.1203823,4877879.809118471,117.356,42,1410,1215,737015348094,0
matmul_tiny_loop_block01,1790333828.1703827,4877879.859118954,117.356,42,1410,1215,737015348094,0
matmul_tiny_loop_block01,1790333828.2203827,4877879.909118898,117.025,42,1410,1215,737015359873,0
matmul_tiny_loop_block01,1790333828.270383,4877879.959118942,117.025,42,1410,1215,737015359873,0
matmul_tiny_loop_block01,1790333828.3203797,4877880.009115755,117.147,42,1410,1215,737015371690,0
matmul_tiny_loop_block01,1790333828.3703835,4877880.059119589,117.147,42,1410,1215,737015371690,0
matmul_tiny_loop_block01,1790333828.420385,4877880.109120793,117.025,42,1410,1215,737015383479,0
matmul_tiny_loop_block01,1790333828.4703844,4877880.159120576,117.025,42,1410,1215,737015383479,0
matmul_tiny_loop_block01,1790333828.5203826,4877880.2091188,117.025,42,1410,1215,737015395277,0
matmul_tiny_loop_block01,1790333828.5703871,4877880.259123334,117.025,42,1410,1215,737015395277,0
matmul_tiny_loop_block01,1790333828.6203825,4877880.309118557,117.025,42,1410,1215,737015407063,0
matmul_tiny_loop_block01,1790333828.6703832,4877880.359119101,117.025,42,1410,1215,737015407063,0
matmul_tiny_loop_block01,1790333828.7203827,4877880.409118965,117.025,42,1410,1215,737015418863,0
matmul_tiny_loop_block01,1790333828.770384,4877880.459120258,117.025,42,1410,1215,737015418863,0
matmul_tiny_loop_block01,1790333828.8203819,4877880.509117992,117.025,42,1410,1215,737015430664,0
matmul_tiny_loop_block01,1790333828.8703794,4877880.559115606,117.025,42,1410,1215,737015430664,0
matmul_tiny_loop_block01,1790333828.920383,4877880.609119019,117.025,42,1410,1215,737015442475,0
matmul_tiny_loop_block01,1790333828.970381,4877880.659117263,117.025,42,1410,1215,737015442475,0
matmul_tiny_loop_block01,1790333829.0203803,4877880.709116177,117.025,42,1410,1215,737015454252,0
matmul_tiny_loop_block01,1790333829.0703824,4877880.75911854,117.025,42,1410,1215,737015454252,0
matmul_tiny_loop_block01,1790333829.1203783,4877880.809114474,117.025,42,1410,1215,737015466087,0
matmul_tiny_loop_block01,1790333829.1703799,4877880.859115808,117.025,42,1410,1215,737015466087,0
matmul_tiny_loop_block01,1790333829.2204082,4877880.909144541,117.025,42,1410,1215,737015477898,0
matmul_tiny_loop_block01,1790333829.2703831,4877880.959119065,117.025,42,1410,1215,737015477898,0
matmul_tiny_loop_block01,1790333829.3203824,4877881.009118539,117.147,42,1410,1215,737015489709,0
matmul_tiny_loop_block01,1790333829.3703828,4877881.059118922,117.147,42,1410,1215,737015489709,0
matmul_tiny_loop_block01,1790333829.4203827,4877881.109118816,117.025,42,1410,1215,737015501519,0
matmul_tiny_loop_block01,1790333829.4703786,4877881.15911482,117.025,42,1410,1215,737015501519,0
matmul_tiny_loop_block01,1790333829.520382,4877881.209117883,117.025,42,1410,1215,737015513326,0
matmul_tiny_loop_block01,1790333829.5703824,4877881.259118397,117.025,42,1410,1215,737015513326,0
matmul_tiny_loop_block01,1790333829.6203833,4877881.309119391,117.025,42,1410,1215,737015525113,0
matmul_tiny_loop_block01,1790333829.6703825,4877881.359118764,117.025,42,1410,1215,737015525113,0
matmul_tiny_loop_block02,1790333829.685653,4877881.374388958,117.025,42,1410,1215,737015525113,0
matmul_tiny_loop_block02,1790333829.735768,4877881.42450422,116.756,42,1410,1215,737015536947,0
matmul_tiny_loop_block02,1790333829.7857661,4877881.474502064,116.756,42,1410,1215,737015536947,0
matmul_tiny_loop_block02,1790333829.8357782,4877881.524514418,117.147,42,1410,1215,737015548744,0
matmul_tiny_loop_block02,1790333829.8857782,4877881.574514301,117.147,42,1410,1215,737015548744,0
matmul_tiny_loop_block02,1790333829.935779,4877881.624515155,117.147,42,1410,1215,737015560543,0
matmul_tiny_loop_block02,1790333829.9858837,4877881.674622777,117.147,42,1410,1215,737015560543,0
matmul_tiny_loop_block02,1790333830.03578,4877881.724515962,117.147,41,1410,1215,737015572442,0
matmul_tiny_loop_block02,1790333830.0857768,4877881.774512976,117.147,41,1410,1215,737015572442,0
matmul_tiny_loop_block02,1790333830.135808,4877881.824544039,117.025,41,1410,1215,737015584195,0
matmul_tiny_loop_block02,1790333830.185778,4877881.874514143,117.025,41,1410,1215,737015584195,0
matmul_tiny_loop_block02,1790333830.235781,4877881.924516817,117.025,41,1410,1215,737015595952,0
matmul_tiny_loop_block02,1790333830.285776,4877881.974511871,117.025,41,1410,1215,737015595952,0
matmul_tiny_loop_block02,1790333830.3357763,4877882.024512284,117.147,41,1410,1215,737015607750,0
matmul_tiny_loop_block02,1790333830.3857796,4877882.074515678,117.147,41,1410,1215,737015607750,0
matmul_tiny_loop_block02,1790333830.4357789,4877882.124514932,117.025,41,1410,1215,737015619544,0
matmul_tiny_loop_block02,1790333830.4857779,4877882.174513925,117.025,41,1410,1215,737015619544,0
matmul_tiny_loop_block02,1790333830.5357795,4877882.224515699,117.025,41,1410,1215,737015631354,0
matmul_tiny_loop_block02,1790333830.5857797,4877882.274515833,117.025,41,1410,1215,737015631354,0
matmul_tiny_loop_block02,1790333830.6357794,4877882.324515486,117.025,41,1410,1215,737015643148,0
matmul_tiny_loop_block02,1790333830.6857822,4877882.37451844,117.025,41,1410,1215,737015643148,0
matmul_tiny_loop_block02,1790333830.7357812,4877882.424517303,117.025,41,1410,1215,737015654938,0
matmul_tiny_loop_block02,1790333830.78578,4877882.474516017,117.025,41,1410,1215,737015654938,0
matmul_tiny_loop_block02,1790333830.8357775,4877882.524513701,117.025,41,1410,1215,737015666738,0
matmul_tiny_loop_block02,1790333830.8857741,4877882.574510185,117.025,41,1410,1215,737015666738,0
matmul_tiny_loop_block02,1790333830.935778,4877882.624513828,117.025,41,1410,1215,737015678561,0
matmul_tiny_loop_block02,1790333830.985776,4877882.674511902,117.025,41,1410,1215,737015678561,0
matmul_tiny_loop_block02,1790333831.0357766,4877882.724512455,117.025,41,1410,1215,737015690361,0
matmul_tiny_loop_block02,1790333831.0857735,4877882.774509729,117.025,41,1410,1215,737015690361,0
matmul_tiny_loop_block02,1790333831.1357756,4877882.824511513,117.025,41,1410,1215,737015702156,0
matmul_tiny_loop_block02,1790333831.1857748,4877882.874511066,117.025,41,1410,1215,737015702156,0
matmul_tiny_loop_block02,1790333831.2357788,4877882.92451487,117.025,41,1410,1215,737015713956,0
matmul_tiny_loop_block02,1790333831.2857757,4877882.974511584,117.025,41,1410,1215,737015713956,0
matmul_tiny_loop_block02,1790333831.3358073,4877883.024543327,117.025,41,1410,1215,737015725729,0
matmul_tiny_loop_block02,1790333831.3857787,4877883.074514771,117.025,41,1410,1215,737015725729,0
matmul_tiny_loop_block02,1790333831.4357762,4877883.124512315,116.756,41,1410,1215,737015737494,0
matmul_tiny_loop_block02,1790333831.4857745,4877883.174510808,116.756,41,1410,1215,737015737494,0
matmul_tiny_loop_block02,1790333831.535777,4877883.224513112,116.756,41,1410,1215,737015749275,0
matmul_tiny_loop_block02,1790333831.58578,4877883.274516086,116.756,41,1410,1215,737015749275,0
matmul_tiny_loop_block02,1790333831.6357753,4877883.324511399,116.756,41,1410,1215,737015761051,0
matmul_tiny_loop_block02,1790333831.6857755,4877883.374511813,116.756,41,1410,1215,737015761051,0
matmul_tiny_loop_block02,1790333831.735775,4877883.424511057,116.756,41,1410,1215,737015772829,0
matmul_tiny_loop_block02,1790333831.7857783,4877883.47451422,116.756,41,1410,1215,737015772829,0
matmul_tiny_loop_block02,1790333831.8357759,4877883.524512014,117.025,41,1410,1215,737015784598,0
matmul_tiny_loop_block02,1790333831.8857749,4877883.574510868,117.025,41,1410,1215,737015784598,0
matmul_tiny_loop_block02,1790333831.9357753,4877883.624511291,116.756,41,1410,1215,737015796380,0
matmul_tiny_loop_block02,1790333831.985778,4877883.674514295,116.756,41,1410,1215,737015796380,0
matmul_tiny_loop_block02,1790333832.035777,4877883.724513089,116.756,41,1410,1215,737015808155,0
matmul_tiny_loop_block02,1790333832.0857768,4877883.774512822,116.756,41,1410,1215,737015808155,0
matmul_tiny_loop_block02,1790333832.135774,4877883.824510156,116.877,41,1410,1215,737015819938,0
matmul_tiny_loop_block02,1790333832.1857767,4877883.87451289,116.877,41,1410,1215,737015819938,0
matmul_tiny_loop_block02,1790333832.2357757,4877883.924512003,116.756,41,1410,1215,737015831705,0
matmul_tiny_loop_block02,1790333832.2857785,4877883.974514687,116.756,41,1410,1215,737015831705,0
matmul_tiny_loop_block02,1790333832.3357775,4877884.024513701,116.756,41,1410,1215,737015843500,0
matmul_tiny_loop_block02,1790333832.3857756,4877884.074511704,116.756,41,1410,1215,737015843500,0
matmul_tiny_loop_block02,1790333832.4357789,4877884.124514878,116.877,41,1410,1215,737015855266,0
matmul_tiny_loop_block02,1790333832.4857748,4877884.174510882,116.877,41,1410,1215,737015855266,0
matmul_tiny_loop_block02,1790333832.5357754,4877884.224511565,116.756,41,1410,1215,737015867044,0
matmul_tiny_loop_block02,1790333832.5857778,4877884.274513739,116.756,41,1410,1215,737015867044,0
matmul_tiny_loop_block02,1790333832.635778,4877884.324514152,116.756,41,1410,1215,737015878808,0
matmul_tiny_loop_block02,1790333832.6857796,4877884.374515696,116.756,41,1410,1215,737015878808,0
matmul_tiny_loop_block02,1790333832.7357814,4877884.42451746,116.756,41,1410,1215,737015890579,0
matmul_tiny_loop_block02,1790333832.785776,4877884.474512074,116.756,41,1410,1215,737015890579,0
matmul_tiny_loop_block02,1790333832.8357751,4877884.524511297,116.756,41,1410,1215,737015902328,0
matmul_tiny_loop_block02,1790333832.885778,4877884.574514071,116.756,41,1410,1215,737015902328,0
matmul_tiny_loop_block02,1790333832.9357831,4877884.624519214,116.756,41,1410,1215,737015914098,0
matmul_tiny_loop_block02,1790333832.985775,4877884.674511038,116.756,41,1410,1215,737015914098,0
matmul_tiny_loop_block02,1790333833.0357783,4877884.724514452,116.756,41,1410,1215,737015925852,0
matmul_tiny_loop_block02,1790333833.085775,4877884.774510935,116.756,41,1410,1215,737015925852,0
matmul_tiny_loop_block02,1790333833.1357758,4877884.824511879,116.756,41,1410,1215,737015937623,0
matmul_tiny_loop_block02,1790333833.1857831,4877884.874519103,116.756,41,1410,1215,737015937623,0
matmul_tiny_loop_block02,1790333833.235776,4877884.924512166,116.756,41,1410,1215,737015949389,0
matmul_tiny_loop_block02,1790333833.2857754,4877884.97451157,116.756,41,1410,1215,737015949389,0
matmul_tiny_loop_block02,1790333833.335778,4877885.024514304,116.756,41,1410,1215,737015961155,0
matmul_tiny_loop_block02,1790333833.385775,4877885.074511347,116.756,41,1410,1215,737015961155,0
matmul_tiny_loop_block02,1790333833.435776,4877885.124512051,116.756,41,1410,1215,737015972928,0
matmul_tiny_loop_block02,1790333833.4857771,4877885.174513245,116.756,41,1410,1215,737015972928,0
matmul_tiny_loop_block02,1790333833.5357778,4877885.224514008,116.756,41,1410,1215,737015984696,0
matmul_tiny_loop_block02,1790333833.5857823,4877885.274518422,116.756,41,1410,1215,737015984696,0
matmul_tiny_loop_block02,1790333833.6357799,4877885.324515916,116.756,41,1410,1215,737015996443,0
matmul_tiny_loop_block02,1790333833.6857812,4877885.374517309,116.756,41,1410,1215,737015996443,0
matmul_tiny_loop_block02,1790333833.7357748,4877885.424510843,116.756,41,1410,1215,737016008216,0
matmul_tiny_loop_block02,1790333833.7857769,4877885.474513137,116.756,41,1410,1215,737016008216,0
matmul_tiny_loop_block02,1790333833.8357773,4877885.52451339,116.756,41,1410,1215,737016019978,0
matmul_tiny_loop_block02,1790333833.8857782,4877885.574514314,116.756,41,1410,1215,737016019978,0
matmul_tiny_loop_block02,1790333833.935777,4877885.624513208,116.756,41,1410,1215,737016031758,0
matmul_tiny_loop_block02,1790333833.985777,4877885.674513011,116.756,41,1410,1215,737016031758,0
matmul_tiny_loop_block02,1790333834.035778,4877885.724514105,116.756,41,1410,1215,737016043512,0
matmul_tiny_loop_block02,1790333834.085775,4877885.774511159,116.756,41,1410,1215,737016043512,0
matmul_tiny_loop_block02,1790333834.1357763,4877885.824512302,116.756,41,1410,1215,737016055289,0
matmul_tiny_loop_block02,1790333834.1857812,4877885.874517416,116.756,41,1410,1215,737016055289,0
matmul_tiny_loop_block02,1790333834.2357755,4877885.92451154,116.756,41,1410,1215,737016067043,0
matmul_tiny_loop_block02,1790333834.285776,4877885.974511933,116.756,41,1410,1215,737016067043,0
matmul_tiny_loop_block02,1790333834.3357773,4877886.024513437,116.756,41,1410,1215,737016078816,0
matmul_tiny_loop_block02,1790333834.3857777,4877886.074513761,116.756,41,1410,1215,737016078816,0
matmul_tiny_loop_block02,1790333834.4357765,4877886.124512674,116.756,41,1410,1215,737016090579,0
matmul_tiny_loop_block02,1790333834.4857776,4877886.174513618,116.756,41,1410,1215,737016090579,0
matmul_tiny_loop_block02,1790333834.535776,4877886.224512141,116.756,41,1410,1215,737016102346,0
matmul_tiny_loop_block02,1790333834.5857756,4877886.274511755,116.756,41,1410,1215,737016102346,0
matmul_tiny_loop_block02,1790333834.635776,4877886.324512079,116.877,41,1410,1215,737016102346,0
matmul_tiny_loop_block02,1790333834.6857753,4877886.374511462,116.877,41,1410,1215,737016114245,0
matmul_tiny_loop_block02,1790333834.7357786,4877886.424514656,116.756,41,1410,1215,737016114245,0
matmul_tiny_loop_block02,1790333834.7857776,4877886.47451385,116.756,41,1410,1215,737016125909,0
matmul_tiny_loop_block02,1790333834.835776,4877886.524512013,116.608,41,1410,1215,737016125909,0
matmul_tiny_loop_block02,1790333834.8857772,4877886.574513097,116.608,41,1410,1215,737016137583,0
matmul_tiny_loop_block02,1790333834.9357767,4877886.624513001,116.756,41,1410,1215,737016137583,0
matmul_tiny_loop_block02,1790333834.9857795,4877886.674515464,116.756,41,1410,1215,737016149338,0
matmul_tiny_loop_block02,1790333835.0357766,4877886.724512618,116.487,41,1410,1215,737016149338,0
matmul_tiny_loop_block02,1790333835.0857763,4877886.774512502,116.487,41,1410,1215,737016161080,0
matmul_tiny_loop_block02,1790333835.1357782,4877886.824514365,116.487,41,1410,1215,737016161080,0
matmul_tiny_loop_block02,1790333835.1857736,4877886.874509549,116.487,41,1410,1215,737016172832,0
matmul_tiny_loop_block02,1790333835.235778,4877886.924514013,116.608,41,1410,1215,737016172832,0
matmul_tiny_loop_block02,1790333835.2857773,4877886.974513406,116.608,41,1410,1215,737016184560,0
matmul_tiny_loop_block02,1790333835.3357785,4877887.0245145,116.487,41,1410,1215,737016184560,0
matmul_tiny_loop_block02,1790333835.3857777,4877887.074513794,116.487,41,1410,1215,737016196289,0
matmul_tiny_loop_block02,1790333835.4357758,4877887.124511857,116.487,41,1410,1215,737016196289,0
matmul_tiny_loop_block02,1790333835.485777,4877887.174512931,116.487,41,1410,1215,737016208025,0
matmul_tiny_loop_block02,1790333835.5357773,4877887.224513275,116.756,41,1410,1215,737016208025,0
matmul_tiny_loop_block02,1790333835.5857744,4877887.274510358,116.756,41,1410,1215,737016219771,0
matmul_tiny_loop_block02,1790333835.6357772,4877887.324513242,116.487,41,1410,1215,737016219771,0
matmul_tiny_loop_block02,1790333835.6857767,4877887.374512606,116.487,41,1410,1215,737016231497,0
matmul_tiny_loop_block02,1790333835.7357752,4877887.424511339,116.756,41,1410,1215,737016231497,0
matmul_tiny_loop_block02,1790333835.7857754,4877887.474511463,116.756,41,1410,1215,737016243253,0
matmul_tiny_loop_block02,1790333835.8357794,4877887.524515487,116.487,41,1410,1215,737016243253,0
matmul_tiny_loop_block02,1790333835.8857787,4877887.57451461,116.487,41,1410,1215,737016254995,0
matmul_tiny_loop_block02,1790333835.9357774,4877887.624513614,116.487,41,1410,1215,737016254995,0
matmul_tiny_loop_block02,1790333835.985774,4877887.674510078,116.487,41,1410,1215,737016266751,0
matmul_tiny_loop_block02,1790333836.0357773,4877887.724513311,116.487,41,1410,1215,737016266751,0
matmul_tiny_loop_block02,1790333836.0857756,4877887.774511805,116.487,41,1410,1215,737016278492,0
matmul_tiny_loop_block02,1790333836.1357822,4877887.824518128,116.487,41,1410,1215,737016278492,0
matmul_tiny_loop_block02,1790333836.185775,4877887.874511362,116.487,41,1410,1215,737016290260,0
matmul_tiny_loop_block02,1790333836.2357783,4877887.924514466,116.608,41,1410,1215,737016290260,0
matmul_tiny_loop_block02,1790333836.2857761,4877887.974512179,116.608,41,1410,1215,737016302008,0
matmul_tiny_loop_block02,1790333836.3357778,4877888.024514013,116.608,41,1410,1215,737016302008,0
matmul_tiny_loop_block02,1790333836.385776,4877888.074512307,116.608,41,1410,1215,737016313744,0
matmul_tiny_loop_block02,1790333836.4357793,4877888.12451533,116.487,41,1410,1215,737016313744,0
matmul_tiny_loop_block02,1790333836.4857745,4877888.174510614,116.487,41,1410,1215,737016325487,0
matmul_tiny_loop_block02,1790333836.535777,4877888.224513088,116.487,41,1410,1215,737016325487,0
matmul_tiny_loop_block02,1790333836.5857832,4877888.274519321,116.487,41,1410,1215,737016337224,0
matmul_tiny_loop_block02,1790333836.6357744,4877888.324510625,116.487,41,1410,1215,737016337224,0
matmul_tiny_loop_block02,1790333836.6857784,4877888.374514459,116.487,41,1410,1215,737016348968,0
matmul_tiny_loop_block02,1790333836.7357752,4877888.424511252,116.487,41,1410,1215,737016348968,0
matmul_tiny_loop_block02,1790333836.785776,4877888.474512046,116.487,41,1410,1215,737016360727,0
matmul_tiny_loop_block02,1790333836.8357763,4877888.52451258,116.608,41,1410,1215,737016360727,0
matmul_tiny_loop_block02,1790333836.8857777,4877888.574513723,116.608,41,1410,1215,737016372452,0
matmul_tiny_loop_block02,1790333836.935782,4877888.624518057,116.487,41,1410,1215,737016372452,0
matmul_tiny_loop_block02,1790333836.9857793,4877888.674515291,116.487,41,1410,1215,737016384192,0
matmul_tiny_loop_block02,1790333837.0357778,4877888.724513954,116.487,41,1410,1215,737016384192,0
matmul_tiny_loop_block02,1790333837.0857759,4877888.774512098,116.487,41,1410,1215,737016395927,0
matmul_tiny_loop_block02,1790333837.1357765,4877888.824512572,116.487,41,1410,1215,737016395927,0
matmul_tiny_loop_block02,1790333837.1857727,4877888.874508605,116.487,41,1410,1215,737016407685,0
matmul_tiny_loop_block02,1790333837.235778,4877888.924514049,116.487,41,1410,1215,737016407685,0
matmul_tiny_loop_block02,1790333837.285779,4877888.974515113,116.487,41,1410,1215,737016419429,0
matmul_tiny_loop_block02,1790333837.3357747,4877889.024510776,116.487,41,1410,1215,737016419429,0
matmul_tiny_loop_block02,1790333837.3857777,4877889.07451373,116.487,41,1410,1215,737016431170,0
matmul_tiny_loop_block02,1790333837.4357786,4877889.124514644,116.487,41,1410,1215,737016431170,0
matmul_tiny_loop_block02,1790333837.485774,4877889.174510227,116.487,41,1410,1215,737016442916,0
matmul_tiny_loop_block02,1790333837.5357773,4877889.224513431,116.487,41,1410,1215,737016442916,0
matmul_tiny_loop_block02,1790333837.5857823,4877889.274518214,116.487,41,1410,1215,737016454667,0
matmul_tiny_loop_block02,1790333837.635776,4877889.324512178,116.487,41,1410,1215,737016454667,0
matmul_tiny_loop_block02,1790333837.6857758,4877889.374511852,116.487,41,1410,1215,737016466414,0
matmul_tiny_loop_block02,1790333837.7357745,4877889.424510596,116.487,41,1410,1215,737016466414,0
matmul_tiny_loop_block02,1790333837.7857773,4877889.474513409,116.487,41,1410,1215,737016478169,0
matmul_tiny_loop_block02,1790333837.8357759,4877889.524511863,116.608,41,1410,1215,737016478169,0
matmul_tiny_loop_block02,1790333837.8857791,4877889.574515147,116.608,41,1410,1215,737016489912,0
matmul_tiny_loop_block02,1790333837.9357748,4877889.6245111,116.487,41,1410,1215,737016489912,0
matmul_tiny_loop_block02,1790333837.9857774,4877889.674513654,116.487,41,1410,1215,737016501654,0
matmul_tiny_loop_block02,1790333838.0357788,4877889.724514937,116.487,41,1410,1215,737016501654,0
matmul_tiny_loop_block02,1790333838.0857794,4877889.774515561,116.487,41,1410,1215,737016513383,0
matmul_tiny_loop_block02,1790333838.1357741,4877889.824510355,116.487,41,1410,1215,737016513383,0
matmul_tiny_loop_block02,1790333838.1857743,4877889.874510398,116.487,41,1410,1215,737016525141,0
matmul_tiny_loop_block02,1790333838.235776,4877889.924512182,116.487,41,1410,1215,737016525141,0
matmul_tiny_loop_block02,1790333838.2857788,4877889.974514746,116.487,41,1410,1215,737016536879,0
matmul_tiny_loop_block02,1790333838.3357778,4877890.024513939,116.487,41,1410,1215,737016536879,0
matmul_tiny_loop_block02,1790333838.3857787,4877890.074514663,116.487,41,1410,1215,737016548624,0
matmul_tiny_loop_block02,1790333838.4357762,4877890.124512257,116.608,41,1410,1215,737016548624,0
matmul_tiny_loop_block02,1790333838.4857757,4877890.17451171,116.608,41,1410,1215,737016560368,0
matmul_tiny_loop_block02,1790333838.535775,4877890.224511134,116.487,41,1410,1215,737016560368,0
matmul_tiny_loop_block02,1790333838.5857785,4877890.274514628,116.487,41,1410,1215,737016572117,0
matmul_tiny_loop_block02,1790333838.6357753,4877890.324511251,116.487,41,1410,1215,737016572117,0
matmul_tiny_loop_block02,1790333838.6857753,4877890.374511405,116.487,41,1410,1215,737016583865,0
matmul_tiny_loop_block02,1790333838.7357783,4877890.424514389,116.487,41,1410,1215,737016583865,0
matmul_tiny_loop_block02,1790333838.7857785,4877890.474514472,116.487,41,1410,1215,737016595615,0
matmul_tiny_loop_block02,1790333838.8357794,4877890.524515506,116.487,41,1410,1215,737016595615,0
matmul_tiny_loop_block02,1790333838.885779,4877890.57451505,116.487,41,1410,1215,737016607339,0
matmul_tiny_loop_block02,1790333838.9357765,4877890.624512653,116.163,41,1410,1215,737016607339,0
matmul_tiny_loop_block02,1790333838.985777,4877890.674513117,116.163,41,1410,1215,737016619093,0
matmul_tiny_loop_block02,1790333839.0357754,4877890.724511551,116.608,41,1410,1215,737016619093,0
matmul_tiny_loop_block02,1790333839.0857754,4877890.774511474,116.608,41,1410,1215,737016630828,0
matmul_tiny_loop_block02,1790333839.135781,4877890.824517278,116.163,41,1410,1215,737016630828,0
matmul_tiny_loop_block02,1790333839.1857786,4877890.874514831,116.163,41,1410,1215,737016642562,0
matmul_tiny_loop_block02,1790333839.2357867,4877890.924522865,116.163,41,1410,1215,737016642562,0
matmul_tiny_loop_block02,1790333839.2857804,4877890.974516409,116.163,41,1410,1215,737016654291,0
matmul_tiny_loop_block02,1790333839.335776,4877891.024512073,116.163,41,1410,1215,737016654291,0
matmul_tiny_loop_block02,1790333839.3857768,4877891.074512616,116.163,41,1410,1215,737016666029,0
matmul_tiny_loop_block02,1790333839.4357789,4877891.12451482,116.284,41,1410,1215,737016666029,0
matmul_tiny_loop_block02,1790333839.4857764,4877891.174512613,116.284,41,1410,1215,737016677763,0
matmul_tiny_loop_block02,1790333839.5357811,4877891.224517157,116.163,41,1410,1215,737016677763,0
matmul_tiny_loop_block02,1790333839.5857775,4877891.274513381,116.163,41,1410,1215,737016689479,0
matmul_tiny_loop_block02,1790333839.6357777,4877891.324513854,116.487,41,1410,1215,737016689479,0
matmul_tiny_loop_block02,1790333839.6857755,4877891.374511638,116.487,41,1410,1215,737016701196,0
matmul_tiny_loop_block02,1790333839.7357786,4877891.424514612,116.163,41,1410,1215,737016701196,0
matmul_tiny_loop_block03,1790333839.747713,4877891.436448974,116.163,41,1410,1215,737016701196,0
matmul_tiny_loop_block03,1790333839.7978303,4877891.486566716,116.163,41,1410,1215,737016712908,0
matmul_tiny_loop_block03,1790333839.8478236,4877891.53655965,116.163,41,1410,1215,737016712908,0
matmul_tiny_loop_block03,1790333839.8978374,4877891.586573534,116.163,41,1410,1215,737016724609,0
matmul_tiny_loop_block03,1790333839.9478374,4877891.636573637,116.163,41,1410,1215,737016724609,0
matmul_tiny_loop_block03,1790333839.997838,4877891.686574271,116.163,41,1410,1215,737016736326,0
matmul_tiny_loop_block03,1790333840.0478375,4877891.736573685,116.284,41,1410,1215,737016736326,0
matmul_tiny_loop_block03,1790333840.0978367,4877891.786572738,116.284,41,1410,1215,737016748038,0
matmul_tiny_loop_block03,1790333840.1478353,4877891.836571312,116.163,41,1410,1215,737016748038,0
matmul_tiny_loop_block03,1790333840.19784,4877891.886576006,116.163,41,1410,1215,737016759758,0
matmul_tiny_loop_block03,1790333840.247835,4877891.936570979,116.284,41,1410,1215,737016759758,0
matmul_tiny_loop_block03,1790333840.2978375,4877891.986573773,116.284,41,1410,1215,737016771465,0
matmul_tiny_loop_block03,1790333840.3478374,4877892.036573697,116.163,41,1410,1215,737016771465,0
matmul_tiny_loop_block03,1790333840.3978374,4877892.08657341,116.163,41,1410,1215,737016783194,0
matmul_tiny_loop_block03,1790333840.4478416,4877892.136577774,116.163,41,1410,1215,737016783194,0
matmul_tiny_loop_block03,1790333840.497871,4877892.186607007,116.163,41,1410,1215,737016794931,0
matmul_tiny_loop_block03,1790333840.5478356,4877892.236571791,116.163,41,1410,1215,737016794931,0
matmul_tiny_loop_block03,1790333840.597837,4877892.286573175,116.163,41,1410,1215,737016806652,0
matmul_tiny_loop_block03,1790333840.647838,4877892.336574319,116.163,41,1410,1215,737016806652,0
matmul_tiny_loop_block03,1790333840.6978414,4877892.386577502,116.163,41,1410,1215,737016818355,0
matmul_tiny_loop_block03,1790333840.7478385,4877892.436574406,116.163,41,1410,1215,737016818355,0
matmul_tiny_loop_block03,1790333840.797836,4877892.48657225,116.163,41,1410,1215,737016830078,0
matmul_tiny_loop_block03,1790333840.8478355,4877892.536571703,116.163,41,1410,1215,737016830078,0
matmul_tiny_loop_block03,1790333840.8978364,4877892.586572597,116.163,41,1410,1215,737016841795,0
matmul_tiny_loop_block03,1790333840.9478421,4877892.63657806,116.163,41,1410,1215,737016841795,0
matmul_tiny_loop_block03,1790333840.9978347,4877892.686571004,116.163,41,1410,1215,737016853513,0
matmul_tiny_loop_block03,1790333841.0478384,4877892.736574498,116.163,41,1410,1215,737016853513,0
matmul_tiny_loop_block03,1790333841.0978343,4877892.786570452,116.163,41,1410,1215,737016865206,0
matmul_tiny_loop_block03,1790333841.1478353,4877892.836571255,116.284,41,1410,1215,737016865206,0
matmul_tiny_loop_block03,1790333841.1978672,4877892.886603468,116.284,41,1410,1215,737016876921,0
matmul_tiny_loop_block03,1790333841.2478375,4877892.936573402,116.163,41,1410,1215,737016876921,0
matmul_tiny_loop_block03,1790333841.2978406,4877892.986576806,116.163,41,1410,1215,737016888614,0
matmul_tiny_loop_block03,1790333841.3478346,4877893.03657072,116.163,41,1410,1215,737016888614,0
matmul_tiny_loop_block03,1790333841.3978362,4877893.086572413,116.163,41,1410,1215,737016900338,0
matmul_tiny_loop_block03,1790333841.4478374,4877893.136573457,116.163,40,1410,1215,737016900338,0
matmul_tiny_loop_block03,1790333841.4978402,4877893.186576311,116.163,40,1410,1215,737016912058,0
matmul_tiny_loop_block03,1790333841.5478373,4877893.236573374,116.163,40,1410,1215,737016912058,0
matmul_tiny_loop_block03,1790333841.597837,4877893.286573058,116.163,40,1410,1215,737016923798,0
matmul_tiny_loop_block03,1790333841.6478353,4877893.336571202,116.284,40,1410,1215,737016923798,0
matmul_tiny_loop_block03,1790333841.6978376,4877893.386573575,116.284,40,1410,1215,737016935482,0
matmul_tiny_loop_block03,1790333841.7478354,4877893.436571559,116.163,40,1410,1215,737016935482,0
matmul_tiny_loop_block03,1790333841.7978342,4877893.486570213,116.163,40,1410,1215,737016947186,0
matmul_tiny_loop_block03,1790333841.8478348,4877893.536570896,116.163,40,1410,1215,737016947186,0
matmul_tiny_loop_block03,1790333841.8978367,4877893.58657305,116.163,40,1410,1215,737016958892,0
matmul_tiny_loop_block03,1790333841.947834,4877893.636570144,116.163,40,1410,1215,737016958892,0
matmul_tiny_loop_block03,1790333841.9978359,4877893.686571957,116.163,40,1410,1215,737016958892,0
matmul_tiny_loop_block03,1790333842.0478356,4877893.736571861,116.163,40,1410,1215,737016970733,0
matmul_tiny_loop_block03,1790333842.0978367,4877893.786572955,116.163,40,1410,1215,737016970733,0
matmul_tiny_loop_block03,1790333842.1478357,4877893.836571828,116.163,40,1410,1215,737016982364,0
matmul_tiny_loop_block03,1790333842.197838,4877893.886574112,116.163,40,1410,1215,737016982364,0
matmul_tiny_loop_block03,1790333842.2478318,4877893.936567816,116.163,40,1410,1215,737016994058,0
matmul_tiny_loop_block03,1790333842.2978368,4877893.986572799,116.163,40,1410,1215,737016994058,0
matmul_tiny_loop_block03,1790333842.3478353,4877894.036571383,116.284,40,1410,1215,737017005742,0
matmul_tiny_loop_block03,1790333842.3978345,4877894.086570517,116.284,40,1410,1215,737017005742,0
matmul_tiny_loop_block03,1790333842.447838,4877894.13657419,116.284,40,1410,1215,737017017513,0
matmul_tiny_loop_block03,1790333842.4978333,4877894.186569164,116.284,40,1410,1215,737017017513,0
matmul_tiny_loop_block03,1790333842.5478354,4877894.236571568,116.163,40,1410,1215,737017029165,0
matmul_tiny_loop_block03,1790333842.5978398,4877894.286576051,116.163,40,1410,1215,737017029165,0
matmul_tiny_loop_block03,1790333842.6478326,4877894.336568875,116.163,40,1410,1215,737017040912,0
matmul_tiny_loop_block03,1790333842.697835,4877894.386571059,116.163,40,1410,1215,737017040912,0
matmul_tiny_loop_block03,1790333842.7478375,4877894.436573562,116.163,40,1410,1215,737017052580,0
matmul_tiny_loop_block03,1790333842.7978354,4877894.486571406,116.163,40,1410,1215,737017052580,0
matmul_tiny_loop_block03,1790333842.8478367,4877894.536572789,116.284,40,1410,1215,737017064312,0
matmul_tiny_loop_block03,1790333842.897838,4877894.586574253,116.284,40,1410,1215,737017064312,0
matmul_tiny_loop_block03,1790333842.9478376,4877894.636573827,116.284,40,1410,1215,737017076013,0
matmul_tiny_loop_block03,1790333842.997836,4877894.68657212,116.284,40,1410,1215,737017076013,0
matmul_tiny_loop_block03,1790333843.047836,4877894.736572384,116.163,40,1410,1215,737017087728,0
matmul_tiny_loop_block03,1790333843.0978377,4877894.786573748,116.163,40,1410,1215,737017087728,0
matmul_tiny_loop_block03,1790333843.1478355,4877894.836571391,116.163,40,1410,1215,737017099437,0
matmul_tiny_loop_block03,1790333843.1978366,4877894.886572505,116.163,40,1410,1215,737017099437,0
matmul_tiny_loop_block03,1790333843.2478437,4877894.936579869,116.163,40,1410,1215,737017111143,0
matmul_tiny_loop_block03,1790333843.2978375,4877894.986573652,116.163,40,1410,1215,737017111143,0
matmul_tiny_loop_block03,1790333843.3478346,4877895.036570736,116.284,40,1410,1215,737017122829,0
matmul_tiny_loop_block03,1790333843.397832,4877895.08656788,116.284,40,1410,1215,737017122829,0
matmul_tiny_loop_block03,1790333843.4478383,4877895.136574233,116.163,40,1410,1215,737017134535,0
matmul_tiny_loop_block03,1790333843.497841,4877895.186576927,116.163,40,1410,1215,737017134535,0
matmul_tiny_loop_block03,1790333843.5478394,4877895.236575611,116.284,40,1410,1215,737017146250,0
matmul_tiny_loop_block03,1790333843.5978339,4877895.286569914,116.284,40,1410,1215,737017146250,0
matmul_tiny_loop_block03,1790333843.6478388,4877895.336574748,116.163,40,1410,1215,737017157966,0
matmul_tiny_loop_block03,1790333843.6978402,4877895.386576202,116.163,40,1410,1215,737017157966,0
matmul_tiny_loop_block03,1790333843.7478387,4877895.436574735,116.163,40,1410,1215,737017169659,0
matmul_tiny_loop_block03,1790333843.7978323,4877895.486568389,116.163,40,1410,1215,737017169659,0
matmul_tiny_loop_block03,1790333843.8478386,4877895.536574853,116.163,40,1410,1215,737017181359,0
matmul_tiny_loop_block03,1790333843.8978357,4877895.586571786,116.163,40,1410,1215,737017181359,0
matmul_tiny_loop_block03,1790333843.9478374,4877895.6365736,116.284,40,1410,1215,737017193048,0
matmul_tiny_loop_block03,1790333843.9978652,4877895.686601433,116.284,40,1410,1215,737017193048,0
matmul_tiny_loop_block03,1790333844.0478425,4877895.736578717,115.894,40,1410,1215,737017204750,0
matmul_tiny_loop_block03,1790333844.0978365,4877895.786572871,115.894,40,1410,1215,737017204750,0
matmul_tiny_loop_block03,1790333844.1478374,4877895.836573495,115.894,40,1410,1215,737017216440,0
matmul_tiny_loop_block03,1790333844.1978366,4877895.886572788,115.894,40,1410,1215,737017216440,0
matmul_tiny_loop_block03,1790333844.24784,4877895.936576122,116.163,40,1410,1215,737017228139,0
matmul_tiny_loop_block03,1790333844.2978375,4877895.986573626,116.163,40,1410,1215,737017228139,0
matmul_tiny_loop_block03,1790333844.3478355,4877896.036571839,116.163,40,1410,1215,737017239829,0
matmul_tiny_loop_block03,1790333844.3978367,4877896.086572933,116.163,40,1410,1215,737017239829,0
matmul_tiny_loop_block03,1790333844.4478352,4877896.136571196,116.163,40,1410,1215,737017251526,0
matmul_tiny_loop_block03,1790333844.4978383,4877896.1865746,116.163,40,1410,1215,737017251526,0
matmul_tiny_loop_block03,1790333844.5478387,4877896.236574864,115.894,40,1410,1215,737017263216,0
matmul_tiny_loop_block03,1790333844.597837,4877896.286573287,115.894,40,1410,1215,737017263216,0
matmul_tiny_loop_block03,1790333844.6478362,4877896.336572231,115.894,40,1410,1215,737017274900,0
matmul_tiny_loop_block03,1790333844.6978416,4877896.386577785,115.894,40,1410,1215,737017274900,0
matmul_tiny_loop_block03,1790333844.7478359,4877896.436571998,115.894,40,1410,1215,737017286577,0
matmul_tiny_loop_block03,1790333844.7978375,4877896.486573822,115.894,40,1410,1215,737017286577,0
matmul_tiny_loop_block03,1790333844.847836,4877896.536572146,115.894,40,1410,1215,737017298259,0
matmul_tiny_loop_block03,1790333844.897835,4877896.586571129,115.894,40,1410,1215,737017298259,0
matmul_tiny_loop_block03,1790333844.9478397,4877896.636575983,115.894,40,1410,1215,737017309938,0
matmul_tiny_loop_block03,1790333844.9978385,4877896.686574667,115.894,40,1410,1215,737017309938,0
matmul_tiny_loop_block03,1790333845.0478427,4877896.73657893,116.015,40,1410,1215,737017321626,0
matmul_tiny_loop_block03,1790333845.0978367,4877896.786572854,116.015,40,1410,1215,737017321626,0
matmul_tiny_loop_block03,1790333845.1478362,4877896.836572268,115.894,40,1410,1215,737017333291,0
matmul_tiny_loop_block03,1790333845.1978347,4877896.886570821,115.894,40,1410,1215,737017333291,0
matmul_tiny_loop_block03,1790333845.247835,4877896.936570985,115.894,40,1410,1215,737017344967,0
matmul_tiny_loop_block03,1790333845.2978318,4877896.986567839,115.894,40,1410,1215,737017344967,0
matmul_tiny_loop_block03,1790333845.3478403,4877897.036576352,115.894,40,1410,1215,737017356632,0
matmul_tiny_loop_block03,1790333845.3978348,4877897.086570776,115.894,40,1410,1215,737017356632,0
matmul_tiny_loop_block03,1790333845.4478397,4877897.13657596,115.894,40,1410,1215,737017368323,0
matmul_tiny_loop_block03,1790333845.497834,4877897.186569903,115.894,40,1410,1215,737017368323,0
matmul_tiny_loop_block03,1790333845.5478373,4877897.236573147,116.015,40,1410,1215,737017380013,0
matmul_tiny_loop_block03,1790333845.5978384,4877897.286574441,116.015,40,1410,1215,737017380013,0
matmul_tiny_loop_block03,1790333845.647838,4877897.336574384,116.015,40,1410,1215,737017391710,0
matmul_tiny_loop_block03,1790333845.697835,4877897.386571158,116.015,40,1410,1215,737017391710,0
matmul_tiny_loop_block03,1790333845.7478354,4877897.436571572,115.894,40,1410,1215,737017403377,0
matmul_tiny_loop_block03,1790333845.7978342,4877897.486570425,115.894,40,1410,1215,737017403377,0
matmul_tiny_loop_block03,1790333845.8478339,4877897.536569829,115.894,40,1410,1215,737017415072,0
matmul_tiny_loop_block03,1790333845.897839,4877897.586575312,115.894,40,1410,1215,737017415072,0
matmul_tiny_loop_block03,1790333845.947835,4877897.636570896,115.894,40,1410,1215,737017426744,0
matmul_tiny_loop_block03,1790333845.9978433,4877897.68657941,115.894,40,1410,1215,737017426744,0
matmul_tiny_loop_block03,1790333846.0478377,4877897.736573803,115.894,40,1410,1215,737017438429,0
matmul_tiny_loop_block03,1790333846.0978339,4877897.786570167,115.894,40,1410,1215,737017438429,0
matmul_tiny_loop_block03,1790333846.147842,4877897.836578271,115.894,40,1410,1215,737017450095,0
matmul_tiny_loop_block03,1790333846.1978343,4877897.886570425,115.894,40,1410,1215,737017450095,0
matmul_tiny_loop_block03,1790333846.2478344,4877897.936570538,115.894,40,1410,1215,737017461768,0
matmul_tiny_loop_block03,1790333846.2978368,4877897.986572952,115.894,40,1410,1215,737017461768,0
matmul_tiny_loop_block03,1790333846.3478415,4877898.036577755,115.894,40,1410,1215,737017473434,0
matmul_tiny_loop_block03,1790333846.397839,4877898.086575319,115.894,40,1410,1215,737017473434,0
matmul_tiny_loop_block03,1790333846.4478347,4877898.136570762,115.894,40,1410,1215,737017485114,0
matmul_tiny_loop_block03,1790333846.497833,4877898.186569086,115.894,40,1410,1215,737017485114,0
matmul_tiny_loop_block03,1790333846.5478427,4877898.236578899,115.894,40,1410,1215,737017496793,0
matmul_tiny_loop_block03,1790333846.5978389,4877898.286574823,115.894,40,1410,1215,737017496793,0
matmul_tiny_loop_block03,1790333846.6478393,4877898.336575357,115.894,40,1410,1215,737017508475,0
matmul_tiny_loop_block03,1790333846.6978369,4877898.386572921,115.894,40,1410,1215,737017508475,0
matmul_tiny_loop_block03,1790333846.747837,4877898.436573244,115.894,40,1410,1215,737017520147,0
matmul_tiny_loop_block03,1790333846.797834,4877898.486570228,115.894,40,1410,1215,737017520147,0
matmul_tiny_loop_block03,1790333846.8478374,4877898.536573521,115.894,40,1410,1215,737017531821,0
matmul_tiny_loop_block03,1790333846.897838,4877898.586574205,115.894,40,1410,1215,737017531821,0
matmul_tiny_loop_block03,1790333846.9478354,4877898.636571479,115.894,40,1410,1215,737017543483,0
matmul_tiny_loop_block03,1790333846.997837,4877898.686573212,115.894,40,1410,1215,737017543483,0
matmul_tiny_loop_block03,1790333847.0478675,4877898.736603756,115.894,40,1410,1215,737017555151,0
matmul_tiny_loop_block03,1790333847.0978389,4877898.78657487,115.894,40,1410,1215,737017555151,0
matmul_tiny_loop_block03,1790333847.147832,4877898.836567953,115.894,40,1410,1215,737017566815,0
matmul_tiny_loop_block03,1790333847.1978347,4877898.886570777,115.894,40,1410,1215,737017566815,0
matmul_tiny_loop_block03,1790333847.2478383,4877898.936574311,115.894,40,1410,1215,737017578496,0
matmul_tiny_loop_block03,1790333847.2978342,4877898.986570394,115.894,40,1410,1215,737017578496,0
matmul_tiny_loop_block03,1790333847.3478348,4877899.036571058,115.894,40,1410,1215,737017590162,0
matmul_tiny_loop_block03,1790333847.3978372,4877899.086573112,115.894,40,1410,1215,737017590162,0
matmul_tiny_loop_block03,1790333847.4478674,4877899.136603355,115.894,40,1410,1215,737017601853,0
matmul_tiny_loop_block03,1790333847.4978373,4877899.186573499,115.894,40,1410,1215,737017601853,0
matmul_tiny_loop_block03,1790333847.547834,4877899.236569883,115.894,40,1410,1215,737017613534,0
matmul_tiny_loop_block03,1790333847.5978343,4877899.286570366,115.894,40,1410,1215,737017613534,0
matmul_tiny_loop_block03,1790333847.6478367,4877899.33657283,116.015,40,1410,1215,737017625217,0
matmul_tiny_loop_block03,1790333847.6978376,4877899.386573704,116.015,40,1410,1215,737017625217,0
matmul_tiny_loop_block03,1790333847.747868,4877899.436604347,115.894,40,1410,1215,737017636892,0
matmul_tiny_loop_block03,1790333847.797837,4877899.486573031,115.894,40,1410,1215,737017636892,0
matmul_tiny_loop_block03,1790333847.8478377,4877899.536573865,116.015,40,1410,1215,737017648604,0
matmul_tiny_loop_block03,1790333847.897834,4877899.586570078,116.015,40,1410,1215,737017648604,0
matmul_tiny_loop_block03,1790333847.9478354,4877899.636571402,115.894,40,1410,1215,737017648604,0
matmul_tiny_loop_block03,1790333847.9978347,4877899.686570756,115.894,40,1410,1215,737017660454,0
matmul_tiny_loop_block03,1790333848.0478346,4877899.736570599,116.015,40,1410,1215,737017660454,0
matmul_tiny_loop_block03,1790333848.0978687,4877899.786605033,116.015,40,1410,1215,737017672034,0
matmul_tiny_loop_block03,1790333848.1478355,4877899.836571537,115.894,40,1410,1215,737017672034,0
matmul_tiny_loop_block03,1790333848.1978374,4877899.88657341,115.894,40,1410,1215,737017683616,0
matmul_tiny_loop_block03,1790333848.247838,4877899.936574044,115.894,40,1410,1215,737017683616,0
matmul_tiny_loop_block03,1790333848.2978365,4877899.986572698,115.894,40,1410,1215,737017695282,0
matmul_tiny_loop_block03,1790333848.3478386,4877900.036574891,115.894,40,1410,1215,737017695282,0
matmul_tiny_loop_block03,1790333848.397836,4877900.086572345,115.894,40,1410,1215,737017706960,0
matmul_tiny_loop_block03,1790333848.447836,4877900.136571988,115.894,40,1410,1215,737017706960,0
matmul_tiny_loop_block03,1790333848.4978375,4877900.186573622,115.894,40,1410,1215,737017718654,0
matmul_tiny_loop_block03,1790333848.5478377,4877900.236573836,116.015,40,1410,1215,737017718654,0
matmul_tiny_loop_block03,1790333848.597836,4877900.28657202,116.015,40,1410,1215,737017730342,0
matmul_tiny_loop_block03,1790333848.6478367,4877900.336572793,116.015,40,1410,1215,737017730342,0
matmul_tiny_loop_block03,1790333848.6978376,4877900.386573617,116.015,40,1410,1215,737017742025,0
matmul_tiny_loop_block03,1790333848.747836,4877900.43657223,115.894,40,1410,1215,737017742025,0
matmul_tiny_loop_block03,1790333848.7978365,4877900.486572554,115.894,40,1410,1215,737017753699,0
matmul_tiny_loop_block03,1790333848.8478372,4877900.536573148,115.894,40,1410,1215,737017753699,0
matmul_tiny_loop_block03,1790333848.8978355,4877900.586571581,115.894,40,1410,1215,737017765378,0
matmul_tiny_loop_block03,1790333848.9478357,4877900.636571625,115.894,40,1410,1215,737017765378,0
matmul_tiny_loop_block03,1790333848.9978375,4877900.686573779,115.894,40,1410,1215,737017777034,0
matmul_tiny_loop_block03,1790333849.047839,4877900.736575232,115.894,40,1410,1215,737017777034,0
matmul_tiny_loop_block03,1790333849.0978389,4877900.786574966,115.894,40,1410,1215,737017788700,0
matmul_tiny_loop_block03,1790333849.1478312,4877900.83656741,115.617,40,1410,1215,737017788700,0
matmul_tiny_loop_block03,1790333849.1978378,4877900.886574023,115.617,40,1410,1215,737017800348,0
matmul_tiny_loop_block03,1790333849.2478344,4877900.936570477,115.894,40,1410,1215,737017800348,0
matmul_tiny_loop_block03,1790333849.2978342,4877900.986570481,115.894,40,1410,1215,737017811998,0
matmul_tiny_loop_block03,1790333849.3478377,4877901.036573854,115.617,40,1410,1215,737017811998,0
matmul_tiny_loop_block03,1790333849.397836,4877901.086572248,115.617,40,1410,1215,737017823665,0
matmul_tiny_loop_block03,1790333849.4478343,4877901.136570442,115.894,40,1410,1215,737017823665,0
matmul_tiny_loop_block03,1790333849.4978373,4877901.186573295,115.894,40,1410,1215,737017835344,0
matmul_tiny_loop_block03,1790333849.5478349,4877901.236571069,115.894,40,1410,1215,737017835344,0
matmul_tiny_loop_block03,1790333849.597837,4877901.286572983,115.894,40,1410,1215,737017847007,0
matmul_tiny_loop_block03,1790333849.6478424,4877901.336578266,115.737,40,1410,1215,737017847007,0
matmul_tiny_loop_block03,1790333849.697835,4877901.38657115,115.737,40,1410,1215,737017858714,0
matmul_tiny_loop_block03,1790333849.747834,4877901.436569784,116.756,40,1410,1215,737017858714,0
matmul_tiny_loop_block04,1790333849.7954216,4877901.484157655,116.756,40,1410,1215,737017870470,0
matmul_tiny_loop_block04,1790333849.8455355,4877901.534271687,115.737,40,1410,1215,737017870470,0
matmul_tiny_loop_block04,1790333849.895534,4877901.584270061,115.737,40,1410,1215,737017882127,0
matmul_tiny_loop_block04,1790333849.9455473,4877901.634283435,115.617,40,1410,1215,737017882127,0
matmul_tiny_loop_block04,1790333849.995612,4877901.684350637,115.617,40,1410,1215,737017893776,0
matmul_tiny_loop_block04,1790333850.0455575,4877901.734293532,115.617,40,1410,1215,737017893776,0
matmul_tiny_loop_block04,1790333850.0955467,4877901.784282696,115.617,40,1410,1215,737017905449,0
matmul_tiny_loop_block04,1790333850.1455445,4877901.834280409,115.894,40,1410,1215,737017905449,0
matmul_tiny_loop_block04,1790333850.1955495,4877901.884285553,115.894,40,1410,1215,737017917106,0
matmul_tiny_loop_block04,1790333850.245545,4877901.934281007,116.015,40,1410,1215,737017917106,0
matmul_tiny_loop_block04,1790333850.295546,4877901.98428229,116.015,40,1410,1215,737017928790,0
matmul_tiny_loop_block04,1790333850.3455462,4877902.034282384,115.617,40,1410,1215,737017928790,0
matmul_tiny_loop_block04,1790333850.395547,4877902.084282997,115.617,40,1410,1215,737017940444,0
matmul_tiny_loop_block04,1790333850.4455462,4877902.134282341,115.894,40,1410,1215,737017940444,0
matmul_tiny_loop_block04,1790333850.495544,4877902.184280315,115.894,40,1410,1215,737017952116,0
matmul_tiny_loop_block04,1790333850.5455363,4877902.234272379,115.617,40,1410,1215,737017952116,0
matmul_tiny_loop_block04,1790333850.5955114,4877902.284247293,115.617,40,1410,1215,737017963827,0
matmul_tiny_loop_block04,1790333850.6455073,4877902.334243236,116.756,40,1410,1215,737017963827,0
matmul_tiny_loop_block04,1790333850.6955054,4877902.38424137,116.756,40,1410,1215,737017975595,0
matmul_tiny_loop_block04,1790333850.7455056,4877902.434241644,115.894,40,1410,1215,737017975595,0
matmul_tiny_loop_block04,1790333850.7955043,4877902.484240327,115.894,40,1410,1215,737017987247,0
matmul_tiny_loop_block04,1790333850.845506,4877902.534242041,115.737,40,1410,1215,737017987247,0
matmul_tiny_loop_block04,1790333850.895505,4877902.584240985,115.737,40,1410,1215,737017998901,0
matmul_tiny_loop_block04,1790333850.9455068,4877902.634242878,115.617,40,1410,1215,737017998901,0
matmul_tiny_loop_block04,1790333850.9955068,4877902.684242762,115.617,40,1410,1215,737018010551,0
matmul_tiny_loop_block04,1790333851.0455043,4877902.734240156,115.617,40,1410,1215,737018010551,0
matmul_tiny_loop_block04,1790333851.0955052,4877902.784240909,115.617,40,1410,1215,737018022231,0
matmul_tiny_loop_block04,1790333851.1455073,4877902.834243223,115.737,40,1410,1215,737018022231,0
matmul_tiny_loop_block04,1790333851.1955047,4877902.884240717,115.737,40,1410,1215,737018033882,0
matmul_tiny_loop_block04,1790333851.2455072,4877902.93424334,115.617,40,1410,1215,737018033882,0
matmul_tiny_loop_block04,1790333851.2955084,4877902.984244474,115.617,40,1410,1215,737018045594,0
matmul_tiny_loop_block04,1790333851.3455043,4877903.034240287,116.877,40,1410,1215,737018045594,0
matmul_tiny_loop_block04,1790333851.3955164,4877903.084252501,116.877,40,1410,1215,737018057319,0
matmul_tiny_loop_block04,1790333851.4455047,4877903.134240725,115.894,40,1410,1215,737018057319,0
matmul_tiny_loop_block04,1790333851.4955046,4877903.184240588,115.894,40,1410,1215,737018068974,0
matmul_tiny_loop_block04,1790333851.5455048,4877903.234240612,115.617,40,1410,1215,737018068974,0
matmul_tiny_loop_block04,1790333851.59551,4877903.284245746,115.617,40,1410,1215,737018080620,0
matmul_tiny_loop_block04,1790333851.6455038,4877903.334239539,115.617,40,1410,1215,737018080620,0
matmul_tiny_loop_block04,1790333851.6955028,4877903.384238623,115.617,40,1410,1215,737018092266,0
matmul_tiny_loop_block04,1790333851.7455068,4877903.434242517,115.617,40,1410,1215,737018092266,0
matmul_tiny_loop_block04,1790333851.795504,4877903.48424006,115.617,40,1410,1215,737018103905,0
matmul_tiny_loop_block04,1790333851.8455408,4877903.534276954,115.617,40,1410,1215,737018103905,0
matmul_tiny_loop_block04,1790333851.895551,4877903.584286997,115.617,40,1410,1215,737018115567,0
matmul_tiny_loop_block04,1790333851.9455414,4877903.634277411,115.617,40,1410,1215,737018115567,0
matmul_tiny_loop_block04,1790333851.9955447,4877903.684280785,115.617,40,1410,1215,737018127200,0
matmul_tiny_loop_block04,1790333852.0455437,4877903.734279698,115.617,40,1410,1215,737018127200,0
matmul_tiny_loop_block04,1790333852.0955427,4877903.784278882,115.617,40,1410,1215,737018138844,0
matmul_tiny_loop_block04,1790333852.1455472,4877903.834283316,115.617,40,1410,1215,737018138844,0
matmul_tiny_loop_block04,1790333852.1955452,4877903.884281249,115.617,40,1410,1215,737018150508,0
matmul_tiny_loop_block04,1790333852.245548,4877903.934283993,115.617,40,1410,1215,737018150508,0
matmul_tiny_loop_block04,1790333852.2955468,4877903.984283136,115.617,40,1410,1215,737018162174,0
matmul_tiny_loop_block04,1790333852.3455522,4877904.03428824,115.617,40,1410,1215,737018162174,0
matmul_tiny_loop_block04,1790333852.3955445,4877904.084280584,115.617,40,1410,1215,737018173824,0
matmul_tiny_loop_block04,1790333852.445577,4877904.134312997,115.617,40,1410,1215,737018173824,0
matmul_tiny_loop_block04,1790333852.4955482,4877904.184284421,115.617,40,1410,1215,737018185489,0
matmul_tiny_loop_block04,1790333852.545547,4877904.234282995,115.617,40,1410,1215,737018185489,0
matmul_tiny_loop_block04,1790333852.5955443,4877904.284280238,115.617,40,1410,1215,737018197155,0
matmul_tiny_loop_block04,1790333852.6455464,4877904.334282662,115.617,40,1410,1215,737018197155,0
matmul_tiny_loop_block04,1790333852.6955473,4877904.384283526,115.617,40,1410,1215,737018208816,0
matmul_tiny_loop_block04,1790333852.7455447,4877904.434280759,115.617,40,1410,1215,737018208816,0
matmul_tiny_loop_block04,1790333852.795544,4877904.484279933,115.617,40,1410,1215,737018220465,0
matmul_tiny_loop_block04,1790333852.8455467,4877904.534282917,115.617,40,1410,1215,737018220465,0
matmul_tiny_loop_block04,1790333852.8955438,4877904.58427997,115.617,40,1410,1215,737018232133,0
matmul_tiny_loop_block04,1790333852.945545,4877904.634280934,115.617,40,1410,1215,737018232133,0
matmul_tiny_loop_block04,1790333852.995546,4877904.684282268,115.617,40,1410,1215,737018243778,0
matmul_tiny_loop_block04,1790333853.0455496,4877904.734285711,115.737,40,1410,1215,737018243778,0
matmul_tiny_loop_block04,1790333853.0955453,4877904.784281475,115.737,40,1410,1215,737018255444,0
matmul_tiny_loop_block04,1790333853.1455433,4877904.834279369,115.617,40,1410,1215,737018255444,0
matmul_tiny_loop_block04,1790333853.1955435,4877904.884279672,115.617,40,1410,1215,737018267097,0
matmul_tiny_loop_block04,1790333853.2455447,4877904.934280646,115.617,40,1410,1215,737018267097,0
matmul_tiny_loop_block04,1790333853.2955437,4877904.98427961,115.617,40,1410,1215,737018278766,0
matmul_tiny_loop_block04,1790333853.345544,4877905.034280193,115.617,40,1410,1215,737018278766,0
matmul_tiny_loop_block04,1790333853.3955564,4877905.084292337,115.617,40,1410,1215,737018290408,0
matmul_tiny_loop_block04,1790333853.4455454,4877905.134281411,115.617,40,1410,1215,737018290408,0
matmul_tiny_loop_block04,1790333853.4955435,4877905.184279544,115.617,40,1410,1215,737018302075,0
matmul_tiny_loop_block04,1790333853.5455463,4877905.234282368,115.617,40,1410,1215,737018302075,0
matmul_tiny_loop_block04,1790333853.595546,4877905.284282062,115.617,40,1410,1215,737018302075,0
matmul_tiny_loop_block04,1790333853.6455472,4877905.334283275,115.617,40,1410,1215,737018313880,0
matmul_tiny_loop_block04,1790333853.6955426,4877905.384278629,115.617,40,1410,1215,737018313880,0
matmul_tiny_loop_block04,1790333853.7455435,4877905.434279403,115.617,40,1410,1215,737018325515,0
matmul_tiny_loop_block04,1790333853.7955472,4877905.484283186,115.617,40,1410,1215,737018325515,0
matmul_tiny_loop_block04,1790333853.8455472,4877905.53428329,115.617,40,1410,1215,737018337179,0
matmul_tiny_loop_block04,1790333853.8955417,4877905.584277684,115.617,40,1410,1215,737018337179,0
matmul_tiny_loop_block04,1790333853.9455485,4877905.634284577,115.617,40,1410,1215,737018348899,0
matmul_tiny_loop_block04,1790333853.9955482,4877905.684284101,115.617,40,1410,1215,737018348899,0
matmul_tiny_loop_block04,1790333854.04555,4877905.734286144,115.617,40,1410,1215,737018360416,0
matmul_tiny_loop_block04,1790333854.0955458,4877905.784281998,115.617,40,1410,1215,737018360416,0
matmul_tiny_loop_block04,1790333854.1455476,4877905.834283522,115.617,40,1410,1215,737018372088,0
matmul_tiny_loop_block04,1790333854.195554,4877905.884290015,115.617,40,1410,1215,737018372088,0
matmul_tiny_loop_block04,1790333854.2455447,4877905.934280789,115.617,40,1410,1215,737018383850,0
matmul_tiny_loop_block04,1790333854.2955437,4877905.984279663,115.617,40,1410,1215,737018383850,0
matmul_tiny_loop_block04,1790333854.3455472,4877906.034283316,115.617,40,1410,1215,737018395488,0
matmul_tiny_loop_block04,1790333854.3955476,4877906.08428382,115.617,40,1410,1215,737018395488,0
matmul_tiny_loop_block04,1790333854.4455445,4877906.134280454,115.617,40,1410,1215,737018407089,0
matmul_tiny_loop_block04,1790333854.4955416,4877906.184277767,115.617,40,1410,1215,737018407089,0
matmul_tiny_loop_block04,1790333854.5455446,4877906.234280841,115.617,40,1410,1215,737018418725,0
matmul_tiny_loop_block04,1790333854.595545,4877906.284281155,115.617,40,1410,1215,737018418725,0
matmul_tiny_loop_block04,1790333854.6455467,4877906.334282828,115.617,40,1410,1215,737018430415,0
matmul_tiny_loop_block04,1790333854.695546,4877906.384281832,115.617,40,1410,1215,737018430415,0
matmul_tiny_loop_block04,1790333854.7455482,4877906.434284226,115.617,40,1410,1215,737018442000,0
matmul_tiny_loop_block04,1790333854.7955444,4877906.484280449,115.617,40,1410,1215,737018442000,0
matmul_tiny_loop_block04,1790333854.8455486,4877906.534284783,115.737,40,1410,1215,737018453656,0
matmul_tiny_loop_block04,1790333854.8955443,4877906.584280387,115.737,40,1410,1215,737018453656,0
matmul_tiny_loop_block04,1790333854.9455469,4877906.63428293,115.737,40,1410,1215,737018465289,0
matmul_tiny_loop_block04,1790333854.9955475,4877906.684283584,115.737,40,1410,1215,737018465289,0
matmul_tiny_loop_block04,1790333855.0455527,4877906.734288817,115.617,40,1410,1215,737018476936,0
matmul_tiny_loop_block04,1790333855.095552,4877906.784288221,115.617,40,1410,1215,737018476936,0
matmul_tiny_loop_block04,1790333855.1455417,4877906.834277635,115.617,40,1410,1215,737018488595,0
matmul_tiny_loop_block04,1790333855.1955452,4877906.884281069,115.617,40,1410,1215,737018488595,0
matmul_tiny_loop_block04,1790333855.2455466,4877906.934282442,115.617,40,1410,1215,737018500247,0
matmul_tiny_loop_block04,1790333855.2955463,4877906.984282536,115.617,40,1410,1215,737018500247,0
matmul_tiny_loop_block04,1790333855.3455436,4877907.03427993,115.617,40,1410,1215,737018511909,0
matmul_tiny_loop_block04,1790333855.395545,4877907.084281153,115.617,40,1410,1215,737018511909,0
matmul_tiny_loop_block04,1790333855.4455593,4877907.134295647,115.617,40,1410,1215,737018523548,0
matmul_tiny_loop_block04,1790333855.4955423,4877907.184278381,115.617,40,1410,1215,737018523548,0
matmul_tiny_loop_block04,1790333855.5455468,4877907.234282714,115.737,40,1410,1215,737018535197,0
matmul_tiny_loop_block04,1790333855.5955544,4877907.284290408,115.737,40,1410,1215,737018535197,0
matmul_tiny_loop_block04,1790333855.6455467,4877907.334282852,115.617,40,1410,1215,737018546844,0
matmul_tiny_loop_block04,1790333855.695553,4877907.384289135,115.617,40,1410,1215,737018546844,0
matmul_tiny_loop_block04,1790333855.745545,4877907.434281029,115.617,40,1410,1215,737018558467,0
matmul_tiny_loop_block04,1790333855.7955468,4877907.484282872,115.617,40,1410,1215,737018558467,0
matmul_tiny_loop_block04,1790333855.8455448,4877907.534280736,115.294,40,1410,1215,737018570086,0
matmul_tiny_loop_block04,1790333855.8955483,4877907.58428448,115.294,40,1410,1215,737018570086,0
matmul_tiny_loop_block04,1790333855.9455476,4877907.634283463,115.294,40,1410,1215,737018581718,0
matmul_tiny_loop_block04,1790333855.9955528,4877907.684288857,115.294,40,1410,1215,737018581718,0
matmul_tiny_loop_block04,1790333856.0455494,4877907.734285381,115.414,40,1410,1215,737018593337,0
matmul_tiny_loop_block04,1790333856.0955648,4877907.784300724,115.414,40,1410,1215,737018593337,0
matmul_tiny_loop_block04,1790333856.1455436,4877907.834279808,115.294,40,1410,1215,737018604974,0
matmul_tiny_loop_block04,1790333856.1955442,4877907.884280312,115.294,40,1410,1215,737018604974,0
matmul_tiny_loop_block04,1790333856.2455554,4877907.934291395,115.617,40,1410,1215,737018616588,0
matmul_tiny_loop_block04,1790333856.2955468,4877907.984283129,115.617,40,1410,1215,737018616588,0
matmul_tiny_loop_block04,1790333856.345546,4877908.034282143,115.294,40,1410,1215,737018628204,0
matmul_tiny_loop_block04,1790333856.3955488,4877908.084285056,115.294,40,1410,1215,737018628204,0
matmul_tiny_loop_block04,1790333856.4455495,4877908.13428559,115.294,40,1410,1215,737018639838,0
matmul_tiny_loop_block04,1790333856.4955447,4877908.184280874,115.294,40,1410,1215,737018639838,0
matmul_tiny_loop_block04,1790333856.545548,4877908.234284077,115.294,40,1410,1215,737018651462,0
matmul_tiny_loop_block04,1790333856.595548,4877908.284284031,115.294,40,1410,1215,737018651462,0
matmul_tiny_loop_block04,1790333856.6455476,4877908.334283685,115.294,40,1410,1215,737018663144,0
matmul_tiny_loop_block04,1790333856.6955538,4877908.384289948,115.294,40,1410,1215,737018663144,0
matmul_tiny_loop_block04,1790333856.7455442,4877908.434280322,115.294,40,1410,1215,737018674757,0
matmul_tiny_loop_block04,1790333856.795546,4877908.484282196,115.294,40,1410,1215,737018674757,0
matmul_tiny_loop_block04,1790333856.8455594,4877908.534295349,115.294,40,1410,1215,737018686405,0
matmul_tiny_loop_block04,1790333856.8955438,4877908.584279843,115.294,40,1410,1215,737018686405,0
matmul_tiny_loop_block04,1790333856.9455452,4877908.634281197,115.294,40,1410,1215,737018697973,0
matmul_tiny_loop_block04,1790333856.995545,4877908.68428095,115.294,40,1410,1215,737018697973,0
matmul_tiny_loop_block04,1790333857.0455432,4877908.734279274,115.294,40,1410,1215,737018709601,0
matmul_tiny_loop_block04,1790333857.095546,4877908.784282248,115.294,40,1410,1215,737018709601,0
matmul_tiny_loop_block04,1790333857.1455433,4877908.834279581,115.294,40,1410,1215,737018721217,0
matmul_tiny_loop_block04,1790333857.1955485,4877908.884284465,115.294,40,1410,1215,737018721217,0
matmul_tiny_loop_block04,1790333857.2455444,4877908.934280549,115.414,40,1410,1215,737018732830,0
matmul_tiny_loop_block04,1790333857.2955446,4877908.984280692,115.414,40,1410,1215,737018732830,0
matmul_tiny_loop_block04,1790333857.3455477,4877909.034283816,115.294,40,1410,1215,737018744465,0
matmul_tiny_loop_block04,1790333857.395547,4877909.084283079,115.294,40,1410,1215,737018744465,0
matmul_tiny_loop_block04,1790333857.445553,4877909.134289213,115.294,40,1410,1215,737018756079,0
matmul_tiny_loop_block04,1790333857.4955435,4877909.184279617,115.294,40,1410,1215,737018756079,0
matmul_tiny_loop_block04,1790333857.5455465,4877909.23428271,115.294,39,1410,1215,737018767707,0
matmul_tiny_loop_block04,1790333857.5955436,4877909.284279644,115.294,39,1410,1215,737018767707,0
matmul_tiny_loop_block04,1790333857.6455433,4877909.334279358,115.294,39,1410,1215,737018779322,0
matmul_tiny_loop_block04,1790333857.695544,4877909.384280061,115.294,39,1410,1215,737018779322,0
matmul_tiny_loop_block04,1790333857.7455468,4877909.434282865,115.294,39,1410,1215,737018790951,0
matmul_tiny_loop_block04,1790333857.7955444,4877909.484280269,115.294,39,1410,1215,737018790951,0
matmul_tiny_loop_block04,1790333857.845545,4877909.534280922,115.294,39,1410,1215,737018802570,0
matmul_tiny_loop_block04,1790333857.8955443,4877909.584280496,115.294,39,1410,1215,737018802570,0
matmul_tiny_loop_block04,1790333857.945545,4877909.63428098,115.294,39,1410,1215,737018814202,0
matmul_tiny_loop_block04,1790333857.9955444,4877909.684280513,115.294,39,1410,1215,737018814202,0
matmul_tiny_loop_block04,1790333858.0455472,4877909.734283427,115.294,39,1410,1215,737018825819,0
matmul_tiny_loop_block04,1790333858.0955431,4877909.784279231,115.294,39,1410,1215,737018825819,0
matmul_tiny_loop_block04,1790333858.145556,4877909.834292034,115.294,39,1410,1215,737018837458,0
matmul_tiny_loop_block04,1790333858.1955469,4877909.884283008,115.294,39,1410,1215,737018837458,0
matmul_tiny_loop_block04,1790333858.245545,4877909.934281062,115.294,39,1410,1215,737018849077,0
matmul_tiny_loop_block04,1790333858.2955449,4877909.984281025,115.294,39,1410,1215,737018849077,0
matmul_tiny_loop_block04,1790333858.3455472,4877910.034283339,115.294,39,1410,1215,737018860699,0
matmul_tiny_loop_block04,1790333858.3955462,4877910.084282183,115.294,39,1410,1215,737018860699,0
matmul_tiny_loop_block04,1790333858.4455452,4877910.134281456,115.294,39,1410,1215,737018872332,0
matmul_tiny_loop_block04,1790333858.495541,4877910.18427705,115.294,39,1410,1215,737018872332,0
matmul_tiny_loop_block04,1790333858.5455484,4877910.234284683,115.294,39,1410,1215,737018883956,0
matmul_tiny_loop_block04,1790333858.595579,4877910.284315057,115.294,39,1410,1215,737018883956,0
matmul_tiny_loop_block04,1790333858.645556,4877910.334292091,115.414,39,1410,1215,737018895592,0
matmul_tiny_loop_block04,1790333858.6955452,4877910.384281135,115.414,39,1410,1215,737018895592,0
matmul_tiny_loop_block04,1790333858.7455478,4877910.434284008,115.294,39,1410,1215,737018907199,0
matmul_tiny_loop_block04,1790333858.7955437,4877910.484279712,115.294,39,1410,1215,737018907199,0
matmul_tiny_loop_block04,1790333858.845548,4877910.534284076,115.294,39,1410,1215,737018918815,0
matmul_tiny_loop_block04,1790333858.895547,4877910.584282949,115.294,39,1410,1215,737018918815,0
matmul_tiny_loop_block04,1790333858.9455447,4877910.634280713,115.294,39,1410,1215,737018930427,0
matmul_tiny_loop_block04,1790333858.9955437,4877910.684279887,115.294,39,1410,1215,737018930427,0
matmul_tiny_loop_block04,1790333859.0455492,4877910.7342852,115.414,39,1410,1215,737018942038,0
matmul_tiny_loop_block04,1790333859.095547,4877910.784282954,115.414,39,1410,1215,737018942038,0
matmul_tiny_loop_block04,1790333859.1455562,4877910.834292287,115.294,39,1410,1215,737018953657,0
matmul_tiny_loop_block04,1790333859.1955442,4877910.884280501,115.294,39,1410,1215,737018953657,0
matmul_tiny_loop_block04,1790333859.245545,4877910.934281135,115.294,39,1410,1215,737018965287,0
matmul_tiny_loop_block04,1790333859.2955432,4877910.984279458,115.294,39,1410,1215,737018965287,0
matmul_tiny_loop_block04,1790333859.3455439,4877911.034279992,115.294,39,1410,1215,737018976923,0
matmul_tiny_loop_block04,1790333859.3955467,4877911.084282596,115.294,39,1410,1215,737018976923,0
matmul_tiny_loop_block04,1790333859.4455428,4877911.134279039,115.294,39,1410,1215,737018988552,0
matmul_tiny_loop_block04,1790333859.4955456,4877911.184281643,115.294,39,1410,1215,737018988552,0
matmul_tiny_loop_block04,1790333859.5455444,4877911.234280537,115.294,39,1410,1215,737018988552,0
matmul_tiny_loop_block04,1790333859.5955446,4877911.2842807,115.294,39,1410,1215,737019000385,0
matmul_tiny_loop_block04,1790333859.6455445,4877911.334280584,115.294,39,1410,1215,737019000385,0
matmul_tiny_loop_block04,1790333859.695554,4877911.384290118,115.294,39,1410,1215,737019011955,0
matmul_tiny_loop_block04,1790333859.7455547,4877911.434290771,115.294,39,1410,1215,737019011955,0
matmul_tiny_loop_block04,1790333859.7955427,4877911.484278825,115.294,39,1410,1215,737019023477,0
matmul_tiny_loop_block04,1790333859.845548,4877911.534284179,115.294,39,1410,1215,737019023477,0
matmul_tiny_loop_block04,1790333859.8955433,4877911.584279462,115.294,39,1410,1215,737019035082,0
matmul_tiny_loop_block05,1790333859.9181795,4877911.606915541,115.294,39,1410,1215,737019035082,0
matmul_tiny_loop_block05,1790333859.968294,4877911.657030254,115.294,39,1410,1215,737019046671,0
matmul_tiny_loop_block05,1790333860.018292,4877911.707027867,115.024,39,1410,1215,737019046671,0
matmul_tiny_loop_block05,1790333860.068303,4877911.757039141,115.024,39,1410,1215,737019058288,0
matmul_tiny_loop_block05,1790333860.1183019,4877911.807037915,115.414,39,1410,1215,737019058288,0
matmul_tiny_loop_block05,1790333860.1683056,4877911.857041878,115.414,39,1410,1215,737019069918,0
matmul_tiny_loop_block05,1790333860.2183056,4877911.907041642,115.294,39,1410,1215,737019069918,0
matmul_tiny_loop_block05,1790333860.268304,4877911.957040176,115.294,39,1410,1215,737019081534,0
matmul_tiny_loop_block05,1790333860.3183076,4877912.007043629,115.414,39,1410,1215,737019081534,0
matmul_tiny_loop_block05,1790333860.368303,4877912.057039263,115.414,39,1410,1215,737019093145,0
matmul_tiny_loop_block05,1790333860.4183109,4877912.107047026,115.294,39,1410,1215,737019093145,0
matmul_tiny_loop_block05,1790333860.4683068,4877912.15704293,115.294,39,1410,1215,737019104745,0
matmul_tiny_loop_block05,1790333860.5183024,4877912.207038474,115.294,39,1410,1215,737019104745,0
matmul_tiny_loop_block05,1790333860.5683024,4877912.257038418,115.294,39,1410,1215,737019116370,0
matmul_tiny_loop_block05,1790333860.6183054,4877912.307041581,115.294,39,1410,1215,737019116370,0
matmul_tiny_loop_block05,1790333860.6683028,4877912.357038995,115.294,39,1410,1215,737019127988,0
matmul_tiny_loop_block05,1790333860.7183025,4877912.407038528,115.414,39,1410,1215,737019127988,0
matmul_tiny_loop_block05,1790333860.768302,4877912.457038312,115.414,39,1410,1215,737019139607,0
matmul_tiny_loop_block05,1790333860.8183053,4877912.507041296,115.294,39,1410,1215,737019139607,0
matmul_tiny_loop_block05,1790333860.8683028,4877912.55703891,115.294,39,1410,1215,737019151243,0
matmul_tiny_loop_block05,1790333860.9183078,4877912.607043943,115.294,39,1410,1215,737019151243,0
matmul_tiny_loop_block05,1790333860.968306,4877912.657042337,115.294,39,1410,1215,737019162856,0
matmul_tiny_loop_block05,1790333861.018309,4877912.70704524,115.294,39,1410,1215,737019162856,0
matmul_tiny_loop_block05,1790333861.0683017,4877912.757037754,115.294,39,1410,1215,737019174479,0
matmul_tiny_loop_block05,1790333861.1183014,4877912.807037528,115.294,39,1410,1215,737019174479,0
matmul_tiny_loop_block05,1790333861.1683013,4877912.857037361,115.294,39,1410,1215,737019186101,0
matmul_tiny_loop_block05,1790333861.2183018,4877912.907037795,115.294,39,1410,1215,737019186101,0
matmul_tiny_loop_block05,1790333861.268305,4877912.957041269,115.294,39,1410,1215,737019197699,0
matmul_tiny_loop_block05,1790333861.3183055,4877913.007041572,115.414,39,1410,1215,737019197699,0
matmul_tiny_loop_block05,1790333861.3683069,4877913.057043076,115.414,39,1410,1215,737019209315,0
matmul_tiny_loop_block05,1790333861.4183345,4877913.107070539,115.294,39,1410,1215,737019209315,0
matmul_tiny_loop_block05,1790333861.468302,4877913.157038173,115.294,39,1410,1215,737019220932,0
matmul_tiny_loop_block05,1790333861.5183022,4877913.207038267,115.024,39,1410,1215,737019220932,0
matmul_tiny_loop_block05,1790333861.5683029,4877913.257039111,115.024,39,1410,1215,737019232569,0
matmul_tiny_loop_block05,1790333861.618309,4877913.307045344,115.294,39,1410,1215,737019232569,0
matmul_tiny_loop_block05,1790333861.6683025,4877913.357038668,115.294,39,1410,1215,737019244177,0
matmul_tiny_loop_block05,1790333861.7183013,4877913.407037402,115.294,39,1410,1215,737019244177,0
matmul_tiny_loop_block05,1790333861.7683012,4877913.457037435,115.294,39,1410,1215,737019255785,0
matmul_tiny_loop_block05,1790333861.8183079,4877913.507043999,115.294,39,1410,1215,737019255785,0
matmul_tiny_loop_block05,1790333861.8683105,4877913.557046672,115.294,39,1410,1215,737019267411,0
matmul_tiny_loop_block05,1790333861.9183047,4877913.607040976,115.024,39,1410,1215,737019267411,0
matmul_tiny_loop_block05,1790333861.9683022,4877913.65703851,115.024,39,1410,1215,737019279025,0
matmul_tiny_loop_block05,1790333862.0183034,4877913.707039554,115.294,39,1410,1215,737019279025,0
matmul_tiny_loop_block05,1790333862.068308,4877913.757044367,115.294,39,1410,1215,737019290627,0
matmul_tiny_loop_block05,1790333862.1183023,4877913.807038561,115.414,39,1410,1215,737019290627,0
matmul_tiny_loop_block05,1790333862.1683052,4877913.857041315,115.414,39,1410,1215,737019302251,0
matmul_tiny_loop_block05,1790333862.2183073,4877913.907043378,115.024,39,1410,1215,737019302251,0
matmul_tiny_loop_block05,1790333862.2683032,4877913.957039072,115.024,39,1410,1215,737019313854,0
matmul_tiny_loop_block05,1790333862.318305,4877914.007041045,115.294,39,1410,1215,737019313854,0
matmul_tiny_loop_block05,1790333862.3683102,4877914.057046389,115.294,39,1410,1215,737019313854,0
matmul_tiny_loop_block05,1790333862.4183033,4877914.107039303,115.294,39,1410,1215,737019325649,0
matmul_tiny_loop_block05,1790333862.4683073,4877914.157043266,115.294,39,1410,1215,737019325649,0
matmul_tiny_loop_block05,1790333862.5183058,4877914.20704202,115.144,39,1410,1215,737019337155,0
matmul_tiny_loop_block05,1790333862.5683036,4877914.257039624,115.144,39,1410,1215,737019337155,0
matmul_tiny_loop_block05,1790333862.6183012,4877914.307037377,115.294,39,1410,1215,737019348690,0
matmul_tiny_loop_block05,1790333862.6683052,4877914.357041321,115.294,39,1410,1215,737019348690,0
matmul_tiny_loop_block05,1790333862.718306,4877914.407042035,115.294,39,1410,1215,737019360296,0
matmul_tiny_loop_block05,1790333862.7683024,4877914.457038538,115.294,39,1410,1215,737019360296,0
matmul_tiny_loop_block05,1790333862.8183033,4877914.507039212,115.294,39,1410,1215,737019371907,0
matmul_tiny_loop_block05,1790333862.8683057,4877914.557041866,115.294,39,1410,1215,737019371907,0
matmul_tiny_loop_block05,1790333862.918305,4877914.607041269,115.294,39,1410,1215,737019383261,0
matmul_tiny_loop_block05,1790333862.9683049,4877914.657041073,115.294,39,1410,1215,737019383261,0
matmul_tiny_loop_block05,1790333863.0183058,4877914.707041887,115.024,39,1410,1215,737019394873,0
matmul_tiny_loop_block05,1790333863.0683033,4877914.75703929,115.024,39,1410,1215,737019394873,0
matmul_tiny_loop_block05,1790333863.1183066,4877914.807042534,115.294,39,1410,1215,737019406474,0
matmul_tiny_loop_block05,1790333863.1683052,4877914.857041328,115.294,39,1410,1215,737019406474,0
matmul_tiny_loop_block05,1790333863.218317,4877914.907053361,115.024,39,1410,1215,737019418085,0
matmul_tiny_loop_block05,1790333863.2683032,4877914.957039315,115.024,39,1410,1215,737019418085,0
matmul_tiny_loop_block05,1790333863.3183033,4877915.007039249,115.024,39,1410,1215,737019429709,0
matmul_tiny_loop_block05,1790333863.3683014,4877915.057037382,115.024,39,1410,1215,737019429709,0
matmul_tiny_loop_block05,1790333863.418304,4877915.107040096,115.294,39,1410,1215,737019441310,0
matmul_tiny_loop_block05,1790333863.4683022,4877915.15703854,115.294,39,1410,1215,737019441310,0
matmul_tiny_loop_block05,1790333863.5183015,4877915.207037543,115.024,39,1410,1215,737019452877,0
matmul_tiny_loop_block05,1790333863.5683088,4877915.257044787,115.024,39,1410,1215,737019452877,0
matmul_tiny_loop_block05,1790333863.6183057,4877915.307042061,115.024,39,1410,1215,737019464491,0
matmul_tiny_loop_block05,1790333863.6683056,4877915.357041794,115.024,39,1410,1215,737019464491,0
matmul_tiny_loop_block05,1790333863.7183042,4877915.407040458,115.024,39,1410,1215,737019476094,0
matmul_tiny_loop_block05,1790333863.768307,4877915.457043002,115.024,39,1410,1215,737019476094,0
matmul_tiny_loop_block05,1790333863.8183048,4877915.507040795,115.024,39,1410,1215,737019487689,0
matmul_tiny_loop_block05,1790333863.8683035,4877915.557039679,115.024,39,1410,1215,737019487689,0
matmul_tiny_loop_block05,1790333863.9183044,4877915.607040753,115.024,39,1410,1215,737019499281,0
matmul_tiny_loop_block05,1790333863.9683046,4877915.657040776,115.024,39,1410,1215,737019499281,0
matmul_tiny_loop_block05,1790333864.0183043,4877915.70704027,115.144,39,1410,1215,737019510873,0
matmul_tiny_loop_block05,1790333864.0683036,4877915.757039664,115.144,39,1410,1215,737019510873,0
matmul_tiny_loop_block05,1790333864.1183028,4877915.807038707,115.024,39,1410,1215,737019522466,0
matmul_tiny_loop_block05,1790333864.168303,4877915.857039071,115.024,39,1410,1215,737019522466,0
matmul_tiny_loop_block05,1790333864.2183044,4877915.907040744,115.024,39,1410,1215,737019534074,0
matmul_tiny_loop_block05,1790333864.2683065,4877915.957042558,115.024,39,1410,1215,737019534074,0
matmul_tiny_loop_block05,1790333864.3183036,4877916.007039662,115.024,39,1410,1215,737019545661,0
matmul_tiny_loop_block05,1790333864.368307,4877916.057043255,115.024,39,1410,1215,737019545661,0
matmul_tiny_loop_block05,1790333864.4183002,4877916.107036269,115.024,39,1410,1215,737019557248,0
matmul_tiny_loop_block05,1790333864.4683077,4877916.157043953,115.024,39,1410,1215,737019557248,0
matmul_tiny_loop_block05,1790333864.518304,4877916.207040106,115.024,39,1410,1215,737019568840,0
matmul_tiny_loop_block05,1790333864.5683098,4877916.2570458,115.024,39,1410,1215,737019568840,0
matmul_tiny_loop_block05,1790333864.618302,4877916.307038424,115.144,39,1410,1215,737019580438,0
matmul_tiny_loop_block05,1790333864.6683056,4877916.357041677,115.144,39,1410,1215,737019580438,0
matmul_tiny_loop_block05,1790333864.7183058,4877916.407041981,115.024,39,1410,1215,737019592039,0
matmul_tiny_loop_block05,1790333864.768308,4877916.457044165,115.024,39,1410,1215,737019592039,0
matmul_tiny_loop_block05,1790333864.8183062,4877916.507042538,115.024,39,1410,1215,737019603644,0
matmul_tiny_loop_block05,1790333864.8683057,4877916.557041762,115.024,39,1410,1215,737019603644,0
matmul_tiny_loop_block05,1790333864.9183064,4877916.607042326,115.024,39,1410,1215,737019615234,0
matmul_tiny_loop_block05,1790333864.9683037,4877916.657039779,115.024,39,1410,1215,737019615234,0
matmul_tiny_loop_block05,1790333865.0183067,4877916.707042873,115.024,39,1410,1215,737019626820,0
matmul_tiny_loop_block05,1790333865.068306,4877916.757041927,115.024,39,1410,1215,737019626820,0
matmul_tiny_loop_block05,1790333865.1183054,4877916.80704175,115.024,39,1410,1215,737019638412,0
matmul_tiny_loop_block05,1790333865.1683056,4877916.857041614,115.024,39,1410,1215,737019638412,0
matmul_tiny_loop_block05,1790333865.2183018,4877916.907037818,115.024,39,1410,1215,737019650006,0
matmul_tiny_loop_block05,1790333865.2683048,4877916.957041001,115.024,39,1410,1215,737019650006,0
matmul_tiny_loop_block05,1790333865.3183024,4877917.007038625,115.024,39,1410,1215,737019661588,0
matmul_tiny_loop_block05,1790333865.3683023,4877917.057038589,115.024,39,1410,1215,737019661588,0
matmul_tiny_loop_block05,1790333865.418302,4877917.107038132,115.024,39,1410,1215,737019673191,0
matmul_tiny_loop_block05,1790333865.4683106,4877917.157046586,115.024,39,1410,1215,737019673191,0
matmul_tiny_loop_block05,1790333865.5183017,4877917.20703774,115.024,39,1410,1215,737019684770,0
matmul_tiny_loop_block05,1790333865.5683055,4877917.257041573,115.024,39,1410,1215,737019684770,0
matmul_tiny_loop_block05,1790333865.6183019,4877917.307038127,115.024,39,1410,1215,737019696372,0
matmul_tiny_loop_block05,1790333865.6683052,4877917.357041341,115.024,39,1410,1215,737019696372,0
matmul_tiny_loop_block05,1790333865.7183018,4877917.407037894,115.024,39,1410,1215,737019707970,0
matmul_tiny_loop_block05,1790333865.7683046,4877917.457040768,115.024,39,1410,1215,737019707970,0
matmul_tiny_loop_block05,1790333865.8183012,4877917.507037202,115.024,39,1410,1215,737019719565,0
matmul_tiny_loop_block05,1790333865.868309,4877917.557045335,115.024,39,1410,1215,737019719565,0
matmul_tiny_loop_block05,1790333865.918305,4877917.607040959,115.144,39,1410,1215,737019731158,0
matmul_tiny_loop_block05,1790333865.9683073,4877917.657043392,115.144,39,1410,1215,737019731158,0
matmul_tiny_loop_block05,1790333866.0183036,4877917.707039766,115.024,39,1410,1215,737019742752,0
matmul_tiny_loop_block05,1790333866.0683067,4877917.75704279,115.024,39,1410,1215,737019742752,0
matmul_tiny_loop_block05,1790333866.1183012,4877917.807037143,115.024,39,1410,1215,737019754352,0
matmul_tiny_loop_block05,1790333866.1683025,4877917.857038757,115.024,39,1410,1215,737019754352,0
matmul_tiny_loop_block05,1790333866.2183037,4877917.907039951,115.024,39,1410,1215,737019765956,0
matmul_tiny_loop_block05,1790333866.268302,4877917.957038324,115.024,39,1410,1215,737019765956,0
matmul_tiny_loop_block05,1790333866.3183,4877918.007035938,115.144,39,1410,1215,737019777550,0
matmul_tiny_loop_block05,1790333866.3683069,4877918.057043032,115.144,39,1410,1215,737019777550,0
matmul_tiny_loop_block05,1790333866.4183037,4877918.107039835,115.024,39,1410,1215,737019789152,0
matmul_tiny_loop_block05,1790333866.4683034,4877918.157039309,115.024,39,1410,1215,737019789152,0
matmul_tiny_loop_block05,1790333866.5183,4877918.207036233,115.024,39,1410,1215,737019800728,0
matmul_tiny_loop_block05,1790333866.5683064,4877918.257042406,115.024,39,1410,1215,737019800728,0
matmul_tiny_loop_block05,1790333866.6183047,4877918.30704093,115.024,39,1410,1215,737019812368,0
matmul_tiny_loop_block05,1790333866.6683097,4877918.357045994,115.024,39,1410,1215,737019812368,0
matmul_tiny_loop_block05,1790333866.7183032,4877918.407039287,115.024,39,1410,1215,737019823968,0
matmul_tiny_loop_block05,1790333866.768335,4877918.457071211,115.024,39,1410,1215,737019823968,0
matmul_tiny_loop_block05,1790333866.8183033,4877918.507039335,115.024,39,1410,1215,737019835556,0
matmul_tiny_loop_block05,1790333866.8683054,4877918.557041388,115.024,39,1410,1215,737019835556,0
matmul_tiny_loop_block05,1790333866.9183064,4877918.607042422,115.024,39,1410,1215,737019847086,0
matmul_tiny_loop_block05,1790333866.968303,4877918.657038966,115.024,39,1410,1215,737019847086,0
matmul_tiny_loop_block05,1790333867.018302,4877918.707038079,115.024,39,1410,1215,737019858690,0
matmul_tiny_loop_block05,1790333867.0683057,4877918.757041733,115.024,39,1410,1215,737019858690,0
matmul_tiny_loop_block05,1790333867.1183093,4877918.807045457,115.024,39,1410,1215,737019870270,0
matmul_tiny_loop_block05,1790333867.1683052,4877918.85704118,115.024,39,1410,1215,737019870270,0
matmul_tiny_loop_block05,1790333867.2183027,4877918.907038964,115.144,39,1410,1215,737019881871,0
matmul_tiny_loop_block05,1790333867.2683036,4877918.957039557,115.144,39,1410,1215,737019881871,0
matmul_tiny_loop_block05,1790333867.3183033,4877919.007039221,115.024,39,1410,1215,737019893455,0
matmul_tiny_loop_block05,1790333867.3683028,4877919.057038845,115.024,39,1410,1215,737019893455,0
matmul_tiny_loop_block05,1790333867.418303,4877919.107038989,115.024,39,1410,1215,737019905082,0
matmul_tiny_loop_block05,1790333867.4683046,4877919.157040642,115.024,39,1410,1215,737019905082,0
matmul_tiny_loop_block05,1790333867.518302,4877919.207038086,115.024,39,1410,1215,737019916665,0
matmul_tiny_loop_block05,1790333867.5683022,4877919.25703825,115.024,39,1410,1215,737019916665,0
matmul_tiny_loop_block05,1790333867.6183066,4877919.307042743,115.024,39,1410,1215,737019928270,0
matmul_tiny_loop_block05,1790333867.6683033,4877919.357039437,115.024,39,1410,1215,737019928270,0
matmul_tiny_loop_block05,1790333867.718306,4877919.40704212,115.024,39,1410,1215,737019939864,0
matmul_tiny_loop_block05,1790333867.7683053,4877919.457041464,115.024,39,1410,1215,737019939864,0
matmul_tiny_loop_block05,1790333867.818302,4877919.507038058,115.144,39,1410,1215,737019951479,0
matmul_tiny_loop_block05,1790333867.8683028,4877919.557038911,115.144,39,1410,1215,737019951479,0
matmul_tiny_loop_block05,1790333867.9183023,4877919.607038325,115.024,39,1410,1215,737019963074,0
matmul_tiny_loop_block05,1790333867.9683018,4877919.657037929,115.024,39,1410,1215,737019963074,0
matmul_tiny_loop_block05,1790333868.0183065,4877919.707042782,115.024,39,1410,1215,737019974682,0
matmul_tiny_loop_block05,1790333868.0683033,4877919.757039466,115.024,39,1410,1215,737019974682,0
matmul_tiny_loop_block05,1790333868.1183028,4877919.80703866,115.024,39,1410,1215,737019986262,0
matmul_tiny_loop_block05,1790333868.1683013,4877919.857037473,115.024,39,1410,1215,737019986262,0
matmul_tiny_loop_block05,1790333868.2183387,4877919.907074817,115.024,39,1410,1215,737019997866,0
matmul_tiny_loop_block05,1790333868.2683063,4877919.957042111,115.024,39,1410,1215,737019997866,0
matmul_tiny_loop_block05,1790333868.3183072,4877920.007043244,115.024,39,1410,1215,737020009437,0
matmul_tiny_loop_block05,1790333868.3683028,4877920.057038868,115.024,39,1410,1215,737020009437,0
matmul_tiny_loop_block05,1790333868.4183059,4877920.107041882,115.024,39,1410,1215,737020009437,0
matmul_tiny_loop_block05,1790333868.4683034,4877920.157039415,115.024,39,1410,1215,737020021154,0
matmul_tiny_loop_block05,1790333868.5183017,4877920.207037849,115.024,39,1410,1215,737020021154,0
matmul_tiny_loop_block05,1790333868.5683036,4877920.257039663,115.024,39,1410,1215,737020032647,0
matmul_tiny_loop_block05,1790333868.6183028,4877920.307038956,115.024,39,1410,1215,737020032647,0
matmul_tiny_loop_block05,1790333868.668306,4877920.35704221,115.024,39,1410,1215,737020044191,0
matmul_tiny_loop_block05,1790333868.7183015,4877920.407037704,115.024,39,1410,1215,737020044191,0
matmul_tiny_loop_block05,1790333868.768303,4877920.457038877,115.024,39,1410,1215,737020055784,0
matmul_tiny_loop_block05,1790333868.8183045,4877920.507040591,115.024,39,1410,1215,737020055784,0
matmul_tiny_loop_block05,1790333868.8683345,4877920.557070664,115.024,39,1410,1215,737020067379,0
matmul_tiny_loop_block05,1790333868.9183047,4877920.607041038,115.144,39,1410,1215,737020067379,0
matmul_tiny_loop_block05,1790333868.968306,4877920.657042292,115.144,39,1410,1215,737020078961,0
matmul_tiny_loop_block05,1790333869.0183017,4877920.707037736,115.024,39,1410,1215,737020078961,0
matmul_tiny_loop_block05,1790333869.0683029,4877920.757038989,115.024,39,1410,1215,737020090548,0
matmul_tiny_loop_block05,1790333869.118302,4877920.807038333,115.024,39,1410,1215,737020090548,0
matmul_tiny_loop_block05,1790333869.1683023,4877920.857038357,115.024,39,1410,1215,737020102121,0
matmul_tiny_loop_block05,1790333869.2183049,4877920.907041,115.024,39,1410,1215,737020102121,0
matmul_tiny_loop_block05,1790333869.268307,4877920.957043204,115.024,39,1410,1215,737020113720,0
matmul_tiny_loop_block05,1790333869.318302,4877921.007038037,115.024,39,1410,1215,737020113720,0
matmul_tiny_loop_block05,1790333869.3683026,4877921.057038621,115.024,39,1410,1215,737020125345,0
matmul_tiny_loop_block05,1790333869.4183028,4877921.107038905,115.894,39,1410,1215,737020125345,0
matmul_tiny_loop_block05,1790333869.4683042,4877921.157040348,115.894,39,1410,1215,737020137081,0
matmul_tiny_loop_block05,1790333869.5183027,4877921.207038672,116.284,39,1410,1215,737020137081,0
matmul_tiny_loop_block05,1790333869.5683033,4877921.257039606,116.284,39,1410,1215,737020148769,0
matmul_tiny_loop_block05,1790333869.618302,4877921.307038259,115.024,39,1410,1215,737020148769,0
matmul_tiny_loop_block05,1790333869.668305,4877921.357040853,115.024,39,1410,1215,737020160376,0
matmul_tiny_loop_block05,1790333869.7183006,4877921.407036767,115.024,39,1410,1215,737020160376,0
matmul_tiny_loop_block05,1790333869.7683096,4877921.45704544,115.024,39,1410,1215,737020171969,0
matmul_tiny_loop_block05,1790333869.8183024,4877921.507038534,115.024,39,1410,1215,737020171969,0
matmul_tiny_loop_block05,1790333869.868303,4877921.557039348,115.024,39,1410,1215,737020183576,0
matmul_tiny_loop_block05,1790333869.918301,4877921.607037461,115.024,39,1410,1215,737020183576,0
matmul_tiny_loop_block05,1790333869.9683037,4877921.657039675,115.024,39,1410,1215,737020195170,0
matmul_tiny_loop_block06,1790333869.9898872,4877921.678623076,115.024,39,1410,1215,737020195170,0
matmul_tiny_loop_block06,1790333870.0400019,4877921.728738099,114.701,39,1410,1215,737020206741,0
matmul_tiny_loop_block06,1790333870.0899994,4877921.778735292,114.701,39,1410,1215,737020206741,0
matmul_tiny_loop_block06,1790333870.1400135,4877921.828749696,114.82,39,1410,1215,737020218322,0
matmul_tiny_loop_block06,1790333870.190012,4877921.878748089,114.82,39,1410,1215,737020218322,0
matmul_tiny_loop_block06,1790333870.2400098,4877921.928745823,115.024,39,1410,1215,737020229945,0
matmul_tiny_loop_block06,1790333870.2900124,4877921.978748707,115.024,39,1410,1215,737020229945,0
matmul_tiny_loop_block06,1790333870.34001,4877922.02874603,115.024,39,1410,1215,737020241525,0
matmul_tiny_loop_block06,1790333870.3900096,4877922.078745764,115.024,39,1410,1215,737020241525,0
matmul_tiny_loop_block06,1790333870.4400141,4877922.128750108,115.024,39,1410,1215,737020253141,0
matmul_tiny_loop_block06,1790333870.4900098,4877922.178745971,115.024,39,1410,1215,737020253141,0
matmul_tiny_loop_block06,1790333870.5400085,4877922.228744535,115.024,39,1410,1215,737020264706,0
matmul_tiny_loop_block06,1790333870.5900123,4877922.278748579,115.024,39,1410,1215,737020264706,0
matmul_tiny_loop_block06,1790333870.6400096,4877922.328745742,115.024,39,1410,1215,737020276292,0
matmul_tiny_loop_block06,1790333870.6900096,4877922.378745666,115.024,39,1410,1215,737020276292,0
matmul_tiny_loop_block06,1790333870.7400448,4877922.428780929,115.024,39,1410,1215,737020287883,0
matmul_tiny_loop_block06,1790333870.7900167,4877922.478752743,115.024,39,1410,1215,737020287883,0
matmul_tiny_loop_block06,1790333870.8400128,4877922.528748927,115.024,39,1410,1215,737020299478,0
matmul_tiny_loop_block06,1790333870.890011,4877922.578747091,115.024,39,1410,1215,737020299478,0
matmul_tiny_loop_block06,1790333870.9400127,4877922.628748934,114.701,39,1410,1215,737020299478,0
matmul_tiny_loop_block06,1790333870.9900122,4877922.678748238,114.701,39,1410,1215,737020311186,0
matmul_tiny_loop_block06,1790333871.0400136,4877922.728749482,114.701,39,1410,1215,737020311186,0
matmul_tiny_loop_block06,1790333871.0900111,4877922.778747255,114.701,39,1410,1215,737020322662,0
matmul_tiny_loop_block06,1790333871.1400092,4877922.828745259,115.024,39,1410,1215,737020322662,0
matmul_tiny_loop_block06,1790333871.1900096,4877922.878745583,115.024,39,1410,1215,737020334186,0
matmul_tiny_loop_block06,1790333871.240012,4877922.928748086,115.024,39,1410,1215,737020334186,0
matmul_tiny_loop_block06,1790333871.2900112,4877922.97874731,115.024,39,1410,1215,737020345769,0
matmul_tiny_loop_block06,1790333871.3400126,4877923.028748584,115.024,39,1410,1215,737020345769,0
matmul_tiny_loop_block06,1790333871.3900166,4877923.078752767,115.024,39,1410,1215,737020357340,0
matmul_tiny_loop_block06,1790333871.44001,4877923.128746141,114.701,39,1410,1215,737020357340,0
matmul_tiny_loop_block06,1790333871.4900107,4877923.178746814,114.701,39,1410,1215,737020368950,0
matmul_tiny_loop_block06,1790333871.5400126,4877923.228748778,115.024,39,1410,1215,737020368950,0
matmul_tiny_loop_block06,1790333871.5900104,4877923.278746472,115.024,39,1410,1215,737020380529,0
matmul_tiny_loop_block06,1790333871.6400096,4877923.328745866,114.701,39,1410,1215,737020380529,0
matmul_tiny_loop_block06,1790333871.69001,4877923.378746099,114.701,39,1410,1215,737020392108,0
matmul_tiny_loop_block06,1790333871.7400122,4877923.428748543,114.701,39,1410,1215,737020392108,0
matmul_tiny_loop_block06,1790333871.7900152,4877923.478751166,114.701,39,1410,1215,737020403674,0
matmul_tiny_loop_block06,1790333871.8400126,4877923.52874877,114.701,39,1410,1215,737020403674,0
matmul_tiny_loop_block06,1790333871.8900144,4877923.578750584,114.701,39,1410,1215,737020415238,0
matmul_tiny_loop_block06,1790333871.94001,4877923.628746127,114.82,39,1410,1215,737020415238,0
matmul_tiny_loop_block06,1790333871.9900093,4877923.678745641,114.82,39,1410,1215,737020426787,0
matmul_tiny_loop_block06,1790333872.0400133,4877923.728749305,115.144,39,1410,1215,737020426787,0
matmul_tiny_loop_block06,1790333872.090011,4877923.778746838,115.144,39,1410,1215,737020438362,0
matmul_tiny_loop_block06,1790333872.1400094,4877923.828745492,114.701,39,1410,1215,737020438362,0
matmul_tiny_loop_block06,1790333872.1900098,4877923.878745996,114.701,39,1410,1215,737020449909,0
matmul_tiny_loop_block06,1790333872.2400126,4877923.928748619,115.024,39,1410,1215,737020449909,0
matmul_tiny_loop_block06,1790333872.290014,4877923.978750013,115.024,39,1410,1215,737020461462,0
matmul_tiny_loop_block06,1790333872.340012,4877924.028748017,114.701,39,1410,1215,737020461462,0
matmul_tiny_loop_block06,1790333872.3900127,4877924.0787487,114.701,39,1410,1215,737020473001,0
matmul_tiny_loop_block06,1790333872.440012,4877924.128748134,114.701,39,1410,1215,737020473001,0
matmul_tiny_loop_block06,1790333872.490013,4877924.178749008,114.701,39,1410,1215,737020484575,0
matmul_tiny_loop_block06,1790333872.5400105,4877924.228746571,114.701,39,1410,1215,737020484575,0
matmul_tiny_loop_block06,1790333872.59001,4877924.278745905,114.701,39,1410,1215,737020496125,0
matmul_tiny_loop_block06,1790333872.6400099,4877924.328746109,114.701,39,1410,1215,737020496125,0
matmul_tiny_loop_block06,1790333872.690012,4877924.378748002,114.701,39,1410,1215,737020507693,0
matmul_tiny_loop_block06,1790333872.7400146,4877924.428750606,114.701,39,1410,1215,737020507693,0
matmul_tiny_loop_block06,1790333872.7900105,4877924.47874659,114.701,39,1410,1215,737020519260,0
matmul_tiny_loop_block06,1790333872.84001,4877924.528746233,114.701,39,1410,1215,737020519260,0
matmul_tiny_loop_block06,1790333872.8900118,4877924.578747937,114.701,39,1410,1215,737020530838,0
matmul_tiny_loop_block06,1790333872.94001,4877924.628746171,114.701,39,1410,1215,737020530838,0
matmul_tiny_loop_block06,1790333872.9900124,4877924.678748574,114.701,39,1410,1215,737020542403,0
matmul_tiny_loop_block06,1790333873.0400128,4877924.728748948,115.024,39,1410,1215,737020542403,0
matmul_tiny_loop_block06,1790333873.0900123,4877924.778748461,115.024,39,1410,1215,737020553976,0
matmul_tiny_loop_block06,1790333873.140021,4877924.828757065,114.701,39,1410,1215,737020553976,0
matmul_tiny_loop_block06,1790333873.1900096,4877924.878745639,114.701,39,1410,1215,737020565515,0
matmul_tiny_loop_block06,1790333873.2400148,4877924.928751053,114.701,39,1410,1215,737020565515,0
matmul_tiny_loop_block06,1790333873.2900093,4877924.978745476,114.701,39,1410,1215,737020577080,0
matmul_tiny_loop_block06,1790333873.3400128,4877925.02874889,114.701,39,1410,1215,737020577080,0
matmul_tiny_loop_block06,1790333873.3900087,4877925.078744813,114.701,39,1410,1215,737020588631,0
matmul_tiny_loop_block06,1790333873.440017,4877925.128753127,114.701,39,1410,1215,737020588631,0
matmul_tiny_loop_block06,1790333873.4900103,4877925.178746391,114.701,39,1410,1215,737020600214,0
matmul_tiny_loop_block06,1790333873.5400102,4877925.228746424,114.701,39,1410,1215,737020600214,0
matmul_tiny_loop_block06,1790333873.5900106,4877925.278746828,114.701,39,1410,1215,737020611763,0
matmul_tiny_loop_block06,1790333873.6400135,4877925.328749712,114.701,39,1410,1215,737020611763,0
matmul_tiny_loop_block06,1790333873.6900089,4877925.378744995,114.701,39,1410,1215,737020623340,0
matmul_tiny_loop_block06,1790333873.7400093,4877925.428745169,115.024,39,1410,1215,737020623340,0
matmul_tiny_loop_block06,1790333873.7900105,4877925.478746523,115.024,39,1410,1215,737020634906,0
matmul_tiny_loop_block06,1790333873.8400128,4877925.528748826,114.701,39,1410,1215,737020634906,0
matmul_tiny_loop_block06,1790333873.890011,4877925.57874727,114.701,39,1410,1215,737020646479,0
matmul_tiny_loop_block06,1790333873.940009,4877925.628745264,114.82,39,1410,1215,737020646479,0
matmul_tiny_loop_block06,1790333873.9900153,4877925.678751427,114.82,39,1410,1215,737020658040,0
matmul_tiny_loop_block06,1790333874.0400138,4877925.728749981,114.701,39,1410,1215,737020658040,0
matmul_tiny_loop_block06,1790333874.0900097,4877925.778745545,114.701,39,1410,1215,737020669602,0
matmul_tiny_loop_block06,1790333874.1400104,4877925.828746248,114.82,39,1410,1215,737020669602,0
matmul_tiny_loop_block06,1790333874.1900103,4877925.878746532,114.82,39,1410,1215,737020681173,0
matmul_tiny_loop_block06,1790333874.2400095,4877925.928745486,114.701,39,1410,1215,737020681173,0
matmul_tiny_loop_block06,1790333874.2900171,4877925.978753149,114.701,39,1410,1215,737020692724,0
matmul_tiny_loop_block06,1790333874.3400135,4877926.028749683,114.701,39,1410,1215,737020692724,0
matmul_tiny_loop_block06,1790333874.39001,4877926.078746297,114.701,39,1410,1215,737020704287,0
matmul_tiny_loop_block06,1790333874.4400125,4877926.12874857,114.701,39,1410,1215,737020704287,0
matmul_tiny_loop_block06,1790333874.4900064,4877926.178742654,114.701,39,1410,1215,737020715949,0
matmul_tiny_loop_block06,1790333874.5400097,4877926.228745668,116.015,39,1410,1215,737020715949,0
matmul_tiny_loop_block06,1790333874.5900114,4877926.278747731,116.015,39,1410,1215,737020727619,0
matmul_tiny_loop_block06,1790333874.6400092,4877926.328745435,115.894,39,1410,1215,737020727619,0
matmul_tiny_loop_block06,1790333874.6900108,4877926.378747109,115.894,39,1410,1215,737020739321,0
matmul_tiny_loop_block06,1790333874.740016,4877926.428751892,114.701,39,1410,1215,737020739321,0
matmul_tiny_loop_block06,1790333874.7900102,4877926.478746256,114.701,39,1410,1215,737020750895,0
matmul_tiny_loop_block06,1790333874.84001,4877926.52874612,114.701,39,1410,1215,737020750895,0
matmul_tiny_loop_block06,1790333874.8900156,4877926.578751573,114.701,39,1410,1215,737020762458,0
matmul_tiny_loop_block06,1790333874.9400127,4877926.628748837,114.701,39,1410,1215,737020762458,0
matmul_tiny_loop_block06,1790333874.990011,4877926.67874702,114.701,39,1410,1215,737020774017,0
matmul_tiny_loop_block06,1790333875.0400097,4877926.728745934,114.701,39,1410,1215,737020774017,0
matmul_tiny_loop_block06,1790333875.09001,4877926.778745908,114.701,39,1410,1215,737020785584,0
matmul_tiny_loop_block06,1790333875.1399968,4877926.828732842,114.701,39,1410,1215,737020785584,0
matmul_tiny_loop_block06,1790333875.1899946,4877926.878730395,114.701,39,1410,1215,737020797131,0
matmul_tiny_loop_block06,1790333875.2399724,4877926.928708239,114.701,39,1410,1215,737020797131,0
matmul_tiny_loop_block06,1790333875.2899687,4877926.978704423,114.701,39,1410,1215,737020808684,0
matmul_tiny_loop_block06,1790333875.3399746,4877927.028710687,114.701,39,1410,1215,737020808684,0
matmul_tiny_loop_block06,1790333875.389969,4877927.0787051,114.701,39,1410,1215,737020820252,0
matmul_tiny_loop_block06,1790333875.4399707,4877927.128706494,114.82,39,1410,1215,737020820252,0
matmul_tiny_loop_block06,1790333875.489971,4877927.178706677,114.82,39,1410,1215,737020831820,0
matmul_tiny_loop_block06,1790333875.539971,4877927.228706781,114.701,39,1410,1215,737020831820,0
matmul_tiny_loop_block06,1790333875.589972,4877927.278707715,114.701,39,1410,1215,737020843397,0
matmul_tiny_loop_block06,1790333875.6399717,4877927.328707778,114.701,39,1410,1215,737020843397,0
matmul_tiny_loop_block06,1790333875.6899712,4877927.378706992,114.701,39,1410,1215,737020854972,0
matmul_tiny_loop_block06,1790333875.73997,4877927.428706106,114.701,39,1410,1215,737020854972,0
matmul_tiny_loop_block06,1790333875.7899706,4877927.47870648,114.701,39,1410,1215,737020866549,0
matmul_tiny_loop_block06,1790333875.839972,4877927.528707853,114.82,39,1410,1215,737020866549,0
matmul_tiny_loop_block06,1790333875.8899715,4877927.578707207,114.82,39,1410,1215,737020878111,0
matmul_tiny_loop_block06,1790333875.9399703,4877927.62870603,114.82,39,1410,1215,737020878111,0
matmul_tiny_loop_block06,1790333875.989973,4877927.678708574,114.82,39,1410,1215,737020889758,0
matmul_tiny_loop_block06,1790333876.0399718,4877927.728707658,115.894,39,1410,1215,737020889758,0
matmul_tiny_loop_block06,1790333876.08997,4877927.778705811,115.894,39,1410,1215,737020901434,0
matmul_tiny_loop_block06,1790333876.139971,4877927.828706715,114.701,39,1410,1215,737020901434,0
matmul_tiny_loop_block06,1790333876.1899707,4877927.878706399,114.701,39,1410,1215,737020912987,0
matmul_tiny_loop_block06,1790333876.2399757,4877927.928711492,114.701,39,1410,1215,737020912987,0
matmul_tiny_loop_block06,1790333876.2899733,4877927.978709156,114.701,39,1410,1215,737020924533,0
matmul_tiny_loop_block06,1790333876.3399746,4877928.0287106,114.701,39,1410,1215,737020924533,0
matmul_tiny_loop_block06,1790333876.3899665,4877928.078702293,114.701,39,1410,1215,737020936086,0
matmul_tiny_loop_block06,1790333876.440011,4877928.128747246,114.82,39,1410,1215,737020936086,0
matmul_tiny_loop_block06,1790333876.4900098,4877928.17874607,114.82,39,1410,1215,737020947646,0
matmul_tiny_loop_block06,1790333876.54001,4877928.228746154,114.701,39,1410,1215,737020947646,0
matmul_tiny_loop_block06,1790333876.5900114,4877928.278747497,114.701,39,1410,1215,737020959247,0
matmul_tiny_loop_block06,1790333876.640023,4877928.328759191,115.894,39,1410,1215,737020959247,0
matmul_tiny_loop_block06,1790333876.690012,4877928.378748035,115.894,39,1410,1215,737020970919,0
matmul_tiny_loop_block06,1790333876.7400455,4877928.428781548,115.894,39,1410,1215,737020970919,0
matmul_tiny_loop_block06,1790333876.7900088,4877928.478744982,115.894,39,1410,1215,737020970919,0
matmul_tiny_loop_block06,1790333876.8400095,4877928.528745536,114.701,39,1410,1215,737020982743,0
matmul_tiny_loop_block06,1790333876.8900125,4877928.578748679,114.701,39,1410,1215,737020982743,0
matmul_tiny_loop_block06,1790333876.9400117,4877928.628747863,114.701,39,1410,1215,737020994175,0
matmul_tiny_loop_block06,1790333876.990012,4877928.678748107,114.701,39,1410,1215,737020994175,0
matmul_tiny_loop_block06,1790333877.0400128,4877928.72874895,114.701,39,1410,1215,737021005742,0
matmul_tiny_loop_block06,1790333877.0900097,4877928.778745684,114.701,39,1410,1215,737021005742,0
matmul_tiny_loop_block06,1790333877.1400099,4877928.828745958,114.701,39,1410,1215,737021017305,0
matmul_tiny_loop_block06,1790333877.1900403,4877928.878776291,114.701,39,1410,1215,737021017305,0
matmul_tiny_loop_block06,1790333877.2400086,4877928.928744715,114.701,39,1410,1215,737021028877,0
matmul_tiny_loop_block06,1790333877.290012,4877928.978747969,114.701,39,1410,1215,737021028877,0
matmul_tiny_loop_block06,1790333877.3400128,4877929.028748852,114.701,39,1410,1215,737021040446,0
matmul_tiny_loop_block06,1790333877.3900123,4877929.078748356,114.701,39,1410,1215,737021040446,0
matmul_tiny_loop_block06,1790333877.4400103,4877929.12874634,114.701,39,1410,1215,737021052008,0
matmul_tiny_loop_block06,1790333877.4900112,4877929.178747253,114.701,39,1410,1215,737021052008,0
matmul_tiny_loop_block06,1790333877.5400121,4877929.228747977,114.701,39,1410,1215,737021063582,0
matmul_tiny_loop_block06,1790333877.59001,4877929.278746021,114.701,39,1410,1215,737021063582,0
matmul_tiny_loop_block06,1790333877.6400135,4877929.328749524,114.701,39,1410,1215,737021075140,0
matmul_tiny_loop_block06,1790333877.6900094,4877929.378745498,114.701,39,1410,1215,737021075140,0
matmul_tiny_loop_block06,1790333877.7400107,4877929.428746762,114.82,39,1410,1215,737021086711,0
matmul_tiny_loop_block06,1790333877.7900143,4877929.478750305,114.82,39,1410,1215,737021086711,0
matmul_tiny_loop_block06,1790333877.8400126,4877929.528748469,114.701,39,1410,1215,737021098292,0
matmul_tiny_loop_block06,1790333877.8900099,4877929.578745993,114.701,39,1410,1215,737021098292,0
matmul_tiny_loop_block06,1790333877.9400105,4877929.628746416,114.701,39,1410,1215,737021109874,0
matmul_tiny_loop_block06,1790333877.9900095,4877929.67874575,114.701,39,1410,1215,737021109874,0
matmul_tiny_loop_block06,1790333878.0400088,4877929.728744834,114.701,39,1410,1215,737021121431,0
matmul_tiny_loop_block06,1790333878.0900152,4877929.778751277,114.701,39,1410,1215,737021121431,0
matmul_tiny_loop_block06,1790333878.1400092,4877929.828745281,114.701,39,1410,1215,737021133039,0
matmul_tiny_loop_block06,1790333878.190013,4877929.878748965,114.701,39,1410,1215,737021133039,0
matmul_tiny_loop_block06,1790333878.2400117,4877929.928748068,114.82,39,1410,1215,737021144573,0
matmul_tiny_loop_block06,1790333878.2900105,4877929.978746442,114.82,39,1410,1215,737021144573,0
matmul_tiny_loop_block06,1790333878.3400116,4877930.028747696,114.82,39,1410,1215,737021156170,0
matmul_tiny_loop_block06,1790333878.3900106,4877930.078746819,114.82,39,1410,1215,737021156170,0
matmul_tiny_loop_block06,1790333878.4400141,4877930.128750193,114.701,39,1410,1215,737021167780,0
matmul_tiny_loop_block06,1790333878.490013,4877930.178749096,114.701,39,1410,1215,737021167780,0
matmul_tiny_loop_block06,1790333878.5400102,4877930.22874649,114.701,39,1410,1215,737021179311,0
matmul_tiny_loop_block06,1790333878.5900176,4877930.278753744,114.701,39,1410,1215,737021179311,0
matmul_tiny_loop_block06,1790333878.6400115,4877930.328747627,114.701,39,1410,1215,737021190884,0
matmul_tiny_loop_block06,1790333878.69001,4877930.378746151,114.701,39,1410,1215,737021190884,0
matmul_tiny_loop_block06,1790333878.7400126,4877930.428748555,114.701,39,1410,1215,737021202453,0
matmul_tiny_loop_block06,1790333878.7900107,4877930.478746728,114.701,39,1410,1215,737021202453,0
matmul_tiny_loop_block06,1790333878.8400111,4877930.528746982,114.701,39,1410,1215,737021214022,0
matmul_tiny_loop_block06,1790333878.8900096,4877930.578745726,114.701,39,1410,1215,737021214022,0
matmul_tiny_loop_block06,1790333878.9400105,4877930.628746649,114.82,39,1410,1215,737021225583,0
matmul_tiny_loop_block06,1790333878.9900162,4877930.678752223,114.82,39,1410,1215,737021225583,0
matmul_tiny_loop_block06,1790333879.0400126,4877930.728748747,114.701,39,1410,1215,737021237157,0
matmul_tiny_loop_block06,1790333879.090012,4877930.77874816,114.701,39,1410,1215,737021237157,0
matmul_tiny_loop_block06,1790333879.1400158,4877930.828751924,114.82,39,1410,1215,737021248723,0
matmul_tiny_loop_block06,1790333879.1900141,4877930.878750128,114.82,39,1410,1215,737021248723,0
matmul_tiny_loop_block06,1790333879.2400103,4877930.928746311,114.701,39,1410,1215,737021260289,0
matmul_tiny_loop_block06,1790333879.2900124,4877930.978748505,114.701,39,1410,1215,737021260289,0
matmul_tiny_loop_block06,1790333879.340012,4877931.028748119,114.701,39,1410,1215,737021271857,0
matmul_tiny_loop_block06,1790333879.3900127,4877931.078748702,114.701,39,1410,1215,737021271857,0
matmul_tiny_loop_block06,1790333879.44001,4877931.128746076,114.701,39,1410,1215,737021283427,0
matmul_tiny_loop_block06,1790333879.4900117,4877931.17874777,114.701,39,1410,1215,737021283427,0
matmul_tiny_loop_block06,1790333879.5400093,4877931.228745463,114.701,39,1410,1215,737021295043,0
matmul_tiny_loop_block06,1790333879.5900095,4877931.278745297,114.701,39,1410,1215,737021295043,0
matmul_tiny_loop_block06,1790333879.6400096,4877931.328745771,115.894,39,1410,1215,737021306699,0
matmul_tiny_loop_block06,1790333879.6900103,4877931.378746344,115.894,39,1410,1215,737021306699,0
matmul_tiny_loop_block06,1790333879.7400103,4877931.428746388,114.701,39,1410,1215,737021318274,0
matmul_tiny_loop_block06,1790333879.7900095,4877931.478745832,114.701,39,1410,1215,737021318274,0
matmul_tiny_loop_block06,1790333879.8400443,4877931.528780375,114.701,39,1410,1215,737021329884,0
matmul_tiny_loop_block06,1790333879.8900123,4877931.578748269,114.701,39,1410,1215,737021329884,0
matmul_tiny_loop_block06,1790333879.9400127,4877931.628748902,115.894,39,1410,1215,737021341543,0
matmul_tiny_loop_block06,1790333879.990011,4877931.678747036,115.894,39,1410,1215,737021341543,0
matmul_tiny_loop_block07,1790333880.032099,4877931.720834971,114.701,39,1410,1215,737021353140,0
matmul_tiny_loop_block07,1790333880.0822175,4877931.770953653,114.701,39,1410,1215,737021353140,0
matmul_tiny_loop_block07,1790333880.1322136,4877931.820949477,115.617,39,1410,1215,737021364804,0
matmul_tiny_loop_block07,1790333880.182224,4877931.870960191,115.617,39,1410,1215,737021364804,0
matmul_tiny_loop_block07,1790333880.232221,4877931.920957254,115.894,39,1410,1215,737021376434,0
matmul_tiny_loop_block07,1790333880.2822235,4877931.970959518,115.894,39,1410,1215,737021376434,0
matmul_tiny_loop_block07,1790333880.3322248,4877932.020960921,114.82,39,1410,1215,737021388035,0
matmul_tiny_loop_block07,1790333880.382224,4877932.070960135,114.82,39,1410,1215,737021388035,0
matmul_tiny_loop_block07,1790333880.4322271,4877932.120963159,115.617,39,1410,1215,737021399678,0
matmul_tiny_loop_block07,1790333880.4822292,4877932.170965232,115.617,39,1410,1215,737021399678,0
matmul_tiny_loop_block07,1790333880.5322251,4877932.220961156,114.701,39,1410,1215,737021411285,0
matmul_tiny_loop_block07,1790333880.5822208,4877932.27095689,114.701,39,1410,1215,737021411285,0
matmul_tiny_loop_block07,1790333880.6322227,4877932.320958923,115.617,39,1410,1215,737021422955,0
matmul_tiny_loop_block07,1790333880.6822236,4877932.370959577,115.617,39,1410,1215,737021422955,0
matmul_tiny_loop_block07,1790333880.7322214,4877932.420957721,115.894,39,1410,1215,737021434613,0
matmul_tiny_loop_block07,1790333880.7822206,4877932.470956694,115.894,39,1410,1215,737021434613,0
matmul_tiny_loop_block07,1790333880.8322263,4877932.520962398,114.82,39,1410,1215,737021446174,0
matmul_tiny_loop_block07,1790333880.8822234,4877932.570959372,114.82,39,1410,1215,737021446174,0
matmul_tiny_loop_block07,1790333880.9322286,4877932.620964665,114.82,39,1410,1215,737021457735,0
matmul_tiny_loop_block07,1790333880.9822223,4877932.670958439,114.82,39,1410,1215,737021457735,0
matmul_tiny_loop_block07,1790333881.032224,4877932.720960223,114.432,39,1410,1215,737021469291,0
matmul_tiny_loop_block07,1790333881.082228,4877932.770964006,114.432,39,1410,1215,737021469291,0
matmul_tiny_loop_block07,1790333881.132222,4877932.82095796,114.701,39,1410,1215,737021480911,0
matmul_tiny_loop_block07,1790333881.1822238,4877932.870960014,114.701,39,1410,1215,737021480911,0
matmul_tiny_loop_block07,1790333881.23222,4877932.920956277,115.617,39,1410,1215,737021492580,0
matmul_tiny_loop_block07,1790333881.2822218,4877932.970958111,115.617,39,1410,1215,737021492580,0
matmul_tiny_loop_block07,1790333881.332255,4877933.020991054,115.894,39,1410,1215,737021504216,0
matmul_tiny_loop_block07,1790333881.3822205,4877933.070956548,115.894,39,1410,1215,737021504216,0
matmul_tiny_loop_block07,1790333881.4322233,4877933.120959392,114.701,39,1410,1215,737021504216,0
matmul_tiny_loop_block07,1790333881.4822233,4877933.170959386,114.701,39,1410,1215,737021515923,0
matmul_tiny_loop_block07,1790333881.5322225,4877933.220958449,114.82,39,1410,1215,737021515923,0
matmul_tiny_loop_block07,1790333881.5822232,4877933.270959353,114.82,39,1410,1215,737021527374,0
matmul_tiny_loop_block07,1790333881.6322238,4877933.320959757,114.701,39,1410,1215,737021527374,0
matmul_tiny_loop_block07,1790333881.682223,4877933.37095932,114.701,39,1410,1215,737021538872,0
matmul_tiny_loop_block07,1790333881.7322211,4877933.420957374,114.701,39,1410,1215,737021538872,0
matmul_tiny_loop_block07,1790333881.782221,4877933.470957118,114.701,39,1410,1215,737021550420,0
matmul_tiny_loop_block07,1790333881.8322217,4877933.520957791,114.432,39,1410,1215,737021550420,0
matmul_tiny_loop_block07,1790333881.882221,4877933.570957195,114.432,39,1410,1215,737021561971,0
matmul_tiny_loop_block07,1790333881.9322248,4877933.620960849,114.701,39,1410,1215,737021561971,0
matmul_tiny_loop_block07,1790333881.9822242,4877933.670960232,114.701,39,1410,1215,737021573516,0
matmul_tiny_loop_block07,1790333882.0322216,4877933.720957566,114.701,39,1410,1215,737021573516,0
matmul_tiny_loop_block07,1790333882.082224,4877933.77095988,114.701,39,1410,1215,737021585066,0
matmul_tiny_loop_block07,1790333882.1322243,4877933.820960233,114.82,39,1410,1215,737021585066,0
matmul_tiny_loop_block07,1790333882.1822262,4877933.870962307,114.82,39,1410,1215,737021596605,0
matmul_tiny_loop_block07,1790333882.2322226,4877933.92095871,114.432,39,1410,1215,737021596605,0
matmul_tiny_loop_block07,1790333882.2822237,4877933.970959864,114.432,39,1410,1215,737021608190,0
matmul_tiny_loop_block07,1790333882.3322203,4877934.020956628,115.737,39,1410,1215,737021608190,0
matmul_tiny_loop_block07,1790333882.3822234,4877934.070959501,115.737,39,1410,1215,737021619865,0
matmul_tiny_loop_block07,1790333882.4322267,4877934.120962595,114.701,39,1410,1215,737021619865,0
matmul_tiny_loop_block07,1790333882.482221,4877934.170956859,114.701,39,1410,1215,737021631389,0
matmul_tiny_loop_block07,1790333882.5322251,4877934.220961073,114.432,39,1410,1215,737021631389,0
matmul_tiny_loop_block07,1790333882.5822237,4877934.270959796,114.432,39,1410,1215,737021642938,0
matmul_tiny_loop_block07,1790333882.632222,4877934.32095799,114.432,39,1410,1215,737021642938,0
matmul_tiny_loop_block07,1790333882.6822212,4877934.370957173,114.432,39,1410,1215,737021654485,0
matmul_tiny_loop_block07,1790333882.7322218,4877934.420958117,114.701,39,1410,1215,737021654485,0
matmul_tiny_loop_block07,1790333882.7822251,4877934.470961291,114.701,39,1410,1215,737021666031,0
matmul_tiny_loop_block07,1790333882.832222,4877934.520958004,114.551,39,1410,1215,737021666031,0
matmul_tiny_loop_block07,1790333882.8822227,4877934.570958708,114.551,39,1410,1215,737021677584,0
matmul_tiny_loop_block07,1790333882.9322562,4877934.620992421,114.432,39,1410,1215,737021677584,0
matmul_tiny_loop_block07,1790333882.9822218,4877934.670957855,114.432,39,1410,1215,737021689132,0
matmul_tiny_loop_block07,1790333883.0322187,4877934.720954909,114.432,39,1410,1215,737021689132,0
matmul_tiny_loop_block07,1790333883.0822222,4877934.770958453,114.432,39,1410,1215,737021700654,0
matmul_tiny_loop_block07,1790333883.1322215,4877934.820957476,114.432,39,1410,1215,737021700654,0
matmul_tiny_loop_block07,1790333883.1822188,4877934.87095494,114.432,39,1410,1215,737021712215,0
matmul_tiny_loop_block07,1790333883.2322235,4877934.920959714,114.701,39,1410,1215,737021712215,0
matmul_tiny_loop_block07,1790333883.282225,4877934.970961007,114.701,39,1410,1215,737021723736,0
matmul_tiny_loop_block07,1790333883.332225,4877935.020961121,114.432,39,1410,1215,737021723736,0
matmul_tiny_loop_block07,1790333883.3822231,4877935.070959335,114.432,39,1410,1215,737021735275,0
matmul_tiny_loop_block07,1790333883.4322243,4877935.120960278,114.432,39,1410,1215,737021735275,0
matmul_tiny_loop_block07,1790333883.4822235,4877935.170959762,114.432,39,1410,1215,737021746784,0
matmul_tiny_loop_block07,1790333883.5322218,4877935.220957766,114.432,39,1410,1215,737021746784,0
matmul_tiny_loop_block07,1790333883.5822287,4877935.270964789,114.432,39,1410,1215,737021758335,0
matmul_tiny_loop_block07,1790333883.6322227,4877935.320958893,114.432,39,1410,1215,737021758335,0
matmul_tiny_loop_block07,1790333883.6822217,4877935.370957727,114.432,39,1410,1215,737021769858,0
matmul_tiny_loop_block07,1790333883.7322211,4877935.42095714,114.432,39,1410,1215,737021769858,0
matmul_tiny_loop_block07,1790333883.7822237,4877935.470959804,114.432,39,1410,1215,737021781414,0
matmul_tiny_loop_block07,1790333883.8322232,4877935.520959427,114.432,39,1410,1215,737021781414,0
matmul_tiny_loop_block07,1790333883.882223,4877935.570959041,114.432,39,1410,1215,737021792930,0
matmul_tiny_loop_block07,1790333883.932225,4877935.620961115,114.432,39,1410,1215,737021792930,0
matmul_tiny_loop_block07,1790333883.9822235,4877935.670959679,114.432,39,1410,1215,737021804475,0
matmul_tiny_loop_block07,1790333884.0322216,4877935.720957652,114.432,39,1410,1215,737021804475,0
matmul_tiny_loop_block07,1790333884.0822246,4877935.770960846,114.432,39,1410,1215,737021816009,0
matmul_tiny_loop_block07,1790333884.1322246,4877935.820960599,114.551,39,1410,1215,737021816009,0
matmul_tiny_loop_block07,1790333884.1822236,4877935.870959623,114.551,39,1410,1215,737021827566,0
matmul_tiny_loop_block07,1790333884.2322242,4877935.920960367,114.432,39,1410,1215,737021827566,0
matmul_tiny_loop_block07,1790333884.2822208,4877935.97095689,114.432,39,1410,1215,737021839092,0
matmul_tiny_loop_block07,1790333884.3322225,4877936.020958614,114.432,39,1410,1215,737021839092,0
matmul_tiny_loop_block07,1790333884.3822289,4877936.070964688,114.432,39,1410,1215,737021850664,0
matmul_tiny_loop_block07,1790333884.4322252,4877936.120961331,115.617,39,1410,1215,737021850664,0
matmul_tiny_loop_block07,1790333884.4822214,4877936.170957575,115.617,39,1410,1215,737021862298,0
matmul_tiny_loop_block07,1790333884.5322216,4877936.220957639,114.701,39,1410,1215,737021862298,0
matmul_tiny_loop_block07,1790333884.5822234,4877936.270959502,114.701,39,1410,1215,737021873835,0
matmul_tiny_loop_block07,1790333884.6322284,4877936.320964366,114.551,38,1410,1215,737021873835,0
matmul_tiny_loop_block07,1790333884.6822193,4877936.37095535,114.551,38,1410,1215,737021885356,0
matmul_tiny_loop_block07,1790333884.7322228,4877936.420958743,114.432,38,1410,1215,737021885356,0
matmul_tiny_loop_block07,1790333884.782226,4877936.470962307,114.432,38,1410,1215,737021896891,0
matmul_tiny_loop_block07,1790333884.8322303,4877936.520966641,114.432,39,1410,1215,737021896891,0
matmul_tiny_loop_block07,1790333884.882233,4877936.570968934,114.432,39,1410,1215,737021908444,0
matmul_tiny_loop_block07,1790333884.932257,4877936.620993268,114.432,38,1410,1215,737021908444,0
matmul_tiny_loop_block07,1790333884.9822283,4877936.670964352,114.432,38,1410,1215,737021919977,0
matmul_tiny_loop_block07,1790333885.032222,4877936.720958165,114.432,38,1410,1215,737021919977,0
matmul_tiny_loop_block07,1790333885.0822234,4877936.770959529,114.432,38,1410,1215,737021931522,0
matmul_tiny_loop_block07,1790333885.1322255,4877936.820961633,114.432,38,1410,1215,737021931522,0
matmul_tiny_loop_block07,1790333885.1822233,4877936.870959486,114.432,38,1410,1215,737021943074,0
matmul_tiny_loop_block07,1790333885.2322178,4877936.92095404,114.432,38,1410,1215,737021943074,0
matmul_tiny_loop_block07,1790333885.2822235,4877936.970959544,114.432,38,1410,1215,737021954590,0
matmul_tiny_loop_block07,1790333885.3322215,4877937.020957457,114.432,38,1410,1215,737021954590,0
matmul_tiny_loop_block07,1790333885.38222,4877937.070956261,114.432,38,1410,1215,737021966136,0
matmul_tiny_loop_block07,1790333885.4322214,4877937.120957505,114.432,38,1410,1215,737021966136,0
matmul_tiny_loop_block07,1790333885.4822226,4877937.170958698,114.432,38,1410,1215,737021977675,0
matmul_tiny_loop_block07,1790333885.5322201,4877937.220956272,114.432,38,1410,1215,737021977675,0
matmul_tiny_loop_block07,1790333885.5822206,4877937.270956636,114.432,38,1410,1215,737021989214,0
matmul_tiny_loop_block07,1790333885.6322205,4877937.320956519,114.432,38,1410,1215,737021989214,0
matmul_tiny_loop_block07,1790333885.6822228,4877937.370958983,114.432,38,1410,1215,737022000738,0
matmul_tiny_loop_block07,1790333885.732224,4877937.420960096,114.432,38,1410,1215,737022000738,0
matmul_tiny_loop_block07,1790333885.7822206,4877937.47095667,114.432,38,1410,1215,737022012273,0
matmul_tiny_loop_block07,1790333885.8322248,4877937.520960924,114.432,38,1410,1215,737022012273,0
matmul_tiny_loop_block07,1790333885.8822238,4877937.570959867,114.432,38,1410,1215,737022023817,0
matmul_tiny_loop_block07,1790333885.9322217,4877937.620957761,114.432,38,1410,1215,737022023817,0
matmul_tiny_loop_block07,1790333885.982221,4877937.670956965,114.432,38,1410,1215,737022035348,0
matmul_tiny_loop_block07,1790333886.0322237,4877937.720959818,114.432,38,1410,1215,737022035348,0
matmul_tiny_loop_block07,1790333886.0822222,4877937.770958452,114.432,38,1410,1215,737022046880,0
matmul_tiny_loop_block07,1790333886.132224,4877937.820960056,114.551,38,1410,1215,737022046880,0
matmul_tiny_loop_block07,1790333886.1822205,4877937.870956479,114.551,38,1410,1215,737022058432,0
matmul_tiny_loop_block07,1790333886.2322206,4877937.920956703,114.432,38,1410,1215,737022058432,0
matmul_tiny_loop_block07,1790333886.28222,4877937.970955937,114.432,38,1410,1215,737022069967,0
matmul_tiny_loop_block07,1790333886.3322248,4877938.02096079,114.432,38,1410,1215,737022069967,0
matmul_tiny_loop_block07,1790333886.382221,4877938.070956994,114.432,38,1410,1215,737022081488,0
matmul_tiny_loop_block07,1790333886.4322238,4877938.120959728,114.432,38,1410,1215,737022081488,0
matmul_tiny_loop_block07,1790333886.4822245,4877938.170960541,114.432,38,1410,1215,737022093021,0
matmul_tiny_loop_block07,1790333886.5322225,4877938.220958425,114.432,38,1410,1215,737022093021,0
matmul_tiny_loop_block07,1790333886.5822213,4877938.270957499,114.432,38,1410,1215,737022104557,0
matmul_tiny_loop_block07,1790333886.6322217,4877938.320957752,114.432,38,1410,1215,737022104557,0
matmul_tiny_loop_block07,1790333886.6822257,4877938.370961866,114.432,38,1410,1215,737022116096,0
matmul_tiny_loop_block07,1790333886.7322214,4877938.42095747,114.432,38,1410,1215,737022116096,0
matmul_tiny_loop_block07,1790333886.7822237,4877938.470959743,114.432,38,1410,1215,737022127628,0
matmul_tiny_loop_block07,1790333886.8322215,4877938.520957467,114.432,38,1410,1215,737022127628,0
matmul_tiny_loop_block07,1790333886.8822207,4877938.570957001,114.432,38,1410,1215,737022139184,0
matmul_tiny_loop_block07,1790333886.9322212,4877938.620957334,114.432,38,1410,1215,737022139184,0
matmul_tiny_loop_block07,1790333886.9822214,4877938.670957478,114.432,38,1410,1215,737022150751,0
matmul_tiny_loop_block07,1790333887.0322242,4877938.720960442,115.617,38,1410,1215,737022150751,0
matmul_tiny_loop_block07,1790333887.0822208,4877938.770956935,115.617,38,1410,1215,737022162359,0
matmul_tiny_loop_block07,1790333887.1322231,4877938.820959309,114.432,38,1410,1215,737022162359,0
matmul_tiny_loop_block07,1790333887.1822236,4877938.870959723,114.432,38,1410,1215,737022173891,0
matmul_tiny_loop_block07,1790333887.2322237,4877938.920959806,114.432,38,1410,1215,737022173891,0
matmul_tiny_loop_block07,1790333887.2822254,4877938.97096159,114.432,38,1410,1215,737022185440,0
matmul_tiny_loop_block07,1790333887.332222,4877939.020957993,115.617,38,1410,1215,737022185440,0
matmul_tiny_loop_block07,1790333887.3822205,4877939.070956787,115.617,38,1410,1215,737022185440,0
matmul_tiny_loop_block07,1790333887.4322214,4877939.120957461,115.617,38,1410,1215,737022197251,0
matmul_tiny_loop_block07,1790333887.482224,4877939.170959935,115.617,38,1410,1215,737022197251,0
matmul_tiny_loop_block07,1790333887.5322244,4877939.220960748,114.551,38,1410,1215,737022208771,0
matmul_tiny_loop_block07,1790333887.5822272,4877939.270963292,114.551,38,1410,1215,737022208771,0
matmul_tiny_loop_block07,1790333887.6322212,4877939.320957325,115.617,38,1410,1215,737022220276,0
matmul_tiny_loop_block07,1790333887.6822224,4877939.370958509,115.617,38,1410,1215,737022220276,0
matmul_tiny_loop_block07,1790333887.7322242,4877939.420960423,115.737,38,1410,1215,737022231929,0
matmul_tiny_loop_block07,1790333887.7822213,4877939.470957296,115.737,38,1410,1215,737022231929,0
matmul_tiny_loop_block07,1790333887.832222,4877939.52095803,115.617,38,1410,1215,737022243585,0
matmul_tiny_loop_block07,1790333887.8822246,4877939.570960764,115.617,38,1410,1215,737022243585,0
matmul_tiny_loop_block07,1790333887.932222,4877939.620957987,115.617,38,1410,1215,737022255238,0
matmul_tiny_loop_block07,1790333887.9822218,4877939.670958101,115.617,38,1410,1215,737022255238,0
matmul_tiny_loop_block07,1790333888.0322244,4877939.720960585,114.551,38,1410,1215,737022266853,0
matmul_tiny_loop_block07,1790333888.0822248,4877939.770961108,114.551,38,1410,1215,737022266853,0
matmul_tiny_loop_block07,1790333888.1322217,4877939.820957812,115.617,38,1410,1215,737022278436,0
matmul_tiny_loop_block07,1790333888.1822243,4877939.870960506,115.617,38,1410,1215,737022278436,0
matmul_tiny_loop_block07,1790333888.2322524,4877939.920988609,115.617,38,1410,1215,737022290100,0
matmul_tiny_loop_block07,1790333888.282221,4877939.970957073,115.617,38,1410,1215,737022290100,0
matmul_tiny_loop_block07,1790333888.3322244,4877940.020960417,115.737,38,1410,1215,737022301749,0
matmul_tiny_loop_block07,1790333888.3822215,4877940.0709577,115.737,38,1410,1215,737022301749,0
matmul_tiny_loop_block07,1790333888.432226,4877940.120962094,115.617,38,1410,1215,737022313413,0
matmul_tiny_loop_block07,1790333888.482223,4877940.170959218,115.617,38,1410,1215,737022313413,0
matmul_tiny_loop_block07,1790333888.5322218,4877940.220957841,115.617,38,1410,1215,737022325060,0
matmul_tiny_loop_block07,1790333888.5822222,4877940.270958405,115.617,38,1410,1215,737022325060,0
matmul_tiny_loop_block07,1790333888.6322231,4877940.320959329,115.617,38,1410,1215,737022336734,0
matmul_tiny_loop_block07,1790333888.6822283,4877940.370964302,115.617,38,1410,1215,737022336734,0
matmul_tiny_loop_block07,1790333888.7322218,4877940.420958036,114.432,38,1410,1215,737022348343,0
matmul_tiny_loop_block07,1790333888.7822275,4877940.4709637,114.432,38,1410,1215,737022348343,0
matmul_tiny_loop_block07,1790333888.8322217,4877940.520957853,114.432,38,1410,1215,737022359893,0
matmul_tiny_loop_block07,1790333888.8822238,4877940.570960067,114.432,38,1410,1215,737022359893,0
matmul_tiny_loop_block07,1790333888.9322245,4877940.620960771,115.617,38,1410,1215,737022371497,0
matmul_tiny_loop_block07,1790333888.9822216,4877940.670957794,115.617,38,1410,1215,737022371497,0
matmul_tiny_loop_block07,1790333889.032224,4877940.720960058,114.432,38,1410,1215,737022383118,0
matmul_tiny_loop_block07,1790333889.0822208,4877940.770956842,114.432,38,1410,1215,737022383118,0
matmul_tiny_loop_block07,1790333889.132222,4877940.820958115,114.432,38,1410,1215,737022394649,0
matmul_tiny_loop_block07,1790333889.1822217,4877940.870957729,114.432,38,1410,1215,737022394649,0
matmul_tiny_loop_block07,1790333889.2322197,4877940.920955772,115.617,38,1410,1215,737022406220,0
matmul_tiny_loop_block07,1790333889.2822256,4877940.970961816,115.617,38,1410,1215,737022406220,0
matmul_tiny_loop_block07,1790333889.3322234,4877941.02095965,114.432,38,1410,1215,737022417842,0
matmul_tiny_loop_block07,1790333889.3822207,4877941.070956863,114.432,38,1410,1215,737022417842,0
matmul_tiny_loop_block07,1790333889.4322214,4877941.120957417,114.432,38,1410,1215,737022429385,0
matmul_tiny_loop_block07,1790333889.482221,4877941.170956821,114.432,38,1410,1215,737022429385,0
matmul_tiny_loop_block07,1790333889.5322242,4877941.220960324,115.737,38,1410,1215,737022440978,0
matmul_tiny_loop_block07,1790333889.5822248,4877941.270960928,115.737,38,1410,1215,737022440978,0
matmul_tiny_loop_block07,1790333889.6322231,4877941.320959282,115.617,38,1410,1215,737022452642,0
matmul_tiny_loop_block07,1790333889.6822197,4877941.370955875,115.617,38,1410,1215,737022452642,0
matmul_tiny_loop_block07,1790333889.7322218,4877941.420958099,114.551,38,1410,1215,737022464245,0
matmul_tiny_loop_block07,1790333889.7822185,4877941.470954643,114.551,38,1410,1215,737022464245,0
matmul_tiny_loop_block07,1790333889.8322244,4877941.520960366,115.617,38,1410,1215,737022475855,0
matmul_tiny_loop_block07,1790333889.8822198,4877941.57095584,115.617,38,1410,1215,737022475855,0
matmul_tiny_loop_block07,1790333889.9322238,4877941.620959694,115.617,38,1410,1215,737022487584,0
matmul_tiny_loop_block07,1790333889.9822235,4877941.670959717,115.617,38,1410,1215,737022487584,0
matmul_tiny_loop_block07,1790333890.0322237,4877941.720959901,115.617,38,1410,1215,737022499198,0
matmul_tiny_loop_block08,1790333890.0831,4877941.771835915,115.617,38,1410,1215,737022499198,0
matmul_tiny_loop_block08,1790333890.1332142,4877941.821950437,115.737,38,1410,1215,737022510830,0
matmul_tiny_loop_block08,1790333890.1832128,4877941.871948851,115.737,38,1410,1215,737022510830,0
matmul_tiny_loop_block08,1790333890.233224,4877941.921960024,115.737,38,1410,1215,737022522522,0
matmul_tiny_loop_block08,1790333890.2832243,4877941.971960408,115.737,38,1410,1215,737022522522,0
matmul_tiny_loop_block08,1790333890.3332582,4877942.021994311,115.737,38,1410,1215,737022534129,0
matmul_tiny_loop_block08,1790333890.3832238,4877942.071960015,115.737,38,1410,1215,737022534129,0
matmul_tiny_loop_block08,1790333890.4332232,4877942.121959319,115.617,38,1410,1215,737022545782,0
matmul_tiny_loop_block08,1790333890.4832242,4877942.171960132,115.617,38,1410,1215,737022545782,0
matmul_tiny_loop_block08,1790333890.533226,4877942.221962086,115.617,38,1410,1215,737022557437,0
matmul_tiny_loop_block08,1790333890.5832546,4877942.271990709,115.617,38,1410,1215,737022557437,0
matmul_tiny_loop_block08,1790333890.633225,4877942.321961113,115.617,38,1410,1215,737022569068,0
matmul_tiny_loop_block08,1790333890.6832225,4877942.371958557,115.617,38,1410,1215,737022569068,0
matmul_tiny_loop_block08,1790333890.7332234,4877942.421959431,114.432,38,1410,1215,737022580634,0
matmul_tiny_loop_block08,1790333890.783225,4877942.471961214,114.432,38,1410,1215,737022580634,0
matmul_tiny_loop_block08,1790333890.8332253,4877942.521961348,115.617,38,1410,1215,737022592303,0
matmul_tiny_loop_block08,1790333890.883224,4877942.571960002,115.617,38,1410,1215,737022592303,0
matmul_tiny_loop_block08,1790333890.9332576,4877942.621993685,115.617,38,1410,1215,737022603923,0
matmul_tiny_loop_block08,1790333890.983222,4877942.671958269,115.617,38,1410,1215,737022603923,0
matmul_tiny_loop_block08,1790333891.0332215,4877942.721957533,114.551,38,1410,1215,737022615482,0
matmul_tiny_loop_block08,1790333891.0832303,4877942.771966216,114.551,38,1410,1215,737022615482,0
matmul_tiny_loop_block08,1790333891.133254,4877942.82199008,115.617,38,1410,1215,737022627097,0
matmul_tiny_loop_block08,1790333891.1832194,4877942.871955564,115.617,38,1410,1215,737022627097,0
matmul_tiny_loop_block08,1790333891.2332234,4877942.921959667,114.432,38,1410,1215,737022638693,0
matmul_tiny_loop_block08,1790333891.2832222,4877942.971958421,114.432,38,1410,1215,737022638693,0
matmul_tiny_loop_block08,1790333891.333225,4877943.021960984,115.617,38,1410,1215,737022650321,0
matmul_tiny_loop_block08,1790333891.3832247,4877943.071960918,115.617,38,1410,1215,737022650321,0
matmul_tiny_loop_block08,1790333891.4332228,4877943.121958772,115.617,38,1410,1215,737022661958,0
matmul_tiny_loop_block08,1790333891.483223,4877943.171959136,115.617,38,1410,1215,737022661958,0
matmul_tiny_loop_block08,1790333891.533226,4877943.221961999,114.432,38,1410,1215,737022673521,0
matmul_tiny_loop_block08,1790333891.5832226,4877943.271958513,114.432,38,1410,1215,737022673521,0
matmul_tiny_loop_block08,1790333891.6332223,4877943.321958536,115.737,38,1410,1215,737022685180,0
matmul_tiny_loop_block08,1790333891.683222,4877943.3719581,115.737,38,1410,1215,737022685180,0
matmul_tiny_loop_block08,1790333891.7332218,4877943.421958054,115.617,38,1410,1215,737022696841,0
matmul_tiny_loop_block08,1790333891.783225,4877943.471961137,115.617,38,1410,1215,737022696841,0
matmul_tiny_loop_block08,1790333891.83322,4877943.521956321,114.432,38,1410,1215,737022708391,0
matmul_tiny_loop_block08,1790333891.883222,4877943.571957995,114.432,38,1410,1215,737022708391,0
matmul_tiny_loop_block08,1790333891.9332254,4877943.621961558,114.432,38,1410,1215,737022719973,0
matmul_tiny_loop_block08,1790333891.9832218,4877943.671957822,114.432,38,1410,1215,737022719973,0
matmul_tiny_loop_block08,1790333892.033224,4877943.721960236,115.617,38,1410,1215,737022731651,0
matmul_tiny_loop_block08,1790333892.0832248,4877943.771960929,115.617,38,1410,1215,737022731651,0
matmul_tiny_loop_block08,1790333892.1332586,4877943.821994673,115.617,38,1410,1215,737022743264,0
matmul_tiny_loop_block08,1790333892.1832252,4877943.871961007,115.617,38,1410,1215,737022743264,0
matmul_tiny_loop_block08,1790333892.233225,4877943.92196127,114.432,38,1410,1215,737022754799,0
matmul_tiny_loop_block08,1790333892.2832227,4877943.971958934,114.432,38,1410,1215,737022754799,0
matmul_tiny_loop_block08,1790333892.3332233,4877944.021959538,114.432,38,1410,1215,737022766343,0
matmul_tiny_loop_block08,1790333892.3832252,4877944.071961041,114.432,38,1410,1215,737022766343,0
matmul_tiny_loop_block08,1790333892.4332232,4877944.121959355,114.432,38,1410,1215,737022777910,0
matmul_tiny_loop_block08,1790333892.483223,4877944.171959109,114.432,38,1410,1215,737022777910,0
matmul_tiny_loop_block08,1790333892.5332263,4877944.221962152,115.294,38,1410,1215,737022789555,0
matmul_tiny_loop_block08,1790333892.583222,4877944.271958126,115.294,38,1410,1215,737022789555,0
matmul_tiny_loop_block08,1790333892.633225,4877944.3219611,115.617,38,1410,1215,737022801170,0
matmul_tiny_loop_block08,1790333892.6832259,4877944.371962043,115.617,38,1410,1215,737022801170,0
matmul_tiny_loop_block08,1790333892.7332225,4877944.421958407,114.432,38,1410,1215,737022812697,0
matmul_tiny_loop_block08,1790333892.7832253,4877944.471961501,114.432,38,1410,1215,737022812697,0
matmul_tiny_loop_block08,1790333892.833229,4877944.521965104,114.432,38,1410,1215,737022824228,0
matmul_tiny_loop_block08,1790333892.8832219,4877944.571957948,114.432,38,1410,1215,737022824228,0
matmul_tiny_loop_block08,1790333892.9332228,4877944.621958782,114.432,38,1410,1215,737022835763,0
matmul_tiny_loop_block08,1790333892.9832215,4877944.671957555,114.432,38,1410,1215,737022835763,0
matmul_tiny_loop_block08,1790333893.0332248,4877944.721960939,114.432,38,1410,1215,737022847299,0
matmul_tiny_loop_block08,1790333893.0832248,4877944.771960893,114.432,38,1410,1215,737022847299,0
matmul_tiny_loop_block08,1790333893.1332262,4877944.821962276,114.432,38,1410,1215,737022858828,0
matmul_tiny_loop_block08,1790333893.1832206,4877944.87195672,114.432,38,1410,1215,737022858828,0
matmul_tiny_loop_block08,1790333893.2332244,4877944.921960693,114.432,38,1410,1215,737022858828,0
matmul_tiny_loop_block08,1790333893.2832258,4877944.971961947,114.432,38,1410,1215,737022870538,0
matmul_tiny_loop_block08,1790333893.3332212,4877945.021957201,114.432,38,1410,1215,737022870538,0
matmul_tiny_loop_block08,1790333893.383221,4877945.071957015,114.432,38,1410,1215,737022881972,0
matmul_tiny_loop_block08,1790333893.4332259,4877945.121962038,114.432,38,1410,1215,737022881972,0
matmul_tiny_loop_block08,1790333893.483224,4877945.171959942,114.432,38,1410,1215,737022893411,0
matmul_tiny_loop_block08,1790333893.5332239,4877945.221959985,114.432,38,1410,1215,737022893411,0
matmul_tiny_loop_block08,1790333893.583229,4877945.271965259,114.432,38,1410,1215,737022904925,0
matmul_tiny_loop_block08,1790333893.6332247,4877945.321960743,114.432,38,1410,1215,737022904925,0
matmul_tiny_loop_block08,1790333893.6832223,4877945.371958376,114.432,38,1410,1215,737022916468,0
matmul_tiny_loop_block08,1790333893.7332249,4877945.42196115,114.432,38,1410,1215,737022916468,0
matmul_tiny_loop_block08,1790333893.7832243,4877945.471960364,114.432,38,1410,1215,737022927993,0
matmul_tiny_loop_block08,1790333893.8332224,4877945.521958487,114.551,38,1410,1215,737022927993,0
matmul_tiny_loop_block08,1790333893.8832247,4877945.571960931,114.551,38,1410,1215,737022939579,0
matmul_tiny_loop_block08,1790333893.9332223,4877945.621958525,115.294,38,1410,1215,737022939579,0
matmul_tiny_loop_block08,1790333893.983222,4877945.671958168,115.294,38,1410,1215,737022951201,0
matmul_tiny_loop_block08,1790333894.033222,4877945.721957962,114.432,38,1410,1215,737022951201,0
matmul_tiny_loop_block08,1790333894.083223,4877945.771959226,114.432,38,1410,1215,737022962737,0
matmul_tiny_loop_block08,1790333894.1332226,4877945.821958599,114.432,38,1410,1215,737022962737,0
matmul_tiny_loop_block08,1790333894.183223,4877945.871959103,114.432,38,1410,1215,737022974254,0
matmul_tiny_loop_block08,1790333894.2332234,4877945.921959627,114.432,38,1410,1215,737022974254,0
matmul_tiny_loop_block08,1790333894.2832222,4877945.97195852,114.432,38,1410,1215,737022985801,0
matmul_tiny_loop_block08,1790333894.3332262,4877946.021962244,114.432,38,1410,1215,737022985801,0
matmul_tiny_loop_block08,1790333894.3832247,4877946.071961058,114.432,38,1410,1215,737022997340,0
matmul_tiny_loop_block08,1790333894.4332244,4877946.121960561,114.432,38,1410,1215,737022997340,0
matmul_tiny_loop_block08,1790333894.4832273,4877946.171963245,114.432,38,1410,1215,737023008872,0
matmul_tiny_loop_block08,1790333894.5332234,4877946.221959499,114.432,38,1410,1215,737023008872,0
matmul_tiny_loop_block08,1790333894.5832233,4877946.271959442,114.432,38,1410,1215,737023020384,0
matmul_tiny_loop_block08,1790333894.6332226,4877946.321958776,114.432,38,1410,1215,737023020384,0
matmul_tiny_loop_block08,1790333894.683223,4877946.37195914,114.432,38,1410,1215,737023031926,0
matmul_tiny_loop_block08,1790333894.7332551,4877946.421991263,114.155,38,1410,1215,737023031926,0
matmul_tiny_loop_block08,1790333894.7832222,4877946.471958217,114.155,38,1410,1215,737023043429,0
matmul_tiny_loop_block08,1790333894.833222,4877946.521957961,114.432,38,1410,1215,737023043429,0
matmul_tiny_loop_block08,1790333894.8832297,4877946.571965944,114.432,38,1410,1215,737023054956,0
matmul_tiny_loop_block08,1790333894.933223,4877946.621959078,114.432,38,1410,1215,737023054956,0
matmul_tiny_loop_block08,1790333894.9832244,4877946.671960492,114.432,38,1410,1215,737023066474,0
matmul_tiny_loop_block08,1790333895.033223,4877946.721959115,114.432,38,1410,1215,737023066474,0
matmul_tiny_loop_block08,1790333895.0832274,4877946.771963479,114.432,38,1410,1215,737023078043,0
matmul_tiny_loop_block08,1790333895.1332247,4877946.821960822,115.294,38,1410,1215,737023078043,0
matmul_tiny_loop_block08,1790333895.1832213,4877946.871957186,115.294,38,1410,1215,737023089673,0
matmul_tiny_loop_block08,1790333895.2332218,4877946.92195793,115.294,38,1410,1215,737023089673,0
matmul_tiny_loop_block08,1790333895.283229,4877946.971965303,115.294,38,1410,1215,737023101276,0
matmul_tiny_loop_block08,1790333895.3332226,4877947.021958757,114.432,38,1410,1215,737023101276,0
matmul_tiny_loop_block08,1790333895.3832211,4877947.071957391,114.432,38,1410,1215,737023112815,0
matmul_tiny_loop_block08,1790333895.4332247,4877947.121960844,115.294,38,1410,1215,737023112815,0
matmul_tiny_loop_block08,1790333895.4832308,4877947.171966848,115.294,38,1410,1215,737023124412,0
matmul_tiny_loop_block08,1790333895.5332298,4877947.221965832,114.432,38,1410,1215,737023124412,0
matmul_tiny_loop_block08,1790333895.583222,4877947.271958125,114.432,38,1410,1215,737023135920,0
matmul_tiny_loop_block08,1790333895.6332247,4877947.321960759,114.432,38,1410,1215,737023135920,0
matmul_tiny_loop_block08,1790333895.683221,4877947.371957143,114.432,38,1410,1215,737023147507,0
matmul_tiny_loop_block08,1790333895.7332227,4877947.421958756,115.414,38,1410,1215,737023147507,0
matmul_tiny_loop_block08,1790333895.7832267,4877947.47196259,115.414,38,1410,1215,737023159147,0
matmul_tiny_loop_block08,1790333895.8332224,4877947.521958534,115.617,38,1410,1215,737023159147,0
matmul_tiny_loop_block08,1790333895.8832233,4877947.571959287,115.617,38,1410,1215,737023170765,0
matmul_tiny_loop_block08,1790333895.9332232,4877947.621959231,114.432,38,1410,1215,737023170765,0
matmul_tiny_loop_block08,1790333895.983226,4877947.671962235,114.432,38,1410,1215,737023182344,0
matmul_tiny_loop_block08,1790333896.0332232,4877947.721959128,115.294,38,1410,1215,737023182344,0
matmul_tiny_loop_block08,1790333896.0832243,4877947.771960442,115.294,38,1410,1215,737023193943,0
matmul_tiny_loop_block08,1790333896.1332226,4877947.821958686,114.432,38,1410,1215,737023193943,0
matmul_tiny_loop_block08,1790333896.1832216,4877947.871957619,114.432,38,1410,1215,737023205508,0
matmul_tiny_loop_block08,1790333896.233224,4877947.921959993,115.294,38,1410,1215,737023205508,0
matmul_tiny_loop_block08,1790333896.283225,4877947.971961186,115.294,38,1410,1215,737023217134,0
matmul_tiny_loop_block08,1790333896.3332229,4877948.02195892,114.551,38,1410,1215,737023217134,0
matmul_tiny_loop_block08,1790333896.3832252,4877948.071961264,114.551,38,1410,1215,737023228656,0
matmul_tiny_loop_block08,1790333896.4332259,4877948.121962158,114.551,38,1410,1215,737023228656,0
matmul_tiny_loop_block08,1790333896.483225,4877948.171961011,114.551,38,1410,1215,737023240230,0
matmul_tiny_loop_block08,1790333896.533222,4877948.221958155,115.414,38,1410,1215,737023240230,0
matmul_tiny_loop_block08,1790333896.5832558,4877948.271991898,115.414,38,1410,1215,737023251862,0
matmul_tiny_loop_block08,1790333896.6332219,4877948.321958152,115.294,38,1410,1215,737023251862,0
matmul_tiny_loop_block08,1790333896.6832225,4877948.371958546,115.294,38,1410,1215,737023263464,0
matmul_tiny_loop_block08,1790333896.7332244,4877948.421960649,114.432,38,1410,1215,737023263464,0
matmul_tiny_loop_block08,1790333896.783224,4877948.471960173,114.432,38,1410,1215,737023275015,0
matmul_tiny_loop_block08,1790333896.833223,4877948.521959417,115.294,38,1410,1215,737023275015,0
matmul_tiny_loop_block08,1790333896.8832226,4877948.57195852,115.294,38,1410,1215,737023286658,0
matmul_tiny_loop_block08,1790333896.9332247,4877948.621960774,115.294,38,1410,1215,737023286658,0
matmul_tiny_loop_block08,1790333896.9832218,4877948.671958008,115.294,38,1410,1215,737023298247,0
matmul_tiny_loop_block08,1790333897.0332563,4877948.721992301,114.432,38,1410,1215,737023298247,0
matmul_tiny_loop_block08,1790333897.0832243,4877948.771960475,114.432,38,1410,1215,737023309810,0
matmul_tiny_loop_block08,1790333897.133223,4877948.821959299,115.294,38,1410,1215,737023309810,0
matmul_tiny_loop_block08,1790333897.1832223,4877948.871958442,115.294,38,1410,1215,737023321431,0
matmul_tiny_loop_block08,1790333897.2332263,4877948.921962516,114.551,38,1410,1215,737023321431,0
matmul_tiny_loop_block08,1790333897.2832215,4877948.97195769,114.551,38,1410,1215,737023333018,0
matmul_tiny_loop_block08,1790333897.3332214,4877949.021957503,115.294,38,1410,1215,737023333018,0
matmul_tiny_loop_block08,1790333897.3832214,4877949.071957607,115.294,38,1410,1215,737023344630,0
matmul_tiny_loop_block08,1790333897.4332244,4877949.121960631,114.432,38,1410,1215,737023344630,0
matmul_tiny_loop_block08,1790333897.4832244,4877949.171960474,114.432,38,1410,1215,737023356210,0
matmul_tiny_loop_block08,1790333897.5332222,4877949.221958218,115.294,38,1410,1215,737023356210,0
matmul_tiny_loop_block08,1790333897.5832245,4877949.271960532,115.294,38,1410,1215,737023367854,0
matmul_tiny_loop_block08,1790333897.6332235,4877949.321959525,115.617,38,1410,1215,737023367854,0
matmul_tiny_loop_block08,1790333897.683222,4877949.371958119,115.617,38,1410,1215,737023379482,0
matmul_tiny_loop_block08,1790333897.7332244,4877949.421960573,114.432,38,1410,1215,737023379482,0
matmul_tiny_loop_block08,1790333897.7832208,4877949.471956886,114.432,38,1410,1215,737023391012,0
matmul_tiny_loop_block08,1790333897.8332226,4877949.5219588,114.273,38,1410,1215,737023391012,0
matmul_tiny_loop_block08,1790333897.8832204,4877949.571956534,114.273,38,1410,1215,737023402555,0
matmul_tiny_loop_block08,1790333897.9332223,4877949.621958607,114.273,38,1410,1215,737023402555,0
matmul_tiny_loop_block08,1790333897.9832222,4877949.671958381,114.273,38,1410,1215,737023414124,0
matmul_tiny_loop_block08,1790333898.0332232,4877949.721959265,115.294,38,1410,1215,737023414124,0
matmul_tiny_loop_block08,1790333898.0832367,4877949.771972808,115.294,38,1410,1215,737023425715,0
matmul_tiny_loop_block08,1790333898.133226,4877949.821962052,114.432,38,1410,1215,737023425715,0
matmul_tiny_loop_block08,1790333898.1832206,4877949.871956966,114.432,38,1410,1215,737023437214,0
matmul_tiny_loop_block08,1790333898.2332222,4877949.921958299,114.155,38,1410,1215,737023437214,0
matmul_tiny_loop_block08,1790333898.2832255,4877949.971961863,114.155,38,1410,1215,737023448759,0
matmul_tiny_loop_block08,1790333898.3332589,4877950.021994886,115.414,38,1410,1215,737023448759,0
matmul_tiny_loop_block08,1790333898.383222,4877950.07195808,115.414,38,1410,1215,737023460379,0
matmul_tiny_loop_block08,1790333898.4332259,4877950.121962094,115.294,38,1410,1215,737023460379,0
matmul_tiny_loop_block08,1790333898.483228,4877950.171964127,115.294,38,1410,1215,737023472006,0
matmul_tiny_loop_block08,1790333898.5332298,4877950.221965931,115.294,38,1410,1215,737023472006,0
matmul_tiny_loop_block08,1790333898.5832264,4877950.271962555,115.294,38,1410,1215,737023483592,0
matmul_tiny_loop_block08,1790333898.6332216,4877950.321957708,114.432,38,1410,1215,737023483592,0
matmul_tiny_loop_block08,1790333898.683224,4877950.371960182,114.432,38,1410,1215,737023495144,0
matmul_tiny_loop_block08,1790333898.733226,4877950.421962126,115.294,38,1410,1215,737023495144,0
matmul_tiny_loop_block08,1790333898.7832224,4877950.471958469,115.294,38,1410,1215,737023506767,0
matmul_tiny_loop_block08,1790333898.8332245,4877950.521960463,115.294,38,1410,1215,737023506767,0
matmul_tiny_loop_block08,1790333898.883223,4877950.571959047,115.294,38,1410,1215,737023518359,0
matmul_tiny_loop_block08,1790333898.9332201,4877950.62195633,114.432,38,1410,1215,737023518359,0
matmul_tiny_loop_block08,1790333898.983226,4877950.671962204,114.432,38,1410,1215,737023529928,0
matmul_tiny_loop_block08,1790333899.0332243,4877950.721960498,115.294,38,1410,1215,737023529928,0
matmul_tiny_loop_block08,1790333899.0832229,4877950.771958971,115.294,38,1410,1215,737023541560,0
matmul_tiny_loop_block08,1790333899.1332562,4877950.821992285,115.294,38,1410,1215,737023541560,0
matmul_tiny_loop_block08,1790333899.1832192,4877950.871955309,115.294,38,1410,1215,737023541560,0
matmul_tiny_loop_block08,1790333899.2332244,4877950.921960662,115.617,38,1410,1215,737023553296,0
matmul_tiny_loop_block08,1790333899.2832575,4877950.971993706,115.617,38,1410,1215,737023553296,0
matmul_tiny_loop_block08,1790333899.333227,4877951.02196316,115.737,38,1410,1215,737023564831,0
matmul_tiny_loop_block08,1790333899.3832214,4877951.071957763,115.737,38,1410,1215,737023564831,0
matmul_tiny_loop_block08,1790333899.433222,4877951.121958337,115.294,38,1410,1215,737023576424,0
matmul_tiny_loop_block08,1790333899.4832222,4877951.171958511,115.294,38,1410,1215,737023576424,0
matmul_tiny_loop_block08,1790333899.5332239,4877951.221960124,114.432,38,1410,1215,737023588006,0
matmul_tiny_loop_block08,1790333899.583224,4877951.271960288,114.432,38,1410,1215,737023588006,0
matmul_tiny_loop_block08,1790333899.6332219,4877951.321958072,115.294,38,1410,1215,737023599544,0
matmul_tiny_loop_block08,1790333899.6832256,4877951.371961735,115.294,38,1410,1215,737023599544,0
matmul_tiny_loop_block08,1790333899.7331996,4877951.421935769,115.617,38,1410,1215,737023611173,0
matmul_tiny_loop_block08,1790333899.7831874,4877951.471923223,115.617,38,1410,1215,737023611173,0
matmul_tiny_loop_block08,1790333899.8331842,4877951.521920317,114.432,38,1410,1215,737023622761,0
matmul_tiny_loop_block08,1790333899.883184,4877951.57191962,114.432,38,1410,1215,737023622761,0
matmul_tiny_loop_block08,1790333899.9331856,4877951.621921464,115.294,38,1410,1215,737023634312,0
matmul_tiny_loop_block08,1790333899.9831839,4877951.671919768,115.294,38,1410,1215,737023634312,0
matmul_tiny_loop_block08,1790333900.0331872,4877951.721922971,115.414,38,1410,1215,737023645942,0
matmul_tiny_loop_block08,1790333900.0831814,4877951.771916935,115.414,38,1410,1215,737023645942,0
matmul_tiny_loop_block08,1790333900.1331832,4877951.821919039,114.432,38,1410,1215,737023657557,0
matmul_tiny_loop_block09,1790333900.1487505,4877951.837486319,114.432,38,1410,1215,737023657557,0
matmul_tiny_loop_block09,1790333900.1988316,4877951.887567662,114.432,38,1410,1215,737023669100,0
matmul_tiny_loop_block09,1790333900.248829,4877951.937564716,115.294,38,1410,1215,737023669100,0
matmul_tiny_loop_block09,1790333900.2988284,4877951.987564249,115.294,38,1410,1215,737023680712,0
matmul_tiny_loop_block09,1790333900.3488574,4877952.037593343,114.432,38,1410,1215,737023680712,0
matmul_tiny_loop_block09,1790333900.3988361,4877952.087572246,114.432,38,1410,1215,737023692228,0
matmul_tiny_loop_block09,1790333900.4488337,4877952.13756963,114.155,38,1410,1215,737023692228,0
matmul_tiny_loop_block09,1790333900.498834,4877952.187569754,114.155,38,1410,1215,737023703783,0
matmul_tiny_loop_block09,1790333900.5488348,4877952.237570517,115.294,38,1410,1215,737023703783,0
matmul_tiny_loop_block09,1790333900.5988326,4877952.287568331,115.294,38,1410,1215,737023715366,0
matmul_tiny_loop_block09,1790333900.6488566,4877952.337592305,114.551,38,1410,1215,737023715366,0
matmul_tiny_loop_block09,1790333900.6988528,4877952.387589018,114.551,38,1410,1215,737023726885,0
matmul_tiny_loop_block09,1790333900.7488332,4877952.437569262,114.273,38,1410,1215,737023726885,0
matmul_tiny_loop_block09,1790333900.798834,4877952.487570246,114.273,38,1410,1215,737023738376,0
matmul_tiny_loop_block09,1790333900.8488343,4877952.537570329,114.155,38,1410,1215,737023738376,0
matmul_tiny_loop_block09,1790333900.898836,4877952.587571923,114.155,38,1410,1215,737023749893,0
matmul_tiny_loop_block09,1790333900.9488544,4877952.637590186,114.273,38,1410,1215,737023749893,0
matmul_tiny_loop_block09,1790333900.9988687,4877952.68760484,114.273,38,1410,1215,737023749893,0
matmul_tiny_loop_block09,1790333901.0488732,4877952.737609354,115.294,38,1410,1215,737023761626,0
matmul_tiny_loop_block09,1790333901.0988727,4877952.787608677,115.294,38,1410,1215,737023761626,0
matmul_tiny_loop_block09,1790333901.1488817,4877952.837617851,114.432,38,1410,1215,737023773115,0
matmul_tiny_loop_block09,1790333901.198872,4877952.887608095,114.432,38,1410,1215,737023773115,0
matmul_tiny_loop_block09,1790333901.2488759,4877952.937611828,115.294,38,1410,1215,737023784575,0
matmul_tiny_loop_block09,1790333901.2988799,4877952.987615782,115.294,38,1410,1215,737023784575,0
matmul_tiny_loop_block09,1790333901.3488736,4877953.037609735,114.432,38,1410,1215,737023796174,0
matmul_tiny_loop_block09,1790333901.3988721,4877953.087608089,114.432,38,1410,1215,737023796174,0
matmul_tiny_loop_block09,1790333901.4488733,4877953.137609193,114.432,38,1410,1215,737023807672,0
matmul_tiny_loop_block09,1790333901.4988713,4877953.187607566,114.432,38,1410,1215,737023807672,0
matmul_tiny_loop_block09,1790333901.5488727,4877953.2376089,115.294,38,1410,1215,737023819230,0
matmul_tiny_loop_block09,1790333901.5988753,4877953.287611514,115.294,38,1410,1215,737023819230,0
matmul_tiny_loop_block09,1790333901.648875,4877953.337611227,114.432,38,1410,1215,737023830848,0
matmul_tiny_loop_block09,1790333901.698875,4877953.387610991,114.432,38,1410,1215,737023830848,0
matmul_tiny_loop_block09,1790333901.748873,4877953.437609095,114.155,38,1410,1215,737023842337,0
matmul_tiny_loop_block09,1790333901.798874,4877953.487610038,114.155,38,1410,1215,737023842337,0
matmul_tiny_loop_block09,1790333901.8488722,4877953.537608382,114.155,38,1410,1215,737023853952,0
matmul_tiny_loop_block09,1790333901.898875,4877953.587611046,114.155,38,1410,1215,737023853952,0
matmul_tiny_loop_block09,1790333901.9488733,4877953.637609469,115.294,38,1410,1215,737023865541,0
matmul_tiny_loop_block09,1790333901.9989038,4877953.687640003,115.294,38,1410,1215,737023865541,0
matmul_tiny_loop_block09,1790333902.048872,4877953.737608177,114.432,38,1410,1215,737023877091,0
matmul_tiny_loop_block09,1790333902.0988786,4877953.78761495,114.432,38,1410,1215,737023877091,0
matmul_tiny_loop_block09,1790333902.148875,4877953.837611134,115.294,38,1410,1215,737023888675,0
matmul_tiny_loop_block09,1790333902.198873,4877953.887609138,115.294,38,1410,1215,737023888675,0
matmul_tiny_loop_block09,1790333902.248878,4877953.937614121,115.414,38,1410,1215,737023900250,0
matmul_tiny_loop_block09,1790333902.2988741,4877953.987610255,115.414,38,1410,1215,737023900250,0
matmul_tiny_loop_block09,1790333902.3488743,4877954.037610299,114.273,38,1410,1215,737023911800,0
matmul_tiny_loop_block09,1790333902.3988729,4877954.087609172,114.273,38,1410,1215,737023911800,0
matmul_tiny_loop_block09,1790333902.448874,4877954.137610066,115.294,38,1410,1215,737023923421,0
matmul_tiny_loop_block09,1790333902.4988725,4877954.18760863,115.294,38,1410,1215,737023923421,0
matmul_tiny_loop_block09,1790333902.5488772,4877954.237613473,115.294,38,1410,1215,737023935018,0
matmul_tiny_loop_block09,1790333902.598875,4877954.287611227,115.294,38,1410,1215,737023935018,0
matmul_tiny_loop_block09,1790333902.6488738,4877954.337609811,114.432,38,1410,1215,737023946568,0
matmul_tiny_loop_block09,1790333902.698872,4877954.387608184,114.432,38,1410,1215,737023946568,0
matmul_tiny_loop_block09,1790333902.748873,4877954.437609138,115.294,38,1410,1215,737023958206,0
matmul_tiny_loop_block09,1790333902.7988753,4877954.487611662,115.294,38,1410,1215,737023958206,0
matmul_tiny_loop_block09,1790333902.8488758,4877954.537611895,115.294,38,1410,1215,737023969802,0
matmul_tiny_loop_block09,1790333902.8988721,4877954.587608189,115.294,38,1410,1215,737023969802,0
matmul_tiny_loop_block09,1790333902.9488738,4877954.637609723,114.432,38,1410,1215,737023981311,0
matmul_tiny_loop_block09,1790333902.9988732,4877954.687609426,114.432,38,1410,1215,737023981311,0
matmul_tiny_loop_block09,1790333903.0488744,4877954.73761067,114.155,38,1410,1215,737023992875,0
matmul_tiny_loop_block09,1790333903.0988784,4877954.787614513,114.155,38,1410,1215,737023992875,0
matmul_tiny_loop_block09,1790333903.148871,4877954.837607177,115.414,38,1410,1215,737024004472,0
matmul_tiny_loop_block09,1790333903.198872,4877954.887608121,115.414,38,1410,1215,737024004472,0
matmul_tiny_loop_block09,1790333903.2488725,4877954.937608675,114.155,38,1410,1215,737024016030,0
matmul_tiny_loop_block09,1790333903.298872,4877954.987608258,114.155,38,1410,1215,737024016030,0
matmul_tiny_loop_block09,1790333903.3488724,4877955.037608692,115.294,38,1410,1215,737024027662,0
matmul_tiny_loop_block09,1790333903.3988764,4877955.087612545,115.294,38,1410,1215,737024027662,0
matmul_tiny_loop_block09,1790333903.4488754,4877955.137611639,115.294,38,1410,1215,737024039281,0
matmul_tiny_loop_block09,1790333903.4988728,4877955.187609063,115.294,38,1410,1215,737024039281,0
matmul_tiny_loop_block09,1790333903.5488732,4877955.237609276,115.294,38,1410,1215,737024050863,0
matmul_tiny_loop_block09,1790333903.598873,4877955.28760886,115.294,38,1410,1215,737024050863,0
matmul_tiny_loop_block09,1790333903.6488729,4877955.337608984,114.155,38,1410,1215,737024062431,0
matmul_tiny_loop_block09,1790333903.6988716,4877955.387607647,114.155,38,1410,1215,737024062431,0
matmul_tiny_loop_block09,1790333903.748871,4877955.437607271,115.294,38,1410,1215,737024074065,0
matmul_tiny_loop_block09,1790333903.798875,4877955.487611185,115.294,38,1410,1215,737024074065,0
matmul_tiny_loop_block09,1790333903.8488758,4877955.537611978,115.294,38,1410,1215,737024085665,0
matmul_tiny_loop_block09,1790333903.8988729,4877955.587608962,115.294,38,1410,1215,737024085665,0
matmul_tiny_loop_block09,1790333903.9488747,4877955.637610806,115.294,38,1410,1215,737024097299,0
matmul_tiny_loop_block09,1790333903.9988754,4877955.687611379,115.294,38,1410,1215,737024097299,0
matmul_tiny_loop_block09,1790333904.048876,4877955.737612143,115.294,38,1410,1215,737024108907,0
matmul_tiny_loop_block09,1790333904.0988717,4877955.787607807,115.294,38,1410,1215,737024108907,0
matmul_tiny_loop_block09,1790333904.1488726,4877955.83760885,114.432,38,1410,1215,737024120469,0
matmul_tiny_loop_block09,1790333904.1988747,4877955.887610884,114.432,38,1410,1215,737024120469,0
matmul_tiny_loop_block09,1790333904.2488742,4877955.937610408,115.294,38,1410,1215,737024132084,0
matmul_tiny_loop_block09,1790333904.2988744,4877955.987610411,115.294,38,1410,1215,737024132084,0
matmul_tiny_loop_block09,1790333904.3488762,4877956.037612305,115.294,38,1410,1215,737024143686,0
matmul_tiny_loop_block09,1790333904.3988764,4877956.087612609,115.294,38,1410,1215,737024143686,0
matmul_tiny_loop_block09,1790333904.4488752,4877956.137611372,114.273,38,1410,1215,737024155182,0
matmul_tiny_loop_block09,1790333904.4988718,4877956.187607826,114.273,38,1410,1215,737024155182,0
matmul_tiny_loop_block09,1790333904.5488756,4877956.237611669,114.273,38,1410,1215,737024166740,0
matmul_tiny_loop_block09,1790333904.598876,4877956.287612033,114.273,38,1410,1215,737024166740,0
matmul_tiny_loop_block09,1790333904.648877,4877956.337612947,115.294,38,1410,1215,737024178335,0
matmul_tiny_loop_block09,1790333904.6988738,4877956.387610021,115.294,38,1410,1215,737024178335,0
matmul_tiny_loop_block09,1790333904.748875,4877956.437611024,114.155,38,1410,1215,737024189856,0
matmul_tiny_loop_block09,1790333904.798873,4877956.487608838,114.155,38,1410,1215,737024189856,0
matmul_tiny_loop_block09,1790333904.8488758,4877956.537611941,114.155,38,1410,1215,737024201410,0
matmul_tiny_loop_block09,1790333904.8988729,4877956.587608925,114.155,38,1410,1215,737024201410,0
matmul_tiny_loop_block09,1790333904.9488728,4877956.637608929,115.294,38,1410,1215,737024213028,0
matmul_tiny_loop_block09,1790333904.9988759,4877956.687612032,115.294,38,1410,1215,737024213028,0
matmul_tiny_loop_block09,1790333905.0488763,4877956.737612456,115.294,38,1410,1215,737024224654,0
matmul_tiny_loop_block09,1790333905.0988736,4877956.78760965,115.294,38,1410,1215,737024224654,0
matmul_tiny_loop_block09,1790333905.1488776,4877956.837613583,115.294,38,1410,1215,737024236283,0
matmul_tiny_loop_block09,1790333905.1988702,4877956.887606547,115.294,38,1410,1215,737024236283,0
matmul_tiny_loop_block09,1790333905.2488747,4877956.937610951,114.155,38,1410,1215,737024247784,0
matmul_tiny_loop_block09,1790333905.2988722,4877956.987608344,114.155,38,1410,1215,737024247784,0
matmul_tiny_loop_block09,1790333905.3488765,4877957.037612638,114.155,38,1410,1215,737024259338,0
matmul_tiny_loop_block09,1790333905.3988752,4877957.087611312,114.155,38,1410,1215,737024259338,0
matmul_tiny_loop_block09,1790333905.448872,4877957.137608405,115.294,38,1410,1215,737024270921,0
matmul_tiny_loop_block09,1790333905.4988718,4877957.187607949,115.294,38,1410,1215,737024270921,0
matmul_tiny_loop_block09,1790333905.5488737,4877957.237609903,114.155,38,1410,1215,737024282499,0
matmul_tiny_loop_block09,1790333905.598872,4877957.287608296,114.155,38,1410,1215,737024282499,0
matmul_tiny_loop_block09,1790333905.6488726,4877957.33760886,115.294,38,1410,1215,737024294080,0
matmul_tiny_loop_block09,1790333905.6988716,4877957.387607624,115.294,38,1410,1215,737024294080,0
matmul_tiny_loop_block09,1790333905.7488737,4877957.437609917,114.273,38,1410,1215,737024305601,0
matmul_tiny_loop_block09,1790333905.7988775,4877957.487613801,114.273,38,1410,1215,737024305601,0
matmul_tiny_loop_block09,1790333905.8488765,4877957.537612625,114.155,38,1410,1215,737024317155,0
matmul_tiny_loop_block09,1790333905.8988729,4877957.587608868,114.155,38,1410,1215,737024317155,0
matmul_tiny_loop_block09,1790333905.948873,4877957.637609032,115.414,38,1410,1215,737024328794,0
matmul_tiny_loop_block09,1790333905.9988794,4877957.687615456,115.414,38,1410,1215,737024328794,0
matmul_tiny_loop_block09,1790333906.048873,4877957.737609129,115.294,38,1410,1215,737024340401,0
matmul_tiny_loop_block09,1790333906.0988724,4877957.787608283,115.294,38,1410,1215,737024340401,0
matmul_tiny_loop_block09,1790333906.1488798,4877957.837616046,114.155,38,1410,1215,737024351948,0
matmul_tiny_loop_block09,1790333906.198875,4877957.887611,114.155,38,1410,1215,737024351948,0
matmul_tiny_loop_block09,1790333906.248872,4877957.937607954,115.294,38,1410,1215,737024363543,0
matmul_tiny_loop_block09,1790333906.2988749,4877957.987610858,115.294,38,1410,1215,737024363543,0
matmul_tiny_loop_block09,1790333906.3488746,4877958.037610451,114.273,38,1410,1215,737024375050,0
matmul_tiny_loop_block09,1790333906.3988726,4877958.087608715,114.273,38,1410,1215,737024375050,0
matmul_tiny_loop_block09,1790333906.4488757,4877958.137611929,114.273,38,1410,1215,737024386583,0
matmul_tiny_loop_block09,1790333906.4988716,4877958.187607512,114.273,38,1410,1215,737024386583,0
matmul_tiny_loop_block09,1790333906.5488765,4877958.237612666,115.294,38,1410,1215,737024398160,0
matmul_tiny_loop_block09,1790333906.598873,4877958.28760887,115.294,38,1410,1215,737024398160,0
matmul_tiny_loop_block09,1790333906.6488733,4877958.337609443,114.155,38,1410,1215,737024398160,0
matmul_tiny_loop_block09,1790333906.6988802,4877958.387616277,114.155,38,1410,1215,737024409872,0
matmul_tiny_loop_block09,1790333906.7488801,4877958.43761621,115.294,38,1410,1215,737024409872,0
matmul_tiny_loop_block09,1790333906.7988746,4877958.487610644,115.294,38,1410,1215,737024421398,0
matmul_tiny_loop_block09,1790333906.8488734,4877958.537609648,115.294,38,1410,1215,737024421398,0
matmul_tiny_loop_block09,1790333906.8988745,4877958.587610631,115.294,38,1410,1215,737024432882,0
matmul_tiny_loop_block09,1790333906.9488735,4877958.637609625,114.155,38,1410,1215,737024432882,0
matmul_tiny_loop_block09,1790333906.9988737,4877958.687609639,114.155,38,1410,1215,737024444435,0
matmul_tiny_loop_block09,1790333907.0488753,4877958.737611282,115.294,38,1410,1215,737024444435,0
matmul_tiny_loop_block09,1790333907.0988748,4877958.787611056,115.294,38,1410,1215,737024456010,0
matmul_tiny_loop_block09,1790333907.1488738,4877958.83760976,114.155,38,1410,1215,737024456010,0
matmul_tiny_loop_block09,1790333907.1988702,4877958.887606453,114.155,38,1410,1215,737024467559,0
matmul_tiny_loop_block09,1790333907.2488759,4877958.937611977,115.414,38,1410,1215,737024467559,0
matmul_tiny_loop_block09,1790333907.2989054,4877958.98764138,115.414,38,1410,1215,737024479186,0
matmul_tiny_loop_block09,1790333907.348873,4877959.037609174,115.414,38,1410,1215,737024479186,0
matmul_tiny_loop_block09,1790333907.3988729,4877959.087608998,115.414,38,1410,1215,737024490812,0
matmul_tiny_loop_block09,1790333907.4488773,4877959.137613422,115.414,38,1410,1215,737024490812,0
matmul_tiny_loop_block09,1790333907.4988716,4877959.187607575,115.414,38,1410,1215,737024502385,0
matmul_tiny_loop_block09,1790333907.5488753,4877959.237611409,114.155,38,1410,1215,737024502385,0
matmul_tiny_loop_block09,1790333907.5988724,4877959.287608513,114.155,38,1410,1215,737024513955,0
matmul_tiny_loop_block09,1790333907.6488748,4877959.337610956,115.294,38,1410,1215,737024513955,0
matmul_tiny_loop_block09,1790333907.6988754,4877959.38761143,115.294,38,1410,1215,737024525535,0
matmul_tiny_loop_block09,1790333907.7488756,4877959.437611674,114.155,38,1410,1215,737024525535,0
matmul_tiny_loop_block09,1790333907.7988737,4877959.487609657,114.155,38,1410,1215,737024537047,0
matmul_tiny_loop_block09,1790333907.8488731,4877959.537609451,114.155,38,1410,1215,737024537047,0
matmul_tiny_loop_block09,1790333907.8988752,4877959.587611235,114.155,38,1410,1215,737024548549,0
matmul_tiny_loop_block09,1790333907.9488752,4877959.637611538,114.155,38,1410,1215,737024548549,0
matmul_tiny_loop_block09,1790333907.9988723,4877959.687608252,114.155,38,1410,1215,737024560070,0
matmul_tiny_loop_block09,1790333908.048874,4877959.737610135,114.155,38,1410,1215,737024560070,0
matmul_tiny_loop_block09,1790333908.0988772,4877959.787613249,114.155,38,1410,1215,737024571579,0
matmul_tiny_loop_block09,1790333908.1488752,4877959.837611433,114.273,38,1410,1215,737024571579,0
matmul_tiny_loop_block09,1790333908.1988726,4877959.887608667,114.273,38,1410,1215,737024583098,0
matmul_tiny_loop_block09,1790333908.2488768,4877959.93761294,114.273,38,1410,1215,737024583098,0
matmul_tiny_loop_block09,1790333908.298873,4877959.987609084,114.273,38,1410,1215,737024594613,0
matmul_tiny_loop_block09,1790333908.3488734,4877960.037609587,114.155,38,1410,1215,737024594613,0
matmul_tiny_loop_block09,1790333908.3988729,4877960.087608861,114.155,38,1410,1215,737024606116,0
matmul_tiny_loop_block09,1790333908.4488764,4877960.137612365,114.155,38,1410,1215,737024606116,0
matmul_tiny_loop_block09,1790333908.498882,4877960.187618278,114.155,38,1410,1215,737024617628,0
matmul_tiny_loop_block09,1790333908.548874,4877960.237610162,114.155,38,1410,1215,737024617628,0
matmul_tiny_loop_block09,1790333908.5988734,4877960.287609606,114.155,38,1410,1215,737024629182,0
matmul_tiny_loop_block09,1790333908.6488798,4877960.337616049,115.294,38,1410,1215,737024629182,0
matmul_tiny_loop_block09,1790333908.698875,4877960.387610913,115.294,38,1410,1215,737024640801,0
matmul_tiny_loop_block09,1790333908.7488737,4877960.437609757,115.414,38,1410,1215,737024640801,0
matmul_tiny_loop_block09,1790333908.7988782,4877960.48761441,115.414,38,1410,1215,737024652388,0
matmul_tiny_loop_block09,1790333908.8488727,4877960.537608734,114.273,38,1410,1215,737024652388,0
matmul_tiny_loop_block09,1790333908.8988771,4877960.587613388,114.273,38,1410,1215,737024663897,0
matmul_tiny_loop_block09,1790333908.948877,4877960.637613191,113.832,38,1410,1215,737024663897,0
matmul_tiny_loop_block09,1790333908.998875,4877960.687610955,113.832,38,1410,1215,737024675444,0
matmul_tiny_loop_block09,1790333909.0488756,4877960.737611559,115.024,38,1410,1215,737024675444,0
matmul_tiny_loop_block09,1790333909.0988746,4877960.787610782,115.024,38,1410,1215,737024687025,0
matmul_tiny_loop_block09,1790333909.1488717,4877960.837607696,114.155,38,1410,1215,737024687025,0
matmul_tiny_loop_block09,1790333909.1988714,4877960.88760737,114.155,38,1410,1215,737024698549,0
matmul_tiny_loop_block09,1790333909.2488732,4877960.937609303,114.155,38,1410,1215,737024698549,0
matmul_tiny_loop_block09,1790333909.2988749,4877960.987610947,114.155,38,1410,1215,737024710055,0
matmul_tiny_loop_block09,1790333909.3488724,4877961.037608481,114.155,38,1410,1215,737024710055,0
matmul_tiny_loop_block09,1790333909.3988729,4877961.087608894,114.155,38,1410,1215,737024721583,0
matmul_tiny_loop_block09,1790333909.4488745,4877961.137610708,114.155,38,1410,1215,737024721583,0
matmul_tiny_loop_block09,1790333909.4988742,4877961.187610292,114.155,38,1410,1215,737024733119,0
matmul_tiny_loop_block09,1790333909.5488768,4877961.237612885,115.294,38,1410,1215,737024733119,0
matmul_tiny_loop_block09,1790333909.598876,4877961.287612009,115.294,38,1410,1215,737024744711,0
matmul_tiny_loop_block09,1790333909.6488774,4877961.337613382,114.155,38,1410,1215,737024744711,0
matmul_tiny_loop_block09,1790333909.6988723,4877961.387608506,114.155,38,1410,1215,737024756215,0
matmul_tiny_loop_block09,1790333909.7488759,4877961.43761195,114.155,38,1410,1215,737024756215,0
matmul_tiny_loop_block09,1790333909.798877,4877961.487613084,114.155,38,1410,1215,737024767723,0
matmul_tiny_loop_block09,1790333909.8488722,4877961.537608367,114.155,38,1410,1215,737024767723,0
matmul_tiny_loop_block09,1790333909.8988745,4877961.587610661,114.155,38,1410,1215,737024779223,0
matmul_tiny_loop_block09,1790333909.9488733,4877961.637609284,114.155,38,1410,1215,737024779223,0
matmul_tiny_loop_block09,1790333909.998903,4877961.687639218,114.155,38,1410,1215,737024790724,0
matmul_tiny_loop_block09,1790333910.0488725,4877961.737608502,114.155,38,1410,1215,737024790724,0
matmul_tiny_loop_block09,1790333910.0988746,4877961.787610625,114.155,38,1410,1215,737024802239,0
matmul_tiny_loop_block09,1790333910.148875,4877961.837611059,114.155,38,1410,1215,737024802239,0
matmul_tiny_loop_block09,1790333910.1988726,4877961.887608683,114.155,38,1410,1215,737024813748,0
