window,t_wall,t_perf,power_w,temp_c,sm_clock_mhz,mem_clock_mhz,energy_mj,throttle_mask
matmul_large_block00,1790333202.1067379,4877253.79547388,386.606,63,1410,1215,736780238851,0
matmul_large_block00,1790333202.1568491,4877253.845585004,386.606,63,1410,1215,736780277116,0
matmul_large_block00,1790333202.206844,4877253.895580029,386.606,63,1410,1215,736780277116,0
matmul_large_block00,1790333202.2568438,4877253.945579685,353.756,63,1410,1215,736780315809,0
matmul_large_block00,1790333202.3068545,4877253.99559045,353.756,63,1410,1215,736780315809,0
matmul_large_block00,1790333202.3568528,4877254.045588895,386.929,63,1410,1215,736780354954,0
matmul_large_block00,1790333202.4068534,4877254.09558948,386.929,63,1410,1215,736780354954,0
matmul_large_block00,1790333202.456852,4877254.145588106,387.198,63,1410,1215,736780393949,0
matmul_large_block00,1790333202.506852,4877254.195587951,387.198,63,1410,1215,736780393949,0
matmul_large_block00,1790333202.5568562,4877254.245592146,387.198,63,1410,1215,736780432997,0
matmul_large_block00,1790333202.6068516,4877254.295587712,387.198,63,1410,1215,736780432997,0
matmul_large_block00,1790333202.6568556,4877254.345591737,387.198,63,1410,1215,736780472014,0
matmul_large_block00,1790333202.7068534,4877254.395589492,387.198,63,1410,1215,736780472014,0
matmul_large_block00,1790333202.7568533,4877254.445589208,386.606,63,1410,1215,736780511055,0
matmul_large_block00,1790333202.8068502,4877254.495586423,386.606,63,1410,1215,736780511055,0
matmul_large_block00,1790333202.85685,4877254.545586058,386.606,63,1410,1215,736780550050,0
matmul_large_block00,1790333202.9068522,4877254.595588534,386.606,63,1410,1215,736780550050,0
matmul_large_block00,1790333202.956853,4877254.645588989,386.929,63,1410,1215,736780589183,0
matmul_large_block00,1790333203.0068533,4877254.695589314,386.929,63,1410,1215,736780589183,0
matmul_large_block00,1790333203.0568542,4877254.74559022,386.929,63,1410,1215,736780628200,0
matmul_large_block00,1790333203.1068518,4877254.795587955,386.929,63,1410,1215,736780628200,0
matmul_large_block00,1790333203.1568534,4877254.84558969,386.606,63,1410,1215,736780667321,0
matmul_large_block00,1790333203.206855,4877254.895591356,386.606,63,1410,1215,736780667321,0
matmul_large_block00,1790333203.2568524,4877254.945588491,386.606,63,1410,1215,736780706313,0
matmul_large_block00,1790333203.3068557,4877254.995591666,386.606,63,1410,1215,736780706313,0
matmul_large_block00,1790333203.356856,4877255.045592252,386.337,63,1410,1215,736780745392,0
matmul_large_block00,1790333203.406853,4877255.095588997,386.337,63,1410,1215,736780745392,0
matmul_large_block00,1790333203.4568522,4877255.145588162,386.929,63,1410,1215,736780784379,0
matmul_large_block00,1790333203.5068514,4877255.195587458,386.929,63,1410,1215,736780784379,0
matmul_large_block00,1790333203.5568552,4877255.245591393,386.337,63,1410,1215,736780823475,0
matmul_large_block00,1790333203.6068554,4877255.295591438,386.337,63,1410,1215,736780823475,0
matmul_large_block00,1790333203.6568527,4877255.345588684,386.337,63,1410,1215,736780862570,0
matmul_large_block00,1790333203.706853,4877255.395588819,386.337,63,1410,1215,736780862570,0
matmul_large_block00,1790333203.7568521,4877255.445588334,386.337,63,1410,1215,736780901682,0
matmul_large_block00,1790333203.8068547,4877255.4955908,386.337,63,1410,1215,736780901682,0
matmul_large_block00,1790333203.856856,4877255.545592255,386.337,63,1410,1215,736780940706,0
matmul_large_block00,1790333203.9068527,4877255.59558861,386.337,63,1410,1215,736780940706,0
matmul_large_block00,1790333203.956854,4877255.645590106,386.337,63,1410,1215,736780979836,0
matmul_large_block00,1790333204.006852,4877255.695587971,386.337,63,1410,1215,736780979836,0
matmul_large_block00,1790333204.0568542,4877255.745590216,386.606,63,1410,1215,736781018849,0
matmul_large_block00,1790333204.1068535,4877255.795589472,386.606,63,1410,1215,736781018849,0
matmul_large_block00,1790333204.1568537,4877255.845589817,386.337,63,1410,1215,736781057908,0
matmul_large_block00,1790333204.206857,4877255.895592962,386.337,63,1410,1215,736781057908,0
matmul_large_block00,1790333204.256854,4877255.945590048,386.929,63,1410,1215,736781096917,0
matmul_large_block00,1790333204.3068552,4877255.995591263,386.929,63,1410,1215,736781096917,0
matmul_large_block00,1790333204.3568563,4877256.045592458,386.929,63,1410,1215,736781136012,0
matmul_large_block00,1790333204.4068565,4877256.095592464,386.929,63,1410,1215,736781136012,0
matmul_large_block00,1790333204.4568522,4877256.145588289,386.929,63,1410,1215,736781175118,0
matmul_large_block00,1790333204.506853,4877256.195589314,386.929,63,1410,1215,736781175118,0
matmul_large_block00,1790333204.5568528,4877256.24558887,388.39,63,1410,1215,736781214228,0
matmul_large_block00,1790333204.6068552,4877256.295591175,388.39,63,1410,1215,736781214228,0
matmul_large_block00,1790333204.6568525,4877256.34558862,388.667,63,1410,1215,736781253501,0
matmul_large_block00,1790333204.706856,4877256.395592026,388.667,63,1410,1215,736781253501,0
matmul_large_block00,1790333204.7568567,4877256.445592531,388.667,63,1410,1215,736781292607,0
matmul_large_block00,1790333204.8068492,4877256.495585356,388.667,63,1410,1215,736781292607,0
matmul_large_block00,1790333204.85685,4877256.545586042,388.667,63,1410,1215,736781331699,0
matmul_large_block00,1790333204.9068556,4877256.595591627,388.667,63,1410,1215,736781331699,0
matmul_large_block00,1790333204.9568548,4877256.645590862,388.667,63,1410,1215,736781370833,0
matmul_large_block00,1790333205.0068252,4877256.695561378,388.667,63,1410,1215,736781370833,0
matmul_large_block00,1790333205.0568545,4877256.745590473,388.667,63,1410,1215,736781410011,0
matmul_large_block00,1790333205.106854,4877256.795590048,388.667,63,1410,1215,736781410011,0
matmul_large_block00,1790333205.1568549,4877256.845590844,388.39,63,1410,1215,736781449137,0
matmul_large_block00,1790333205.2068548,4877256.895590839,388.39,63,1410,1215,736781449137,0
matmul_large_block00,1790333205.2568545,4877256.945590684,388.667,63,1410,1215,736781488232,0
matmul_large_block00,1790333205.3068514,4877256.99558748,388.667,63,1410,1215,736781488232,0
matmul_large_block00,1790333205.3568513,4877257.045587595,388.39,63,1410,1215,736781527452,0
matmul_large_block00,1790333205.4068518,4877257.09558782,388.39,63,1410,1215,736781527452,0
matmul_large_block00,1790333205.4568546,4877257.145590586,388.39,63,1410,1215,736781566554,0
matmul_large_block00,1790333205.5068552,4877257.195591191,388.39,63,1410,1215,736781566554,0
matmul_large_block00,1790333205.5568523,4877257.245588366,388.667,63,1410,1215,736781605765,0
matmul_large_block00,1790333205.6068518,4877257.295587862,388.667,63,1410,1215,736781605765,0
matmul_large_block00,1790333205.6568525,4877257.345588477,388.667,63,1410,1215,736781644987,0
matmul_large_block00,1790333205.7068515,4877257.395587672,388.667,63,1410,1215,736781644987,0
matmul_large_block00,1790333205.756852,4877257.445588028,388.667,63,1410,1215,736781684183,0
matmul_large_block00,1790333205.8068514,4877257.495587423,388.667,63,1410,1215,736781684183,0
matmul_large_block00,1790333205.8568552,4877257.545591228,388.667,63,1410,1215,736781723344,0
matmul_large_block00,1790333205.9068532,4877257.595589164,388.667,63,1410,1215,736781723344,0
matmul_large_block00,1790333205.9568517,4877257.645587889,388.667,63,1410,1215,736781762512,0
matmul_large_block00,1790333206.0068524,4877257.695588324,388.667,63,1410,1215,736781762512,0
matmul_large_block00,1790333206.0568519,4877257.74558792,388.667,64,1410,1215,736781801589,0
matmul_large_block00,1790333206.1068525,4877257.795588575,388.667,64,1410,1215,736781801589,0
matmul_large_block00,1790333206.1568568,4877257.8455928,388.39,64,1410,1215,736781840749,0
matmul_large_block00,1790333206.2068515,4877257.895587536,388.39,64,1410,1215,736781840749,0
matmul_large_block00,1790333206.2568557,4877257.945591951,388.667,64,1410,1215,736781879836,0
matmul_large_block00,1790333206.3068519,4877257.995587906,388.667,64,1410,1215,736781879836,0
matmul_large_block00,1790333206.3568568,4877258.045592981,388.39,64,1410,1215,736781918985,0
matmul_large_block00,1790333206.4068558,4877258.095592137,388.39,64,1410,1215,736781918985,0
matmul_large_block00,1790333206.45686,4877258.145596332,388.667,64,1410,1215,736781958145,0
matmul_large_block00,1790333206.5068548,4877258.195590758,388.667,64,1410,1215,736781958145,0
matmul_large_block00,1790333206.5568533,4877258.245589363,388.667,64,1410,1215,736781997396,0
matmul_large_block00,1790333206.6068523,4877258.295588468,388.667,64,1410,1215,736781997396,0
matmul_large_block00,1790333206.656851,4877258.345587054,388.936,64,1410,1215,736782036546,0
matmul_large_block00,1790333206.7068517,4877258.395587819,388.936,64,1410,1215,736782036546,0
matmul_large_block00,1790333206.756855,4877258.445591004,389.259,64,1410,1215,736782075743,0
matmul_large_block00,1790333206.8068552,4877258.495591159,389.259,64,1410,1215,736782075743,0
matmul_large_block00,1790333206.8568513,4877258.545587505,388.667,64,1410,1215,736782075743,0
matmul_large_block00,1790333206.9068577,4877258.59559391,388.667,64,1410,1215,736782115397,0
matmul_large_block00,1790333206.9568548,4877258.645590796,389.259,64,1410,1215,736782115397,0
matmul_large_block00,1790333207.0068552,4877258.695591251,389.259,64,1410,1215,736782154254,0
matmul_large_block00,1790333207.056855,4877258.745590996,388.936,64,1410,1215,736782154254,0
matmul_large_block00,1790333207.1068552,4877258.795591312,388.936,64,1410,1215,736782193123,0
matmul_large_block00,1790333207.156855,4877258.845591157,388.667,64,1410,1215,736782193123,0
matmul_large_block00,1790333207.2068548,4877258.895591012,388.667,64,1410,1215,736782232344,0
matmul_large_block00,1790333207.2568555,4877258.945591527,388.667,64,1410,1215,736782232344,0
matmul_large_block00,1790333207.3068595,4877258.995595543,388.667,64,1410,1215,736782271505,0
matmul_large_block00,1790333207.356851,4877259.045587158,388.936,64,1410,1215,736782271505,0
matmul_large_block00,1790333207.4068532,4877259.095589184,388.936,64,1410,1215,736782310794,0
matmul_large_block00,1790333207.4568555,4877259.145591589,388.667,64,1410,1215,736782310794,0
matmul_large_block00,1790333207.5068533,4877259.195589504,388.667,64,1410,1215,736782349914,0
matmul_large_block00,1790333207.556856,4877259.24559184,388.936,64,1410,1215,736782349914,0
matmul_large_block00,1790333207.6068525,4877259.295588555,388.936,64,1410,1215,736782389106,0
matmul_large_block00,1790333207.6568663,4877259.3456024,388.936,64,1410,1215,736782389106,0
matmul_large_block00,1790333207.7068524,4877259.395588426,388.936,64,1410,1215,736782428239,0
matmul_large_block00,1790333207.7568557,4877259.445591831,388.936,64,1410,1215,736782428239,0
matmul_large_block00,1790333207.8068554,4877259.495591446,388.936,64,1410,1215,736782467469,0
matmul_large_block00,1790333207.856852,4877259.545588041,389.259,64,1410,1215,736782467469,0
matmul_large_block00,1790333207.9068522,4877259.595588507,389.259,64,1410,1215,736782506620,0
matmul_large_block00,1790333207.956856,4877259.645592142,390.397,64,1410,1215,736782506620,0
matmul_large_block00,1790333208.006852,4877259.695587958,390.397,64,1410,1215,736782545840,0
matmul_large_block00,1790333208.0568545,4877259.745590483,390.128,64,1410,1215,736782545840,0
matmul_large_block00,1790333208.1068556,4877259.795591868,390.128,64,1410,1215,736782585057,0
matmul_large_block00,1790333208.1568556,4877259.845591624,390.128,64,1410,1215,736782585057,0
matmul_large_block00,1790333208.2068555,4877259.895591549,390.128,64,1410,1215,736782624283,0
matmul_large_block00,1790333208.2568562,4877259.945592324,390.128,64,1410,1215,736782624283,0
matmul_large_block00,1790333208.3068547,4877259.995590659,390.128,64,1410,1215,736782663468,0
matmul_large_block00,1790333208.3568556,4877260.045591565,390.128,64,1410,1215,736782663468,0
matmul_large_block00,1790333208.406852,4877260.09558805,390.128,64,1410,1215,736782702696,0
matmul_large_block00,1790333208.4568553,4877260.145591305,390.128,64,1410,1215,736782702696,0
matmul_large_block00,1790333208.5068526,4877260.195588601,390.128,64,1410,1215,736782741949,0
matmul_large_block00,1790333208.5568519,4877260.245588156,390.128,64,1410,1215,736782741949,0
matmul_large_block00,1790333208.6068525,4877260.295588772,390.128,64,1410,1215,736782781270,0
matmul_large_block00,1790333208.6568556,4877260.345591667,390.128,64,1410,1215,736782781270,0
matmul_large_block00,1790333208.7068527,4877260.395588792,390.128,64,1410,1215,736782820528,0
matmul_large_block00,1790333208.7568552,4877260.445591347,390.128,64,1410,1215,736782820528,0
matmul_large_block00,1790333208.8068526,4877260.495588783,390.128,64,1410,1215,736782859788,0
matmul_large_block00,1790333208.8568523,4877260.545588368,389.797,64,1410,1215,736782859788,0
matmul_large_block00,1790333208.9068558,4877260.595591993,389.797,64,1410,1215,736782899006,0
matmul_large_block00,1790333208.956851,4877260.645586929,389.797,64,1410,1215,736782899006,0
matmul_large_block00,1790333209.0068543,4877260.695590374,389.797,64,1410,1215,736782938174,0
matmul_large_block00,1790333209.0568552,4877260.745591469,389.528,64,1410,1215,736782938174,0
matmul_large_block00,1790333209.106855,4877260.795591055,389.528,64,1410,1215,736782977407,0
matmul_large_block00,1790333209.1568522,4877260.84558842,389.528,64,1410,1215,736782977407,0
matmul_large_block00,1790333209.2068524,4877260.895588515,389.528,64,1410,1215,736783016740,0
matmul_large_block00,1790333209.2568517,4877260.945587901,389.797,64,1410,1215,736783016740,0
matmul_large_block00,1790333209.3068545,4877260.995590486,389.797,64,1410,1215,736783055986,0
matmul_large_block00,1790333209.356853,4877261.045589161,389.391,64,1410,1215,736783055986,0
matmul_large_block00,1790333209.4068542,4877261.095590327,389.391,64,1410,1215,736783095284,0
matmul_large_block00,1790333209.4568548,4877261.145590892,389.528,64,1410,1215,736783095284,0
matmul_large_block00,1790333209.5068536,4877261.195589747,389.528,64,1410,1215,736783134567,0
matmul_large_block00,1790333209.5568562,4877261.245592023,389.528,64,1410,1215,736783134567,0
matmul_large_block00,1790333209.6068547,4877261.295590678,389.528,64,1410,1215,736783173837,0
matmul_large_block00,1790333209.6568549,4877261.345590883,389.259,64,1410,1215,736783173837,0
matmul_large_block00,1790333209.7068555,4877261.395591459,389.259,64,1410,1215,736783213151,0
matmul_large_block00,1790333209.756852,4877261.445588094,389.259,64,1410,1215,736783213151,0
matmul_large_block00,1790333209.806855,4877261.495590989,389.259,64,1410,1215,736783252438,0
matmul_large_block00,1790333209.8568556,4877261.545591565,389.259,64,1410,1215,736783252438,0
matmul_large_block00,1790333209.906855,4877261.59559128,389.259,64,1410,1215,736783291702,0
matmul_large_block00,1790333209.9568553,4877261.645591335,389.259,64,1410,1215,736783291702,0
matmul_large_block00,1790333210.0068552,4877261.695591171,389.259,64,1410,1215,736783331089,0
matmul_large_block00,1790333210.056855,4877261.745591026,389.259,64,1410,1215,736783331089,0
matmul_large_block00,1790333210.1068559,4877261.795591911,389.259,64,1410,1215,736783370420,0
matmul_large_block00,1790333210.1568556,4877261.845591627,389.259,64,1410,1215,736783370420,0
matmul_large_block00,1790333210.2068517,4877261.895587892,389.259,64,1410,1215,736783409780,0
matmul_large_block00,1790333210.256855,4877261.945591187,389.259,64,1410,1215,736783409780,0
matmul_large_block00,1790333210.3068535,4877261.995589763,389.259,64,1410,1215,736783449057,0
matmul_large_block00,1790333210.3568554,4877262.045591378,388.936,64,1410,1215,736783449057,0
matmul_large_block00,1790333210.406855,4877262.095591183,388.936,64,1410,1215,736783488438,0
matmul_large_block00,1790333210.4568548,4877262.145590959,388.936,64,1410,1215,736783488438,0
matmul_large_block00,1790333210.5068526,4877262.195588714,388.936,64,1410,1215,736783527712,0
matmul_large_block00,1790333210.55685,4877262.245586109,388.667,64,1410,1215,736783527712,0
matmul_large_block00,1790333210.606853,4877262.295589265,388.667,64,1410,1215,736783567025,0
matmul_large_block00,1790333210.6568549,4877262.34559093,388.936,64,1410,1215,736783567025,0
matmul_large_block00,1790333210.706855,4877262.395591315,388.936,64,1410,1215,736783606372,0
matmul_large_block00,1790333210.7568557,4877262.445591781,388.936,64,1410,1215,736783606372,0
matmul_large_block00,1790333210.8068542,4877262.495590166,388.936,64,1410,1215,736783645741,0
matmul_large_block00,1790333210.8568513,4877262.545587461,388.667,64,1410,1215,736783645741,0
matmul_large_block00,1790333210.9068668,4877262.595602856,388.667,64,1410,1215,736783684968,0
matmul_large_block00,1790333210.9568548,4877262.645590792,389.259,64,1410,1215,736783684968,0
matmul_large_block00,1790333211.0068529,4877262.695588877,389.259,64,1410,1215,736783724298,0
matmul_large_block00,1790333211.0568526,4877262.745588663,388.667,64,1410,1215,736783724298,0
matmul_large_block00,1790333211.106855,4877262.795590978,388.667,64,1410,1215,736783763512,0
matmul_large_block00,1790333211.1568532,4877262.845589263,388.39,64,1410,1215,736783763512,0
matmul_large_block00,1790333211.2068532,4877262.895589209,388.39,64,1410,1215,736783802794,0
matmul_large_block00,1790333211.2568552,4877262.945591274,388.067,64,1410,1215,736783802794,0
matmul_large_block00,1790333211.3068569,4877262.995592889,388.067,64,1410,1215,736783842244,0
matmul_large_block00,1790333211.3568556,4877263.045591545,388.667,64,1410,1215,736783842244,0
matmul_large_block00,1790333211.4068527,4877263.09558868,388.667,64,1410,1215,736783881532,0
matmul_large_block00,1790333211.4568532,4877263.145589265,388.39,64,1410,1215,736783881532,0
matmul_large_block00,1790333211.5068524,4877263.195588491,388.39,64,1410,1215,736783920755,0
matmul_large_block00,1790333211.556855,4877263.245590976,388.667,64,1410,1215,736783920755,0
matmul_large_block00,1790333211.6068528,4877263.295588971,388.667,64,1410,1215,736783960119,0
matmul_large_block00,1790333211.6568558,4877263.345591767,388.667,64,1410,1215,736783960119,0
matmul_large_block00,1790333211.7068555,4877263.395591432,388.667,64,1410,1215,736783999465,0
matmul_large_block00,1790333211.7568552,4877263.445591357,388.39,64,1410,1215,736783999465,0
matmul_large_block00,1790333211.8068528,4877263.495588843,388.39,64,1410,1215,736784038796,0
matmul_large_block00,1790333211.8568544,4877263.545590598,388.39,64,1410,1215,736784038796,0
matmul_large_block00,1790333211.906853,4877263.595589003,388.39,64,1410,1215,736784078143,0
matmul_large_block00,1790333211.9568539,4877263.645589839,388.667,64,1410,1215,736784078143,0
matmul_large_block00,1790333212.0068557,4877263.695591704,388.667,64,1410,1215,736784117521,0
matmul_large_block00,1790333212.0568528,4877263.745588689,388.39,64,1410,1215,736784117521,0
matmul_large_block00,1790333212.1068537,4877263.795589635,388.39,64,1410,1215,736784156834,0
matmul_large_block01,1790333212.119956,4877263.808691974,388.667,64,1410,1215,736784156834,0
matmul_large_block01,1790333212.1700673,4877263.858803528,388.667,64,1410,1215,736784156834,0
matmul_large_block01,1790333212.2200742,4877263.908810373,389.797,64,1410,1215,736784194030,0
matmul_large_block01,1790333212.270067,4877263.958802879,389.797,64,1410,1215,736784194030,0
matmul_large_block01,1790333212.3200734,4877264.008809614,390.397,64,1410,1215,736784233255,0
matmul_large_block01,1790333212.3700745,4877264.058810659,390.397,64,1410,1215,736784233255,0
matmul_large_block01,1790333212.4200778,4877264.108813805,390.72,64,1410,1215,736784272625,0
matmul_large_block01,1790333212.4700775,4877264.15881359,390.72,64,1410,1215,736784272625,0
matmul_large_block01,1790333212.520075,4877264.208811015,390.397,64,1410,1215,736784311891,0
matmul_large_block01,1790333212.5700772,4877264.258813311,390.397,64,1410,1215,736784311891,0
matmul_large_block01,1790333212.6200724,4877264.308808606,390.397,64,1410,1215,736784351222,0
matmul_large_block01,1790333212.6700745,4877264.358810381,390.397,64,1410,1215,736784351222,0
matmul_large_block01,1790333212.7200718,4877264.408807727,390.397,64,1410,1215,736784390577,0
matmul_large_block01,1790333212.7700768,4877264.458812712,390.397,64,1410,1215,736784390577,0
matmul_large_block01,1790333212.8200715,4877264.508807427,390.72,64,1410,1215,736784429921,0
matmul_large_block01,1790333212.8700757,4877264.558811583,390.72,64,1410,1215,736784429921,0
matmul_large_block01,1790333212.9200726,4877264.608808418,390.397,64,1410,1215,736784469225,0
matmul_large_block01,1790333212.9700744,4877264.658810383,390.397,64,1410,1215,736784469225,0
matmul_large_block01,1790333213.020072,4877264.708807909,390.989,64,1410,1215,736784508635,0
matmul_large_block01,1790333213.0700731,4877264.758809244,390.989,64,1410,1215,736784508635,0
matmul_large_block01,1790333213.1200714,4877264.808807419,390.397,64,1410,1215,736784547973,0
matmul_large_block01,1790333213.170076,4877264.858811965,390.397,64,1410,1215,736784547973,0
matmul_large_block01,1790333213.220071,4877264.90880719,390.397,65,1410,1215,736784587386,0
matmul_large_block01,1790333213.2700746,4877264.958810645,390.397,65,1410,1215,736784587386,0
matmul_large_block01,1790333213.320077,4877265.008813051,390.397,65,1410,1215,736784626757,0
matmul_large_block01,1790333213.3700738,4877265.058809896,390.397,65,1410,1215,736784626757,0
matmul_large_block01,1790333213.4200408,4877265.108776872,390.397,65,1410,1215,736784667547,0
matmul_large_block01,1790333213.470034,4877265.158769777,391.181,65,1410,1215,736784667547,0
matmul_large_block01,1790333213.520029,4877265.208765132,391.181,65,1410,1215,736784706230,0
matmul_large_block01,1790333213.570033,4877265.258768838,391.258,65,1410,1215,736784706230,0
matmul_large_block01,1790333213.6200297,4877265.308765723,391.258,65,1410,1215,736784745710,0
matmul_large_block01,1790333213.670032,4877265.358767908,390.989,65,1410,1215,736784745710,0
matmul_large_block01,1790333213.7200675,4877265.408803713,390.989,65,1410,1215,736784785129,0
matmul_large_block01,1790333213.7700746,4877265.458810659,390.989,65,1410,1215,736784785129,0
matmul_large_block01,1790333213.820071,4877265.508806964,390.989,65,1410,1215,736784824543,0
matmul_large_block01,1790333213.8700764,4877265.558812439,390.989,65,1410,1215,736784824543,0
matmul_large_block01,1790333213.920072,4877265.608808145,390.989,65,1410,1215,736784863896,0
matmul_large_block01,1790333213.9700747,4877265.65881075,390.989,65,1410,1215,736784863896,0
matmul_large_block01,1790333214.0200725,4877265.708808515,390.989,65,1410,1215,736784863896,0
matmul_large_block01,1790333214.0700727,4877265.758808561,391.258,65,1410,1215,736784903669,0
matmul_large_block01,1790333214.1200783,4877265.808814326,391.258,65,1410,1215,736784903669,0
matmul_large_block01,1790333214.1700768,4877265.858813091,390.989,65,1410,1215,736784942714,0
matmul_large_block01,1790333214.2200735,4877265.908809407,390.989,65,1410,1215,736784942714,0
matmul_large_block01,1790333214.2700765,4877265.958812412,390.989,65,1410,1215,736784982099,0
matmul_large_block01,1790333214.320074,4877266.008810047,390.989,65,1410,1215,736784982099,0
matmul_large_block01,1790333214.3700736,4877266.058809743,390.989,65,1410,1215,736785021537,0
matmul_large_block01,1790333214.4200711,4877266.108807248,390.989,65,1410,1215,736785021537,0
matmul_large_block01,1790333214.470077,4877266.158812943,390.989,65,1410,1215,736785060978,0
matmul_large_block01,1790333214.5200706,4877266.208806759,390.989,65,1410,1215,736785060978,0
matmul_large_block01,1790333214.5700746,4877266.258810574,390.72,65,1410,1215,736785100331,0
matmul_large_block01,1790333214.6200707,4877266.308806929,390.72,65,1410,1215,736785100331,0
matmul_large_block01,1790333214.6700742,4877266.358810045,390.72,65,1410,1215,736785139736,0
matmul_large_block01,1790333214.720071,4877266.40880724,390.72,65,1410,1215,736785139736,0
matmul_large_block01,1790333214.7700768,4877266.458812685,390.72,65,1410,1215,736785179209,0
matmul_large_block01,1790333214.8200712,4877266.508807171,390.72,65,1410,1215,736785179209,0
matmul_large_block01,1790333214.8700738,4877266.558810026,390.72,65,1410,1215,736785218685,0
matmul_large_block01,1790333214.9200711,4877266.608807191,390.72,65,1410,1215,736785218685,0
matmul_large_block01,1790333214.9700758,4877266.658812026,390.72,65,1410,1215,736785258098,0
matmul_large_block01,1790333215.0200713,4877266.708807332,390.72,65,1410,1215,736785258098,0
matmul_large_block01,1790333215.0700736,4877266.758809717,390.72,65,1410,1215,736785297492,0
matmul_large_block01,1790333215.1200705,4877266.808806493,390.72,65,1410,1215,736785297492,0
matmul_large_block01,1790333215.1700737,4877266.858809938,390.397,65,1410,1215,736785336893,0
matmul_large_block01,1790333215.220071,4877266.908807173,390.397,65,1410,1215,736785336893,0
matmul_large_block01,1790333215.2700737,4877266.958809699,390.397,65,1410,1215,736785376321,0
matmul_large_block01,1790333215.3200717,4877267.008807644,390.397,65,1410,1215,736785376321,0
matmul_large_block01,1790333215.3700736,4877267.058809759,390.397,65,1410,1215,736785415718,0
matmul_large_block01,1790333215.4200761,4877267.108812034,390.397,65,1410,1215,736785415718,0
matmul_large_block01,1790333215.4700735,4877267.15880943,390.397,65,1410,1215,736785455179,0
matmul_large_block01,1790333215.520073,4877267.208808945,390.397,65,1410,1215,736785455179,0
matmul_large_block01,1790333215.5700717,4877267.258807921,390.397,65,1410,1215,736785494521,0
matmul_large_block01,1790333215.6200707,4877267.308806806,390.397,65,1410,1215,736785494521,0
matmul_large_block01,1790333215.6700735,4877267.358809751,390.397,65,1410,1215,736785533946,0
matmul_large_block01,1790333215.7200718,4877267.408807607,390.397,65,1410,1215,736785533946,0
matmul_large_block01,1790333215.7700765,4877267.458812522,390.128,65,1410,1215,736785573397,0
matmul_large_block01,1790333215.8200717,4877267.508807647,390.128,65,1410,1215,736785573397,0
matmul_large_block01,1790333215.8700728,4877267.558808892,390.128,65,1410,1215,736785612906,0
matmul_large_block01,1790333215.9200706,4877267.608806658,390.128,65,1410,1215,736785612906,0
matmul_large_block01,1790333215.9700756,4877267.658811753,390.128,65,1410,1215,736785652277,0
matmul_large_block01,1790333216.0200703,4877267.708806449,390.128,65,1410,1215,736785652277,0
matmul_large_block01,1790333216.0700762,4877267.758812084,389.797,65,1410,1215,736785691707,0
matmul_large_block01,1790333216.1200714,4877267.808807509,389.797,65,1410,1215,736785691707,0
matmul_large_block01,1790333216.1700716,4877267.858807495,389.797,65,1410,1215,736785731154,0
matmul_large_block01,1790333216.2200706,4877267.90880668,389.797,65,1410,1215,736785731154,0
matmul_large_block01,1790333216.2700768,4877267.958812775,390.128,65,1410,1215,736785770597,0
matmul_large_block01,1790333216.3200712,4877268.00880713,390.128,65,1410,1215,736785770597,0
matmul_large_block01,1790333216.3700736,4877268.058809666,389.797,65,1410,1215,736785810026,0
matmul_large_block01,1790333216.4200702,4877268.108806191,389.797,65,1410,1215,736785810026,0
matmul_large_block01,1790333216.4700737,4877268.158809736,389.797,65,1410,1215,736785849505,0
matmul_large_block01,1790333216.5200706,4877268.208806602,389.797,65,1410,1215,736785849505,0
matmul_large_block01,1790333216.5700767,4877268.258812837,389.797,65,1410,1215,736785888914,0
matmul_large_block01,1790333216.620071,4877268.308807043,389.797,65,1410,1215,736785888914,0
matmul_large_block01,1790333216.6700735,4877268.358809668,390.397,65,1410,1215,736785928367,0
matmul_large_block01,1790333216.7200708,4877268.408807043,390.397,65,1410,1215,736785928367,0
matmul_large_block01,1790333216.7700732,4877268.458809078,390.128,65,1410,1215,736785967846,0
matmul_large_block01,1790333216.820071,4877268.508806894,390.128,65,1410,1215,736785967846,0
matmul_large_block01,1790333216.8700736,4877268.558809529,390.397,65,1410,1215,736786007282,0
matmul_large_block01,1790333216.9200737,4877268.608809674,390.397,65,1410,1215,736786007282,0
matmul_large_block01,1790333216.9700737,4877268.65880962,390.397,65,1410,1215,736786046680,0
matmul_large_block01,1790333217.0200703,4877268.708806585,390.397,65,1410,1215,736786046680,0
matmul_large_block01,1790333217.0700731,4877268.75880921,391.857,65,1410,1215,736786086117,0
matmul_large_block01,1790333217.1200705,4877268.808806536,391.857,65,1410,1215,736786086117,0
matmul_large_block01,1790333217.1700757,4877268.858811671,391.588,65,1410,1215,736786125585,0
matmul_large_block01,1790333217.2200706,4877268.908806786,391.588,65,1410,1215,736786125585,0
matmul_large_block01,1790333217.2700758,4877268.958812022,391.588,65,1410,1215,736786165043,0
matmul_large_block01,1790333217.3200698,4877269.008805947,391.588,65,1410,1215,736786165043,0
matmul_large_block01,1790333217.3700733,4877269.058809452,391.588,65,1410,1215,736786204476,0
matmul_large_block01,1790333217.4200704,4877269.108806568,391.588,65,1410,1215,736786204476,0
matmul_large_block01,1790333217.4700735,4877269.158809413,391.258,65,1410,1215,736786243894,0
matmul_large_block01,1790333217.5200703,4877269.208806448,391.258,65,1410,1215,736786243894,0
matmul_large_block01,1790333217.5700762,4877269.258812104,391.258,65,1410,1215,736786283298,0
matmul_large_block01,1790333217.6200705,4877269.308806549,391.258,65,1410,1215,736786283298,0
matmul_large_block01,1790333217.6700737,4877269.358809804,391.588,65,1410,1215,736786322725,0
matmul_large_block01,1790333217.7200704,4877269.40880642,391.588,65,1410,1215,736786322725,0
matmul_large_block01,1790333217.7700756,4877269.458811585,391.588,65,1410,1215,736786362155,0
matmul_large_block01,1790333217.8200705,4877269.50880657,391.588,65,1410,1215,736786362155,0
matmul_large_block01,1790333217.8700764,4877269.558812356,391.857,65,1410,1215,736786401636,0
matmul_large_block01,1790333217.9200704,4877269.608806521,391.857,65,1410,1215,736786401636,0
matmul_large_block01,1790333217.970076,4877269.658812226,391.258,65,1410,1215,736786441043,0
matmul_large_block01,1790333218.0200703,4877269.708806542,391.258,65,1410,1215,736786441043,0
matmul_large_block01,1790333218.0700734,4877269.758809397,391.258,65,1410,1215,736786480500,0
matmul_large_block01,1790333218.1200712,4877269.808807092,391.258,65,1410,1215,736786480500,0
matmul_large_block01,1790333218.1700723,4877269.858808498,390.989,65,1410,1215,736786519952,0
matmul_large_block01,1790333218.2200704,4877269.908806553,390.989,65,1410,1215,736786519952,0
matmul_large_block01,1790333218.2700756,4877269.958811708,391.258,65,1410,1215,736786559426,0
matmul_large_block01,1790333218.3200712,4877270.008807234,391.258,65,1410,1215,736786559426,0
matmul_large_block01,1790333218.3700736,4877270.058809759,391.258,65,1410,1215,736786598895,0
matmul_large_block01,1790333218.4200704,4877270.108806334,391.258,65,1410,1215,736786598895,0
matmul_large_block01,1790333218.4700737,4877270.15880957,391.258,65,1410,1215,736786638381,0
matmul_large_block01,1790333218.5200696,4877270.208805715,391.258,65,1410,1215,736786638381,0
matmul_large_block01,1790333218.570076,4877270.25881204,390.989,65,1410,1215,736786677865,0
matmul_large_block01,1790333218.6200705,4877270.308806356,390.989,65,1410,1215,736786677865,0
matmul_large_block01,1790333218.6700745,4877270.358810381,390.989,65,1410,1215,736786717346,0
matmul_large_block01,1790333218.720071,4877270.408807106,390.989,65,1410,1215,736786717346,0
matmul_large_block01,1790333218.770074,4877270.458809842,390.989,65,1410,1215,736786756849,0
matmul_large_block01,1790333218.820074,4877270.508810007,390.989,65,1410,1215,736786756849,0
matmul_large_block01,1790333218.8700776,4877270.558813712,391.258,65,1410,1215,736786796289,0
matmul_large_block01,1790333218.9200735,4877270.608809518,391.258,65,1410,1215,736786796289,0
matmul_large_block01,1790333218.970073,4877270.658809003,390.989,65,1410,1215,736786835695,0
matmul_large_block01,1790333219.0200698,4877270.708805898,390.989,65,1410,1215,736786835695,0
matmul_large_block01,1790333219.0700746,4877270.758810674,390.72,65,1410,1215,736786875132,0
matmul_large_block01,1790333219.1200705,4877270.808806349,390.72,65,1410,1215,736786875132,0
matmul_large_block01,1790333219.170076,4877270.858811924,390.989,65,1410,1215,736786914545,0
matmul_large_block01,1790333219.2200701,4877270.90880612,390.989,65,1410,1215,736786914545,0
matmul_large_block01,1790333219.2700734,4877270.958809485,390.989,65,1410,1215,736786954048,0
matmul_large_block01,1790333219.32007,4877271.00880606,390.989,65,1410,1215,736786954048,0
matmul_large_block01,1790333219.370076,4877271.058811996,390.989,65,1410,1215,736786993538,0
matmul_large_block01,1790333219.4200706,4877271.108806641,390.989,65,1410,1215,736786993538,0
matmul_large_block01,1790333219.4700756,4877271.158811636,390.989,65,1410,1215,736787033018,0
matmul_large_block01,1790333219.5200698,4877271.208806012,390.989,65,1410,1215,736787033018,0
matmul_large_block01,1790333219.570076,4877271.258812027,390.989,65,1410,1215,736787072505,0
matmul_large_block01,1790333219.6200702,4877271.308806142,390.989,65,1410,1215,736787072505,0
matmul_large_block01,1790333219.6700737,4877271.358809868,391.258,65,1410,1215,736787111943,0
matmul_large_block01,1790333219.72004,4877271.408776153,391.258,65,1410,1215,736787111943,0
matmul_large_block01,1790333219.7700584,4877271.458794569,391.258,65,1410,1215,736787151454,0
matmul_large_block01,1790333219.8200307,4877271.508766544,391.258,65,1410,1215,736787151454,0
matmul_large_block01,1790333219.8700361,4877271.558771889,391.181,65,1410,1215,736787151454,0
matmul_large_block01,1790333219.9200277,4877271.608763585,391.181,65,1410,1215,736787191330,0
matmul_large_block01,1790333219.9700348,4877271.65877061,391.258,65,1410,1215,736787191330,0
matmul_large_block01,1790333220.0200284,4877271.708764316,391.258,65,1410,1215,736787230511,0
matmul_large_block01,1790333220.0700357,4877271.758771341,391.588,65,1410,1215,736787230511,0
matmul_large_block01,1790333220.120025,4877271.808760606,391.588,65,1410,1215,736787269857,0
matmul_large_block01,1790333220.1700342,4877271.858769821,392.449,65,1410,1215,736787269857,0
matmul_large_block01,1790333220.220027,4877271.908762597,392.449,65,1410,1215,736787309314,0
matmul_large_block01,1790333220.2700357,4877271.958771312,393.049,65,1410,1215,736787309314,0
matmul_large_block01,1790333220.320024,4877272.008759878,393.049,65,1410,1215,736787348830,0
matmul_large_block01,1790333220.3700337,4877272.058769353,392.726,65,1410,1215,736787348830,0
matmul_large_block01,1790333220.420026,4877272.108762028,392.726,65,1410,1215,736787388317,0
matmul_large_block01,1790333220.4700332,4877272.158768863,393.049,65,1410,1215,736787388317,0
matmul_large_block01,1790333220.5200295,4877272.208765469,393.049,65,1410,1215,736787427795,0
matmul_large_block01,1790333220.5700436,4877272.258779494,393.049,65,1410,1215,736787427795,0
matmul_large_block01,1790333220.6200356,4877272.308771189,393.049,65,1410,1215,736787467282,0
matmul_large_block01,1790333220.6700354,4877272.358771105,393.318,65,1410,1215,736787467282,0
matmul_large_block01,1790333220.720035,4877272.40877088,393.318,65,1410,1215,736787506828,0
matmul_large_block01,1790333220.7700334,4877272.458769185,393.049,65,1410,1215,736787506828,0
matmul_large_block01,1790333220.8200345,4877272.508770231,393.049,65,1410,1215,736787546348,0
matmul_large_block01,1790333220.870032,4877272.558767686,393.049,65,1410,1215,736787546348,0
matmul_large_block01,1790333220.9200354,4877272.608770911,393.049,65,1410,1215,736787585853,0
matmul_large_block01,1790333220.970033,4877272.658768497,393.049,65,1410,1215,736787585853,0
matmul_large_block01,1790333221.0200336,4877272.708769132,393.049,65,1410,1215,736787625371,0
matmul_large_block01,1790333221.070071,4877272.758807037,392.726,65,1410,1215,736787625371,0
matmul_large_block01,1790333221.1200736,4877272.808809462,392.726,65,1410,1215,736787664951,0
matmul_large_block01,1790333221.170073,4877272.858809077,392.726,65,1410,1215,736787664951,0
matmul_large_block01,1790333221.2200763,4877272.908812403,392.726,65,1410,1215,736787704435,0
matmul_large_block01,1790333221.270073,4877272.958808758,392.449,65,1410,1215,736787704435,0
matmul_large_block01,1790333221.320074,4877273.008810134,392.449,65,1410,1215,736787744007,0
matmul_large_block01,1790333221.370073,4877273.058809209,393.049,65,1410,1215,736787744007,0
matmul_large_block01,1790333221.4200726,4877273.108808594,393.049,65,1410,1215,736787783564,0
matmul_large_block01,1790333221.4700735,4877273.1588093,393.049,65,1410,1215,736787783564,0
matmul_large_block01,1790333221.5200732,4877273.208809225,393.049,65,1410,1215,736787823085,0
matmul_large_block01,1790333221.5700758,4877273.25881181,392.726,65,1410,1215,736787823085,0
matmul_large_block01,1790333221.620074,4877273.308810045,392.726,65,1410,1215,736787862625,0
matmul_large_block01,1790333221.6700754,4877273.358811561,392.726,65,1410,1215,736787862625,0
matmul_large_block01,1790333221.7200758,4877273.408811886,392.726,65,1410,1215,736787902166,0
matmul_large_block01,1790333221.7700737,4877273.458809702,392.726,66,1410,1215,736787902166,0
matmul_large_block01,1790333221.8200738,4877273.508809657,392.726,66,1410,1215,736787941679,0
matmul_large_block01,1790333221.870073,4877273.558809172,392.449,65,1410,1215,736787941679,0
matmul_large_block01,1790333221.920073,4877273.608808978,392.449,65,1410,1215,736787981217,0
matmul_large_block01,1790333221.9700737,4877273.658809583,392.726,66,1410,1215,736787981217,0
matmul_large_block01,1790333222.0200732,4877273.708809238,392.726,66,1410,1215,736788020762,0
matmul_large_block01,1790333222.0700738,4877273.758809973,392.449,65,1410,1215,736788020762,0
matmul_large_block01,1790333222.1200771,4877273.808812999,392.449,65,1410,1215,736788060365,0
matmul_large_block02,1790333222.131976,4877273.820711712,392.449,65,1410,1215,736788060365,0
matmul_large_block02,1790333222.1820877,4877273.870823996,392.449,64,1410,1215,736788060365,0
matmul_large_block02,1790333222.2320843,4877273.920820291,390.397,65,1410,1215,736788097953,0
matmul_large_block02,1790333222.2820873,4877273.970823357,390.397,65,1410,1215,736788097953,0
matmul_large_block02,1790333222.332095,4877274.020830952,392.126,65,1410,1215,736788137475,0
matmul_large_block02,1790333222.382095,4877274.070831087,392.126,65,1410,1215,736788137475,0
matmul_large_block02,1790333222.4320936,4877274.120829623,392.126,65,1410,1215,736788176972,0
matmul_large_block02,1790333222.4820948,4877274.170830848,392.126,65,1410,1215,736788176972,0
matmul_large_block02,1790333222.5320938,4877274.220829683,392.126,66,1410,1215,736788216563,0
matmul_large_block02,1790333222.5820942,4877274.270830159,392.126,66,1410,1215,736788216563,0
matmul_large_block02,1790333222.6320937,4877274.320829874,393.049,66,1410,1215,736788256062,0
matmul_large_block02,1790333222.6820948,4877274.370830859,393.049,66,1410,1215,736788256062,0
matmul_large_block02,1790333222.7320964,4877274.420832505,393.318,66,1410,1215,736788295563,0
matmul_large_block02,1790333222.782095,4877274.47083101,393.318,66,1410,1215,736788295563,0
matmul_large_block02,1790333222.832096,4877274.520831985,393.318,66,1410,1215,736788335127,0
matmul_large_block02,1790333222.882096,4877274.570832291,393.318,66,1410,1215,736788335127,0
matmul_large_block02,1790333222.9320934,4877274.620829566,393.318,66,1410,1215,736788374729,0
matmul_large_block02,1790333222.9820948,4877274.670830931,393.318,66,1410,1215,736788374729,0
matmul_large_block02,1790333223.0320969,4877274.720832877,393.587,66,1410,1215,736788414275,0
matmul_large_block02,1790333223.0820951,4877274.770831142,393.587,66,1410,1215,736788414275,0
matmul_large_block02,1790333223.1320963,4877274.820832257,393.318,66,1410,1215,736788453821,0
matmul_large_block02,1790333223.1820946,4877274.870830733,393.318,66,1410,1215,736788453821,0
matmul_large_block02,1790333223.2320948,4877274.920830738,393.318,66,1410,1215,736788493348,0
matmul_large_block02,1790333223.2820926,4877274.970828693,393.318,66,1410,1215,736788493348,0
matmul_large_block02,1790333223.3320918,4877275.020828059,393.318,66,1410,1215,736788532986,0
matmul_large_block02,1790333223.3820946,4877275.070830654,393.318,66,1410,1215,736788532986,0
matmul_large_block02,1790333223.4320936,4877275.120829699,393.318,66,1410,1215,736788572553,0
matmul_large_block02,1790333223.4820957,4877275.170831635,393.318,66,1410,1215,736788572553,0
matmul_large_block02,1790333223.5320933,4877275.22082934,393.049,66,1410,1215,736788612163,0
matmul_large_block02,1790333223.5820951,4877275.270831065,393.049,66,1410,1215,736788612163,0
matmul_large_block02,1790333223.632097,4877275.320832971,392.726,66,1410,1215,736788651717,0
matmul_large_block02,1790333223.6820967,4877275.370832666,392.726,66,1410,1215,736788651717,0
matmul_large_block02,1790333223.7320952,4877275.420831401,392.726,66,1410,1215,736788691286,0
matmul_large_block02,1790333223.7820973,4877275.470833437,392.726,66,1410,1215,736788691286,0
matmul_large_block02,1790333223.8320942,4877275.520830372,393.049,66,1410,1215,736788730855,0
matmul_large_block02,1790333223.8820975,4877275.570833397,393.049,66,1410,1215,736788730855,0
matmul_large_block02,1790333223.9320972,4877275.620833213,392.726,66,1410,1215,736788770442,0
matmul_large_block02,1790333223.9820957,4877275.670831778,392.726,66,1410,1215,736788770442,0
matmul_large_block02,1790333224.0320945,4877275.720830453,392.726,66,1410,1215,736788810037,0
matmul_large_block02,1790333224.082097,4877275.770833309,392.726,66,1410,1215,736788810037,0
matmul_large_block02,1790333224.1320944,4877275.820830464,392.726,66,1410,1215,736788849640,0
matmul_large_block02,1790333224.1820948,4877275.870830959,392.726,66,1410,1215,736788849640,0
matmul_large_block02,1790333224.232094,4877275.920830055,392.726,66,1410,1215,736788889215,0
matmul_large_block02,1790333224.2820954,4877275.97083139,392.726,66,1410,1215,736788889215,0
matmul_large_block02,1790333224.3320968,4877276.020832825,392.726,66,1410,1215,736788928775,0
matmul_large_block02,1790333224.3820946,4877276.070830661,392.726,66,1410,1215,736788928775,0
matmul_large_block02,1790333224.432097,4877276.120833056,392.449,66,1410,1215,736788968320,0
matmul_large_block02,1790333224.4820948,4877276.170830961,392.449,66,1410,1215,736788968320,0
matmul_large_block02,1790333224.5320945,4877276.220830587,392.449,66,1410,1215,736789007917,0
matmul_large_block02,1790333224.5820942,4877276.270830072,392.449,66,1410,1215,736789007917,0
matmul_large_block02,1790333224.6320958,4877276.320831947,392.726,66,1410,1215,736789047464,0
matmul_large_block02,1790333224.6820977,4877276.370833712,392.726,66,1410,1215,736789047464,0
matmul_large_block02,1790333224.732094,4877276.420829928,392.449,66,1410,1215,736789087076,0
matmul_large_block02,1790333224.7820954,4877276.470831293,392.449,66,1410,1215,736789087076,0
matmul_large_block02,1790333224.8320963,4877276.520832269,392.126,66,1410,1215,736789126695,0
matmul_large_block02,1790333224.8820946,4877276.570830624,392.126,66,1410,1215,736789126695,0
matmul_large_block02,1790333224.9320967,4877276.620832859,392.126,66,1410,1215,736789166210,0
matmul_large_block02,1790333224.9820945,4877276.670830715,392.126,66,1410,1215,736789166210,0
matmul_large_block02,1790333225.0320935,4877276.7208296,392.126,66,1410,1215,736789205753,0
matmul_large_block02,1790333225.082097,4877276.770833245,392.126,66,1410,1215,736789205753,0
matmul_large_block02,1790333225.132094,4877276.82083001,391.588,66,1410,1215,736789245301,0
matmul_large_block02,1790333225.1820946,4877276.870830716,391.588,66,1410,1215,736789245301,0
matmul_large_block02,1790333225.232096,4877276.920832011,392.126,66,1410,1215,736789284890,0
matmul_large_block02,1790333225.2820938,4877276.970829917,392.126,66,1410,1215,736789284890,0
matmul_large_block02,1790333225.332096,4877277.020832012,391.857,66,1410,1215,736789324539,0
matmul_large_block02,1790333225.382094,4877277.070829947,391.857,66,1410,1215,736789324539,0
matmul_large_block02,1790333225.4320962,4877277.120832273,391.857,66,1410,1215,736789364103,0
matmul_large_block02,1790333225.4820971,4877277.170833068,391.857,66,1410,1215,736789364103,0
matmul_large_block02,1790333225.5320933,4877277.220829253,391.857,66,1410,1215,736789403671,0
matmul_large_block02,1790333225.5820947,4877277.270830538,391.857,66,1410,1215,736789403671,0
matmul_large_block02,1790333225.6320944,4877277.320830504,391.857,66,1410,1215,736789443282,0
matmul_large_block02,1790333225.6820946,4877277.370830559,391.857,66,1410,1215,736789443282,0
matmul_large_block02,1790333225.7320943,4877277.420830234,391.857,66,1410,1215,736789482859,0
matmul_large_block02,1790333225.7820966,4877277.47083274,391.857,66,1410,1215,736789482859,0
matmul_large_block02,1790333225.832096,4877277.520832055,392.126,66,1410,1215,736789522601,0
matmul_large_block02,1790333225.8820958,4877277.570832011,392.126,66,1410,1215,736789522601,0
matmul_large_block02,1790333225.9320965,4877277.620832436,392.449,66,1410,1215,736789562225,0
matmul_large_block02,1790333225.9820936,4877277.670829621,392.449,66,1410,1215,736789562225,0
matmul_large_block02,1790333226.0320969,4877277.720832726,392.126,66,1410,1215,736789601876,0
matmul_large_block02,1790333226.0821104,4877277.770846502,392.126,66,1410,1215,736789601876,0
matmul_large_block02,1790333226.1320977,4877277.820833797,392.449,66,1410,1215,736789641516,0
matmul_large_block02,1790333226.182094,4877277.870830082,392.449,66,1410,1215,736789641516,0
matmul_large_block02,1790333226.2320976,4877277.920833598,392.126,66,1410,1215,736789681155,0
matmul_large_block02,1790333226.2820973,4877277.970833333,392.126,66,1410,1215,736789681155,0
matmul_large_block02,1790333226.3320937,4877278.020829789,392.449,66,1410,1215,736789720774,0
matmul_large_block02,1790333226.3820949,4877278.070830934,392.449,66,1410,1215,736789720774,0
matmul_large_block02,1790333226.4320946,4877278.120830499,393.587,66,1410,1215,736789760400,0
matmul_large_block02,1790333226.4820971,4877278.170833284,393.587,66,1410,1215,736789760400,0
matmul_large_block02,1790333226.5320945,4877278.22083039,393.587,66,1410,1215,736789800122,0
matmul_large_block02,1790333226.5820947,4877278.270830675,393.587,66,1410,1215,736789800122,0
matmul_large_block02,1790333226.6320946,4877278.32083083,393.587,66,1410,1215,736789839720,0
matmul_large_block02,1790333226.682094,4877278.370830196,393.587,66,1410,1215,736789839720,0
matmul_large_block02,1790333226.732094,4877278.420829921,393.318,66,1410,1215,736789879341,0
matmul_large_block02,1790333226.7820942,4877278.470830286,393.318,66,1410,1215,736789879341,0
matmul_large_block02,1790333226.8320935,4877278.520829582,393.318,66,1410,1215,736789919104,0
matmul_large_block02,1790333226.8820941,4877278.570830127,393.318,66,1410,1215,736789919104,0
matmul_large_block02,1790333226.932096,4877278.620832042,393.587,66,1410,1215,736789958848,0
matmul_large_block02,1790333226.9820971,4877278.670833258,393.587,66,1410,1215,736789958848,0
matmul_large_block02,1790333227.0320933,4877278.720829323,393.318,66,1410,1215,736789998380,0
matmul_large_block02,1790333227.082096,4877278.770832258,393.318,66,1410,1215,736789998380,0
matmul_large_block02,1790333227.1320932,4877278.820829114,393.318,66,1410,1215,736790038065,0
matmul_large_block02,1790333227.1820946,4877278.870830509,393.318,66,1410,1215,736790038065,0
matmul_large_block02,1790333227.2320933,4877278.920829504,393.318,66,1410,1215,736790077564,0
matmul_large_block02,1790333227.2820938,4877278.97082997,393.318,66,1410,1215,736790077564,0
matmul_large_block02,1790333227.3320913,4877279.020827345,393.049,66,1410,1215,736790117224,0
matmul_large_block02,1790333227.3820972,4877279.07083308,393.049,66,1410,1215,736790117224,0
matmul_large_block02,1790333227.4320936,4877279.120829646,393.049,66,1410,1215,736790117224,0
matmul_large_block02,1790333227.4820945,4877279.170830561,393.049,66,1410,1215,736790157051,0
matmul_large_block02,1790333227.5320942,4877279.220830216,393.587,66,1410,1215,736790157051,0
matmul_large_block02,1790333227.5820942,4877279.270830182,393.587,66,1410,1215,736790196556,0
matmul_large_block02,1790333227.6320956,4877279.320831497,393.318,66,1410,1215,736790196556,0
matmul_large_block02,1790333227.6820962,4877279.370832122,393.318,66,1410,1215,736790236091,0
matmul_large_block02,1790333227.7320943,4877279.420830168,393.318,66,1410,1215,736790236091,0
matmul_large_block02,1790333227.7820938,4877279.470829853,393.318,66,1410,1215,736790275811,0
matmul_large_block02,1790333227.8320944,4877279.520830428,393.318,66,1410,1215,736790275811,0
matmul_large_block02,1790333227.8820941,4877279.570830044,393.318,66,1410,1215,736790315474,0
matmul_large_block02,1790333227.9320974,4877279.620833689,393.049,66,1410,1215,736790315474,0
matmul_large_block02,1790333227.9820967,4877279.670832604,393.049,66,1410,1215,736790355280,0
matmul_large_block02,1790333228.0320961,4877279.72083234,393.318,66,1410,1215,736790355280,0
matmul_large_block02,1790333228.0820954,4877279.770831445,393.318,66,1410,1215,736790394917,0
matmul_large_block02,1790333228.1320956,4877279.82083142,393.049,66,1410,1215,736790394917,0
matmul_large_block02,1790333228.1820943,4877279.870830286,393.049,66,1410,1215,736790434621,0
matmul_large_block02,1790333228.2320957,4877279.920831681,393.318,66,1410,1215,736790434621,0
matmul_large_block02,1790333228.282096,4877279.970831826,393.318,66,1410,1215,736790474306,0
matmul_large_block02,1790333228.332094,4877280.020829922,393.049,66,1410,1215,736790474306,0
matmul_large_block02,1790333228.382096,4877280.070832267,393.049,66,1410,1215,736790514066,0
matmul_large_block02,1790333228.4323342,4877280.12107534,393.318,66,1410,1215,736790514066,0
matmul_large_block02,1790333228.4821086,4877280.170844598,393.318,66,1410,1215,736790553641,0
matmul_large_block02,1790333228.5320983,4877280.220834273,393.049,66,1410,1215,736790553641,0
matmul_large_block02,1790333228.5821025,4877280.270838468,393.049,66,1410,1215,736790593358,0
matmul_large_block02,1790333228.632096,4877280.320831994,392.726,66,1410,1215,736790593358,0
matmul_large_block02,1790333228.682097,4877280.370832989,392.726,66,1410,1215,736790632980,0
matmul_large_block02,1790333228.7320974,4877280.420833384,393.049,66,1410,1215,736790632980,0
matmul_large_block02,1790333228.7820952,4877280.47083101,393.049,66,1410,1215,736790672688,0
matmul_large_block02,1790333228.832097,4877280.520833045,393.049,66,1410,1215,736790672688,0
matmul_large_block02,1790333228.8820949,4877280.57083091,393.049,66,1410,1215,736790712307,0
matmul_large_block02,1790333228.932095,4877280.620830996,393.049,66,1410,1215,736790712307,0
matmul_large_block02,1790333228.9820971,4877280.670833281,393.049,66,1410,1215,736790752009,0
matmul_large_block02,1790333229.0320947,4877280.720830786,392.726,66,1410,1215,736790752009,0
matmul_large_block02,1790333229.0820937,4877280.770829782,392.726,66,1410,1215,736790791691,0
matmul_large_block02,1790333229.1320944,4877280.820830427,392.726,66,1410,1215,736790791691,0
matmul_large_block02,1790333229.1820967,4877280.870832732,392.726,66,1410,1215,736790831378,0
matmul_large_block02,1790333229.2320921,4877280.920828078,393.049,66,1410,1215,736790831378,0
matmul_large_block02,1790333229.2820942,4877280.970830333,393.049,66,1410,1215,736790871050,0
matmul_large_block02,1790333229.3320966,4877281.020832658,392.726,66,1410,1215,736790871050,0
matmul_large_block02,1790333229.3820944,4877281.070830324,392.726,66,1410,1215,736790910686,0
matmul_large_block02,1790333229.4320948,4877281.120830759,393.049,66,1410,1215,736790910686,0
matmul_large_block02,1790333229.482097,4877281.170832974,393.049,66,1410,1215,736790950337,0
matmul_large_block02,1790333229.532096,4877281.22083209,392.726,66,1410,1215,736790950337,0
matmul_large_block02,1790333229.5820956,4877281.270831675,392.726,66,1410,1215,736790990022,0
matmul_large_block02,1790333229.6320946,4877281.32083087,392.726,66,1410,1215,736790990022,0
matmul_large_block02,1790333229.6820977,4877281.370833686,392.726,66,1410,1215,736791029667,0
matmul_large_block02,1790333229.7320967,4877281.420832891,392.726,66,1410,1215,736791029667,0
matmul_large_block02,1790333229.7820945,4877281.470830576,392.726,66,1410,1215,736791069385,0
matmul_large_block02,1790333229.8320951,4877281.520831242,393.049,66,1410,1215,736791069385,0
matmul_large_block02,1790333229.882096,4877281.570832207,393.049,66,1410,1215,736791109096,0
matmul_large_block02,1790333229.932095,4877281.620830952,392.726,66,1410,1215,736791109096,0
matmul_large_block02,1790333229.9820948,4877281.670830968,392.726,66,1410,1215,736791148766,0
matmul_large_block02,1790333230.0320947,4877281.720830813,393.318,66,1410,1215,736791148766,0
matmul_large_block02,1790333230.082096,4877281.770832238,393.318,66,1410,1215,736791188408,0
matmul_large_block02,1790333230.1320992,4877281.820835094,393.049,66,1410,1215,736791188408,0
matmul_large_block02,1790333230.1820972,4877281.870833129,393.049,66,1410,1215,736791228132,0
matmul_large_block02,1790333230.232096,4877281.920832004,393.049,66,1410,1215,736791228132,0
matmul_large_block02,1790333230.2820952,4877281.97083125,393.049,66,1410,1215,736791267798,0
matmul_large_block02,1790333230.3320942,4877282.020830335,393.318,66,1410,1215,736791267798,0
matmul_large_block02,1790333230.3820965,4877282.07083279,393.318,66,1410,1215,736791307533,0
matmul_large_block02,1790333230.432094,4877282.120830346,393.91,66,1410,1215,736791307533,0
matmul_large_block02,1790333230.4820945,4877282.170830531,393.91,66,1410,1215,736791347231,0
matmul_large_block02,1790333230.5320954,4877282.220831526,393.91,66,1410,1215,736791347231,0
matmul_large_block02,1790333230.582095,4877282.270830942,393.91,66,1410,1215,736791386941,0
matmul_large_block02,1790333230.632094,4877282.320830037,393.91,66,1410,1215,736791386941,0
matmul_large_block02,1790333230.682098,4877282.370833842,393.91,66,1410,1215,736791426630,0
matmul_large_block02,1790333230.7320952,4877282.420831168,393.91,66,1410,1215,736791426630,0
matmul_large_block02,1790333230.7820964,4877282.470832343,393.91,66,1410,1215,736791466345,0
matmul_large_block02,1790333230.832095,4877282.520830948,393.91,66,1410,1215,736791466345,0
matmul_large_block02,1790333230.8820944,4877282.570830333,393.91,66,1410,1215,736791505998,0
matmul_large_block02,1790333230.9320948,4877282.620830849,394.779,66,1410,1215,736791505998,0
matmul_large_block02,1790333230.9820936,4877282.670829714,394.779,66,1410,1215,736791545711,0
matmul_large_block02,1790333231.0320976,4877282.720833629,394.779,66,1410,1215,736791545711,0
matmul_large_block02,1790333231.0820942,4877282.770830055,394.779,66,1410,1215,736791585328,0
matmul_large_block02,1790333231.1320941,4877282.82083017,395.048,66,1410,1215,736791585328,0
matmul_large_block02,1790333231.1820962,4877282.870832216,395.048,66,1410,1215,736791625043,0
matmul_large_block02,1790333231.232095,4877282.920831071,394.779,66,1410,1215,736791625043,0
matmul_large_block02,1790333231.2820933,4877282.970829316,394.779,66,1410,1215,736791664655,0
matmul_large_block02,1790333231.3320973,4877283.020833321,394.779,66,1410,1215,736791664655,0
matmul_large_block02,1790333231.3820946,4877283.070830667,394.779,66,1410,1215,736791704334,0
matmul_large_block02,1790333231.4320953,4877283.120831292,394.779,66,1410,1215,736791704334,0
matmul_large_block02,1790333231.4820943,4877283.170830258,394.779,66,1410,1215,736791744084,0
matmul_large_block02,1790333231.5320969,4877283.220832863,394.456,66,1410,1215,736791744084,0
matmul_large_block02,1790333231.5820942,4877283.270829988,394.456,66,1410,1215,736791783715,0
matmul_large_block02,1790333231.6320949,4877283.320831084,394.456,66,1410,1215,736791783715,0
matmul_large_block02,1790333231.6820943,4877283.370830399,394.456,66,1410,1215,736791823295,0
matmul_large_block02,1790333231.732094,4877283.420829994,394.187,66,1410,1215,736791823295,0
matmul_large_block02,1790333231.7820942,4877283.470830369,394.187,66,1410,1215,736791863031,0
matmul_large_block02,1790333231.8320947,4877283.520830845,394.187,66,1410,1215,736791863031,0
matmul_large_block02,1790333231.882096,4877283.57083216,394.187,66,1410,1215,736791902723,0
matmul_large_block02,1790333231.932096,4877283.620831955,394.456,66,1410,1215,736791902723,0
matmul_large_block02,1790333231.9820943,4877283.670830451,394.456,66,1410,1215,736791942460,0
matmul_large_block02,1790333232.0320957,4877283.720831696,394.456,66,1410,1215,736791942460,0
matmul_large_block02,1790333232.0820937,4877283.770829942,394.456,66,1410,1215,736791982136,0
matmul_large_block02,1790333232.1320982,4877283.820834417,394.456,66,1410,1215,736791982136,0
matmul_large_block03,1790333232.1455886,4877283.834324702,394.456,66,1410,1215,736791982136,0
matmul_large_block03,1790333232.1957061,4877283.884442226,394.456,66,1410,1215,736792019669,0
matmul_large_block03,1790333232.2456958,4877283.934431821,378.165,66,1410,1215,736792019669,0
matmul_large_block03,1790333232.2957008,4877283.984436586,378.165,66,1410,1215,736792059209,0
matmul_large_block03,1790333232.3457093,4877284.034445312,394.779,66,1410,1215,736792059209,0
matmul_large_block03,1790333232.39571,4877284.084445987,394.779,66,1410,1215,736792098952,0
matmul_large_block03,1790333232.4457052,4877284.134441382,395.048,66,1410,1215,736792098952,0
matmul_large_block03,1790333232.495707,4877284.184443298,395.048,66,1410,1215,736792138597,0
matmul_large_block03,1790333232.5457115,4877284.234447693,395.048,66,1410,1215,736792138597,0
matmul_large_block03,1790333232.5957146,4877284.284450538,395.048,66,1410,1215,736792178333,0
matmul_large_block03,1790333232.6457043,4877284.334440214,395.048,66,1410,1215,736792178333,0
matmul_large_block03,1790333232.6957092,4877284.384445339,395.048,66,1410,1215,736792217965,0
matmul_large_block03,1790333232.745709,4877284.434445184,394.779,66,1410,1215,736792217965,0
matmul_large_block03,1790333232.795709,4877284.48444502,394.779,66,1410,1215,736792257710,0
matmul_large_block03,1790333232.8457065,4877284.534442495,395.048,66,1410,1215,736792257710,0
matmul_large_block03,1790333232.895707,4877284.58444282,395.048,66,1410,1215,736792297483,0
matmul_large_block03,1790333232.9457061,4877284.634442176,395.048,66,1410,1215,736792297483,0
matmul_large_block03,1790333232.9957068,4877284.684442881,395.048,66,1410,1215,736792337223,0
matmul_large_block03,1790333233.0457067,4877284.734442666,395.048,66,1410,1215,736792337223,0
matmul_large_block03,1790333233.0957093,4877284.784445452,395.048,66,1410,1215,736792376880,0
matmul_large_block03,1790333233.1457088,4877284.834444967,394.779,66,1410,1215,736792376880,0
matmul_large_block03,1790333233.1957068,4877284.884443042,394.779,66,1410,1215,736792416624,0
matmul_large_block03,1790333233.245709,4877284.934445208,394.779,66,1410,1215,736792416624,0
matmul_large_block03,1790333233.2957077,4877284.984443783,394.779,66,1410,1215,736792456274,0
matmul_large_block03,1790333233.3457065,4877285.034442488,394.456,66,1410,1215,736792456274,0
matmul_large_block03,1790333233.3957076,4877285.084443754,394.456,66,1410,1215,736792496073,0
matmul_large_block03,1790333233.4457085,4877285.134444509,394.456,66,1410,1215,736792496073,0
matmul_large_block03,1790333233.4957056,4877285.184441754,394.456,66,1410,1215,736792535789,0
matmul_large_block03,1790333233.5457091,4877285.2344452,394.456,66,1410,1215,736792535789,0
matmul_large_block03,1790333233.5957062,4877285.284442115,394.456,66,1410,1215,736792575515,0
matmul_large_block03,1790333233.6457067,4877285.33444267,394.456,66,1410,1215,736792575515,0
matmul_large_block03,1790333233.6957064,4877285.384442356,394.456,66,1410,1215,736792615228,0
matmul_large_block03,1790333233.7457075,4877285.434443611,394.187,66,1410,1215,736792615228,0
matmul_large_block03,1790333233.7957065,4877285.484442546,394.187,66,1410,1215,736792655019,0
matmul_large_block03,1790333233.8457096,4877285.534445652,394.187,66,1410,1215,736792655019,0
matmul_large_block03,1790333233.8957102,4877285.584446467,394.187,66,1410,1215,736792694802,0
matmul_large_block03,1790333233.945706,4877285.634442142,394.456,66,1410,1215,736792694802,0
matmul_large_block03,1790333233.9957073,4877285.684443488,394.456,66,1410,1215,736792734534,0
matmul_large_block03,1790333234.0457077,4877285.734443913,394.187,66,1410,1215,736792734534,0
matmul_large_block03,1790333234.0957105,4877285.784446618,394.187,66,1410,1215,736792774254,0
matmul_large_block03,1790333234.1457062,4877285.834442314,394.187,66,1410,1215,736792774254,0
matmul_large_block03,1790333234.1957088,4877285.884444769,394.187,66,1410,1215,736792814082,0
matmul_large_block03,1790333234.245707,4877285.934442954,394.456,66,1410,1215,736792814082,0
matmul_large_block03,1790333234.2957072,4877285.9844433,394.456,66,1410,1215,736792853799,0
matmul_large_block03,1790333234.3457086,4877286.034444655,394.187,66,1410,1215,736792853799,0
matmul_large_block03,1790333234.39571,4877286.08444592,394.187,66,1410,1215,736792893575,0
matmul_large_block03,1790333234.445706,4877286.134442116,394.187,66,1410,1215,736792893575,0
matmul_large_block03,1790333234.495707,4877286.184443281,394.187,66,1410,1215,736792933327,0
matmul_large_block03,1790333234.54571,4877286.234446136,394.187,67,1410,1215,736792933327,0
matmul_large_block03,1790333234.5957067,4877286.284442632,394.187,67,1410,1215,736792973137,0
matmul_large_block03,1790333234.645709,4877286.334445077,393.91,66,1410,1215,736792973137,0
matmul_large_block03,1790333234.6957088,4877286.384444592,393.91,66,1410,1215,736793012832,0
matmul_large_block03,1790333234.7457066,4877286.434442458,393.91,67,1410,1215,736793012832,0
matmul_large_block03,1790333234.7957075,4877286.484443513,393.91,67,1410,1215,736793052607,0
matmul_large_block03,1790333234.845709,4877286.534445128,393.91,67,1410,1215,736793052607,0
matmul_large_block03,1790333234.8957067,4877286.584442664,393.91,67,1410,1215,736793052607,0
matmul_large_block03,1790333234.9457092,4877286.634445289,394.456,67,1410,1215,736793092811,0
matmul_large_block03,1790333234.9957078,4877286.684443694,394.456,67,1410,1215,736793092811,0
matmul_large_block03,1790333235.045708,4877286.73444417,394.187,67,1410,1215,736793132240,0
matmul_large_block03,1790333235.095709,4877286.784445215,394.187,67,1410,1215,736793132240,0
matmul_large_block03,1790333235.145709,4877286.83444504,394.187,67,1410,1215,736793171978,0
matmul_large_block03,1790333235.1957088,4877286.884444615,394.187,67,1410,1215,736793171978,0
matmul_large_block03,1790333235.2457082,4877286.934444411,393.91,67,1410,1215,736793211801,0
matmul_large_block03,1790333235.2957063,4877286.984442366,393.91,67,1410,1215,736793211801,0
matmul_large_block03,1790333235.3457088,4877287.034444762,393.91,67,1410,1215,736793251530,0
matmul_large_block03,1790333235.3957093,4877287.084445157,393.91,67,1410,1215,736793251530,0
matmul_large_block03,1790333235.4457054,4877287.134441532,394.187,67,1410,1215,736793291275,0
matmul_large_block03,1790333235.4957063,4877287.184442468,394.187,67,1410,1215,736793291275,0
matmul_large_block03,1790333235.5457082,4877287.234444243,394.456,67,1410,1215,736793331035,0
matmul_large_block03,1790333235.5957067,4877287.284442708,394.456,67,1410,1215,736793331035,0
matmul_large_block03,1790333235.6457086,4877287.334444643,394.456,67,1410,1215,736793370862,0
matmul_large_block03,1790333235.6957076,4877287.384443769,394.456,67,1410,1215,736793370862,0
matmul_large_block03,1790333235.7457082,4877287.434444434,394.456,67,1410,1215,736793410653,0
matmul_large_block03,1790333235.7957084,4877287.48444438,394.456,67,1410,1215,736793410653,0
matmul_large_block03,1790333235.845706,4877287.534442145,394.187,67,1410,1215,736793450480,0
matmul_large_block03,1790333235.895709,4877287.58444506,394.187,67,1410,1215,736793450480,0
matmul_large_block03,1790333235.945706,4877287.634441946,394.187,67,1410,1215,736793490276,0
matmul_large_block03,1790333235.9957066,4877287.684442731,394.187,67,1410,1215,736793490276,0
matmul_large_block03,1790333236.0457077,4877287.734443786,395.648,67,1410,1215,736793530064,0
matmul_large_block03,1790333236.0957093,4877287.784445541,395.648,67,1410,1215,736793530064,0
matmul_large_block03,1790333236.145705,4877287.834440947,395.371,67,1410,1215,736793569776,0
matmul_large_block03,1790333236.195709,4877287.884444882,395.371,67,1410,1215,736793569776,0
matmul_large_block03,1790333236.245709,4877287.934445117,395.048,67,1410,1215,736793609585,0
matmul_large_block03,1790333236.2957087,4877287.984444803,395.048,67,1410,1215,736793609585,0
matmul_large_block03,1790333236.3457062,4877288.034442408,395.048,67,1410,1215,736793649336,0
matmul_large_block03,1790333236.3957086,4877288.084444794,395.048,67,1410,1215,736793649336,0
matmul_large_block03,1790333236.4457073,4877288.134443279,394.779,67,1410,1215,736793689073,0
matmul_large_block03,1790333236.4957066,4877288.184442754,394.779,67,1410,1215,736793689073,0
matmul_large_block03,1790333236.545707,4877288.234443059,395.048,67,1410,1215,736793728842,0
matmul_large_block03,1790333236.595707,4877288.284442915,395.048,67,1410,1215,736793728842,0
matmul_large_block03,1790333236.6457078,4877288.33444373,395.048,67,1410,1215,736793768655,0
matmul_large_block03,1790333236.6957083,4877288.384444255,395.048,67,1410,1215,736793768655,0
matmul_large_block03,1790333236.7457097,4877288.434445701,394.779,67,1410,1215,736793808369,0
matmul_large_block03,1790333236.795707,4877288.484442986,394.779,67,1410,1215,736793808369,0
matmul_large_block03,1790333236.8457086,4877288.534444542,395.048,67,1410,1215,736793848185,0
matmul_large_block03,1790333236.8957098,4877288.584445727,395.048,67,1410,1215,736793848185,0
matmul_large_block03,1790333236.945707,4877288.634443092,394.779,67,1410,1215,736793888004,0
matmul_large_block03,1790333236.9957068,4877288.684442847,394.779,67,1410,1215,736793888004,0
matmul_large_block03,1790333237.0457098,4877288.734445993,395.048,67,1410,1215,736793927762,0
matmul_large_block03,1790333237.0957072,4877288.784443108,395.048,67,1410,1215,736793927762,0
matmul_large_block03,1790333237.145709,4877288.834445123,395.048,67,1410,1215,736793967538,0
matmul_large_block03,1790333237.1957085,4877288.884444509,395.048,67,1410,1215,736793967538,0
matmul_large_block03,1790333237.2457078,4877288.934443754,394.456,67,1410,1215,736794007359,0
matmul_large_block03,1790333237.295707,4877288.984442989,394.456,67,1410,1215,736794007359,0
matmul_large_block03,1790333237.345709,4877289.034445065,394.779,67,1410,1215,736794047104,0
matmul_large_block03,1790333237.3957083,4877289.0844445,394.779,67,1410,1215,736794047104,0
matmul_large_block03,1790333237.4457076,4877289.134443685,394.779,67,1410,1215,736794086940,0
matmul_large_block03,1790333237.4957063,4877289.184442511,394.779,67,1410,1215,736794086940,0
matmul_large_block03,1790333237.5457077,4877289.234443866,395.048,67,1410,1215,736794126711,0
matmul_large_block03,1790333237.5957088,4877289.284444891,395.048,67,1410,1215,736794126711,0
matmul_large_block03,1790333237.6457074,4877289.334443187,395.048,67,1410,1215,736794166534,0
matmul_large_block03,1790333237.6957064,4877289.384442382,395.048,67,1410,1215,736794166534,0
matmul_large_block03,1790333237.7457094,4877289.434445287,394.456,67,1410,1215,736794206359,0
matmul_large_block03,1790333237.7957075,4877289.484443483,394.456,67,1410,1215,736794206359,0
matmul_large_block03,1790333237.8457093,4877289.534445458,394.187,67,1410,1215,736794246239,0
matmul_large_block03,1790333237.8957093,4877289.584445093,394.187,67,1410,1215,736794246239,0
matmul_large_block03,1790333237.945709,4877289.634445019,394.456,67,1410,1215,736794286082,0
matmul_large_block03,1790333237.9957073,4877289.684443504,394.456,67,1410,1215,736794286082,0
matmul_large_block03,1790333238.0457075,4877289.734443509,394.456,67,1410,1215,736794325874,0
matmul_large_block03,1790333238.095709,4877289.784445305,394.456,67,1410,1215,736794325874,0
matmul_large_block03,1790333238.1457083,4877289.83444429,394.456,67,1410,1215,736794365716,0
matmul_large_block03,1790333238.1957078,4877289.884443895,394.456,67,1410,1215,736794365716,0
matmul_large_block03,1790333238.2457094,4877289.934445441,394.187,67,1410,1215,736794405437,0
matmul_large_block03,1790333238.2957063,4877289.984442386,394.187,67,1410,1215,736794405437,0
matmul_large_block03,1790333238.3457084,4877290.034444421,394.187,67,1410,1215,736794445069,0
matmul_large_block03,1790333238.3957064,4877290.084442437,394.187,67,1410,1215,736794445069,0
matmul_large_block03,1790333238.445709,4877290.134445212,394.187,67,1410,1215,736794484878,0
matmul_large_block03,1790333238.4957068,4877290.184442987,394.187,67,1410,1215,736794484878,0
matmul_large_block03,1790333238.5457096,4877290.234445653,393.587,67,1410,1215,736794524719,0
matmul_large_block03,1790333238.5957065,4877290.284442538,393.587,67,1410,1215,736794524719,0
matmul_large_block03,1790333238.645707,4877290.334442973,393.91,67,1410,1215,736794564529,0
matmul_large_block03,1790333238.6957102,4877290.384446149,393.91,67,1410,1215,736794564529,0
matmul_large_block03,1790333238.74571,4877290.434445844,394.187,67,1410,1215,736794604322,0
matmul_large_block03,1790333238.795707,4877290.484442809,394.187,67,1410,1215,736794604322,0
matmul_large_block03,1790333238.845708,4877290.534443695,394.187,67,1410,1215,736794644216,0
matmul_large_block03,1790333238.8957074,4877290.5844434,394.187,67,1410,1215,736794644216,0
matmul_large_block03,1790333238.9457073,4877290.634443355,393.91,67,1410,1215,736794684182,0
matmul_large_block03,1790333238.9957078,4877290.684443611,393.91,67,1410,1215,736794684182,0
matmul_large_block03,1790333239.045708,4877290.734444196,393.91,67,1410,1215,736794723993,0
matmul_large_block03,1790333239.0957086,4877290.784444761,393.91,67,1410,1215,736794723993,0
matmul_large_block03,1790333239.145708,4877290.834443987,393.587,67,1410,1215,736794763788,0
matmul_large_block03,1790333239.1957097,4877290.884445822,393.587,67,1410,1215,736794763788,0
matmul_large_block03,1790333239.2457075,4877290.934443557,393.587,67,1410,1215,736794803604,0
matmul_large_block03,1790333239.2957077,4877290.984443713,393.587,67,1410,1215,736794803604,0
matmul_large_block03,1790333239.3457067,4877291.034442828,393.587,67,1410,1215,736794843535,0
matmul_large_block03,1790333239.3957086,4877291.084444653,393.587,67,1410,1215,736794843535,0
matmul_large_block03,1790333239.4457076,4877291.134443589,393.91,67,1410,1215,736794883304,0
matmul_large_block03,1790333239.4957066,4877291.184442594,393.91,67,1410,1215,736794883304,0
matmul_large_block03,1790333239.5457103,4877291.234446499,393.587,67,1410,1215,736794923101,0
matmul_large_block03,1790333239.595707,4877291.284442905,393.587,67,1410,1215,736794923101,0
matmul_large_block03,1790333239.6457074,4877291.33444323,393.587,67,1410,1215,736794962915,0
matmul_large_block03,1790333239.6957095,4877291.384445415,393.587,67,1410,1215,736794962915,0
matmul_large_block03,1790333239.7457097,4877291.434445581,393.587,67,1410,1215,736795002773,0
matmul_large_block03,1790333239.7957087,4877291.484444586,393.587,67,1410,1215,736795002773,0
matmul_large_block03,1790333239.8457072,4877291.534443431,394.187,67,1410,1215,736795042666,0
matmul_large_block03,1790333239.8957086,4877291.584444757,394.187,67,1410,1215,736795042666,0
matmul_large_block03,1790333239.9457073,4877291.634443382,394.187,67,1410,1215,736795082517,0
matmul_large_block03,1790333239.9957068,4877291.684443027,394.187,67,1410,1215,736795082517,0
matmul_large_block03,1790333240.0457091,4877291.734445053,393.91,67,1410,1215,736795122366,0
matmul_large_block03,1790333240.0957072,4877291.784443058,393.91,67,1410,1215,736795122366,0
matmul_large_block03,1790333240.1457088,4877291.834444813,394.187,67,1410,1215,736795162147,0
matmul_large_block03,1790333240.1957066,4877291.884442709,394.187,67,1410,1215,736795162147,0
matmul_large_block03,1790333240.2457104,4877291.934446504,394.187,67,1410,1215,736795201979,0
matmul_large_block03,1790333240.2957091,4877291.984445329,394.187,67,1410,1215,736795201979,0
matmul_large_block03,1790333240.3457096,4877292.034445705,395.371,67,1410,1215,736795241769,0
matmul_large_block03,1790333240.395709,4877292.08444503,395.371,67,1410,1215,736795241769,0
matmul_large_block03,1790333240.4457097,4877292.134445895,395.371,67,1410,1215,736795281633,0
matmul_large_block03,1790333240.4957085,4877292.184444381,395.371,67,1410,1215,736795281633,0
matmul_large_block03,1790333240.54571,4877292.234446116,395.371,67,1410,1215,736795321414,0
matmul_large_block03,1790333240.5957057,4877292.284441841,395.371,67,1410,1215,736795321414,0
matmul_large_block03,1790333240.6457095,4877292.334445497,395.371,67,1410,1215,736795361273,0
matmul_large_block03,1790333240.6957085,4877292.384444442,395.371,67,1410,1215,736795361273,0
matmul_large_block03,1790333240.7457073,4877292.434443227,395.048,67,1410,1215,736795401056,0
matmul_large_block03,1790333240.795706,4877292.484442083,395.048,67,1410,1215,736795401056,0
matmul_large_block03,1790333240.8457098,4877292.534445958,395.048,67,1410,1215,736795401056,0
matmul_large_block03,1790333240.8957093,4877292.584445233,395.048,67,1410,1215,736795441039,0
matmul_large_block03,1790333240.9457068,4877292.634442769,395.371,67,1410,1215,736795441039,0
matmul_large_block03,1790333240.9957078,4877292.684443674,395.371,67,1410,1215,736795480693,0
matmul_large_block03,1790333241.045709,4877292.734444859,395.048,67,1410,1215,736795480693,0
matmul_large_block03,1790333241.0957057,4877292.784441955,395.048,67,1410,1215,736795520522,0
matmul_large_block03,1790333241.1457093,4877292.83444526,395.371,67,1410,1215,736795520522,0
matmul_large_block03,1790333241.1957068,4877292.884443005,395.371,67,1410,1215,736795560285,0
matmul_large_block03,1790333241.2457075,4877292.934443581,395.371,67,1410,1215,736795560285,0
matmul_large_block03,1790333241.2957063,4877292.984442306,395.371,67,1410,1215,736795600144,0
matmul_large_block03,1790333241.3457105,4877293.034446561,395.371,67,1410,1215,736795600144,0
matmul_large_block03,1790333241.3957086,4877293.084444796,395.371,67,1410,1215,736795639994,0
matmul_large_block03,1790333241.4457078,4877293.134443902,395.048,67,1410,1215,736795639994,0
matmul_large_block03,1790333241.4957063,4877293.184442427,395.048,67,1410,1215,736795679894,0
matmul_large_block03,1790333241.5457096,4877293.234445673,395.048,67,1410,1215,736795679894,0
matmul_large_block03,1790333241.5957043,4877293.284440428,395.048,67,1410,1215,736795719708,0
matmul_large_block03,1790333241.645671,4877293.334406654,395.048,67,1410,1215,736795761194,0
matmul_large_block03,1790333241.6956675,4877293.384403299,394.779,67,1410,1215,736795761194,0
matmul_large_block03,1790333241.745667,4877293.434402744,394.779,67,1410,1215,736795761194,0
matmul_large_block03,1790333241.7956665,4877293.48440219,394.779,67,1410,1215,736795800182,0
matmul_large_block03,1790333241.8457038,4877293.534439985,395.648,67,1410,1215,736795800182,0
matmul_large_block03,1790333241.8957067,4877293.58444273,395.648,67,1410,1215,736795840147,0
matmul_large_block03,1790333241.945708,4877293.634443965,395.648,67,1410,1215,736795840147,0
matmul_large_block03,1790333241.9957078,4877293.684443641,395.648,67,1410,1215,736795879988,0
matmul_large_block03,1790333242.0457096,4877293.734445566,395.371,67,1410,1215,736795879988,0
matmul_large_block03,1790333242.0957081,4877293.784444291,395.371,67,1410,1215,736795919924,0
matmul_large_block03,1790333242.1457076,4877293.834443557,395.371,67,1410,1215,736795919924,0
matmul_large_block04,1790333242.1558657,4877293.84460159,395.371,67,1410,1215,736795919924,0
matmul_large_block04,1790333242.2059784,4877293.894714564,395.371,67,1410,1215,736795958740,0
matmul_large_block04,1790333242.2559757,4877293.944711679,315.654,67,1410,1215,736795958740,0
matmul_large_block04,1790333242.3059754,4877293.994711384,315.654,67,1410,1215,736795998069,0
matmul_large_block04,1790333242.3559873,4877294.0447232,395.371,67,1410,1215,736795998069,0
matmul_large_block04,1790333242.4059865,4877294.094722555,395.371,67,1410,1215,736796037898,0
matmul_large_block04,1790333242.4559846,4877294.14472068,395.648,67,1410,1215,736796037898,0
matmul_large_block04,1790333242.5059853,4877294.194721266,395.648,67,1410,1215,736796077704,0
matmul_large_block04,1790333242.5559886,4877294.244724401,395.648,67,1410,1215,736796077704,0
matmul_large_block04,1790333242.6059844,4877294.294720576,395.648,67,1410,1215,736796117514,0
matmul_large_block04,1790333242.6559882,4877294.344724232,395.371,67,1410,1215,736796117514,0
matmul_large_block04,1790333242.7059848,4877294.394720917,395.371,67,1410,1215,736796157406,0
matmul_large_block04,1790333242.7559857,4877294.444721642,395.648,67,1410,1215,736796157406,0
matmul_large_block04,1790333242.8059843,4877294.494720408,395.648,67,1410,1215,736796197213,0
matmul_large_block04,1790333242.8559854,4877294.544721473,395.648,67,1410,1215,736796197213,0
matmul_large_block04,1790333242.9059863,4877294.594722468,395.648,67,1410,1215,736796237035,0
matmul_large_block04,1790333242.9559855,4877294.644721824,395.648,67,1410,1215,736796237035,0
matmul_large_block04,1790333243.0059872,4877294.694722999,395.648,67,1410,1215,736796276872,0
matmul_large_block04,1790333243.055985,4877294.744720994,395.371,67,1410,1215,736796276872,0
matmul_large_block04,1790333243.105984,4877294.79471997,395.371,67,1410,1215,736796316720,0
matmul_large_block04,1790333243.1559873,4877294.844723235,395.371,67,1410,1215,736796316720,0
matmul_large_block04,1790333243.205986,4877294.89472201,395.371,67,1410,1215,736796356525,0
matmul_large_block04,1790333243.2559862,4877294.944722356,395.048,67,1410,1215,736796356525,0
matmul_large_block04,1790333243.3059845,4877294.994720621,395.048,67,1410,1215,736796396386,0
matmul_large_block04,1790333243.3559856,4877295.044721716,395.048,67,1410,1215,736796396386,0
matmul_large_block04,1790333243.4059849,4877295.094720872,395.048,67,1410,1215,736796436211,0
matmul_large_block04,1790333243.455987,4877295.144723067,394.779,67,1410,1215,736796436211,0
matmul_large_block04,1790333243.505987,4877295.194722972,394.779,67,1410,1215,736796476029,0
matmul_large_block04,1790333243.5559847,4877295.244720618,395.048,67,1410,1215,736796476029,0
matmul_large_block04,1790333243.6059866,4877295.294722733,395.048,67,1410,1215,736796515899,0
matmul_large_block04,1790333243.6559858,4877295.344721998,395.048,67,1410,1215,736796515899,0
matmul_large_block04,1790333243.7059844,4877295.394720334,395.048,67,1410,1215,736796555800,0
matmul_large_block04,1790333243.755984,4877295.444720109,394.779,67,1410,1215,736796555800,0
matmul_large_block04,1790333243.8059855,4877295.494721504,394.779,67,1410,1215,736796595661,0
matmul_large_block04,1790333243.8559878,4877295.54472368,395.048,67,1410,1215,736796595661,0
matmul_large_block04,1790333243.9059844,4877295.594720595,395.048,67,1410,1215,736796635611,0
matmul_large_block04,1790333243.955988,4877295.64472391,395.048,67,1410,1215,736796635611,0
matmul_large_block04,1790333244.0059845,4877295.694720686,395.048,67,1410,1215,736796675475,0
matmul_large_block04,1790333244.0559874,4877295.744723631,395.371,67,1410,1215,736796675475,0
matmul_large_block04,1790333244.1059842,4877295.794720396,395.371,67,1410,1215,736796715437,0
matmul_large_block04,1790333244.155989,4877295.844725042,395.648,67,1410,1215,736796715437,0
matmul_large_block04,1790333244.2059846,4877295.894720677,395.648,67,1410,1215,736796755331,0
matmul_large_block04,1790333244.255984,4877295.944720142,395.236,67,1410,1215,736796755331,0
matmul_large_block04,1790333244.3059864,4877295.994722398,395.236,67,1410,1215,736796795247,0
matmul_large_block04,1790333244.355988,4877296.044723953,395.371,67,1410,1215,736796795247,0
matmul_large_block04,1790333244.4059832,4877296.094719348,395.371,67,1410,1215,736796835140,0
matmul_large_block04,1790333244.4559875,4877296.144723494,395.371,67,1410,1215,736796835140,0
matmul_large_block04,1790333244.505986,4877296.194722009,395.371,67,1410,1215,736796875085,0
matmul_large_block04,1790333244.555985,4877296.244721054,395.371,67,1410,1215,736796875085,0
matmul_large_block04,1790333244.605987,4877296.29472307,395.371,67,1410,1215,736796914934,0
matmul_large_block04,1790333244.6559873,4877296.344723285,396.509,67,1410,1215,736796914934,0
matmul_large_block04,1790333244.7059853,4877296.39472131,396.509,67,1410,1215,736796954881,0
matmul_large_block04,1790333244.7559845,4877296.444720626,396.785,67,1410,1215,736796954881,0
matmul_large_block04,1790333244.805985,4877296.494721161,396.785,67,1410,1215,736796994731,0
matmul_large_block04,1790333244.8559837,4877296.544719666,396.509,67,1410,1215,736796994731,0
matmul_large_block04,1790333244.905986,4877296.594722212,396.509,67,1410,1215,736797034606,0
matmul_large_block04,1790333244.955984,4877296.644720167,396.785,67,1410,1215,736797034606,0
matmul_large_block04,1790333245.0059853,4877296.694721392,396.785,67,1410,1215,736797074501,0
matmul_large_block04,1790333245.055987,4877296.744723088,396.509,67,1410,1215,736797074501,0
matmul_large_block04,1790333245.105986,4877296.794722183,396.509,67,1410,1215,736797114459,0
matmul_large_block04,1790333245.1559877,4877296.844723848,396.24,67,1410,1215,736797114459,0
matmul_large_block04,1790333245.2059844,4877296.894720294,396.24,67,1410,1215,736797154357,0
matmul_large_block04,1790333245.2559845,4877296.944720759,396.24,67,1410,1215,736797154357,0
matmul_large_block04,1790333245.3059845,4877296.994720644,396.24,67,1410,1215,736797194313,0
matmul_large_block04,1790333245.3559668,4877297.04470267,396.509,67,1410,1215,736797194313,0
matmul_large_block04,1790333245.405951,4877297.094686685,396.509,67,1410,1215,736797234167,0
matmul_large_block04,1790333245.4559467,4877297.144682281,396.096,67,1410,1215,736797234167,0
matmul_large_block04,1790333245.5059447,4877297.194680526,396.096,67,1410,1215,736797274084,0
matmul_large_block04,1790333245.5559459,4877297.244681801,396.24,67,1410,1215,736797274084,0
matmul_large_block04,1790333245.605946,4877297.294681697,396.24,67,1410,1215,736797313957,0
matmul_large_block04,1790333245.6559472,4877297.344682832,395.917,67,1410,1215,736797313957,0
matmul_large_block04,1790333245.7059453,4877297.394680967,395.917,67,1410,1215,736797353868,0
matmul_large_block04,1790333245.7559445,4877297.444680003,396.24,67,1410,1215,736797353868,0
matmul_large_block04,1790333245.8059428,4877297.494678448,396.24,67,1410,1215,736797393810,0
matmul_large_block04,1790333245.855943,4877297.544678623,395.917,67,1410,1215,736797393810,0
matmul_large_block04,1790333245.9059424,4877297.594678359,395.917,67,1410,1215,736797433763,0
matmul_large_block04,1790333245.9559445,4877297.644680054,395.917,67,1410,1215,736797433763,0
matmul_large_block04,1790333246.005946,4877297.694681549,395.917,67,1410,1215,736797473701,0
matmul_large_block04,1790333246.0559435,4877297.744679165,395.917,67,1410,1215,736797473701,0
matmul_large_block04,1790333246.1059442,4877297.79467968,395.917,67,1410,1215,736797513621,0
matmul_large_block04,1790333246.1559472,4877297.844683055,395.917,67,1410,1215,736797513621,0
matmul_large_block04,1790333246.205945,4877297.894680791,395.917,67,1410,1215,736797553481,0
matmul_large_block04,1790333246.2559462,4877297.944681816,395.648,67,1410,1215,736797553481,0
matmul_large_block04,1790333246.3059459,4877297.994681591,395.648,67,1410,1215,736797593374,0
matmul_large_block04,1790333246.355943,4877298.044678607,395.648,67,1410,1215,736797593374,0
matmul_large_block04,1790333246.406062,4877298.094800131,395.648,67,1410,1215,736797633239,0
matmul_large_block04,1790333246.4559453,4877298.144681057,395.371,67,1410,1215,736797633239,0
matmul_large_block04,1790333246.5059447,4877298.194680493,395.371,67,1410,1215,736797673112,0
matmul_large_block04,1790333246.555945,4877298.244680718,394.959,67,1410,1215,736797673112,0
matmul_large_block04,1790333246.605942,4877298.294677823,394.959,67,1410,1215,736797712953,0
matmul_large_block04,1790333246.6559832,4877298.344719108,395.371,67,1410,1215,736797712953,0
matmul_large_block04,1790333246.7059846,4877298.394720613,395.371,67,1410,1215,736797752817,0
matmul_large_block04,1790333246.7559865,4877298.444722499,395.048,67,1410,1215,736797752817,0
matmul_large_block04,1790333246.8059862,4877298.494722114,395.048,67,1410,1215,736797792720,0
matmul_large_block04,1790333246.8559852,4877298.544721189,395.048,67,1410,1215,736797792720,0
matmul_large_block04,1790333246.9059834,4877298.594719635,395.048,67,1410,1215,736797832613,0
matmul_large_block04,1790333246.9559867,4877298.64472271,395.048,67,1410,1215,736797832613,0
matmul_large_block04,1790333247.0059838,4877298.694719786,395.048,67,1410,1215,736797872501,0
matmul_large_block04,1790333247.055984,4877298.744720131,395.371,67,1410,1215,736797872501,0
matmul_large_block04,1790333247.105986,4877298.794721986,395.371,67,1410,1215,736797912411,0
matmul_large_block04,1790333247.1559854,4877298.844721481,395.048,67,1410,1215,736797912411,0
matmul_large_block04,1790333247.2059863,4877298.894722357,395.048,67,1410,1215,736797952343,0
matmul_large_block04,1790333247.2559855,4877298.944721362,394.779,67,1410,1215,736797952343,0
matmul_large_block04,1790333247.305984,4877298.994719987,394.779,67,1410,1215,736797992214,0
matmul_large_block04,1790333247.3559875,4877299.044723433,394.779,67,1410,1215,736797992214,0
matmul_large_block04,1790333247.4059863,4877299.094722268,394.779,67,1410,1215,736798032117,0
matmul_large_block04,1790333247.455987,4877299.144723083,395.371,67,1410,1215,736798032117,0
matmul_large_block04,1790333247.505984,4877299.194720119,395.371,67,1410,1215,736798072093,0
matmul_large_block04,1790333247.5559902,4877299.244726394,394.779,67,1410,1215,736798072093,0
matmul_large_block04,1790333247.605984,4877299.294719929,394.779,67,1410,1215,736798111959,0
matmul_large_block04,1790333247.655985,4877299.344721115,394.779,67,1410,1215,736798111959,0
matmul_large_block04,1790333247.705986,4877299.39472198,394.779,67,1410,1215,736798111959,0
matmul_large_block04,1790333247.7559853,4877299.444721265,395.048,67,1410,1215,736798152472,0
matmul_large_block04,1790333247.8059843,4877299.494720231,395.048,67,1410,1215,736798152472,0
matmul_large_block04,1790333247.8559844,4877299.544720506,395.048,67,1410,1215,736798192162,0
matmul_large_block04,1790333247.9059834,4877299.594719641,395.048,67,1410,1215,736798192162,0
matmul_large_block04,1790333247.955987,4877299.644722997,395.371,67,1410,1215,736798232111,0
matmul_large_block04,1790333248.005986,4877299.694722172,395.371,67,1410,1215,736798232111,0
matmul_large_block04,1790333248.0559857,4877299.744721767,394.779,67,1410,1215,736798272188,0
matmul_large_block04,1790333248.105986,4877299.794722173,394.779,67,1410,1215,736798272188,0
matmul_large_block04,1790333248.1559849,4877299.844720998,395.371,67,1410,1215,736798311680,0
matmul_large_block04,1790333248.205984,4877299.894720063,395.371,67,1410,1215,736798311680,0
matmul_large_block04,1790333248.2559853,4877299.944721229,395.648,67,1410,1215,736798351535,0
matmul_large_block04,1790333248.3059857,4877299.994721814,395.648,67,1410,1215,736798351535,0
matmul_large_block04,1790333248.3559868,4877300.044723009,395.048,67,1410,1215,736798391466,0
matmul_large_block04,1790333248.4059834,4877300.094719625,395.048,67,1410,1215,736798391466,0
matmul_large_block04,1790333248.4559848,4877300.14472088,396.096,67,1410,1215,736798431389,0
matmul_large_block04,1790333248.5059862,4877300.194722315,396.096,67,1410,1215,736798431389,0
matmul_large_block04,1790333248.5559866,4877300.244722721,396.509,67,1410,1215,736798471313,0
matmul_large_block04,1790333248.605984,4877300.294719916,396.509,67,1410,1215,736798471313,0
matmul_large_block04,1790333248.6559818,4877300.344717851,396.509,67,1410,1215,736798511267,0
matmul_large_block04,1790333248.705984,4877300.394720007,396.509,67,1410,1215,736798511267,0
matmul_large_block04,1790333248.7559872,4877300.444723302,396.509,67,1410,1215,736798551210,0
matmul_large_block04,1790333248.8059843,4877300.494720177,396.509,67,1410,1215,736798551210,0
matmul_large_block04,1790333248.8559844,4877300.544720483,396.096,67,1410,1215,736798591188,0
matmul_large_block04,1790333248.9059837,4877300.594719848,396.096,67,1410,1215,736798591188,0
matmul_large_block04,1790333248.9559865,4877300.644722523,396.509,67,1410,1215,736798631226,0
matmul_large_block04,1790333249.005984,4877300.694719919,396.509,67,1410,1215,736798631226,0
matmul_large_block04,1790333249.055984,4877300.744720284,396.509,67,1410,1215,736798671221,0
matmul_large_block04,1790333249.1059856,4877300.794721479,396.509,67,1410,1215,736798671221,0
matmul_large_block04,1790333249.1559849,4877300.844720885,396.509,67,1410,1215,736798711267,0
matmul_large_block04,1790333249.2059846,4877300.89472064,396.509,67,1410,1215,736798711267,0
matmul_large_block04,1790333249.2559857,4877300.944721685,396.24,67,1410,1215,736798751178,0
matmul_large_block04,1790333249.3059843,4877300.994720181,396.24,67,1410,1215,736798751178,0
matmul_large_block04,1790333249.3559873,4877301.044723136,396.24,67,1410,1215,736798791161,0
matmul_large_block04,1790333249.405986,4877301.094722111,396.24,67,1410,1215,736798791161,0
matmul_large_block04,1790333249.4559872,4877301.144723307,396.24,67,1410,1215,736798831122,0
matmul_large_block04,1790333249.5059838,4877301.194719872,396.24,67,1410,1215,736798831122,0
matmul_large_block04,1790333249.555985,4877301.244720837,396.24,67,1410,1215,736798871106,0
matmul_large_block04,1790333249.6059847,4877301.294720753,396.24,67,1410,1215,736798871106,0
matmul_large_block04,1790333249.6559844,4877301.344720478,396.509,67,1410,1215,736798911064,0
matmul_large_block04,1790333249.7059836,4877301.394719873,396.509,67,1410,1215,736798911064,0
matmul_large_block04,1790333249.755984,4877301.444720049,396.24,67,1410,1215,736798951021,0
matmul_large_block04,1790333249.805987,4877301.494722954,396.24,67,1410,1215,736798951021,0
matmul_large_block04,1790333249.8559856,4877301.544721719,396.24,67,1410,1215,736798990935,0
matmul_large_block04,1790333249.9059849,4877301.594720925,396.24,67,1410,1215,736798990935,0
matmul_large_block04,1790333249.9559867,4877301.64472281,396.509,67,1410,1215,736799030930,0
matmul_large_block04,1790333250.0059845,4877301.694720445,396.509,67,1410,1215,736799030930,0
matmul_large_block04,1790333250.0559852,4877301.744721211,395.827,67,1410,1215,736799070931,0
matmul_large_block04,1790333250.1059875,4877301.794723656,395.827,67,1410,1215,736799070931,0
matmul_large_block04,1790333250.1559846,4877301.844720721,396.24,67,1410,1215,736799110925,0
matmul_large_block04,1790333250.2059834,4877301.894719397,396.24,67,1410,1215,736799110925,0
matmul_large_block04,1790333250.2559855,4877301.944721422,395.917,67,1410,1215,736799151038,0
matmul_large_block04,1790333250.3059843,4877301.994720317,395.917,67,1410,1215,736799151038,0
matmul_large_block04,1790333250.3559852,4877302.044721143,396.24,67,1410,1215,736799191095,0
matmul_large_block04,1790333250.4059863,4877302.094722288,396.24,67,1410,1215,736799191095,0
matmul_large_block04,1790333250.4559875,4877302.144723383,396.24,67,1410,1215,736799230910,0
matmul_large_block04,1790333250.5059843,4877302.194720289,396.24,67,1410,1215,736799230910,0
matmul_large_block04,1790333250.5559871,4877302.244723154,396.24,67,1410,1215,736799271137,0
matmul_large_block04,1790333250.605985,4877302.294721099,396.24,67,1410,1215,736799271137,0
matmul_large_block04,1790333250.6559842,4877302.344720195,396.24,67,1410,1215,736799311033,0
matmul_large_block04,1790333250.705985,4877302.39472112,396.24,67,1410,1215,736799311033,0
matmul_large_block04,1790333250.7559848,4877302.444720995,396.24,67,1410,1215,736799351236,0
matmul_large_block04,1790333250.805984,4877302.494720021,396.24,67,1410,1215,736799351236,0
matmul_large_block04,1790333250.8559854,4877302.544721696,396.509,67,1410,1215,736799390868,0
matmul_large_block04,1790333250.905986,4877302.594722041,396.509,67,1410,1215,736799390868,0
matmul_large_block04,1790333250.9559834,4877302.644719357,396.24,67,1410,1215,736799430918,0
matmul_large_block04,1790333251.0059862,4877302.694722222,396.24,67,1410,1215,736799430918,0
matmul_large_block04,1790333251.055985,4877302.744720897,395.917,67,1410,1215,736799470635,0
matmul_large_block04,1790333251.1059837,4877302.794719733,395.917,67,1410,1215,736799470635,0
matmul_large_block04,1790333251.1559842,4877302.844720148,395.648,67,1410,1215,736799510597,0
matmul_large_block04,1790333251.2059858,4877302.894721873,395.648,67,1410,1215,736799510597,0
matmul_large_block04,1790333251.2559867,4877302.944722749,396.24,67,1410,1215,736799550520,0
matmul_large_block04,1790333251.3059855,4877302.994721494,396.24,67,1410,1215,736799550520,0
matmul_large_block04,1790333251.3559875,4877303.044723619,395.371,67,1410,1215,736799590462,0
matmul_large_block04,1790333251.4059854,4877303.094721415,395.371,67,1410,1215,736799590462,0
matmul_large_block04,1790333251.4559863,4877303.14472224,395.371,67,1410,1215,736799630406,0
matmul_large_block04,1790333251.5059843,4877303.194720225,395.371,67,1410,1215,736799630406,0
matmul_large_block04,1790333251.5559857,4877303.244721681,395.371,67,1410,1215,736799670570,0
matmul_large_block04,1790333251.6059837,4877303.294719686,395.371,67,1410,1215,736799670570,0
matmul_large_block04,1790333251.6559844,4877303.344720361,395.371,68,1410,1215,736799710479,0
matmul_large_block04,1790333251.7059855,4877303.394721677,395.371,68,1410,1215,736799710479,0
matmul_large_block04,1790333251.7559838,4877303.444719942,395.048,68,1410,1215,736799750256,0
matmul_large_block04,1790333251.8059843,4877303.494720197,395.048,68,1410,1215,736799750256,0
matmul_large_block04,1790333251.855984,4877303.544719973,395.371,68,1410,1215,736799790106,0
matmul_large_block04,1790333251.9059863,4877303.594722228,395.371,68,1410,1215,736799790106,0
matmul_large_block04,1790333251.9559839,4877303.644719883,395.371,68,1410,1215,736799830061,0
matmul_large_block04,1790333252.0059857,4877303.694721899,395.371,68,1410,1215,736799830061,0
matmul_large_block04,1790333252.0559874,4877303.744723404,395.048,68,1410,1215,736799869928,0
matmul_large_block04,1790333252.105981,4877303.794717269,395.048,68,1410,1215,736799869928,0
matmul_large_block04,1790333252.1559856,4877303.844721625,395.048,68,1410,1215,736799909952,0
matmul_large_block05,1790333252.1670306,4877303.855766358,395.048,68,1410,1215,736799909952,0
matmul_large_block05,1790333252.2171483,4877303.905884552,395.048,68,1410,1215,736799909952,0
matmul_large_block05,1790333252.2671387,4877303.955874697,395.048,67,1410,1215,736799948219,0
matmul_large_block05,1790333252.3171394,4877304.005875432,395.048,67,1410,1215,736799948219,0
matmul_large_block05,1790333252.367152,4877304.055888027,395.917,67,1410,1215,736799988265,0
matmul_large_block05,1790333252.4171503,4877304.105886303,395.917,67,1410,1215,736799988265,0
matmul_large_block05,1790333252.4671493,4877304.155885318,396.509,67,1410,1215,736800028185,0
matmul_large_block05,1790333252.5171516,4877304.205887594,396.509,67,1410,1215,736800028185,0
matmul_large_block05,1790333252.5671494,4877304.255885379,396.785,67,1410,1215,736800068213,0
matmul_large_block05,1790333252.6171494,4877304.305885544,396.785,67,1410,1215,736800068213,0
matmul_large_block05,1790333252.66715,4877304.35588611,396.785,68,1410,1215,736800108177,0
matmul_large_block05,1790333252.7171504,4877304.405886695,396.785,68,1410,1215,736800108177,0
matmul_large_block05,1790333252.767152,4877304.45588818,396.785,68,1410,1215,736800148191,0
matmul_large_block05,1790333252.8171499,4877304.505886075,396.785,68,1410,1215,736800148191,0
matmul_large_block05,1790333252.8671525,4877304.555888421,396.509,68,1410,1215,736800188068,0
matmul_large_block05,1790333252.9171505,4877304.605886416,396.509,68,1410,1215,736800188068,0
matmul_large_block05,1790333252.9671526,4877304.655888681,396.24,68,1410,1215,736800228120,0
matmul_large_block05,1790333253.0171497,4877304.705885637,396.24,68,1410,1215,736800228120,0
matmul_large_block05,1790333253.067152,4877304.755888222,396.24,68,1410,1215,736800268091,0
matmul_large_block05,1790333253.1171496,4877304.805885678,396.24,68,1410,1215,736800268091,0
matmul_large_block05,1790333253.167149,4877304.855885063,395.827,68,1410,1215,736800308172,0
matmul_large_block05,1790333253.2171512,4877304.905887218,395.827,68,1410,1215,736800308172,0
matmul_large_block05,1790333253.2671514,4877304.955887443,396.24,68,1410,1215,736800348108,0
matmul_large_block05,1790333253.3171492,4877305.005885339,396.24,68,1410,1215,736800348108,0
matmul_large_block05,1790333253.3671513,4877305.055887334,396.24,68,1410,1215,736800388092,0
matmul_large_block05,1790333253.4171515,4877305.105887509,396.24,68,1410,1215,736800388092,0
matmul_large_block05,1790333253.4671504,4877305.155886395,396.24,68,1410,1215,736800428037,0
matmul_large_block05,1790333253.5171487,4877305.20588477,396.24,68,1410,1215,736800428037,0
matmul_large_block05,1790333253.567151,4877305.255887246,395.917,68,1410,1215,736800468038,0
matmul_large_block05,1790333253.6171515,4877305.305887491,395.917,68,1410,1215,736800468038,0
matmul_large_block05,1790333253.6671503,4877305.355886286,395.827,68,1410,1215,736800508210,0
matmul_large_block05,1790333253.7171516,4877305.405887721,395.827,68,1410,1215,736800508210,0
matmul_large_block05,1790333253.7671504,4877305.455886467,395.827,68,1410,1215,736800548012,0
matmul_large_block05,1790333253.8171518,4877305.505887712,395.827,68,1410,1215,736800548012,0
matmul_large_block05,1790333253.867153,4877305.555888837,395.917,68,1410,1215,736800587986,0
matmul_large_block05,1790333253.9171507,4877305.605886853,395.917,68,1410,1215,736800587986,0
matmul_large_block05,1790333253.967152,4877305.655888278,395.648,68,1410,1215,736800627899,0
matmul_large_block05,1790333254.0171497,4877305.705885624,395.648,68,1410,1215,736800627899,0
matmul_large_block05,1790333254.067151,4877305.755887299,395.648,68,1410,1215,736800667882,0
matmul_large_block05,1790333254.1171494,4877305.805885444,395.648,68,1410,1215,736800667882,0
matmul_large_block05,1790333254.1671498,4877305.855885999,395.648,68,1410,1215,736800707920,0
matmul_large_block05,1790333254.2171524,4877305.905888235,395.648,68,1410,1215,736800707920,0
matmul_large_block05,1790333254.2671518,4877305.95588782,395.917,68,1410,1215,736800747881,0
matmul_large_block05,1790333254.317152,4877306.005888095,395.917,68,1410,1215,736800747881,0
matmul_large_block05,1790333254.3671498,4877306.055885961,395.371,68,1410,1215,736800787932,0
matmul_large_block05,1790333254.4171488,4877306.105885036,395.371,68,1410,1215,736800787932,0
matmul_large_block05,1790333254.4671495,4877306.155885681,395.371,68,1410,1215,736800827898,0
matmul_large_block05,1790333254.5171523,4877306.205888177,395.371,68,1410,1215,736800827898,0
matmul_large_block05,1790333254.5671506,4877306.255886512,395.371,68,1410,1215,736800867981,0
matmul_large_block05,1790333254.6171496,4877306.305885787,395.371,68,1410,1215,736800867981,0
matmul_large_block05,1790333254.6671515,4877306.355887373,395.371,68,1410,1215,736800907925,0
matmul_large_block05,1790333254.7171524,4877306.405888208,395.371,68,1410,1215,736800907925,0
matmul_large_block05,1790333254.76715,4877306.455885893,395.371,68,1410,1215,736800947999,0
matmul_large_block05,1790333254.8171504,4877306.505886469,395.371,68,1410,1215,736800947999,0
matmul_large_block05,1790333254.8671494,4877306.555885344,395.648,68,1410,1215,736800987947,0
matmul_large_block05,1790333254.9171488,4877306.605885049,395.648,68,1410,1215,736800987947,0
matmul_large_block05,1790333254.9671504,4877306.655886455,395.236,68,1410,1215,736801028077,0
matmul_large_block05,1790333255.0171509,4877306.70588709,395.236,68,1410,1215,736801028077,0
matmul_large_block05,1790333255.0671515,4877306.755887575,395.648,68,1410,1215,736801068088,0
matmul_large_block05,1790333255.1171513,4877306.805887391,395.648,68,1410,1215,736801068088,0
matmul_large_block05,1790333255.167149,4877306.855885146,395.917,68,1410,1215,736801068088,0
matmul_large_block05,1790333255.217148,4877306.905884301,395.917,68,1410,1215,736801108639,0
matmul_large_block05,1790333255.2671487,4877306.955884847,395.648,68,1410,1215,736801108639,0
matmul_large_block05,1790333255.3171508,4877307.005886702,395.648,68,1410,1215,736801148308,0
matmul_large_block05,1790333255.3671513,4877307.055887277,395.648,68,1410,1215,736801148308,0
matmul_large_block05,1790333255.417149,4877307.105885333,395.648,68,1410,1215,736801188137,0
matmul_large_block05,1790333255.4671514,4877307.155887298,395.505,68,1410,1215,736801188137,0
matmul_large_block05,1790333255.5171494,4877307.205885473,395.505,68,1410,1215,736801228121,0
matmul_large_block05,1790333255.5671487,4877307.255884839,396.24,68,1410,1215,736801228121,0
matmul_large_block05,1790333255.6171515,4877307.305887484,396.24,68,1410,1215,736801268208,0
matmul_large_block05,1790333255.6671486,4877307.355884629,396.24,68,1410,1215,736801268208,0
matmul_large_block05,1790333255.7171512,4877307.405887365,396.24,68,1410,1215,736801308149,0
matmul_large_block05,1790333255.767148,4877307.45588416,396.24,68,1410,1215,736801308149,0
matmul_large_block05,1790333255.8171494,4877307.505885555,396.24,68,1410,1215,736801348286,0
matmul_large_block05,1790333255.8671486,4877307.555884701,396.24,68,1410,1215,736801348286,0
matmul_large_block05,1790333255.9171515,4877307.605887556,396.24,68,1410,1215,736801388320,0
matmul_large_block05,1790333255.9671493,4877307.655885481,396.24,68,1410,1215,736801388320,0
matmul_large_block05,1790333256.017148,4877307.705883907,396.24,68,1410,1215,736801428442,0
matmul_large_block05,1790333256.067148,4877307.755884092,396.24,68,1410,1215,736801428442,0
matmul_large_block05,1790333256.1171505,4877307.805886597,396.24,68,1410,1215,736801468483,0
matmul_large_block05,1790333256.1671507,4877307.855886783,397.377,68,1410,1215,736801468483,0
matmul_large_block05,1790333256.2171514,4877307.905887538,397.377,68,1410,1215,736801508630,0
matmul_large_block05,1790333256.2671497,4877307.955885663,396.24,68,1410,1215,736801508630,0
matmul_large_block05,1790333256.3171487,4877308.005884809,396.24,68,1410,1215,736801548633,0
matmul_large_block05,1790333256.3671494,4877308.055885414,397.108,68,1410,1215,736801548633,0
matmul_large_block05,1790333256.4171488,4877308.105884999,397.108,68,1410,1215,736801588695,0
matmul_large_block05,1790333256.4671519,4877308.155887885,397.377,68,1410,1215,736801588695,0
matmul_large_block05,1790333256.517151,4877308.20588736,397.377,68,1410,1215,736801628743,0
matmul_large_block05,1790333256.56716,4877308.255895965,397.377,68,1410,1215,736801628743,0
matmul_large_block05,1790333256.617149,4877308.305885311,397.377,68,1410,1215,736801668847,0
matmul_large_block05,1790333256.6671505,4877308.355886566,397.377,68,1410,1215,736801668847,0
matmul_large_block05,1790333256.717151,4877308.405887081,397.377,68,1410,1215,736801708912,0
matmul_large_block05,1790333256.7671509,4877308.455886987,397.377,68,1410,1215,736801708912,0
matmul_large_block05,1790333256.8171494,4877308.505885532,397.377,68,1410,1215,736801748995,0
matmul_large_block05,1790333256.8671503,4877308.555886417,397.108,68,1410,1215,736801748995,0
matmul_large_block05,1790333256.9171531,4877308.605888953,397.108,68,1410,1215,736801788164,0
matmul_large_block05,1790333256.9671555,4877308.655891648,396.509,68,1410,1215,736801788164,0
matmul_large_block05,1790333257.017151,4877308.705887393,396.509,68,1410,1215,736801828165,0
matmul_large_block05,1790333257.0671506,4877308.755886719,396.24,68,1410,1215,736801828165,0
matmul_large_block05,1790333257.1171505,4877308.805886434,396.24,68,1410,1215,736801868204,0
matmul_large_block05,1790333257.1671512,4877308.855887109,396.509,68,1410,1215,736801868204,0
matmul_large_block05,1790333257.2171504,4877308.905886475,396.509,68,1410,1215,736801908327,0
matmul_large_block05,1790333257.267148,4877308.95588414,395.827,68,1410,1215,736801908327,0
matmul_large_block05,1790333257.317149,4877309.005885095,395.827,68,1410,1215,736801948331,0
matmul_large_block05,1790333257.3671494,4877309.055885451,395.917,68,1410,1215,736801948331,0
matmul_large_block05,1790333257.417151,4877309.105887146,395.917,68,1410,1215,736801988379,0
matmul_large_block05,1790333257.4671514,4877309.155887341,396.24,68,1410,1215,736801988379,0
matmul_large_block05,1790333257.517151,4877309.205887337,396.24,68,1410,1215,736802028344,0
matmul_large_block05,1790333257.5671487,4877309.255884802,395.917,68,1410,1215,736802028344,0
matmul_large_block05,1790333257.6171513,4877309.305887157,395.917,68,1410,1215,736802068327,0
matmul_large_block05,1790333257.6671503,4877309.355886303,395.917,68,1410,1215,736802068327,0
matmul_large_block05,1790333257.7171476,4877309.405883818,395.917,68,1410,1215,736802108277,0
matmul_large_block05,1790333257.7671485,4877309.455884493,395.917,68,1410,1215,736802108277,0
matmul_large_block05,1790333257.8171504,4877309.505886499,395.917,68,1410,1215,736802148326,0
matmul_large_block05,1790333257.867151,4877309.555887064,395.648,68,1410,1215,736802148326,0
matmul_large_block05,1790333257.9171503,4877309.605886139,395.648,68,1410,1215,736802188294,0
matmul_large_block05,1790333257.967152,4877309.655888205,395.917,68,1410,1215,736802188294,0
matmul_large_block05,1790333258.017149,4877309.70588497,395.917,68,1410,1215,736802228356,0
matmul_large_block05,1790333258.0671515,4877309.755887605,395.648,68,1410,1215,736802228356,0
matmul_large_block05,1790333258.1171873,4877309.80592326,395.648,68,1410,1215,736802268370,0
matmul_large_block05,1790333258.167152,4877309.855887856,395.917,68,1410,1215,736802268370,0
matmul_large_block05,1790333258.2171497,4877309.905885621,395.917,68,1410,1215,736802308493,0
matmul_large_block05,1790333258.2671485,4877309.955884587,395.917,68,1410,1215,736802308493,0
matmul_large_block05,1790333258.3171513,4877310.005887262,395.917,68,1410,1215,736802348497,0
matmul_large_block05,1790333258.3671505,4877310.055886617,395.917,68,1410,1215,736802348497,0
matmul_large_block05,1790333258.4171503,4877310.105886313,395.917,68,1410,1215,736802388479,0
matmul_large_block05,1790333258.4671514,4877310.155887318,395.917,68,1410,1215,736802388479,0
matmul_large_block05,1790333258.5171497,4877310.205885813,395.917,68,1410,1215,736802428436,0
matmul_large_block05,1790333258.5671492,4877310.255885159,395.917,68,1410,1215,736802428436,0
matmul_large_block05,1790333258.6171486,4877310.305884604,395.917,68,1410,1215,736802468566,0
matmul_large_block05,1790333258.6671495,4877310.355885699,395.917,68,1410,1215,736802468566,0
matmul_large_block05,1790333258.717151,4877310.405887065,395.917,68,1410,1215,736802508545,0
matmul_large_block05,1790333258.767151,4877310.45588725,396.24,68,1410,1215,736802508545,0
matmul_large_block05,1790333258.817149,4877310.505884935,396.24,68,1410,1215,736802548622,0
matmul_large_block05,1790333258.8671494,4877310.555885411,396.24,68,1410,1215,736802548622,0
matmul_large_block05,1790333258.9171531,4877310.605889106,396.24,68,1410,1215,736802588606,0
matmul_large_block05,1790333258.967149,4877310.655885161,396.24,68,1410,1215,736802588606,0
matmul_large_block05,1790333259.0171483,4877310.705884287,396.24,68,1410,1215,736802628669,0
matmul_large_block05,1790333259.0671492,4877310.755885212,397.7,68,1410,1215,736802628669,0
matmul_large_block05,1790333259.1171503,4877310.805886267,397.7,68,1410,1215,736802668613,0
matmul_large_block05,1790333259.1671486,4877310.855884683,397.7,68,1410,1215,736802668613,0
matmul_large_block05,1790333259.217151,4877310.905887088,397.7,68,1410,1215,736802708584,0
matmul_large_block05,1790333259.2671492,4877310.955885253,397.377,68,1410,1215,736802708584,0
matmul_large_block05,1790333259.3171508,4877311.005886799,397.377,68,1410,1215,736802748674,0
matmul_large_block05,1790333259.3671489,4877311.055884934,397.377,68,1410,1215,736802748674,0
matmul_large_block05,1790333259.4171512,4877311.105887149,397.377,68,1410,1215,736802788706,0
matmul_large_block05,1790333259.467152,4877311.155888095,397.377,68,1410,1215,736802788706,0
matmul_large_block05,1790333259.5171494,4877311.20588535,397.377,68,1410,1215,736802828751,0
matmul_large_block05,1790333259.567148,4877311.255884135,397.377,68,1410,1215,736802828751,0
matmul_large_block05,1790333259.617151,4877311.3058871,397.377,68,1410,1215,736802868838,0
matmul_large_block05,1790333259.667149,4877311.355885046,397.377,68,1410,1215,736802868838,0
matmul_large_block05,1790333259.717149,4877311.405884941,397.377,68,1410,1215,736802908935,0
matmul_large_block05,1790333259.7671487,4877311.455884877,397.7,68,1410,1215,736802908935,0
matmul_large_block05,1790333259.8171492,4877311.505885252,397.7,68,1410,1215,736802948983,0
matmul_large_block05,1790333259.867151,4877311.555887147,397.108,68,1410,1215,736802948983,0
matmul_large_block05,1790333259.917152,4877311.605888023,397.108,68,1410,1215,736802988985,0
matmul_large_block05,1790333259.9671514,4877311.655887518,397.108,68,1410,1215,736802988985,0
matmul_large_block05,1790333260.01715,4877311.705885943,397.108,68,1410,1215,736803029002,0
matmul_large_block05,1790333260.0671482,4877311.755884348,397.377,68,1410,1215,736803029002,0
matmul_large_block05,1790333260.1171503,4877311.805886274,397.377,68,1410,1215,736803069071,0
matmul_large_block05,1790333260.1671522,4877311.855888109,396.785,68,1410,1215,736803069071,0
matmul_large_block05,1790333260.2171514,4877311.905887554,396.785,68,1410,1215,736803109081,0
matmul_large_block05,1790333260.2671509,4877311.95588691,396.785,68,1410,1215,736803109081,0
matmul_large_block05,1790333260.3171496,4877312.005885795,396.785,68,1410,1215,736803149114,0
matmul_large_block05,1790333260.3671508,4877312.055886781,396.785,68,1410,1215,736803149114,0
matmul_large_block05,1790333260.4171512,4877312.105887226,396.785,68,1410,1215,736803189225,0
matmul_large_block05,1790333260.467151,4877312.155886841,396.785,68,1410,1215,736803189225,0
matmul_large_block05,1790333260.5171502,4877312.205886296,396.785,68,1410,1215,736803229229,0
matmul_large_block05,1790333260.5671494,4877312.255885452,396.509,68,1410,1215,736803229229,0
matmul_large_block05,1790333260.6171508,4877312.305886877,396.509,68,1410,1215,736803269324,0
matmul_large_block05,1790333260.6671512,4877312.355887162,396.509,68,1410,1215,736803269324,0
matmul_large_block05,1790333260.717149,4877312.405885078,396.509,68,1410,1215,736803309365,0
matmul_large_block05,1790333260.7671516,4877312.455887613,396.785,68,1410,1215,736803309365,0
matmul_large_block05,1790333260.8171484,4877312.505884529,396.785,68,1410,1215,736803349482,0
matmul_large_block05,1790333260.867149,4877312.555885184,396.785,68,1410,1215,736803349482,0
matmul_large_block05,1790333260.9171512,4877312.605887389,396.785,68,1410,1215,736803389541,0
matmul_large_block05,1790333260.9671493,4877312.655885354,396.785,68,1410,1215,736803389541,0
matmul_large_block05,1790333261.017151,4877312.70588733,396.785,68,1410,1215,736803389541,0
matmul_large_block05,1790333261.067151,4877312.755887195,397.108,68,1410,1215,736803430158,0
matmul_large_block05,1790333261.117148,4877312.80588398,397.108,68,1410,1215,736803430158,0
matmul_large_block05,1790333261.167149,4877312.855885216,396.785,68,1410,1215,736803469872,0
matmul_large_block05,1790333261.217149,4877312.905884981,396.785,68,1410,1215,736803469872,0
matmul_large_block05,1790333261.2671487,4877312.955884747,396.509,68,1410,1215,736803509643,0
matmul_large_block05,1790333261.3171508,4877313.005886732,396.509,68,1410,1215,736803509643,0
matmul_large_block05,1790333261.3671486,4877313.055884647,396.24,68,1410,1215,736803549662,0
matmul_large_block05,1790333261.41715,4877313.105885962,396.24,68,1410,1215,736803549662,0
matmul_large_block05,1790333261.4671512,4877313.155887128,396.24,68,1410,1215,736803589753,0
matmul_large_block05,1790333261.5171497,4877313.205885663,396.24,68,1410,1215,736803589753,0
matmul_large_block05,1790333261.5671487,4877313.255884858,396.24,68,1410,1215,736803629784,0
matmul_large_block05,1790333261.617151,4877313.305886904,396.24,68,1410,1215,736803629784,0
matmul_large_block05,1790333261.6671507,4877313.355886899,396.24,68,1410,1215,736803669887,0
matmul_large_block05,1790333261.7171483,4877313.405884454,396.24,68,1410,1215,736803669887,0
matmul_large_block05,1790333261.7671485,4877313.45588466,396.24,68,1410,1215,736803709963,0
matmul_large_block05,1790333261.8171484,4877313.505884445,396.24,68,1410,1215,736803709963,0
matmul_large_block05,1790333261.8671496,4877313.55588557,396.24,68,1410,1215,736803750053,0
matmul_large_block05,1790333261.9171486,4877313.605884606,396.24,68,1410,1215,736803750053,0
matmul_large_block05,1790333261.9671493,4877313.655885361,396.24,68,1410,1215,736803790092,0
matmul_large_block05,1790333262.0171516,4877313.705887426,396.24,68,1410,1215,736803790092,0
matmul_large_block05,1790333262.0671515,4877313.755887622,396.509,68,1410,1215,736803830192,0
matmul_large_block05,1790333262.1171494,4877313.805885367,396.509,68,1410,1215,736803830192,0
matmul_large_block05,1790333262.1671486,4877313.855884612,396.24,68,1410,1215,736803870273,0
matmul_large_block06,1790333262.1785707,4877313.867306631,396.24,68,1410,1215,736803870273,0
matmul_large_block06,1790333262.228682,4877313.917418245,396.24,68,1410,1215,736803908631,0
matmul_large_block06,1790333262.2786813,4877313.967417211,394.456,67,1410,1215,736803908631,0
matmul_large_block06,1790333262.3286796,4877314.017415676,394.456,67,1410,1215,736803948689,0
matmul_large_block06,1790333262.3786898,4877314.067425761,397.969,68,1410,1215,736803948689,0
matmul_large_block06,1790333262.4286919,4877314.117427886,397.969,68,1410,1215,736803948689,0
matmul_large_block06,1790333262.478692,4877314.167428152,397.7,68,1410,1215,736803989243,0
matmul_large_block06,1790333262.52869,4877314.217426267,397.7,68,1410,1215,736803989243,0
matmul_large_block06,1790333262.5786927,4877314.267428682,398.246,68,1410,1215,736804028979,0
matmul_large_block06,1790333262.62869,4877314.317426098,398.246,68,1410,1215,736804028979,0
matmul_large_block06,1790333262.678692,4877314.367428023,398.246,68,1410,1215,736804068883,0
matmul_large_block06,1790333262.728692,4877314.417428008,398.246,68,1410,1215,736804068883,0
matmul_large_block06,1790333262.7786913,4877314.467427384,397.969,68,1410,1215,736804108942,0
matmul_large_block06,1790333262.8286874,4877314.517423459,397.969,68,1410,1215,736804108942,0
matmul_large_block06,1790333262.8786922,4877314.567428144,398.246,68,1410,1215,736804149145,0
matmul_large_block06,1790333262.92869,4877314.61742616,398.246,68,1410,1215,736804149145,0
matmul_large_block06,1790333262.978692,4877314.667428235,398.246,68,1410,1215,736804189074,0
matmul_large_block06,1790333263.0286896,4877314.71742577,398.246,68,1410,1215,736804189074,0
matmul_large_block06,1790333263.0786912,4877314.767427476,398.246,68,1410,1215,736804229445,0
matmul_large_block06,1790333263.1286926,4877314.817428781,398.246,68,1410,1215,736804229445,0
matmul_large_block06,1790333263.1786923,4877314.867428396,397.969,68,1410,1215,736804269207,0
matmul_large_block06,1790333263.22869,4877314.917425982,397.969,68,1410,1215,736804269207,0
matmul_large_block06,1790333263.2786903,4877314.967426547,397.969,68,1410,1215,736804309485,0
matmul_large_block06,1790333263.328692,4877315.017428002,397.969,68,1410,1215,736804309485,0
matmul_large_block06,1790333263.37869,4877315.067426198,397.969,68,1410,1215,736804349613,0
matmul_large_block06,1790333263.4286926,4877315.117428513,397.969,68,1410,1215,736804349613,0
matmul_large_block06,1790333263.4786918,4877315.167427938,397.969,68,1410,1215,736804389537,0
matmul_large_block06,1790333263.5286906,4877315.217426644,397.969,68,1410,1215,736804389537,0
matmul_large_block06,1790333263.5786903,4877315.267426399,397.7,68,1410,1215,736804429580,0
matmul_large_block06,1790333263.6286905,4877315.317426604,397.7,68,1410,1215,736804429580,0
matmul_large_block06,1790333263.6786895,4877315.36742562,397.969,68,1410,1215,736804469666,0
matmul_large_block06,1790333263.7286918,4877315.417427755,397.969,68,1410,1215,736804469666,0
matmul_large_block06,1790333263.77869,4877315.46742608,397.7,68,1410,1215,736804509790,0
matmul_large_block06,1790333263.8286922,4877315.517428366,397.7,68,1410,1215,736804509790,0
matmul_large_block06,1790333263.8786929,4877315.567428971,397.7,68,1410,1215,736804549931,0
matmul_large_block06,1790333263.9286902,4877315.617426096,397.7,68,1410,1215,736804549931,0
matmul_large_block06,1790333263.9786925,4877315.667428742,397.377,68,1410,1215,736804590021,0
matmul_large_block06,1790333264.0286913,4877315.717427187,397.377,68,1410,1215,736804590021,0
matmul_large_block06,1790333264.0786889,4877315.767424852,397.7,68,1410,1215,736804630155,0
matmul_large_block06,1790333264.1286912,4877315.817427268,397.7,68,1410,1215,736804630155,0
matmul_large_block06,1790333264.178689,4877315.867425023,397.377,68,1410,1215,736804670286,0
matmul_large_block06,1790333264.2286923,4877315.917428228,397.377,68,1410,1215,736804670286,0
matmul_large_block06,1790333264.2786922,4877315.967428384,397.108,68,1410,1215,736804710394,0
matmul_large_block06,1790333264.328693,4877316.017429079,397.108,68,1410,1215,736804710394,0
matmul_large_block06,1790333264.3786883,4877316.067424314,397.108,68,1410,1215,736804750424,0
matmul_large_block06,1790333264.4286902,4877316.11742635,397.108,68,1410,1215,736804750424,0
matmul_large_block06,1790333264.4786909,4877316.167426775,397.108,68,1410,1215,736804790495,0
matmul_large_block06,1790333264.528693,4877316.21742892,397.108,68,1410,1215,736804790495,0
matmul_large_block06,1790333264.5786924,4877316.267428356,397.108,68,1410,1215,736804830577,0
matmul_large_block06,1790333264.6286922,4877316.317428361,397.108,68,1410,1215,736804830577,0
matmul_large_block06,1790333264.6786923,4877316.367428386,396.785,68,1410,1215,736804870627,0
matmul_large_block06,1790333264.7286894,4877316.417425552,396.785,68,1410,1215,736804870627,0
matmul_large_block06,1790333264.7786915,4877316.467427507,396.785,68,1410,1215,736804910674,0
matmul_large_block06,1790333264.8286927,4877316.517428692,396.785,68,1410,1215,736804910674,0
matmul_large_block06,1790333264.8786922,4877316.567428258,397.108,68,1410,1215,736804950836,0
matmul_large_block06,1790333264.928689,4877316.617424883,397.108,68,1410,1215,736804950836,0
matmul_large_block06,1790333264.9786916,4877316.667427498,397.108,68,1410,1215,736804990940,0
matmul_large_block06,1790333265.0286903,4877316.717426474,397.108,68,1410,1215,736804990940,0
matmul_large_block06,1790333265.0786903,4877316.767426219,397.377,68,1410,1215,736805031027,0
matmul_large_block06,1790333265.1286893,4877316.817425484,397.377,68,1410,1215,736805031027,0
matmul_large_block06,1790333265.178692,4877316.86742814,397.108,68,1410,1215,736805071204,0
matmul_large_block06,1790333265.2286928,4877316.917428715,397.108,68,1410,1215,736805071204,0
matmul_large_block06,1790333265.278689,4877316.96742495,397.108,68,1410,1215,736805111310,0
matmul_large_block06,1790333265.3286915,4877317.017427486,397.108,68,1410,1215,736805111310,0
matmul_large_block06,1790333265.3786895,4877317.067425671,397.108,68,1410,1215,736805151406,0
matmul_large_block06,1790333265.4286914,4877317.117427626,397.108,68,1410,1215,736805151406,0
matmul_large_block06,1790333265.4786918,4877317.167427902,397.377,68,1410,1215,736805191509,0
matmul_large_block06,1790333265.528692,4877317.217427927,397.377,68,1410,1215,736805191509,0
matmul_large_block06,1790333265.5786893,4877317.267425372,397.108,68,1410,1215,736805231543,0
matmul_large_block06,1790333265.6286893,4877317.317425348,397.108,68,1410,1215,736805231543,0
matmul_large_block06,1790333265.6786902,4877317.367426343,397.108,68,1410,1215,736805271687,0
matmul_large_block06,1790333265.7286923,4877317.417428138,397.108,68,1410,1215,736805271687,0
matmul_large_block06,1790333265.7786918,4877317.467427894,397.7,68,1410,1215,736805311786,0
matmul_large_block06,1790333265.828692,4877317.517427979,397.7,68,1410,1215,736805311786,0
matmul_large_block06,1790333265.8786917,4877317.567427724,397.7,68,1410,1215,736805351902,0
matmul_large_block06,1790333265.9286919,4877317.617427949,397.7,68,1410,1215,736805351902,0
matmul_large_block06,1790333265.978692,4877317.667428215,397.377,68,1410,1215,736805391960,0
matmul_large_block06,1790333266.028692,4877317.71742794,397.377,68,1410,1215,736805391960,0
matmul_large_block06,1790333266.0786893,4877317.767425266,398.569,68,1410,1215,736805432106,0
matmul_large_block06,1790333266.1286922,4877317.817428141,398.569,68,1410,1215,736805432106,0
matmul_large_block06,1790333266.1786916,4877317.867427616,398.569,68,1410,1215,736805472279,0
matmul_large_block06,1790333266.22869,4877317.917425952,398.569,68,1410,1215,736805472279,0
matmul_large_block06,1790333266.2786913,4877317.967427347,398.569,68,1410,1215,736805512419,0
matmul_large_block06,1790333266.3286917,4877318.017427842,398.569,68,1410,1215,736805512419,0
matmul_large_block06,1790333266.378692,4877318.067428017,398.569,68,1410,1215,736805552563,0
matmul_large_block06,1790333266.4286926,4877318.117428393,398.569,68,1410,1215,736805552563,0
matmul_large_block06,1790333266.4786873,4877318.167423258,398.838,68,1410,1215,736805592767,0
matmul_large_block06,1790333266.5286896,4877318.217425754,398.838,68,1410,1215,736805592767,0
matmul_large_block06,1790333266.5786917,4877318.267427899,398.423,68,1410,1215,736805632897,0
matmul_large_block06,1790333266.6286883,4877318.317424304,398.423,68,1410,1215,736805632897,0
matmul_large_block06,1790333266.6786919,4877318.36742785,398.569,68,1410,1215,736805673052,0
matmul_large_block06,1790333266.7286892,4877318.417425215,398.569,68,1410,1215,736805673052,0
matmul_large_block06,1790333266.7786918,4877318.46742794,398.569,68,1410,1215,736805713147,0
matmul_large_block06,1790333266.828692,4877318.517428115,398.569,68,1410,1215,736805713147,0
matmul_large_block06,1790333266.8786893,4877318.567425361,398.569,68,1410,1215,736805753345,0
matmul_large_block06,1790333266.9286923,4877318.617428166,398.569,68,1410,1215,736805753345,0
matmul_large_block06,1790333266.9786928,4877318.667428971,398.838,68,1410,1215,736805793438,0
matmul_large_block06,1790333267.0286903,4877318.717426507,398.838,68,1410,1215,736805793438,0
matmul_large_block06,1790333267.0786912,4877318.767427302,398.246,68,1410,1215,736805833588,0
matmul_large_block06,1790333267.1286917,4877318.817427728,398.246,68,1410,1215,736805833588,0
matmul_large_block06,1790333267.1786914,4877318.867427343,398.246,68,1410,1215,736805873720,0
matmul_large_block06,1790333267.2286892,4877318.917425278,398.246,68,1410,1215,736805873720,0
matmul_large_block06,1790333267.2786915,4877318.967427673,398.569,68,1410,1215,736805913892,0
matmul_large_block06,1790333267.3286915,4877319.017427569,398.569,68,1410,1215,736805913892,0
matmul_large_block06,1790333267.3786917,4877319.067427504,397.969,68,1410,1215,736805954042,0
matmul_large_block06,1790333267.4286916,4877319.117427639,397.969,68,1410,1215,736805954042,0
matmul_large_block06,1790333267.4786894,4877319.167425635,397.969,68,1410,1215,736805994141,0
matmul_large_block06,1790333267.5286896,4877319.21742564,397.969,68,1410,1215,736805994141,0
matmul_large_block06,1790333267.5786922,4877319.267428046,397.7,68,1410,1215,736806034260,0
matmul_large_block06,1790333267.6286914,4877319.317427441,397.7,68,1410,1215,736806034260,0
matmul_large_block06,1790333267.678691,4877319.367426796,397.969,68,1410,1215,736806074342,0
matmul_large_block06,1790333267.7286897,4877319.417425591,397.969,68,1410,1215,736806074342,0
matmul_large_block06,1790333267.7786903,4877319.467426317,397.377,68,1410,1215,736806114396,0
matmul_large_block06,1790333267.828691,4877319.517427042,397.377,68,1410,1215,736806114396,0
matmul_large_block06,1790333267.8786917,4877319.567427507,397.377,68,1410,1215,736806154502,0
matmul_large_block06,1790333267.928689,4877319.617424903,397.377,68,1410,1215,736806154502,0
matmul_large_block06,1790333267.9786894,4877319.667425558,397.108,68,1410,1215,736806194559,0
matmul_large_block06,1790333268.0286899,4877319.717426084,397.108,68,1410,1215,736806194559,0
matmul_large_block06,1790333268.0786917,4877319.767427909,396.785,68,1410,1215,736806234636,0
matmul_large_block06,1790333268.1286888,4877319.817424924,396.785,68,1410,1215,736806234636,0
matmul_large_block06,1790333268.1786933,4877319.867429309,396.785,68,1410,1215,736806274681,0
matmul_large_block06,1790333268.228692,4877319.917428105,396.785,68,1410,1215,736806274681,0
matmul_large_block06,1790333268.278692,4877319.96742805,396.785,68,1410,1215,736806314731,0
matmul_large_block06,1790333268.3286626,4877320.017398596,396.785,68,1410,1215,736806314731,0
matmul_large_block06,1790333268.378692,4877320.067427831,396.785,68,1410,1215,736806354818,0
matmul_large_block06,1790333268.4286919,4877320.117428076,396.785,68,1410,1215,736806354818,0
matmul_large_block06,1790333268.4786916,4877320.167427681,396.509,68,1410,1215,736806354818,0
matmul_large_block06,1790333268.5286918,4877320.217427827,396.509,68,1410,1215,736806395263,0
matmul_large_block06,1790333268.5786903,4877320.267426262,396.785,68,1410,1215,736806395263,0
matmul_large_block06,1790333268.6286902,4877320.317426297,396.785,68,1410,1215,736806435081,0
matmul_large_block06,1790333268.6786923,4877320.367428413,396.509,68,1410,1215,736806435081,0
matmul_large_block06,1790333268.728689,4877320.417424978,396.509,68,1410,1215,736806475089,0
matmul_large_block06,1790333268.7786906,4877320.467426733,396.509,68,1410,1215,736806475089,0
matmul_large_block06,1790333268.8286922,4877320.517428359,396.509,68,1410,1215,736806515222,0
matmul_large_block06,1790333268.8786955,4877320.567431374,397.377,68,1410,1215,736806515222,0
matmul_large_block06,1790333268.9286919,4877320.617428089,397.377,68,1410,1215,736806555312,0
matmul_large_block06,1790333268.9786928,4877320.667428985,397.108,68,1410,1215,736806555312,0
matmul_large_block06,1790333269.0286896,4877320.71742571,397.108,68,1410,1215,736806595412,0
matmul_large_block06,1790333269.0786915,4877320.767427715,397.377,68,1410,1215,736806595412,0
matmul_large_block06,1790333269.1286922,4877320.817428171,397.377,68,1410,1215,736806635517,0
matmul_large_block06,1790333269.1786923,4877320.867428346,398.838,68,1410,1215,736806635517,0
matmul_large_block06,1790333269.2286892,4877320.917425221,398.838,68,1410,1215,736806675634,0
matmul_large_block06,1790333269.2786918,4877320.967427887,398.838,68,1410,1215,736806675634,0
matmul_large_block06,1790333269.3286903,4877321.017426222,398.838,68,1410,1215,736806715729,0
matmul_large_block06,1790333269.378691,4877321.067427027,398.569,68,1410,1215,736806715729,0
matmul_large_block06,1790333269.4286923,4877321.117428393,398.569,68,1410,1215,736806755848,0
matmul_large_block06,1790333269.4786887,4877321.167424918,398.569,68,1410,1215,736806755848,0
matmul_large_block06,1790333269.5286896,4877321.217425813,398.569,68,1410,1215,736806795965,0
matmul_large_block06,1790333269.5786896,4877321.267425569,398.154,68,1410,1215,736806795965,0
matmul_large_block06,1790333269.6286893,4877321.317425444,398.154,68,1410,1215,736806836068,0
matmul_large_block06,1790333269.6786907,4877321.367426499,398.569,68,1410,1215,736806836068,0
matmul_large_block06,1790333269.7286906,4877321.417426675,398.569,68,1410,1215,736806876187,0
matmul_large_block06,1790333269.7787035,4877321.46743944,398.246,68,1410,1215,736806876187,0
matmul_large_block06,1790333269.8286898,4877321.517426015,398.246,68,1410,1215,736806916317,0
matmul_large_block06,1790333269.878692,4877321.567427821,398.246,68,1410,1215,736806916317,0
matmul_large_block06,1790333269.9286895,4877321.617425486,398.246,68,1410,1215,736806956465,0
matmul_large_block06,1790333269.9786901,4877321.667425981,397.969,68,1410,1215,736806956465,0
matmul_large_block06,1790333270.0286894,4877321.717425467,397.969,68,1410,1215,736806996675,0
matmul_large_block06,1790333270.0786898,4877321.767425882,398.246,68,1410,1215,736806996675,0
matmul_large_block06,1790333270.1286902,4877321.817426197,398.246,68,1410,1215,736807036810,0
matmul_large_block06,1790333270.1786916,4877321.867427653,397.969,68,1410,1215,736807036810,0
matmul_large_block06,1790333270.2286918,4877321.917427738,397.969,68,1410,1215,736807077058,0
matmul_large_block06,1790333270.2786899,4877321.967425933,397.7,68,1410,1215,736807077058,0
matmul_large_block06,1790333270.328689,4877322.017425199,397.7,68,1410,1215,736807117249,0
matmul_large_block06,1790333270.3786883,4877322.067424234,397.7,68,1410,1215,736807117249,0
matmul_large_block06,1790333270.4286895,4877322.117425549,397.7,68,1410,1215,736807157413,0
matmul_large_block06,1790333270.4786894,4877322.167425535,397.969,68,1410,1215,736807157413,0
matmul_large_block06,1790333270.528693,4877322.21742896,397.969,68,1410,1215,736807197622,0
matmul_large_block06,1790333270.5786898,4877322.267425955,397.7,68,1410,1215,736807197622,0
matmul_large_block06,1790333270.6286917,4877322.317427821,397.7,68,1410,1215,736807237698,0
matmul_large_block06,1790333270.67869,4877322.367426186,397.7,68,1410,1215,736807237698,0
matmul_large_block06,1790333270.7286913,4877322.417427371,397.7,68,1410,1215,736807277918,0
matmul_large_block06,1790333270.7786894,4877322.467425257,397.7,68,1410,1215,736807277918,0
matmul_large_block06,1790333270.828687,4877322.517422792,397.7,68,1410,1215,736807318097,0
matmul_large_block06,1790333270.8786902,4877322.567426387,397.7,68,1410,1215,736807318097,0
matmul_large_block06,1790333270.9286897,4877322.617425683,397.7,68,1410,1215,736807358308,0
matmul_large_block06,1790333270.9786696,4877322.667405628,397.7,68,1410,1215,736807358308,0
matmul_large_block06,1790333271.0286567,4877322.717392284,397.7,68,1410,1215,736807398423,0
matmul_large_block06,1790333271.0786514,4877322.767387229,397.377,68,1410,1215,736807398423,0
matmul_large_block06,1790333271.128652,4877322.817387794,397.377,68,1410,1215,736807438614,0
matmul_large_block06,1790333271.1786492,4877322.86738469,397.7,68,1410,1215,736807438614,0
matmul_large_block06,1790333271.2286506,4877322.917386215,397.7,68,1410,1215,736807478793,0
matmul_large_block06,1790333271.2786489,4877322.96738448,397.377,68,1410,1215,736807478793,0
matmul_large_block06,1790333271.328649,4877323.017384766,397.377,68,1410,1215,736807518915,0
matmul_large_block06,1790333271.3786483,4877323.067384101,397.377,68,1410,1215,736807518915,0
matmul_large_block06,1790333271.4286494,4877323.117385126,397.377,68,1410,1215,736807559118,0
matmul_large_block06,1790333271.4786494,4877323.167385162,397.377,68,1410,1215,736807559118,0
matmul_large_block06,1790333271.5286493,4877323.217384927,397.377,68,1410,1215,736807599260,0
matmul_large_block06,1790333271.5786493,4877323.267385052,397.377,68,1410,1215,736807599260,0
matmul_large_block06,1790333271.6286488,4877323.317384478,397.377,68,1410,1215,736807639358,0
matmul_large_block06,1790333271.6786497,4877323.367385183,397.108,68,1410,1215,736807639358,0
matmul_large_block06,1790333271.7286508,4877323.417386498,397.108,68,1410,1215,736807679521,0
matmul_large_block06,1790333271.77865,4877323.467385874,397.377,68,1410,1215,736807679521,0
matmul_large_block06,1790333271.82865,4877323.517385759,397.377,68,1410,1215,736807719629,0
matmul_large_block06,1790333271.878648,4877323.567383704,397.108,68,1410,1215,736807719629,0
matmul_large_block06,1790333271.9286492,4877323.61738481,397.108,68,1410,1215,736807759751,0
matmul_large_block06,1790333271.97865,4877323.667385945,397.377,68,1410,1215,736807759751,0
matmul_large_block06,1790333272.02865,4877323.7173856,397.377,68,1410,1215,736807799836,0
matmul_large_block06,1790333272.0786512,4877323.767386726,397.108,68,1410,1215,736807799836,0
matmul_large_block06,1790333272.1286514,4877323.817386981,397.108,68,1410,1215,736807839960,0
matmul_large_block06,1790333272.1786492,4877323.867384726,397.108,68,1410,1215,736807839960,0
matmul_large_block07,1790333272.1886866,4877323.877422851,397.108,68,1410,1215,736807839960,0
matmul_large_block07,1790333272.2388074,4877323.927543855,377.296,68,1410,1215,736807878686,0
matmul_large_block07,1790333272.2887928,4877323.97752889,377.296,68,1410,1215,736807878686,0
matmul_large_block07,1790333272.3387945,4877324.027530536,398.246,68,1410,1215,736807918641,0
matmul_large_block07,1790333272.388808,4877324.077543871,398.246,68,1410,1215,736807918641,0
matmul_large_block07,1790333272.4388082,4877324.127544466,399.107,68,1410,1215,736807958779,0
matmul_large_block07,1790333272.4888077,4877324.177543702,399.107,68,1410,1215,736807958779,0
matmul_large_block07,1790333272.5388048,4877324.227540887,399.43,68,1410,1215,736807998954,0
matmul_large_block07,1790333272.5888047,4877324.277540682,399.43,68,1410,1215,736807998954,0
matmul_large_block07,1790333272.6388044,4877324.327540578,399.107,68,1410,1215,736808039107,0
matmul_large_block07,1790333272.688804,4877324.377539913,399.107,68,1410,1215,736808039107,0
matmul_large_block07,1790333272.738807,4877324.427543028,399.43,68,1410,1215,736808079294,0
matmul_large_block07,1790333272.7888057,4877324.477541634,399.43,68,1410,1215,736808079294,0
matmul_large_block07,1790333272.838804,4877324.527539919,399.707,68,1410,1215,736808119475,0
matmul_large_block07,1790333272.888805,4877324.577541094,399.707,68,1410,1215,736808119475,0
matmul_large_block07,1790333272.9388046,4877324.62754083,399.43,68,1410,1215,736808159650,0
matmul_large_block07,1790333272.988805,4877324.677541215,399.43,68,1410,1215,736808159650,0
matmul_large_block07,1790333273.0388079,4877324.72754386,399.43,68,1410,1215,736808199835,0
matmul_large_block07,1790333273.0888066,4877324.777542646,399.43,68,1410,1215,736808199835,0
matmul_large_block07,1790333273.1388052,4877324.827541231,399.707,68,1410,1215,736808240047,0
matmul_large_block07,1790333273.1888037,4877324.877539546,399.707,68,1410,1215,736808240047,0
matmul_large_block07,1790333273.238807,4877324.927543202,399.43,68,1410,1215,736808280279,0
matmul_large_block07,1790333273.2888048,4877324.977540837,399.43,68,1410,1215,736808280279,0
matmul_large_block07,1790333273.3388064,4877325.027542212,399.707,68,1410,1215,736808320460,0
matmul_large_block07,1790333273.3888068,4877325.077542968,399.707,68,1410,1215,736808320460,0
matmul_large_block07,1790333273.4388082,4877325.127544363,399.43,68,1410,1215,736808360612,0
matmul_large_block07,1790333273.4888082,4877325.177544328,399.43,68,1410,1215,736808360612,0
matmul_large_block07,1790333273.5388064,4877325.227542454,399.43,68,1410,1215,736808400797,0
matmul_large_block07,1790333273.5888028,4877325.277538909,399.43,68,1410,1215,736808400797,0
matmul_large_block07,1790333273.6388068,4877325.327542774,399.107,68,1410,1215,736808440992,0
matmul_large_block07,1790333273.6888037,4877325.37753967,399.107,68,1410,1215,736808440992,0
matmul_large_block07,1790333273.7388082,4877325.427544015,399.43,68,1410,1215,736808481200,0
matmul_large_block07,1790333273.788807,4877325.47754284,399.43,68,1410,1215,736808481200,0
matmul_large_block07,1790333273.838807,4877325.527542955,399.107,68,1410,1215,736808521366,0
matmul_large_block07,1790333273.888805,4877325.577540861,399.107,68,1410,1215,736808521366,0
matmul_large_block07,1790333273.9388025,4877325.627538416,399.107,68,1410,1215,736808561501,0
matmul_large_block07,1790333273.9888053,4877325.677541352,399.107,68,1410,1215,736808561501,0
matmul_large_block07,1790333274.0388038,4877325.727539647,398.838,68,1410,1215,736808601638,0
matmul_large_block07,1790333274.0888052,4877325.777541172,398.838,68,1410,1215,736808601638,0
matmul_large_block07,1790333274.1388078,4877325.827543988,399.107,68,1410,1215,736808641835,0
matmul_large_block07,1790333274.188804,4877325.877539833,399.107,68,1410,1215,736808641835,0
matmul_large_block07,1790333274.2388027,4877325.927538838,398.838,68,1410,1215,736808682006,0
matmul_large_block07,1790333274.2888076,4877325.977543823,398.838,68,1410,1215,736808682006,0
matmul_large_block07,1790333274.3388047,4877326.027540829,398.838,68,1410,1215,736808722170,0
matmul_large_block07,1790333274.3888032,4877326.077539414,398.838,68,1410,1215,736808722170,0
matmul_large_block07,1790333274.438803,4877326.12753887,398.423,68,1410,1215,736808762412,0
matmul_large_block07,1790333274.4888031,4877326.177539215,398.423,68,1410,1215,736808762412,0
matmul_large_block07,1790333274.5388067,4877326.22754292,398.423,68,1410,1215,736808802637,0
matmul_large_block07,1790333274.588803,4877326.277539056,398.692,68,1410,1215,736808802637,0
matmul_large_block07,1790333274.6388042,4877326.327540201,399.107,68,1410,1215,736808842831,0
matmul_large_block07,1790333274.6888053,4877326.377541406,399.107,68,1410,1215,736808842831,0
matmul_large_block07,1790333274.7388031,4877326.427539361,398.569,68,1410,1215,736808883032,0
matmul_large_block07,1790333274.788803,4877326.477539007,398.569,68,1410,1215,736808883032,0
matmul_large_block07,1790333274.8387766,4877326.527512683,398.838,68,1410,1215,736808923199,0
matmul_large_block07,1790333274.8887727,4877326.577508598,398.838,68,1410,1215,736808923199,0
matmul_large_block07,1790333274.938803,4877326.627538963,398.838,68,1410,1215,736808963380,0
matmul_large_block07,1790333274.988807,4877326.677543028,398.838,68,1410,1215,736808963380,0
matmul_large_block07,1790333275.0388024,4877326.727538524,398.838,68,1410,1215,736809003672,0
matmul_large_block07,1790333275.0888047,4877326.777540549,398.838,68,1410,1215,736809003672,0
matmul_large_block07,1790333275.1388083,4877326.827544424,398.569,68,1410,1215,736809043744,0
matmul_large_block07,1790333275.1888025,4877326.877538539,398.569,68,1410,1215,736809043744,0
matmul_large_block07,1790333275.2388058,4877326.927541765,398.569,68,1410,1215,736809084233,0
matmul_large_block07,1790333275.2888043,4877326.97754047,398.569,68,1410,1215,736809084233,0
matmul_large_block07,1790333275.3388073,4877327.027543485,398.838,68,1410,1215,736809124132,0
matmul_large_block07,1790333275.3888066,4877327.077542841,398.838,68,1410,1215,736809124132,0
matmul_large_block07,1790333275.438805,4877327.127541146,398.569,68,1410,1215,736809164458,0
matmul_large_block07,1790333275.4888077,4877327.177543812,398.569,68,1410,1215,736809164458,0
matmul_large_block07,1790333275.5388057,4877327.227541777,398.838,68,1410,1215,736809204568,0
matmul_large_block07,1790333275.588804,4877327.277540272,398.838,68,1410,1215,736809204568,0
matmul_large_block07,1790333275.6388078,4877327.327543927,398.569,68,1410,1215,736809204568,0
matmul_large_block07,1790333275.6888082,4877327.377544243,398.569,68,1410,1215,736809245195,0
matmul_large_block07,1790333275.7388031,4877327.427539338,398.838,68,1410,1215,736809245195,0
matmul_large_block07,1790333275.7888074,4877327.477543383,398.838,68,1410,1215,736809285092,0
matmul_large_block07,1790333275.8388052,4877327.527541239,398.838,68,1410,1215,736809285092,0
matmul_large_block07,1790333275.888801,4877327.577536964,398.838,68,1410,1215,736809325182,0
matmul_large_block07,1790333275.938805,4877327.6275411,398.569,68,1410,1215,736809325182,0
matmul_large_block07,1790333275.9888072,4877327.677543195,398.569,68,1410,1215,736809365460,0
matmul_large_block07,1790333276.0388043,4877327.72754029,398.246,68,1410,1215,736809365460,0
matmul_large_block07,1790333276.088805,4877327.777540855,398.246,68,1410,1215,736809405524,0
matmul_large_block07,1790333276.1388083,4877327.827544371,398.838,68,1410,1215,736809405524,0
matmul_large_block07,1790333276.188803,4877327.877539046,398.838,68,1410,1215,736809445756,0
matmul_large_block07,1790333276.2388055,4877327.927541691,398.838,68,1410,1215,736809445756,0
matmul_large_block07,1790333276.2888048,4877327.977541037,398.838,68,1410,1215,736809485985,0
matmul_large_block07,1790333276.3388078,4877328.027543782,398.838,68,1410,1215,736809485985,0
matmul_large_block07,1790333276.388805,4877328.077540917,398.838,68,1410,1215,736809526170,0
matmul_large_block07,1790333276.4388056,4877328.127541503,398.838,68,1410,1215,736809526170,0
matmul_large_block07,1790333276.488804,4877328.177540178,398.838,68,1410,1215,736809566349,0
matmul_large_block07,1790333276.5388055,4877328.227541443,398.838,68,1410,1215,736809566349,0
matmul_large_block07,1790333276.5888047,4877328.277540739,398.838,68,1410,1215,736809606664,0
matmul_large_block07,1790333276.6388044,4877328.327540664,398.838,68,1410,1215,736809606664,0
matmul_large_block07,1790333276.6888027,4877328.377538979,398.838,68,1410,1215,736809646755,0
matmul_large_block07,1790333276.738808,4877328.427543745,398.838,68,1410,1215,736809646755,0
matmul_large_block07,1790333276.7888045,4877328.47754076,399.43,68,1410,1215,736809687042,0
matmul_large_block07,1790333276.838807,4877328.527543045,399.43,68,1410,1215,736809687042,0
matmul_large_block07,1790333276.88881,4877328.577546141,399.014,68,1410,1215,736809727234,0
matmul_large_block07,1790333276.9388041,4877328.627540186,399.107,68,1410,1215,736809727234,0
matmul_large_block07,1790333276.9888062,4877328.677542301,399.107,68,1410,1215,736809767450,0
matmul_large_block07,1790333277.0388033,4877328.727539617,399.107,68,1410,1215,736809767450,0
matmul_large_block07,1790333277.088807,4877328.777543132,399.107,68,1410,1215,736809807581,0
matmul_large_block07,1790333277.1388075,4877328.827543517,399.107,68,1410,1215,736809807581,0
matmul_large_block07,1790333277.1888058,4877328.877542043,399.107,68,1410,1215,736809847833,0
matmul_large_block07,1790333277.238805,4877328.927541108,400.03,68,1410,1215,736809847833,0
matmul_large_block07,1790333277.2888038,4877328.977539923,400.03,68,1410,1215,736809888034,0
matmul_large_block07,1790333277.3388054,4877329.027541569,400.299,68,1410,1215,736809888034,0
matmul_large_block07,1790333277.3888078,4877329.077543794,400.299,68,1410,1215,736809928267,0
matmul_large_block07,1790333277.4388077,4877329.127543989,400.03,68,1410,1215,736809928267,0
matmul_large_block07,1790333277.4888055,4877329.177541585,400.03,68,1410,1215,736809968442,0
matmul_large_block07,1790333277.5388083,4877329.22754444,400.03,68,1410,1215,736809968442,0
matmul_large_block07,1790333277.5888066,4877329.277542795,400.03,68,1410,1215,736810008678,0
matmul_large_block07,1790333277.6388042,4877329.327540361,399.707,68,1410,1215,736810008678,0
matmul_large_block07,1790333277.6888037,4877329.377539566,399.707,68,1410,1215,736810048806,0
matmul_large_block07,1790333277.7388072,4877329.427543271,399.43,68,1410,1215,736810048806,0
matmul_large_block07,1790333277.7888048,4877329.477540947,399.43,68,1410,1215,736810089061,0
matmul_large_block07,1790333277.8388066,4877329.527542562,399.707,68,1410,1215,736810089061,0
matmul_large_block07,1790333277.8888042,4877329.577540167,399.707,68,1410,1215,736810129245,0
matmul_large_block07,1790333277.938807,4877329.627542973,399.707,68,1410,1215,736810129245,0
matmul_large_block07,1790333277.988804,4877329.677540218,399.707,68,1410,1215,736810169505,0
matmul_large_block07,1790333278.0388033,4877329.727539563,399.107,68,1410,1215,736810169505,0
matmul_large_block07,1790333278.0888062,4877329.777542139,399.107,68,1410,1215,736810209666,0
matmul_large_block07,1790333278.1388094,4877329.827545434,399.43,68,1410,1215,736810209666,0
matmul_large_block07,1790333278.1888053,4877329.877541429,399.43,68,1410,1215,736810250059,0
matmul_large_block07,1790333278.2388082,4877329.927544195,399.43,68,1410,1215,736810250059,0
matmul_large_block07,1790333278.288807,4877329.97754287,399.43,68,1410,1215,736810290179,0
matmul_large_block07,1790333278.3388045,4877330.027540465,399.43,68,1410,1215,736810290179,0
matmul_large_block07,1790333278.388805,4877330.077540981,399.43,68,1410,1215,736810330487,0
matmul_large_block07,1790333278.4388027,4877330.127538716,399.43,68,1410,1215,736810330487,0
matmul_large_block07,1790333278.4888048,4877330.177540871,399.43,68,1410,1215,736810370707,0
matmul_large_block07,1790333278.5388021,4877330.227538287,399.107,68,1410,1215,736810370707,0
matmul_large_block07,1790333278.5888035,4877330.277539592,399.107,68,1410,1215,736810411002,0
matmul_large_block07,1790333278.6388035,4877330.327539497,399.107,68,1410,1215,736810411002,0
matmul_large_block07,1790333278.6888025,4877330.377538643,399.107,68,1410,1215,736810451201,0
matmul_large_block07,1790333278.7388043,4877330.427540348,398.838,68,1410,1215,736810451201,0
matmul_large_block07,1790333278.7888067,4877330.477542833,398.838,69,1410,1215,736810491470,0
matmul_large_block07,1790333278.838807,4877330.527543019,398.838,69,1410,1215,736810491470,0
matmul_large_block07,1790333278.8888035,4877330.577539654,398.838,68,1410,1215,736810531640,0
matmul_large_block07,1790333278.9388072,4877330.627543319,398.569,68,1410,1215,736810531640,0
matmul_large_block07,1790333278.9888067,4877330.677542615,398.569,69,1410,1215,736810571840,0
matmul_large_block07,1790333279.0388067,4877330.72754291,398.569,69,1410,1215,736810571840,0
matmul_large_block07,1790333279.0888042,4877330.777540365,398.838,68,1410,1215,736810612031,0
matmul_large_block07,1790333279.1388042,4877330.827540321,398.838,68,1410,1215,736810612031,0
matmul_large_block07,1790333279.1888022,4877330.877538366,398.569,69,1410,1215,736810652247,0
matmul_large_block07,1790333279.2388036,4877330.927539731,398.246,69,1410,1215,736810652247,0
matmul_large_block07,1790333279.288804,4877330.977540167,398.246,69,1410,1215,736810692466,0
matmul_large_block07,1790333279.338807,4877331.027542992,398.246,69,1410,1215,736810692466,0
matmul_large_block07,1790333279.388807,4877331.077543137,398.246,69,1410,1215,736810732701,0
matmul_large_block07,1790333279.4388044,4877331.127540453,397.969,69,1410,1215,736810732701,0
matmul_large_block07,1790333279.488804,4877331.177540108,397.969,69,1410,1215,736810772912,0
matmul_large_block07,1790333279.5388079,4877331.227543823,397.969,69,1410,1215,736810772912,0
matmul_large_block07,1790333279.5888069,4877331.277542859,397.969,69,1410,1215,736810813114,0
matmul_large_block07,1790333279.6388083,4877331.327544304,397.7,69,1410,1215,736810813114,0
matmul_large_block07,1790333279.6888058,4877331.377541869,397.7,69,1410,1215,736810853326,0
matmul_large_block07,1790333279.738805,4877331.427540945,397.969,69,1410,1215,736810853326,0
matmul_large_block07,1790333279.7888043,4877331.47754037,397.969,69,1410,1215,736810893568,0
matmul_large_block07,1790333279.838805,4877331.527540945,397.7,69,1410,1215,736810893568,0
matmul_large_block07,1790333279.888805,4877331.577541001,397.7,69,1410,1215,736810933752,0
matmul_large_block07,1790333279.938806,4877331.627542026,397.7,69,1410,1215,736810933752,0
matmul_large_block07,1790333279.988807,4877331.677543011,397.7,69,1410,1215,736810974036,0
matmul_large_block07,1790333280.0387886,4877331.727525257,397.7,69,1410,1215,736810974036,0
matmul_large_block07,1790333280.0887742,4877331.777510112,397.7,69,1410,1215,736811014211,0
matmul_large_block07,1790333280.138778,4877331.827514018,397.7,69,1410,1215,736811014211,0
matmul_large_block07,1790333280.188774,4877331.877510133,397.7,69,1410,1215,736811054450,0
matmul_large_block07,1790333280.238769,4877331.927505028,397.7,69,1410,1215,736811054450,0
matmul_large_block07,1790333280.288807,4877331.977543113,397.7,69,1410,1215,736811094649,0
matmul_large_block07,1790333280.3388064,4877332.027542369,397.969,69,1410,1215,736811094649,0
matmul_large_block07,1790333280.3888035,4877332.077539574,397.969,69,1410,1215,736811134875,0
matmul_large_block07,1790333280.438807,4877332.127543029,398.246,69,1410,1215,736811134875,0
matmul_large_block07,1790333280.4888062,4877332.177542285,398.246,69,1410,1215,736811175022,0
matmul_large_block07,1790333280.5388057,4877332.22754169,397.969,69,1410,1215,736811175022,0
matmul_large_block07,1790333280.5888038,4877332.277539895,397.969,69,1410,1215,736811215257,0
matmul_large_block07,1790333280.6388035,4877332.327539501,397.969,69,1410,1215,736811215257,0
matmul_large_block07,1790333280.6888015,4877332.377537656,397.969,69,1410,1215,736811255401,0
matmul_large_block07,1790333280.738803,4877332.427538871,399.43,69,1410,1215,736811255401,0
matmul_large_block07,1790333280.7888038,4877332.477539927,399.43,69,1410,1215,736811295705,0
matmul_large_block07,1790333280.8388073,4877332.527543322,399.43,69,1410,1215,736811295705,0
matmul_large_block07,1790333280.888808,4877332.577543877,399.43,69,1410,1215,736811335870,0
matmul_large_block07,1790333280.938805,4877332.627541053,399.107,69,1410,1215,736811335870,0
matmul_large_block07,1790333280.9888062,4877332.677542118,399.107,69,1410,1215,736811376075,0
matmul_large_block07,1790333281.0388045,4877332.727540573,399.107,69,1410,1215,736811376075,0
matmul_large_block07,1790333281.0888066,4877332.777542758,399.107,69,1410,1215,736811416221,0
matmul_large_block07,1790333281.1388066,4877332.827542634,398.692,69,1410,1215,736811416221,0
matmul_large_block07,1790333281.1888063,4877332.877542379,398.692,69,1410,1215,736811456436,0
matmul_large_block07,1790333281.2388039,4877332.927539985,399.107,69,1410,1215,736811456436,0
matmul_large_block07,1790333281.2888045,4877332.97754057,399.107,69,1410,1215,736811496651,0
matmul_large_block07,1790333281.3388066,4877333.027542555,399.107,69,1410,1215,736811496651,0
matmul_large_block07,1790333281.388803,4877333.077539201,399.107,69,1410,1215,736811536861,0
matmul_large_block07,1790333281.438807,4877333.127543066,399.107,69,1410,1215,736811536861,0
matmul_large_block07,1790333281.4888043,4877333.177540331,398.569,69,1410,1215,736811577038,0
matmul_large_block07,1790333281.5388048,4877333.227540826,398.569,69,1410,1215,736811577038,0
matmul_large_block07,1790333281.5888047,4877333.277540572,398.838,69,1410,1215,736811577038,0
matmul_large_block07,1790333281.6388044,4877333.327540587,399.107,69,1410,1215,736811617867,0
matmul_large_block07,1790333281.6888037,4877333.377539693,399.107,69,1410,1215,736811617867,0
matmul_large_block07,1790333281.7388048,4877333.427540748,398.838,69,1410,1215,736811657751,0
matmul_large_block07,1790333281.7888074,4877333.477543553,398.838,69,1410,1215,736811657751,0
matmul_large_block07,1790333281.8388026,4877333.527538659,398.569,69,1410,1215,736811697672,0
matmul_large_block07,1790333281.8888066,4877333.577542674,398.569,69,1410,1215,736811697672,0
matmul_large_block07,1790333281.9388082,4877333.627544279,398.569,69,1410,1215,736811737833,0
matmul_large_block07,1790333281.9888046,4877333.677540674,398.569,69,1410,1215,736811737833,0
matmul_large_block07,1790333282.038805,4877333.72754098,398.246,69,1410,1215,736811778096,0
matmul_large_block07,1790333282.0888078,4877333.777544095,398.246,69,1410,1215,736811778096,0
matmul_large_block07,1790333282.138805,4877333.827540961,398.246,69,1410,1215,736811818308,0
matmul_large_block07,1790333282.1888044,4877333.877540406,398.246,69,1410,1215,736811818308,0
matmul_large_block08,1790333282.1989145,4877333.88765056,398.246,69,1410,1215,736811858379,0
matmul_large_block08,1790333282.2490375,4877333.937773864,340.655,68,1410,1215,736811858379,0
matmul_large_block08,1790333282.2990248,4877333.987760779,340.655,68,1410,1215,736811897199,0
matmul_large_block08,1790333282.349033,4877334.037769354,397.377,68,1410,1215,736811897199,0
matmul_large_block08,1790333282.3990333,4877334.08776939,397.377,68,1410,1215,736811937386,0
matmul_large_block08,1790333282.4490368,4877334.137772805,397.377,69,1410,1215,736811937386,0
matmul_large_block08,1790333282.4990337,4877334.18776967,397.377,69,1410,1215,736811977579,0
matmul_large_block08,1790333282.5490363,4877334.237772345,397.7,69,1410,1215,736811977579,0
matmul_large_block08,1790333282.5990334,4877334.287769491,397.7,69,1410,1215,736812017877,0
matmul_large_block08,1790333282.6490333,4877334.337769246,397.7,69,1410,1215,736812017877,0
matmul_large_block08,1790333282.699037,4877334.387773342,397.7,69,1410,1215,736812058064,0
matmul_large_block08,1790333282.749034,4877334.437770137,397.7,69,1410,1215,736812058064,0
matmul_large_block08,1790333282.7990336,4877334.487769662,397.7,69,1410,1215,736812058064,0
matmul_large_block08,1790333282.8490324,4877334.537768448,398.569,69,1410,1215,736812098978,0
matmul_large_block08,1790333282.8990347,4877334.587770703,398.569,69,1410,1215,736812098978,0
matmul_large_block08,1790333282.949031,4877334.637767318,397.7,69,1410,1215,736812138840,0
matmul_large_block08,1790333282.9990327,4877334.687768964,397.7,69,1410,1215,736812138840,0
matmul_large_block08,1790333283.04903,4877334.737766169,397.969,69,1410,1215,736812178831,0
matmul_large_block08,1790333283.0990338,4877334.787769954,397.969,69,1410,1215,736812178831,0
matmul_large_block08,1790333283.1490338,4877334.83776978,397.969,69,1410,1215,736812219053,0
matmul_large_block08,1790333283.1990354,4877334.887771315,397.969,69,1410,1215,736812219053,0
matmul_large_block08,1790333283.2490351,4877334.93777102,398.246,69,1410,1215,736812259268,0
matmul_large_block08,1790333283.2990339,4877334.987769836,398.246,69,1410,1215,736812259268,0
matmul_large_block08,1790333283.349034,4877335.037770301,397.969,69,1410,1215,736812299501,0
matmul_large_block08,1790333283.399034,4877335.087770106,397.969,69,1410,1215,736812299501,0
matmul_large_block08,1790333283.4490368,4877335.137772851,398.569,69,1410,1215,736812339793,0
matmul_large_block08,1790333283.4990337,4877335.187769627,398.569,69,1410,1215,736812339793,0
matmul_large_block08,1790333283.5490363,4877335.237772432,398.569,69,1410,1215,736812380020,0
matmul_large_block08,1790333283.5990298,4877335.287765768,398.569,69,1410,1215,736812380020,0
matmul_large_block08,1790333283.649035,4877335.337770943,398.569,69,1410,1215,736812420309,0
matmul_large_block08,1790333283.6990342,4877335.387770168,398.569,69,1410,1215,736812420309,0
matmul_large_block08,1790333283.7490337,4877335.437769894,398.838,69,1410,1215,736812460541,0
matmul_large_block08,1790333283.7990344,4877335.487770399,398.838,69,1410,1215,736812460541,0
matmul_large_block08,1790333283.8490322,4877335.537768294,398.569,69,1410,1215,736812500818,0
matmul_large_block08,1790333283.8990364,4877335.587772549,398.569,69,1410,1215,736812500818,0
matmul_large_block08,1790333283.9490335,4877335.637769645,399.707,69,1410,1215,736812541025,0
matmul_large_block08,1790333283.999034,4877335.68776988,399.707,69,1410,1215,736812541025,0
matmul_large_block08,1790333284.0490365,4877335.737772675,400.03,69,1410,1215,736812581385,0
matmul_large_block08,1790333284.0990338,4877335.787769901,400.03,69,1410,1215,736812581385,0
matmul_large_block08,1790333284.1490326,4877335.837768756,400.03,69,1410,1215,736812621654,0
matmul_large_block08,1790333284.199033,4877335.887769082,400.03,69,1410,1215,736812621654,0
matmul_large_block08,1790333284.2490308,4877335.937766917,399.707,69,1410,1215,736812661928,0
matmul_large_block08,1790333284.299037,4877335.987772862,399.707,69,1410,1215,736812661928,0
matmul_large_block08,1790333284.349032,4877336.037768037,400.03,69,1410,1215,736812702127,0
matmul_large_block08,1790333284.3990362,4877336.087772333,400.03,69,1410,1215,736812702127,0
matmul_large_block08,1790333284.4490364,4877336.137772288,399.707,69,1410,1215,736812742385,0
matmul_large_block08,1790333284.4990363,4877336.187772423,399.707,69,1410,1215,736812742385,0
matmul_large_block08,1790333284.54903,4877336.237766199,399.707,69,1410,1215,736812782613,0
matmul_large_block08,1790333284.5990338,4877336.287770014,399.707,69,1410,1215,736812782613,0
matmul_large_block08,1790333284.6490312,4877336.3377671,400.03,69,1410,1215,736812822954,0
matmul_large_block08,1790333284.6990337,4877336.387769845,400.03,69,1410,1215,736812822954,0
matmul_large_block08,1790333284.7490306,4877336.43776665,399.707,69,1410,1215,736812863362,0
matmul_large_block08,1790333284.7990334,4877336.487769455,399.707,69,1410,1215,736812863362,0
matmul_large_block08,1790333284.8490372,4877336.537773191,399.707,69,1410,1215,736812903499,0
matmul_large_block08,1790333284.8990326,4877336.587768556,399.707,69,1410,1215,736812903499,0
matmul_large_block08,1790333284.949033,4877336.637769071,399.707,69,1410,1215,736812943645,0
matmul_large_block08,1790333284.9990335,4877336.687769427,399.707,69,1410,1215,736812943645,0
matmul_large_block08,1790333285.0490363,4877336.737772242,399.707,69,1410,1215,736812983935,0
matmul_large_block08,1790333285.099036,4877336.787771867,399.707,69,1410,1215,736812983935,0
matmul_large_block08,1790333285.1490333,4877336.837769373,399.707,69,1410,1215,736813024136,0
matmul_large_block08,1790333285.199036,4877336.887772078,399.707,69,1410,1215,736813024136,0
matmul_large_block08,1790333285.249032,4877336.937768033,399.707,69,1410,1215,736813064407,0
matmul_large_block08,1790333285.2990317,4877336.987767869,399.707,69,1410,1215,736813064407,0
matmul_large_block08,1790333285.3490298,4877337.037765924,399.43,69,1410,1215,736813104677,0
matmul_large_block08,1790333285.3990338,4877337.087769959,399.43,69,1410,1215,736813104677,0
matmul_large_block08,1790333285.4490302,4877337.137766305,399.43,69,1410,1215,736813144958,0
matmul_large_block08,1790333285.4990356,4877337.18777162,399.43,69,1410,1215,736813144958,0
matmul_large_block08,1790333285.549036,4877337.237772045,399.43,69,1410,1215,736813185145,0
matmul_large_block08,1790333285.5990357,4877337.287771771,399.43,69,1410,1215,736813185145,0
matmul_large_block08,1790333285.6490295,4877337.337765386,399.707,69,1410,1215,736813225368,0
matmul_large_block08,1790333285.6990335,4877337.387769681,399.707,69,1410,1215,736813225368,0
matmul_large_block08,1790333285.7490304,4877337.437766357,399.43,69,1410,1215,736813265625,0
matmul_large_block08,1790333285.799035,4877337.487771142,399.43,69,1410,1215,736813265625,0
matmul_large_block08,1790333285.8490355,4877337.537771517,399.43,69,1410,1215,736813305903,0
matmul_large_block08,1790333285.8990326,4877337.587768633,399.43,69,1410,1215,736813305903,0
matmul_large_block08,1790333285.9490325,4877337.637768468,399.43,69,1410,1215,736813346176,0
matmul_large_block08,1790333285.9990337,4877337.687769583,399.43,69,1410,1215,736813346176,0
matmul_large_block08,1790333286.0490327,4877337.737768859,399.43,69,1410,1215,736813386450,0
matmul_large_block08,1790333286.099036,4877337.787772074,399.43,69,1410,1215,736813386450,0
matmul_large_block08,1790333286.149035,4877337.837771129,399.707,69,1410,1215,736813426596,0
matmul_large_block08,1790333286.1990354,4877337.887771405,399.707,69,1410,1215,736813426596,0
matmul_large_block08,1790333286.2490358,4877337.9377717,399.43,69,1410,1215,736813466920,0
matmul_large_block08,1790333286.2990334,4877337.987769315,399.43,69,1410,1215,736813466920,0
matmul_large_block08,1790333286.3490357,4877338.037771741,399.43,69,1410,1215,736813507148,0
matmul_large_block08,1790333286.3990357,4877338.087771626,399.43,69,1410,1215,736813507148,0
matmul_large_block08,1790333286.4490306,4877338.137766591,399.43,69,1410,1215,736813547464,0
matmul_large_block08,1790333286.499033,4877338.187769177,399.43,69,1410,1215,736813547464,0
matmul_large_block08,1790333286.5490303,4877338.237766412,399.43,69,1410,1215,736813587701,0
matmul_large_block08,1790333286.5990338,4877338.287769797,399.43,69,1410,1215,736813587701,0
matmul_large_block08,1790333286.649031,4877338.337766923,399.43,69,1410,1215,736813628008,0
matmul_large_block08,1790333286.699032,4877338.387768118,399.43,69,1410,1215,736813628008,0
matmul_large_block08,1790333286.74903,4877338.437766193,399.43,69,1410,1215,736813668297,0
matmul_large_block08,1790333286.7990358,4877338.487772089,399.43,69,1410,1215,736813668297,0
matmul_large_block08,1790333286.8490305,4877338.537766554,399.43,69,1410,1215,736813708535,0
matmul_large_block08,1790333286.8990362,4877338.587772249,399.43,69,1410,1215,736813708535,0
matmul_large_block08,1790333286.9490325,4877338.637768415,399.107,69,1410,1215,736813748809,0
matmul_large_block08,1790333286.9990335,4877338.68776934,399.107,69,1410,1215,736813748809,0
matmul_large_block08,1790333287.0490358,4877338.737771695,399.43,69,1410,1215,736813789071,0
matmul_large_block08,1790333287.0990355,4877338.787771491,399.43,69,1410,1215,736813789071,0
matmul_large_block08,1790333287.1490304,4877338.837766406,399.014,69,1410,1215,736813829242,0
matmul_large_block08,1790333287.1990337,4877338.887769831,399.014,69,1410,1215,736813829242,0
matmul_large_block08,1790333287.2490299,4877338.937765857,399.014,69,1410,1215,736813869666,0
matmul_large_block08,1790333287.299033,4877338.987769012,399.014,69,1410,1215,736813869666,0
matmul_large_block08,1790333287.3490307,4877339.037766747,399.43,69,1410,1215,736813909996,0
matmul_large_block08,1790333287.3990352,4877339.087771233,399.43,69,1410,1215,736813909996,0
matmul_large_block08,1790333287.4490361,4877339.137772048,399.107,69,1410,1215,736813950216,0
matmul_large_block08,1790333287.4990368,4877339.187772713,399.107,69,1410,1215,736813950216,0
matmul_large_block08,1790333287.5490322,4877339.237768369,399.43,69,1410,1215,736813990493,0
matmul_large_block08,1790333287.599033,4877339.287769024,399.43,69,1410,1215,736813990493,0
matmul_large_block08,1790333287.6490366,4877339.337772529,399.707,69,1410,1215,736814030655,0
matmul_large_block08,1790333287.6990361,4877339.387772085,399.707,69,1410,1215,736814030655,0
matmul_large_block08,1790333287.7490323,4877339.43776814,399.107,69,1410,1215,736814070901,0
matmul_large_block08,1790333287.7990305,4877339.487766675,399.107,69,1410,1215,736814070901,0
matmul_large_block08,1790333287.849036,4877339.537772181,399.43,69,1410,1215,736814111178,0
matmul_large_block08,1790333287.8990326,4877339.587768506,399.43,69,1410,1215,736814111178,0
matmul_large_block08,1790333287.94903,4877339.637765841,399.43,69,1410,1215,736814151433,0
matmul_large_block08,1790333287.999034,4877339.687769977,399.43,69,1410,1215,736814151433,0
matmul_large_block08,1790333288.0490303,4877339.737766432,399.707,69,1410,1215,736814191738,0
matmul_large_block08,1790333288.0990343,4877339.787770297,399.707,69,1410,1215,736814191738,0
matmul_large_block08,1790333288.14903,4877339.837765923,399.43,69,1410,1215,736814231977,0
matmul_large_block08,1790333288.1990364,4877339.887772568,399.43,69,1410,1215,736814231977,0
matmul_large_block08,1790333288.24903,4877339.937766153,399.43,69,1410,1215,736814272307,0
matmul_large_block08,1790333288.299035,4877339.987771099,399.43,69,1410,1215,736814272307,0
matmul_large_block08,1790333288.3490303,4877340.037766154,399.707,69,1410,1215,736814312639,0
matmul_large_block08,1790333288.3990352,4877340.087771209,399.707,69,1410,1215,736814312639,0
matmul_large_block08,1790333288.449036,4877340.137771895,399.43,69,1410,1215,736814352924,0
matmul_large_block08,1790333288.4990356,4877340.18777175,399.43,69,1410,1215,736814352924,0
matmul_large_block08,1790333288.5490332,4877340.237769335,400.299,69,1410,1215,736814393178,0
matmul_large_block08,1790333288.599033,4877340.287769261,400.299,69,1410,1215,736814393178,0
matmul_large_block08,1790333288.649036,4877340.337772146,400.03,69,1410,1215,736814393178,0
matmul_large_block08,1790333288.699032,4877340.387768051,400.03,69,1410,1215,736814433837,0
matmul_large_block08,1790333288.7490325,4877340.437768597,399.43,69,1410,1215,736814433837,0
matmul_large_block08,1790333288.799035,4877340.487771302,399.43,69,1410,1215,736814473804,0
matmul_large_block08,1790333288.8490326,4877340.537768787,400.03,69,1410,1215,736814473804,0
matmul_large_block08,1790333288.8990374,4877340.587773523,400.03,69,1410,1215,736814514064,0
matmul_large_block08,1790333288.9490323,4877340.637768358,400.481,69,1410,1215,736814514064,0
matmul_large_block08,1790333288.9990342,4877340.687770103,400.481,69,1410,1215,736814554316,0
matmul_large_block08,1790333289.0490358,4877340.737771789,400.898,69,1410,1215,736814554316,0
matmul_large_block08,1790333289.0990334,4877340.787769374,400.898,69,1410,1215,736814594593,0
matmul_large_block08,1790333289.1490324,4877340.837768569,400.568,69,1410,1215,736814594593,0
matmul_large_block08,1790333289.1990325,4877340.887768755,400.568,69,1410,1215,736814634813,0
matmul_large_block08,1790333289.2490363,4877340.93777229,400.568,69,1410,1215,736814634813,0
matmul_large_block08,1790333289.2990332,4877340.987769055,400.568,69,1410,1215,736814675129,0
matmul_large_block08,1790333289.349032,4877341.037767971,400.299,69,1410,1215,736814675129,0
matmul_large_block08,1790333289.399033,4877341.087769106,400.299,69,1410,1215,736814715454,0
matmul_large_block08,1790333289.4490304,4877341.137766341,400.568,69,1410,1215,736814715454,0
matmul_large_block08,1790333289.499032,4877341.187768097,400.568,69,1410,1215,736814755846,0
matmul_large_block08,1790333289.5490296,4877341.237765662,400.568,69,1410,1215,736814755846,0
matmul_large_block08,1790333289.5990334,4877341.287769347,400.568,69,1410,1215,736814796061,0
matmul_large_block08,1790333289.6490304,4877341.337766413,400.03,69,1410,1215,736814796061,0
matmul_large_block08,1790333289.6990335,4877341.387769598,400.03,69,1410,1215,736814836364,0
matmul_large_block08,1790333289.7490299,4877341.437765913,400.03,69,1410,1215,736814836364,0
matmul_large_block08,1790333289.7990334,4877341.487769409,400.03,69,1410,1215,736814876610,0
matmul_large_block08,1790333289.8490312,4877341.537767294,399.613,69,1410,1215,736814876610,0
matmul_large_block08,1790333289.899033,4877341.587769229,399.613,69,1410,1215,736814916899,0
matmul_large_block08,1790333289.9490304,4877341.637766455,400.03,69,1410,1215,736814916899,0
matmul_large_block08,1790333289.9990358,4877341.68777184,400.03,69,1410,1215,736814957111,0
matmul_large_block08,1790333290.0490298,4877341.737766055,399.43,69,1410,1215,736814957111,0
matmul_large_block08,1790333290.0990357,4877341.78777166,399.43,69,1410,1215,736814997392,0
matmul_large_block08,1790333290.1490297,4877341.837765746,399.707,69,1410,1215,736814997392,0
matmul_large_block08,1790333290.1990354,4877341.887771361,399.707,69,1410,1215,736815037649,0
matmul_large_block08,1790333290.2490318,4877341.937767767,399.107,69,1410,1215,736815037649,0
matmul_large_block08,1790333290.2990348,4877341.987771002,399.107,69,1410,1215,736815077901,0
matmul_large_block08,1790333290.3490324,4877342.037768507,399.43,69,1410,1215,736815077901,0
matmul_large_block08,1790333290.399035,4877342.087770933,399.43,69,1410,1215,736815118172,0
matmul_large_block08,1790333290.4490328,4877342.137768638,399.43,69,1410,1215,736815118172,0
matmul_large_block08,1790333290.4990358,4877342.187772063,399.43,69,1410,1215,736815158540,0
matmul_large_block08,1790333290.549035,4877342.237771028,399.107,69,1410,1215,736815158540,0
matmul_large_block08,1790333290.5990326,4877342.287768694,399.107,69,1410,1215,736815198816,0
matmul_large_block08,1790333290.6490333,4877342.337769179,398.692,69,1410,1215,736815198816,0
matmul_large_block08,1790333290.6990361,4877342.387772324,398.692,69,1410,1215,736815239108,0
matmul_large_block08,1790333290.7490325,4877342.43776852,398.838,69,1410,1215,736815239108,0
matmul_large_block08,1790333290.7990353,4877342.487771345,398.838,69,1410,1215,736815279380,0
matmul_large_block08,1790333290.8490298,4877342.537765831,398.838,69,1410,1215,736815279380,0
matmul_large_block08,1790333290.899036,4877342.587771936,398.838,69,1410,1215,736815319747,0
matmul_large_block08,1790333290.949037,4877342.637773141,398.569,69,1410,1215,736815319747,0
matmul_large_block08,1790333290.9990325,4877342.687768577,398.569,69,1410,1215,736815360053,0
matmul_large_block08,1790333291.0490336,4877342.737769702,398.692,69,1410,1215,736815360053,0
matmul_large_block08,1790333291.0990355,4877342.787771547,398.692,69,1410,1215,736815400324,0
matmul_large_block08,1790333291.149034,4877342.837770092,398.246,69,1410,1215,736815400324,0
matmul_large_block08,1790333291.1990323,4877342.887768498,398.246,69,1410,1215,736815440551,0
matmul_large_block08,1790333291.2490332,4877342.937769263,398.246,69,1410,1215,736815440551,0
matmul_large_block08,1790333291.2990334,4877342.987769508,398.246,69,1410,1215,736815480812,0
matmul_large_block08,1790333291.3490298,4877343.037766044,398.246,69,1410,1215,736815480812,0
matmul_large_block08,1790333291.399032,4877343.087768219,398.246,69,1410,1215,736815521158,0
matmul_large_block08,1790333291.4490302,4877343.137766275,397.969,69,1410,1215,736815521158,0
matmul_large_block08,1790333291.4990337,4877343.18776977,397.969,69,1410,1215,736815561486,0
matmul_large_block08,1790333291.5490298,4877343.237765985,398.246,69,1410,1215,736815561486,0
matmul_large_block08,1790333291.5990357,4877343.28777166,398.246,69,1410,1215,736815601621,0
matmul_large_block08,1790333291.6490312,4877343.337767276,398.569,69,1410,1215,736815601621,0
matmul_large_block08,1790333291.6990328,4877343.387768851,398.569,69,1410,1215,736815641931,0
matmul_large_block08,1790333291.7490306,4877343.437766766,398.569,69,1410,1215,736815641931,0
matmul_large_block08,1790333291.7990334,4877343.487769342,398.569,69,1410,1215,736815682234,0
matmul_large_block08,1790333291.8490293,4877343.537765527,398.838,69,1410,1215,736815682234,0
matmul_large_block08,1790333291.8990316,4877343.587767603,398.838,69,1410,1215,736815722574,0
matmul_large_block08,1790333291.9490297,4877343.637765658,398.569,69,1410,1215,736815722574,0
matmul_large_block08,1790333291.9990335,4877343.687769493,398.569,69,1410,1215,736815762841,0
matmul_large_block08,1790333292.0490327,4877343.737768858,398.569,69,1410,1215,736815762841,0
matmul_large_block08,1790333292.0990355,4877343.787771484,398.569,69,1410,1215,736815803103,0
matmul_large_block08,1790333292.1490302,4877343.837766079,398.838,69,1410,1215,736815803103,0
matmul_large_block08,1790333292.1990342,4877343.887770084,398.838,69,1410,1215,736815843358,0
matmul_large_block09,1790333292.2092638,4877343.897999847,398.838,69,1410,1215,736815843358,0
matmul_large_block09,1790333292.2593856,4877343.948121901,400.03,68,1410,1215,736815843358,0
matmul_large_block09,1790333292.3093717,4877343.998107646,400.03,68,1410,1215,736815881981,0
matmul_large_block09,1790333292.359384,4877344.048120141,399.107,69,1410,1215,736815881981,0
matmul_large_block09,1790333292.4093862,4877344.098122307,399.107,69,1410,1215,736815922259,0
matmul_large_block09,1790333292.4593866,4877344.148122632,400.299,69,1410,1215,736815922259,0
matmul_large_block09,1790333292.5093858,4877344.198121757,400.299,69,1410,1215,736815962616,0
matmul_large_block09,1790333292.5593812,4877344.248117383,400.03,69,1410,1215,736815962616,0
matmul_large_block09,1790333292.6093838,4877344.298119968,400.03,69,1410,1215,736816002900,0
matmul_large_block09,1790333292.6593857,4877344.348121613,399.707,69,1410,1215,736816002900,0
matmul_large_block09,1790333292.7093859,4877344.398122119,399.707,69,1410,1215,736816043182,0
matmul_large_block09,1790333292.7593842,4877344.448120364,399.291,69,1410,1215,736816043182,0
matmul_large_block09,1790333292.8093843,4877344.498120509,399.291,69,1410,1215,736816083444,0
matmul_large_block09,1790333292.8593802,4877344.548116315,399.707,69,1410,1215,736816083444,0
matmul_large_block09,1790333292.9093864,4877344.59812248,399.707,69,1410,1215,736816123708,0
matmul_large_block09,1790333292.9593804,4877344.648116455,399.707,69,1410,1215,736816123708,0
matmul_large_block09,1790333293.0093849,4877344.698121101,399.707,69,1410,1215,736816163934,0
matmul_large_block09,1790333293.05938,4877344.748116046,399.43,69,1410,1215,736816163934,0
matmul_large_block09,1790333293.1093864,4877344.798122591,399.43,69,1410,1215,736816204240,0
matmul_large_block09,1790333293.1593804,4877344.848116587,399.43,69,1410,1215,736816204240,0
matmul_large_block09,1790333293.2093842,4877344.898120252,399.43,69,1410,1215,736816244508,0
matmul_large_block09,1790333293.2593803,4877344.948116148,399.107,69,1410,1215,736816244508,0
matmul_large_block09,1790333293.3093927,4877344.998128633,399.107,69,1410,1215,736816284834,0
matmul_large_block09,1790333293.359384,4877345.048120118,399.107,69,1410,1215,736816284834,0
matmul_large_block09,1790333293.409383,4877345.098119153,399.107,69,1410,1215,736816325183,0
matmul_large_block09,1790333293.4593863,4877345.148122319,399.107,69,1410,1215,736816325183,0
matmul_large_block09,1790333293.5093856,4877345.198121614,399.107,69,1410,1215,736816365509,0
matmul_large_block09,1790333293.5593858,4877345.248121919,399.107,69,1410,1215,736816365509,0
matmul_large_block09,1790333293.6093833,4877345.298119365,399.107,69,1410,1215,736816405764,0
matmul_large_block09,1790333293.65938,4877345.34811609,398.838,69,1410,1215,736816405764,0
matmul_large_block09,1790333293.709387,4877345.398123125,398.838,69,1410,1215,736816446111,0
matmul_large_block09,1790333293.7593806,4877345.448116431,399.107,69,1410,1215,736816446111,0
matmul_large_block09,1790333293.809384,4877345.498120256,399.107,69,1410,1215,736816486393,0
matmul_large_block09,1790333293.8593888,4877345.548125061,398.569,69,1410,1215,736816486393,0
matmul_large_block09,1790333293.9093862,4877345.598122257,398.569,69,1410,1215,736816526720,0
matmul_large_block09,1790333293.9593804,4877345.648116612,398.838,69,1410,1215,736816526720,0
matmul_large_block09,1790333294.0093865,4877345.698122637,398.838,69,1410,1215,736816566985,0
matmul_large_block09,1790333294.0593832,4877345.748119183,398.838,69,1410,1215,736816566985,0
matmul_large_block09,1790333294.1093855,4877345.798121598,398.838,69,1410,1215,736816607268,0
matmul_large_block09,1790333294.1593812,4877345.848117213,398.569,69,1410,1215,736816607268,0
matmul_large_block09,1790333294.209383,4877345.898119009,398.569,69,1410,1215,736816647514,0
matmul_large_block09,1790333294.259381,4877345.948117144,398.569,69,1410,1215,736816647514,0
matmul_large_block09,1790333294.3093855,4877345.998121619,398.569,69,1410,1215,736816687802,0
matmul_large_block09,1790333294.3593798,4877346.048115725,398.569,69,1410,1215,736816687802,0
matmul_large_block09,1790333294.4093838,4877346.09811963,398.569,69,1410,1215,736816728158,0
matmul_large_block09,1790333294.4593804,4877346.148116485,398.569,69,1410,1215,736816728158,0
matmul_large_block09,1790333294.5093837,4877346.198119841,398.569,69,1410,1215,736816768513,0
matmul_large_block09,1790333294.5593817,4877346.248117686,398.838,69,1410,1215,736816768513,0
matmul_large_block09,1790333294.6093826,4877346.298118771,398.838,69,1410,1215,736816808821,0
matmul_large_block09,1790333294.6593843,4877346.348120487,398.838,69,1410,1215,736816808821,0
matmul_large_block09,1790333294.7093859,4877346.398122042,398.838,69,1410,1215,736816849100,0
matmul_large_block09,1790333294.759384,4877346.448119967,398.569,69,1410,1215,736816849100,0
matmul_large_block09,1790333294.8093834,4877346.498119393,398.569,69,1410,1215,736816889413,0
matmul_large_block09,1790333294.8593833,4877346.548119318,398.154,69,1410,1215,736816889413,0
matmul_large_block09,1790333294.9093847,4877346.598120643,398.154,69,1410,1215,736816929755,0
matmul_large_block09,1790333294.9593806,4877346.648116759,398.838,69,1410,1215,736816929755,0
matmul_large_block09,1790333295.0093837,4877346.698119734,398.838,69,1410,1215,736816970024,0
matmul_large_block09,1790333295.0593855,4877346.748121769,399.107,69,1410,1215,736816970024,0
matmul_large_block09,1790333295.109386,4877346.798122105,399.107,69,1410,1215,736817010369,0
matmul_large_block09,1790333295.15938,4877346.84811612,398.569,69,1410,1215,736817010369,0
matmul_large_block09,1790333295.209383,4877346.898119005,398.569,69,1410,1215,736817050710,0
matmul_large_block09,1790333295.2593822,4877346.948118421,399.107,69,1410,1215,736817050710,0
matmul_large_block09,1790333295.3093863,4877346.998122326,399.107,69,1410,1215,736817091026,0
matmul_large_block09,1790333295.3593829,4877347.048118951,399.43,69,1410,1215,736817091026,0
matmul_large_block09,1790333295.4093835,4877347.098119527,399.43,69,1410,1215,736817131354,0
matmul_large_block09,1790333295.4593832,4877347.148119262,399.43,69,1410,1215,736817131354,0
matmul_large_block09,1790333295.5093856,4877347.198121537,399.43,69,1410,1215,736817171637,0
matmul_large_block09,1790333295.5593824,4877347.248118613,399.107,69,1410,1215,736817171637,0
matmul_large_block09,1790333295.6093829,4877347.298119058,399.107,69,1410,1215,736817211895,0
matmul_large_block09,1790333295.6593802,4877347.348116373,400.299,69,1410,1215,736817211895,0
matmul_large_block09,1790333295.7093835,4877347.398119589,400.299,69,1410,1215,736817252219,0
matmul_large_block09,1790333295.7593806,4877347.448116554,400.568,69,1410,1215,736817252219,0
matmul_large_block09,1790333295.809385,4877347.498121119,400.568,69,1410,1215,736817292561,0
matmul_large_block09,1790333295.8593798,4877347.548115765,400.299,69,1410,1215,736817292561,0
matmul_large_block09,1790333295.9093857,4877347.5981217,400.299,69,1410,1215,736817292561,0
matmul_large_block09,1790333295.9593804,4877347.648116535,399.43,69,1410,1215,736817333255,0
matmul_large_block09,1790333296.0093832,4877347.698119211,399.43,69,1410,1215,736817333255,0
matmul_large_block09,1790333296.0593808,4877347.748116666,399.882,69,1410,1215,736817373266,0
matmul_large_block09,1790333296.1093845,4877347.798120391,399.882,69,1410,1215,736817373266,0
matmul_large_block09,1790333296.1593802,4877347.848116167,400.568,69,1410,1215,736817413542,0
matmul_large_block09,1790333296.2093852,4877347.898121382,400.568,69,1410,1215,736817413542,0
matmul_large_block09,1790333296.2593894,4877347.948125557,400.299,69,1410,1215,736817453849,0
matmul_large_block09,1790333296.3093824,4877347.998118433,400.299,69,1410,1215,736817453849,0
matmul_large_block09,1790333296.3593833,4877348.048119278,400.03,69,1410,1215,736817494175,0
matmul_large_block09,1790333296.4093819,4877348.098117843,400.03,69,1410,1215,736817494175,0
matmul_large_block09,1790333296.4593863,4877348.148122339,400.299,69,1410,1215,736817534458,0
matmul_large_block09,1790333296.5093827,4877348.198118584,400.299,69,1410,1215,736817534458,0
matmul_large_block09,1790333296.5593605,4877348.248096629,400.299,69,1410,1215,736817574796,0
matmul_large_block09,1790333296.6093485,4877348.298084495,400.299,69,1410,1215,736817574796,0
matmul_large_block09,1790333296.6593406,4877348.34807644,386.068,69,1395,1215,736817614612,4
matmul_large_block09,1790333296.7093434,4877348.398079136,386.068,69,1395,1215,736817614612,4
matmul_large_block09,1790333296.759338,4877348.448073781,394.187,69,1410,1215,736817654165,0
matmul_large_block09,1790333296.8093424,4877348.498078176,394.187,69,1410,1215,736817654165,0
matmul_large_block09,1790333296.8593388,4877348.548074422,399.107,69,1410,1215,736817694060,0
matmul_large_block09,1790333296.9093423,4877348.598077907,399.107,69,1410,1215,736817694060,0
matmul_large_block09,1790333296.959338,4877348.648073822,399.107,69,1410,1215,736817734351,0
matmul_large_block09,1790333297.0093427,4877348.698078598,399.107,69,1410,1215,736817734351,0
matmul_large_block09,1790333297.0593383,4877348.748074153,399.014,69,1410,1215,736817774636,0
matmul_large_block09,1790333297.1093435,4877348.798079188,399.014,69,1410,1215,736817774636,0
matmul_large_block09,1790333297.1593378,4877348.848073544,399.707,69,1410,1215,736817814943,0
matmul_large_block09,1790333297.209343,4877348.898078579,399.707,69,1410,1215,736817814943,0
matmul_large_block09,1790333297.2593436,4877348.948079514,399.43,69,1410,1215,736817855276,0
matmul_large_block09,1790333297.3093438,4877348.99807937,399.43,69,1410,1215,736817855276,0
matmul_large_block09,1790333297.3593414,4877349.048077065,399.43,69,1410,1215,736817895606,0
matmul_large_block09,1790333297.4093423,4877349.098078,399.43,69,1410,1215,736817895606,0
matmul_large_block09,1790333297.4593418,4877349.148077526,399.707,69,1410,1215,736817935898,0
matmul_large_block09,1790333297.5093446,4877349.198080291,399.707,69,1410,1215,736817935898,0
matmul_large_block09,1790333297.5593371,4877349.248072906,399.014,69,1410,1215,736817976261,0
matmul_large_block09,1790333297.6093445,4877349.298080182,399.014,69,1410,1215,736817976261,0
matmul_large_block09,1790333297.6593375,4877349.348073327,399.43,69,1410,1215,736818016536,0
matmul_large_block09,1790333297.709342,4877349.398077552,399.43,69,1410,1215,736818016536,0
matmul_large_block09,1790333297.7593377,4877349.448073498,385.469,69,1395,1215,736818056306,0
matmul_large_block09,1790333297.8093507,4877349.498086413,385.469,69,1395,1215,736818056306,0
matmul_large_block09,1790333297.8593764,4877349.548112458,398.838,69,1410,1215,736818096318,0
matmul_large_block09,1790333297.9093838,4877349.598119773,398.838,69,1410,1215,736818096318,0
matmul_large_block09,1790333297.9593804,4877349.648116569,398.692,69,1410,1215,736818136672,0
matmul_large_block09,1790333298.0093865,4877349.698122524,398.692,69,1410,1215,736818136672,0
matmul_large_block09,1790333298.0593803,4877349.748116379,399.107,69,1410,1215,736818176936,0
matmul_large_block09,1790333298.109386,4877349.798121945,399.107,69,1410,1215,736818176936,0
matmul_large_block09,1790333298.1593819,4877349.84811773,399.107,69,1410,1215,736818217191,0
matmul_large_block09,1790333298.2093837,4877349.898119705,399.107,69,1410,1215,736818217191,0
matmul_large_block09,1790333298.2593796,4877349.94811582,399.107,69,1410,1215,736818257476,0
matmul_large_block09,1790333298.3093858,4877349.998121896,399.107,69,1410,1215,736818257476,0
matmul_large_block09,1790333298.3593807,4877350.048116901,399.107,69,1410,1215,736818297719,0
matmul_large_block09,1790333298.4093826,4877350.098118596,399.107,69,1410,1215,736818297719,0
matmul_large_block09,1790333298.4593806,4877350.148116752,399.707,69,1410,1215,736818337998,0
matmul_large_block09,1790333298.509383,4877350.198118887,399.707,69,1410,1215,736818337998,0
matmul_large_block09,1790333298.5593798,4877350.248115813,399.707,69,1410,1215,736818378344,0
matmul_large_block09,1790333298.6093833,4877350.298119528,399.707,69,1410,1215,736818378344,0
matmul_large_block09,1790333298.65938,4877350.348115953,399.707,69,1410,1215,736818418618,0
matmul_large_block09,1790333298.7093823,4877350.398118488,399.707,69,1410,1215,736818418618,0
matmul_large_block09,1790333298.7593856,4877350.448121574,400.03,69,1410,1215,736818458969,0
matmul_large_block09,1790333298.809386,4877350.498122019,400.03,69,1410,1215,736818458969,0
matmul_large_block09,1790333298.8593833,4877350.548119274,400.568,69,1410,1215,736818499239,0
matmul_large_block09,1790333298.9093857,4877350.59812171,400.568,69,1410,1215,736818499239,0
matmul_large_block09,1790333298.9593863,4877350.648122505,400.898,69,1410,1215,736818539550,0
matmul_large_block09,1790333299.0093827,4877350.698118741,400.898,69,1410,1215,736818539550,0
matmul_large_block09,1790333299.059381,4877350.748117156,400.898,69,1410,1215,736818580015,0
matmul_large_block09,1790333299.1093824,4877350.798118481,400.898,69,1410,1215,736818580015,0
matmul_large_block09,1790333299.1593802,4877350.848116336,400.898,69,1410,1215,736818620257,0
matmul_large_block09,1790333299.2093828,4877350.898118622,400.898,69,1410,1215,736818620257,0
matmul_large_block09,1790333299.2593799,4877350.948116097,400.898,69,1410,1215,736818660800,0
matmul_large_block09,1790333299.309385,4877350.998120962,400.898,69,1410,1215,736818660800,0
matmul_large_block09,1790333299.3593802,4877351.048116258,400.898,69,1410,1215,736818700841,0
matmul_large_block09,1790333299.4093852,4877351.098121333,400.898,69,1410,1215,736818700841,0
matmul_large_block09,1790333299.45938,4877351.148116039,401.168,69,1410,1215,736818741250,0
matmul_large_block09,1790333299.5093834,4877351.198119344,401.168,69,1410,1215,736818741250,0
matmul_large_block09,1790333299.5593793,4877351.248115629,388.936,69,1410,1215,736818780615,0
matmul_large_block09,1790333299.609383,4877351.298119144,388.936,69,1410,1215,736818780615,0
matmul_large_block09,1790333299.6593802,4877351.34811627,388.936,69,1410,1215,736818820638,0
matmul_large_block09,1790333299.7093832,4877351.398119165,388.936,69,1410,1215,736818820638,0
matmul_large_block09,1790333299.7593794,4877351.44811561,394.779,69,1410,1215,736818860533,0
matmul_large_block09,1790333299.8093853,4877351.498121306,394.779,69,1410,1215,736818860533,0
matmul_large_block09,1790333299.8593826,4877351.548118541,399.291,69,1410,1215,736818900785,0
matmul_large_block09,1790333299.909386,4877351.598122076,399.291,69,1410,1215,736818900785,0
matmul_large_block09,1790333299.9593825,4877351.648118692,400.03,69,1410,1215,736818941136,0
matmul_large_block09,1790333300.0093834,4877351.698119557,400.03,69,1410,1215,736818941136,0
matmul_large_block09,1790333300.059381,4877351.748117002,400.03,69,1410,1215,736818981381,0
matmul_large_block09,1790333300.1093843,4877351.798120208,400.03,69,1410,1215,736818981381,0
matmul_large_block09,1790333300.1593797,4877351.848115883,400.03,69,1410,1215,736819021735,0
matmul_large_block09,1790333300.209392,4877351.898128148,400.03,69,1410,1215,736819021735,0
matmul_large_block09,1790333300.2593808,4877351.948116904,400.299,69,1410,1215,736819062026,0
matmul_large_block09,1790333300.3093798,4877351.998115939,400.299,69,1410,1215,736819062026,0
matmul_large_block09,1790333300.35938,4877352.048115984,400.03,69,1410,1215,736819102425,0
matmul_large_block09,1790333300.4093854,4877352.09812152,400.03,69,1410,1215,736819102425,0
matmul_large_block09,1790333300.4593906,4877352.148126805,400.03,69,1410,1215,736819142807,0
matmul_large_block09,1790333300.5093832,4877352.19811926,400.03,69,1410,1215,736819142807,0
matmul_large_block09,1790333300.5593803,4877352.248116256,400.03,69,1410,1215,736819183194,0
matmul_large_block09,1790333300.6093853,4877352.298121201,400.03,69,1410,1215,736819183194,0
matmul_large_block09,1790333300.6593795,4877352.348115566,400.03,69,1395,1215,736819222875,4
matmul_large_block09,1790333300.7093868,4877352.398122822,400.03,69,1395,1215,736819222875,4
matmul_large_block09,1790333300.7593803,4877352.448116287,385.738,69,1410,1215,736819262753,0
matmul_large_block09,1790333300.809383,4877352.498118972,385.738,69,1410,1215,736819262753,0
matmul_large_block09,1790333300.85938,4877352.548116058,394.187,69,1410,1215,736819302664,0
matmul_large_block09,1790333300.9093862,4877352.598122193,394.187,69,1410,1215,736819302664,0
matmul_large_block09,1790333300.9593794,4877352.648115598,398.838,69,1410,1215,736819343011,0
matmul_large_block09,1790333301.0093832,4877352.698119244,398.838,69,1410,1215,736819343011,0
matmul_large_block09,1790333301.0593803,4877352.748116269,399.43,69,1410,1215,736819383333,0
matmul_large_block09,1790333301.109385,4877352.798121014,399.43,69,1410,1215,736819383333,0
matmul_large_block09,1790333301.1593807,4877352.84811676,399.107,69,1410,1215,736819423661,0
matmul_large_block09,1790333301.2093832,4877352.898119325,399.107,69,1410,1215,736819423661,0
matmul_large_block09,1790333301.2593806,4877352.94811657,399.107,69,1410,1215,736819463995,0
matmul_large_block09,1790333301.309383,4877352.998118896,399.107,69,1410,1215,736819463995,0
matmul_large_block09,1790333301.35938,4877353.048115901,399.43,69,1410,1215,736819504392,0
matmul_large_block09,1790333301.4093952,4877353.098131326,399.43,69,1410,1215,736819504392,0
matmul_large_block09,1790333301.45938,4877353.148116092,399.43,69,1410,1215,736819544676,0
matmul_large_block09,1790333301.5093849,4877353.198121117,399.43,69,1410,1215,736819544676,0
matmul_large_block09,1790333301.5593803,4877353.248116392,399.43,69,1410,1215,736819544676,0
matmul_large_block09,1790333301.609386,4877353.298122078,399.43,69,1410,1215,736819585709,0
matmul_large_block09,1790333301.6593804,4877353.348116533,400.03,69,1410,1215,736819585709,0
matmul_large_block09,1790333301.7093823,4877353.398118338,400.03,69,1410,1215,736819625679,0
matmul_large_block09,1790333301.7593799,4877353.448116044,399.43,69,1395,1215,736819625679,4
matmul_large_block09,1790333301.8093855,4877353.498121589,399.43,69,1395,1215,736819665123,4
matmul_large_block09,1790333301.859381,4877353.548117024,386.337,69,1410,1215,736819665123,0
matmul_large_block09,1790333301.909385,4877353.59812099,386.337,69,1410,1215,736819705076,0
matmul_large_block09,1790333301.9593797,4877353.648115665,399.43,69,1410,1215,736819705076,0
matmul_large_block09,1790333302.009383,4877353.69811902,399.43,69,1410,1215,736819745459,0
matmul_large_block09,1790333302.0593915,4877353.748127466,399.707,69,1410,1215,736819745459,0
matmul_large_block09,1790333302.109388,4877353.798124021,399.707,69,1410,1215,736819785719,0
matmul_large_block09,1790333302.1593826,4877353.848118566,400.568,69,1410,1215,736819785719,0
matmul_large_block09,1790333302.2093906,4877353.898126611,400.568,69,1410,1215,736819826053,0
