window,t_wall,t_perf,power_w,temp_c,sm_clock_mhz,mem_clock_mhz,energy_mj,throttle_mask
matmul_tiny_loop_L0.5_r2,1790333912.2261913,4877963.914927424,114.155,38,1410,1215,737025044509,0
matmul_tiny_loop_L0.5_r2,1790333912.2763033,4877963.965039357,114.155,38,1410,1215,737025044509,0
matmul_tiny_loop_L0.5_r2,1790333912.326304,4877964.01503989,114.273,38,1410,1215,737025056023,0
matmul_tiny_loop_L0.5_r2,1790333912.3763137,4877964.065049664,114.273,38,1410,1215,737025056023,0
matmul_tiny_loop_L0.5_r2,1790333912.4263158,4877964.115051897,114.155,38,1410,1215,737025067534,0
matmul_tiny_loop_L0.5_r2,1790333912.4763165,4877964.165052441,114.155,38,1410,1215,737025067534,0
matmul_tiny_loop_L0.5_r2,1790333912.526314,4877964.215050055,113.832,38,1410,1215,737025079047,0
matmul_tiny_loop_L0.5_r2,1790333912.5763478,4877964.265083838,113.832,38,1410,1215,737025079047,0
matmul_tiny_loop_L0.5_r2,1790333912.6263137,4877964.315049662,114.155,38,1410,1215,737025090559,0
matmul_tiny_loop_L0.5_r2,1790333912.6763146,4877964.365050686,114.155,38,1410,1215,737025090559,0
matmul_tiny_loop_L0.5_r2,1790333912.7263186,4877964.415054589,113.832,38,1410,1215,737025102045,0
matmul_tiny_loop_L1_r3,1790333914.735035,4877966.423770905,113.832,38,1410,1215,737025332344,0
matmul_tiny_loop_L1_r3,1790333914.7851481,4877966.473884187,113.832,38,1410,1215,737025332344,0
matmul_tiny_loop_L1_r3,1790333914.835148,4877966.523884071,113.832,38,1410,1215,737025343883,0
matmul_tiny_loop_L1_r3,1790333914.8851576,4877966.573893585,113.832,38,1410,1215,737025343883,0
matmul_tiny_loop_L1_r3,1790333914.935161,4877966.623897048,115.144,38,1410,1215,737025355462,0
matmul_tiny_loop_L1_r3,1790333914.9851632,4877966.673899282,115.144,38,1410,1215,737025355462,0
matmul_tiny_loop_L1_r3,1790333915.0351613,4877966.723897406,114.155,38,1410,1215,737025366961,0
matmul_tiny_loop_L1_r3,1790333915.085159,4877966.773895219,114.155,38,1410,1215,737025366961,0
matmul_tiny_loop_L1_r3,1790333915.1351562,4877966.823892363,114.155,38,1410,1215,737025378502,0
matmul_tiny_loop_L1_r3,1790333915.185164,4877966.873900027,114.155,38,1410,1215,737025378502,0
matmul_tiny_loop_L1_r3,1790333915.23516,4877966.9238962,115.024,38,1410,1215,737025390127,0
matmul_tiny_loop_L1_r3,1790333915.2851577,4877966.973893604,115.024,38,1410,1215,737025390127,0
matmul_tiny_loop_L1_r3,1790333915.335159,4877967.023895147,115.294,38,1410,1215,737025401691,0
matmul_tiny_loop_L1_r3,1790333915.3851578,4877967.073893901,115.294,38,1410,1215,737025401691,0
matmul_tiny_loop_L1_r3,1790333915.4351606,4877967.123896575,114.155,38,1410,1215,737025413231,0
matmul_tiny_loop_L1_r3,1790333915.485159,4877967.173894919,114.155,38,1410,1215,737025413231,0
matmul_tiny_loop_L1_r3,1790333915.5351593,4877967.223895222,115.024,38,1410,1215,737025424834,0
matmul_tiny_loop_L1_r3,1790333915.585158,4877967.273894116,115.024,38,1410,1215,737025424834,0
matmul_tiny_loop_L1_r3,1790333915.6351602,4877967.323896479,115.414,38,1410,1215,737025436428,0
matmul_tiny_loop_L1_r3,1790333915.6851594,4877967.373895523,115.414,38,1410,1215,737025436428,0
matmul_tiny_loop_L1_r3,1790333915.735161,4877967.423897337,114.273,38,1410,1215,737025447905,0
matmul_tiny_loop_L1_r0,1790333917.743865,4877969.432600873,113.832,38,1410,1215,737025666740,0
matmul_tiny_loop_L1_r0,1790333917.7939825,4877969.482718785,113.832,38,1410,1215,737025678357,0
matmul_tiny_loop_L1_r0,1790333917.8439798,4877969.532715829,113.95,38,1410,1215,737025678357,0
matmul_tiny_loop_L1_r0,1790333917.8939893,4877969.582725402,113.95,38,1410,1215,737025689716,0
matmul_tiny_loop_L1_r0,1790333917.9439955,4877969.632731616,113.95,38,1410,1215,737025689716,0
matmul_tiny_loop_L1_r0,1790333917.9939876,4877969.68272368,113.95,38,1410,1215,737025701164,0
matmul_tiny_loop_L1_r0,1790333918.0439892,4877969.732725363,113.95,38,1410,1215,737025701164,0
matmul_tiny_loop_L1_r0,1790333918.0939896,4877969.782725727,113.95,38,1410,1215,737025712646,0
matmul_tiny_loop_L1_r0,1790333918.1439905,4877969.832726651,113.832,38,1410,1215,737025712646,0
matmul_tiny_loop_L1_r0,1790333918.193987,4877969.882722984,113.832,38,1410,1215,737025724107,0
matmul_tiny_loop_L1_r0,1790333918.2439914,4877969.932727318,113.832,38,1410,1215,737025724107,0
matmul_tiny_loop_L1_r0,1790333918.2939947,4877969.982730811,113.832,38,1410,1215,737025735580,0
matmul_tiny_loop_L1_r0,1790333918.3439877,4877970.032723865,113.832,38,1410,1215,737025735580,0
matmul_tiny_loop_L1_r0,1790333918.3939865,4877970.082722619,113.832,38,1410,1215,737025747045,0
matmul_tiny_loop_L1_r0,1790333918.4439912,4877970.132727462,113.832,38,1410,1215,737025747045,0
matmul_tiny_loop_L1_r0,1790333918.4939888,4877970.182725016,113.832,38,1410,1215,737025758526,0
matmul_tiny_loop_L1_r0,1790333918.5439882,4877970.23272419,113.832,38,1410,1215,737025758526,0
matmul_tiny_loop_L1_r0,1790333918.5939898,4877970.282725913,113.832,38,1410,1215,737025770007,0
matmul_tiny_loop_L1_r0,1790333918.6439877,4877970.332723797,114.155,38,1410,1215,737025770007,0
matmul_tiny_loop_L1_r0,1790333918.6939871,4877970.382723171,114.155,38,1410,1215,737025781525,0
matmul_tiny_loop_L1_r0,1790333918.74399,4877970.432726244,114.155,38,1410,1215,737025781525,0
matmul_tiny_loop_L10_r0,1790333920.7528484,4877972.441584559,113.832,38,1410,1215,737026011051,0
matmul_tiny_loop_L10_r0,1790333920.8029604,4877972.491696661,113.832,38,1410,1215,737026022520,0
matmul_tiny_loop_L10_r0,1790333920.8529615,4877972.541697545,113.832,38,1410,1215,737026022520,0
matmul_tiny_loop_L10_r0,1790333920.902976,4877972.591712228,113.832,38,1410,1215,737026034016,0
matmul_tiny_loop_L10_r0,1790333920.9529772,4877972.641713152,113.832,38,1410,1215,737026034016,0
matmul_tiny_loop_L10_r0,1790333921.0029771,4877972.691713165,113.832,38,1410,1215,737026045482,0
matmul_tiny_loop_L10_r0,1790333921.0529716,4877972.741707729,113.95,38,1410,1215,737026045482,0
matmul_tiny_loop_L10_r0,1790333921.1029732,4877972.791709213,113.95,38,1410,1215,737026056974,0
matmul_tiny_loop_L10_r0,1790333921.1529717,4877972.841707776,113.95,38,1410,1215,737026056974,0
matmul_tiny_loop_L10_r0,1790333921.202969,4877972.89170529,113.95,38,1410,1215,737026068451,0
matmul_tiny_loop_L10_r0,1790333921.252971,4877972.941707164,113.832,38,1410,1215,737026068451,0
matmul_tiny_loop_L10_r0,1790333921.3029735,4877972.991709497,113.832,38,1410,1215,737026079934,0
matmul_tiny_loop_L10_r0,1790333921.35297,4877973.041706171,113.832,38,1410,1215,737026079934,0
matmul_tiny_loop_L10_r0,1790333921.4029703,4877973.091706355,113.832,38,1410,1215,737026091399,0
matmul_tiny_loop_L10_r0,1790333921.4529712,4877973.141707478,113.832,38,1410,1215,737026091399,0
matmul_tiny_loop_L10_r0,1790333921.5029716,4877973.191707822,113.832,38,1410,1215,737026102923,0
matmul_tiny_loop_L10_r0,1790333921.5529747,4877973.241710676,115.024,38,1410,1215,737026102923,0
matmul_tiny_loop_L10_r0,1790333921.6029701,4877973.291706339,115.024,38,1410,1215,737026114479,0
matmul_tiny_loop_L10_r0,1790333921.65297,4877973.341706243,113.832,38,1410,1215,737026114479,0
matmul_tiny_loop_L10_r0,1790333921.702972,4877973.391708137,113.832,38,1410,1215,737026125943,0
matmul_tiny_loop_L10_r0,1790333921.7529755,4877973.44171136,113.95,38,1410,1215,737026125943,0
matmul_tiny_loop_L10_r0,1790333921.8029697,4877973.491705684,113.95,38,1410,1215,737026137415,0
matmul_tiny_loop_L10_r0,1790333921.8529747,4877973.541710638,113.832,38,1410,1215,737026137415,0
matmul_tiny_loop_L10_r0,1790333921.9029696,4877973.591705751,113.832,38,1410,1215,737026148892,0
matmul_tiny_loop_L10_r0,1790333921.9529715,4877973.641707625,113.95,38,1410,1215,737026148892,0
matmul_tiny_loop_L10_r0,1790333922.0029778,4877973.691713949,113.95,38,1410,1215,737026160378,0
matmul_tiny_loop_L10_r0,1790333922.0529702,4877973.741706412,113.832,38,1410,1215,737026160378,0
matmul_tiny_loop_L10_r0,1790333922.1029747,4877973.791710876,113.832,38,1410,1215,737026171887,0
matmul_tiny_loop_L10_r0,1790333922.1529737,4877973.841709679,115.024,38,1410,1215,737026171887,0
matmul_tiny_loop_L10_r0,1790333922.2029727,4877973.891708773,115.024,38,1410,1215,737026183470,0
matmul_tiny_loop_L10_r0,1790333922.2529707,4877973.941706727,113.832,38,1410,1215,737026183470,0
matmul_tiny_loop_L10_r0,1790333922.302973,4877973.991708971,113.832,38,1410,1215,737026194953,0
matmul_tiny_loop_L10_r0,1790333922.352972,4877974.041708044,113.832,38,1410,1215,737026194953,0
matmul_tiny_loop_L10_r0,1790333922.4029698,4877974.091705878,113.832,38,1410,1215,737026206415,0
matmul_tiny_loop_L10_r0,1790333922.4529762,4877974.141712301,113.832,38,1410,1215,737026206415,0
matmul_tiny_loop_L10_r0,1790333922.5029697,4877974.191705925,113.832,38,1410,1215,737026217901,0
matmul_tiny_loop_L10_r0,1790333922.553004,4877974.241740168,113.832,38,1410,1215,737026217901,0
matmul_tiny_loop_L10_r0,1790333922.6029778,4877974.291713812,113.832,38,1410,1215,737026229416,0
matmul_tiny_loop_L10_r0,1790333922.6529737,4877974.341709816,115.024,38,1410,1215,737026229416,0
matmul_tiny_loop_L10_r0,1790333922.7029712,4877974.39170719,115.024,38,1410,1215,737026240967,0
matmul_tiny_loop_L10_r0,1790333922.7529552,4877974.441691254,113.832,38,1410,1215,737026240967,0
matmul_tiny_loop_L10_r0,1790333922.8029366,4877974.491672577,113.832,38,1410,1215,737026252432,0
matmul_tiny_loop_L10_r0,1790333922.8529298,4877974.541665791,113.832,38,1410,1215,737026252432,0
matmul_tiny_loop_L10_r0,1790333922.9029338,4877974.591669635,113.832,38,1410,1215,737026263906,0
matmul_tiny_loop_L10_r0,1790333922.9529316,4877974.641667229,113.832,38,1410,1215,737026263906,0
matmul_tiny_loop_L10_r0,1790333923.002932,4877974.691667752,113.832,38,1410,1215,737026275364,0
matmul_tiny_loop_L10_r0,1790333923.052939,4877974.741674606,113.832,38,1410,1215,737026275364,0
matmul_tiny_loop_L10_r0,1790333923.102932,4877974.791667969,113.832,38,1410,1215,737026286832,0
matmul_tiny_loop_L10_r0,1790333923.152933,4877974.841668603,113.832,38,1410,1215,737026286832,0
matmul_tiny_loop_L10_r0,1790333923.2029305,4877974.891666437,113.832,38,1410,1215,737026298311,0
matmul_tiny_loop_L10_r0,1790333923.2529325,4877974.94166869,113.832,38,1410,1215,737026298311,0
matmul_tiny_loop_L10_r0,1790333923.30293,4877974.991666164,113.832,38,1410,1215,737026309841,0
matmul_tiny_loop_L10_r0,1790333923.3529315,4877975.041667598,115.144,38,1410,1215,737026309841,0
matmul_tiny_loop_L10_r0,1790333923.4029388,4877975.091674931,115.144,38,1410,1215,737026321386,0
matmul_tiny_loop_L10_r0,1790333923.4529324,4877975.141668425,113.832,38,1410,1215,737026321386,0
matmul_tiny_loop_L10_r0,1790333923.5029325,4877975.191668579,113.832,38,1410,1215,737026332910,0
matmul_tiny_loop_L10_r0,1790333923.5529346,4877975.241670662,113.95,38,1410,1215,737026332910,0
matmul_tiny_loop_L10_r0,1790333923.6029317,4877975.291667506,113.95,38,1410,1215,737026344387,0
matmul_tiny_loop_L10_r0,1790333923.6529317,4877975.34166737,115.024,38,1410,1215,737026344387,0
matmul_tiny_loop_L10_r0,1790333923.7029312,4877975.391667153,115.024,38,1410,1215,737026355962,0
matmul_tiny_loop_L10_r0,1790333923.752933,4877975.441668897,113.95,38,1410,1215,737026355962,0
matmul_tiny_loop_L10_r0,1790333923.8029323,4877975.491668021,113.95,38,1410,1215,737026367499,0
matmul_tiny_loop_L10_r0,1790333923.8529325,4877975.541668004,113.832,38,1410,1215,737026367499,0
matmul_tiny_loop_L10_r0,1790333923.9029305,4877975.591666488,113.832,38,1410,1215,737026379051,0
matmul_tiny_loop_L10_r0,1790333923.9529321,4877975.641667902,115.024,38,1410,1215,737026379051,0
matmul_tiny_loop_L10_r0,1790333924.0029337,4877975.691669785,115.024,38,1410,1215,737026390650,0
matmul_tiny_loop_L10_r0,1790333924.0529706,4877975.741706908,115.024,38,1410,1215,737026390650,0
matmul_tiny_loop_L10_r0,1790333924.1029732,4877975.791709452,115.024,38,1410,1215,737026402143,0
matmul_tiny_loop_L10_r0,1790333924.15297,4877975.841706056,113.95,38,1410,1215,737026402143,0
matmul_tiny_loop_L10_r0,1790333924.2029767,4877975.891712809,113.95,38,1410,1215,737026413624,0
matmul_tiny_loop_L10_r0,1790333924.2529738,4877975.941709923,113.95,38,1410,1215,737026413624,0
matmul_tiny_loop_L10_r0,1790333924.3029704,4877975.991706487,113.95,38,1410,1215,737026425113,0
matmul_tiny_loop_L10_r0,1790333924.3529716,4877976.04170767,113.832,38,1410,1215,737026425113,0
matmul_tiny_loop_L10_r0,1790333924.4029715,4877976.091707424,113.832,38,1410,1215,737026436582,0
matmul_tiny_loop_L10_r0,1790333924.4529738,4877976.141709908,113.832,38,1410,1215,737026436582,0
matmul_tiny_loop_L10_r0,1790333924.5029721,4877976.191708351,113.832,38,1410,1215,737026448067,0
matmul_tiny_loop_L10_r0,1790333924.5529795,4877976.241715485,113.832,38,1410,1215,737026448067,0
matmul_tiny_loop_L10_r0,1790333924.602974,4877976.291710119,113.832,38,1410,1215,737026448067,0
matmul_tiny_loop_L10_r0,1790333924.6529737,4877976.341709652,113.832,38,1410,1215,737026459731,0
matmul_tiny_loop_L10_r0,1790333924.7029724,4877976.391708526,113.832,38,1410,1215,737026459731,0
matmul_tiny_loop_L10_r0,1790333924.7529702,4877976.4417064,115.024,38,1410,1215,737026471259,0
matmul_tiny_loop_L10_r0,1790333924.8029735,4877976.491709403,115.024,38,1410,1215,737026471259,0
matmul_tiny_loop_L10_r0,1790333924.8529732,4877976.541709307,113.832,38,1410,1215,737026482783,0
matmul_tiny_loop_L10_r0,1790333924.9029732,4877976.591709271,113.832,38,1410,1215,737026482783,0
matmul_tiny_loop_L10_r0,1790333924.9529712,4877976.641707304,113.832,38,1410,1215,737026494170,0
matmul_tiny_loop_L10_r0,1790333925.0029693,4877976.691705518,113.832,38,1410,1215,737026494170,0
matmul_tiny_loop_L10_r0,1790333925.0529752,4877976.741711192,113.832,38,1410,1215,737026505565,0
matmul_tiny_loop_L10_r0,1790333925.102978,4877976.791714285,113.832,38,1410,1215,737026505565,0
matmul_tiny_loop_L10_r0,1790333925.1529706,4877976.841706659,115.144,38,1410,1215,737026517150,0
matmul_tiny_loop_L10_r0,1790333925.2029693,4877976.891705363,115.144,38,1410,1215,737026517150,0
matmul_tiny_loop_L10_r0,1790333925.253,4877976.941736096,113.832,38,1410,1215,737026528677,0
matmul_tiny_loop_L10_r0,1790333925.3029718,4877976.99170806,113.832,38,1410,1215,737026528677,0
matmul_tiny_loop_L10_r0,1790333925.3529708,4877977.041706874,113.832,38,1410,1215,737026540295,0
matmul_tiny_loop_L10_r0,1790333925.402977,4877977.091713207,113.832,38,1410,1215,737026540295,0
matmul_tiny_loop_L10_r0,1790333925.4529727,4877977.141708791,115.024,38,1410,1215,737026551831,0
matmul_tiny_loop_L10_r0,1790333925.5029705,4877977.191706505,115.024,38,1410,1215,737026551831,0
matmul_tiny_loop_L10_r0,1790333925.5529697,4877977.241705938,113.832,38,1410,1215,737026563310,0
matmul_tiny_loop_L10_r0,1790333925.6029735,4877977.291709502,113.832,38,1410,1215,737026563310,0
matmul_tiny_loop_L10_r0,1790333925.652974,4877977.341709975,115.024,38,1410,1215,737026574887,0
matmul_tiny_loop_L10_r0,1790333925.7029746,4877977.391710469,115.024,38,1410,1215,737026574887,0
matmul_tiny_loop_L10_r0,1790333925.7529693,4877977.441705453,114.155,38,1410,1215,737026586292,0
matmul_tiny_loop_L10_r0,1790333925.8029704,4877977.491706457,114.155,38,1410,1215,737026586292,0
matmul_tiny_loop_L10_r0,1790333925.8529735,4877977.54170959,113.832,38,1410,1215,737026597860,0
matmul_tiny_loop_L10_r0,1790333925.902973,4877977.591708894,113.832,38,1410,1215,737026597860,0
matmul_tiny_loop_L10_r0,1790333925.9529705,4877977.641706637,115.024,38,1410,1215,737026609396,0
matmul_tiny_loop_L10_r0,1790333926.0029728,4877977.691709031,115.024,38,1410,1215,737026609396,0
matmul_tiny_loop_L10_r0,1790333926.052974,4877977.741710035,113.832,38,1410,1215,737026620872,0
matmul_tiny_loop_L10_r0,1790333926.1029696,4877977.791705548,113.832,38,1410,1215,737026620872,0
matmul_tiny_loop_L10_r0,1790333926.1529706,4877977.841706752,113.95,38,1410,1215,737026632359,0
matmul_tiny_loop_L10_r0,1790333926.202973,4877977.891708976,113.95,38,1410,1215,737026632359,0
matmul_tiny_loop_L10_r0,1790333926.2529743,4877977.941710509,113.832,38,1410,1215,737026643846,0
matmul_tiny_loop_L10_r0,1790333926.302971,4877977.991706943,113.832,38,1410,1215,737026643846,0
matmul_tiny_loop_L10_r0,1790333926.3529747,4877978.041710747,113.832,38,1410,1215,737026655325,0
matmul_tiny_loop_L10_r0,1790333926.4029708,4877978.09170697,113.832,38,1410,1215,737026655325,0
matmul_tiny_loop_L10_r0,1790333926.4529727,4877978.141708574,113.832,38,1410,1215,737026666852,0
matmul_tiny_loop_L10_r0,1790333926.5029995,4877978.191735667,113.832,38,1410,1215,737026666852,0
matmul_tiny_loop_L10_r0,1790333926.5529733,4877978.241709461,115.144,38,1410,1215,737026678407,0
matmul_tiny_loop_L10_r0,1790333926.6029713,4877978.291707395,115.144,38,1410,1215,737026678407,0
matmul_tiny_loop_L10_r0,1790333926.6529746,4877978.341710629,113.95,38,1410,1215,737026689897,0
matmul_tiny_loop_L10_r0,1790333926.702973,4877978.391709022,113.95,38,1410,1215,737026689897,0
matmul_tiny_loop_L10_r0,1790333926.7529697,4877978.441705686,113.832,38,1410,1215,737026701396,0
matmul_tiny_loop_L10_r0,1790333926.8029733,4877978.49170928,113.832,38,1410,1215,737026701396,0
matmul_tiny_loop_L10_r0,1790333926.8529716,4877978.541707483,113.95,38,1410,1215,737026712884,0
matmul_tiny_loop_L10_r0,1790333926.9029734,4877978.591709367,113.95,38,1410,1215,737026712884,0
matmul_tiny_loop_L10_r0,1790333926.952972,4877978.641707971,113.832,38,1410,1215,737026724369,0
matmul_tiny_loop_L10_r0,1790333927.0029726,4877978.691708634,113.832,38,1410,1215,737026724369,0
matmul_tiny_loop_L10_r0,1790333927.0529711,4877978.741707168,113.832,38,1410,1215,737026735852,0
matmul_tiny_loop_L10_r0,1790333927.102974,4877978.791709912,113.832,38,1410,1215,737026735852,0
matmul_tiny_loop_L10_r0,1790333927.1529753,4877978.841711405,113.832,38,1410,1215,737026747335,0
matmul_tiny_loop_L10_r0,1790333927.2029727,4877978.891708799,113.832,38,1410,1215,737026747335,0
matmul_tiny_loop_L10_r0,1790333927.2529702,4877978.941706363,113.832,38,1410,1215,737026758813,0
matmul_tiny_loop_L10_r0,1790333927.3029702,4877978.991706046,113.832,38,1410,1215,737026758813,0
matmul_tiny_loop_L10_r0,1790333927.3529727,4877979.04170891,113.832,38,1410,1215,737026770303,0
matmul_tiny_loop_L10_r0,1790333927.402973,4877979.091708864,113.832,38,1410,1215,737026770303,0
matmul_tiny_loop_L10_r0,1790333927.4529736,4877979.141709747,113.832,38,1410,1215,737026781766,0
matmul_tiny_loop_L10_r0,1790333927.5029697,4877979.191705791,113.832,38,1410,1215,737026781766,0
matmul_tiny_loop_L10_r0,1790333927.5529702,4877979.241706214,113.832,38,1410,1215,737026793278,0
matmul_tiny_loop_L10_r0,1790333927.6029701,4877979.291706198,113.832,38,1410,1215,737026793278,0
matmul_tiny_loop_L10_r0,1790333927.6529734,4877979.341709292,113.95,38,1410,1215,737026804740,0
matmul_tiny_loop_L10_r0,1790333927.702973,4877979.391709025,113.95,38,1410,1215,737026804740,0
matmul_tiny_loop_L10_r0,1790333927.7529738,4877979.441710069,113.832,38,1410,1215,737026816228,0
matmul_tiny_loop_L10_r0,1790333927.8029702,4877979.491706133,113.832,38,1410,1215,737026816228,0
matmul_tiny_loop_L10_r0,1790333927.8529742,4877979.541710156,113.832,38,1410,1215,737026827709,0
matmul_tiny_loop_L10_r0,1790333927.902971,4877979.59170712,113.832,38,1410,1215,737026827709,0
matmul_tiny_loop_L10_r0,1790333927.9529707,4877979.641706784,113.832,38,1410,1215,737026839209,0
matmul_tiny_loop_L10_r0,1790333928.002974,4877979.691709997,113.832,38,1410,1215,737026839209,0
matmul_tiny_loop_L10_r0,1790333928.0529716,4877979.741707501,113.832,38,1410,1215,737026850688,0
matmul_tiny_loop_L10_r0,1790333928.1029708,4877979.791706845,113.832,38,1410,1215,737026850688,0
matmul_tiny_loop_L10_r0,1790333928.152977,4877979.841712878,113.832,38,1410,1215,737026862188,0
matmul_tiny_loop_L10_r0,1790333928.2029703,4877979.891706542,113.832,38,1410,1215,737026862188,0
matmul_tiny_loop_L10_r0,1790333928.252972,4877979.941707956,113.832,38,1410,1215,737026873637,0
matmul_tiny_loop_L10_r0,1790333928.3029704,4877979.991706449,113.832,38,1410,1215,737026873637,0
matmul_tiny_loop_L10_r0,1790333928.3529742,4877980.041710163,113.832,38,1410,1215,737026885123,0
matmul_tiny_loop_L10_r0,1790333928.4029727,4877980.091708847,113.832,38,1410,1215,737026885123,0
matmul_tiny_loop_L10_r0,1790333928.4529743,4877980.14171037,113.832,38,1410,1215,737026896582,0
matmul_tiny_loop_L10_r0,1790333928.5029705,4877980.191706424,113.832,38,1410,1215,737026896582,0
matmul_tiny_loop_L10_r0,1790333928.5529742,4877980.241710418,113.95,38,1410,1215,737026908069,0
matmul_tiny_loop_L10_r0,1790333928.6029787,4877980.291714911,113.95,38,1410,1215,737026908069,0
matmul_tiny_loop_L10_r0,1790333928.6529722,4877980.341708385,113.832,38,1410,1215,737026919531,0
matmul_tiny_loop_L10_r0,1790333928.7029715,4877980.391707589,113.832,38,1410,1215,737026919531,0
matmul_tiny_loop_L10_r0,1790333928.75297,4877980.441706002,113.832,38,1410,1215,737026931019,0
matmul_tiny_loop_L10_r0,1790333928.8029733,4877980.491709346,113.832,38,1410,1215,737026931019,0
matmul_tiny_loop_L10_r0,1790333928.852974,4877980.5417099,113.832,38,1410,1215,737026942479,0
matmul_tiny_loop_L10_r0,1790333928.9029734,4877980.591709433,113.832,38,1410,1215,737026942479,0
matmul_tiny_loop_L10_r0,1790333928.952971,4877980.641707167,113.832,38,1410,1215,737026953969,0
matmul_tiny_loop_L10_r0,1790333929.0029726,4877980.691708821,113.832,38,1410,1215,737026953969,0
matmul_tiny_loop_L10_r0,1790333929.0529702,4877980.741706164,113.95,38,1410,1215,737026965438,0
matmul_tiny_loop_L10_r0,1790333929.102973,4877980.791709128,113.95,38,1410,1215,737026965438,0
matmul_tiny_loop_L10_r0,1790333929.1529708,4877980.841706701,113.832,38,1410,1215,737026976914,0
matmul_tiny_loop_L10_r0,1790333929.2029688,4877980.891704895,113.832,38,1410,1215,737026976914,0
matmul_tiny_loop_L10_r0,1790333929.2529721,4877980.941708159,113.95,38,1410,1215,737026988390,0
matmul_tiny_loop_L10_r0,1790333929.302969,4877980.991705063,113.95,38,1410,1215,737026988390,0
matmul_tiny_loop_L10_r0,1790333929.3529713,4877981.041707356,113.832,38,1410,1215,737026999870,0
matmul_tiny_loop_L10_r0,1790333929.4029737,4877981.09170983,113.832,38,1410,1215,737026999870,0
matmul_tiny_loop_L10_r0,1790333929.4529703,4877981.141706423,113.832,38,1410,1215,737027011374,0
matmul_tiny_loop_L10_r0,1790333929.502971,4877981.191706917,113.832,38,1410,1215,737027011374,0
matmul_tiny_loop_L10_r0,1790333929.5529702,4877981.241706411,113.832,38,1410,1215,737027022839,0
matmul_tiny_loop_L10_r0,1790333929.6029716,4877981.291707604,113.832,38,1410,1215,737027022839,0
matmul_tiny_loop_L10_r0,1790333929.6529727,4877981.341708798,113.832,38,1410,1215,737027034304,0
matmul_tiny_loop_L10_r0,1790333929.7029724,4877981.391708412,113.832,38,1410,1215,737027034304,0
matmul_tiny_loop_L10_r0,1790333929.7529733,4877981.441709395,113.95,38,1410,1215,737027045784,0
matmul_tiny_loop_L10_r0,1790333929.802974,4877981.491709949,113.95,38,1410,1215,737027045784,0
matmul_tiny_loop_L10_r0,1790333929.8529742,4877981.541710033,113.832,38,1410,1215,737027057257,0
matmul_tiny_loop_L10_r0,1790333929.9029698,4877981.591705796,113.832,38,1410,1215,737027057257,0
matmul_tiny_loop_L10_r0,1790333929.9529703,4877981.64170633,113.95,38,1410,1215,737027068730,0
matmul_tiny_loop_L10_r0,1790333930.0029702,4877981.691706324,113.95,38,1410,1215,737027068730,0
matmul_tiny_loop_L10_r0,1790333930.0529695,4877981.741705477,113.832,38,1410,1215,737027080193,0
matmul_tiny_loop_L10_r0,1790333930.102973,4877981.791708971,113.832,38,1410,1215,737027080193,0
matmul_tiny_loop_L10_r0,1790333930.1529708,4877981.841706745,113.832,38,1410,1215,737027091447,0
matmul_tiny_loop_L10_r0,1790333930.2029727,4877981.891708838,113.832,38,1410,1215,737027091447,0
matmul_tiny_loop_L10_r0,1790333930.25297,4877981.941705902,113.832,38,1410,1215,737027102941,0
matmul_tiny_loop_L10_r0,1790333930.3029742,4877981.991710256,113.832,38,1410,1215,737027102941,0
matmul_tiny_loop_L10_r0,1790333930.3529785,4877982.041714429,113.95,38,1410,1215,737027114415,0
matmul_tiny_loop_L10_r0,1790333930.40297,4877982.091706173,113.95,38,1410,1215,737027114415,0
matmul_tiny_loop_L10_r0,1790333930.4529765,4877982.141712467,113.832,38,1410,1215,737027125888,0
matmul_tiny_loop_L10_r0,1790333930.502974,4877982.1917099,113.832,38,1410,1215,737027125888,0
matmul_tiny_loop_L10_r0,1790333930.5529714,4877982.241707494,113.832,38,1410,1215,737027125888,0
matmul_tiny_loop_L10_r0,1790333930.6029735,4877982.291709407,113.832,38,1410,1215,737027137484,0
matmul_tiny_loop_L10_r0,1790333930.6529746,4877982.341710651,113.832,38,1410,1215,737027137484,0
matmul_tiny_loop_L10_r0,1790333930.70297,4877982.391706085,113.832,38,1410,1215,737027148944,0
matmul_tiny_loop_L10_r0,1790333930.7529714,4877982.441707709,113.832,38,1410,1215,737027148944,0
matmul_tiny_loop_L10_r0,1790333930.802971,4877982.491707002,113.832,38,1410,1215,737027160321,0
matmul_tiny_loop_L5_r0,1790333932.8456645,4877984.534400466,113.832,38,1410,1215,737027389901,0
matmul_tiny_loop_L5_r0,1790333932.895778,4877984.584514359,113.832,38,1410,1215,737027401362,0
matmul_tiny_loop_L5_r0,1790333932.945781,4877984.634516902,113.95,38,1410,1215,737027401362,0
matmul_tiny_loop_L5_r0,1790333932.9957788,4877984.684514776,113.95,38,1410,1215,737027412830,0
matmul_tiny_loop_L5_r0,1790333933.0457907,4877984.7345269,113.832,38,1410,1215,737027412830,0
matmul_tiny_loop_L5_r0,1790333933.0957916,4877984.784527713,113.832,38,1410,1215,737027424306,0
matmul_tiny_loop_L5_r0,1790333933.145789,4877984.834524997,113.832,38,1410,1215,737027424306,0
matmul_tiny_loop_L5_r0,1790333933.195787,4877984.88452308,113.832,38,1410,1215,737027435757,0
matmul_tiny_loop_L5_r0,1790333933.2457907,4877984.934526784,113.832,38,1410,1215,737027435757,0
matmul_tiny_loop_L5_r0,1790333933.295786,4877984.984522238,113.832,38,1410,1215,737027447230,0
matmul_tiny_loop_L5_r0,1790333933.3457901,4877985.034526491,113.832,38,1410,1215,737027447230,0
matmul_tiny_loop_L5_r0,1790333933.395789,4877985.084524955,113.832,38,1410,1215,737027458700,0
matmul_tiny_loop_L5_r0,1790333933.445788,4877985.134523969,113.832,38,1410,1215,737027458700,0
matmul_tiny_loop_L5_r0,1790333933.4957857,4877985.184521662,113.832,38,1410,1215,737027470202,0
matmul_tiny_loop_L5_r0,1790333933.5457873,4877985.234523416,114.701,38,1410,1215,737027470202,0
matmul_tiny_loop_L5_r0,1790333933.5957863,4877985.28452236,114.701,38,1410,1215,737027481758,0
matmul_tiny_loop_L5_r0,1790333933.645786,4877985.334522263,113.832,38,1410,1215,737027481758,0
matmul_tiny_loop_L5_r0,1790333933.6957908,4877985.384527087,113.832,38,1410,1215,737027493227,0
matmul_tiny_loop_L5_r0,1790333933.7457874,4877985.434523451,113.832,38,1410,1215,737027493227,0
matmul_tiny_loop_L5_r0,1790333933.7957869,4877985.484522814,113.832,38,1410,1215,737027504702,0
matmul_tiny_loop_L5_r0,1790333933.8457892,4877985.534525268,113.68,38,1410,1215,737027504702,0
matmul_tiny_loop_L5_r0,1790333933.8957877,4877985.584523892,113.68,38,1410,1215,737027516208,0
matmul_tiny_loop_L5_r0,1790333933.945789,4877985.634525215,115.024,38,1410,1215,737027516208,0
matmul_tiny_loop_L5_r0,1790333933.9957883,4877985.684524369,115.024,38,1410,1215,737027527783,0
matmul_tiny_loop_L5_r0,1790333934.0457928,4877985.734528763,113.832,38,1410,1215,737027527783,0
matmul_tiny_loop_L5_r0,1790333934.0957866,4877985.784522536,113.832,38,1410,1215,737027539255,0
matmul_tiny_loop_L5_r0,1790333934.1457868,4877985.8345229,113.832,38,1410,1215,737027539255,0
matmul_tiny_loop_L5_r0,1790333934.1957884,4877985.884524474,113.832,38,1410,1215,737027550788,0
matmul_tiny_loop_L5_r0,1790333934.24579,4877985.934526167,114.701,38,1410,1215,737027550788,0
matmul_tiny_loop_L5_r0,1790333934.2957852,4877985.984521151,114.701,38,1410,1215,737027562364,0
matmul_tiny_loop_L5_r0,1790333934.3457892,4877986.034525325,113.832,38,1410,1215,737027562364,0
matmul_tiny_loop_L5_r0,1790333934.395789,4877986.084524988,113.832,38,1410,1215,737027573835,0
matmul_tiny_loop_L5_r0,1790333934.4457972,4877986.134533092,113.95,38,1410,1215,737027573835,0
matmul_tiny_loop_L5_r0,1790333934.4957833,4877986.184519576,113.95,38,1410,1215,737027585310,0
matmul_tiny_loop_L5_r0,1790333934.5457873,4877986.234523519,113.832,38,1410,1215,737027585310,0
matmul_tiny_loop_L5_r0,1790333934.5957901,4877986.284526043,113.832,38,1410,1215,737027596771,0
matmul_tiny_loop_L5_r0,1790333934.6457896,4877986.334525607,113.95,38,1410,1215,737027596771,0
matmul_tiny_loop_L5_r0,1790333934.6957867,4877986.38452283,113.95,38,1410,1215,737027608259,0
matmul_tiny_loop_L5_r0,1790333934.7457988,4877986.434534884,113.832,38,1410,1215,737027608259,0
matmul_tiny_loop_L5_r0,1790333934.7957926,4877986.484528647,113.832,38,1410,1215,737027619751,0
matmul_tiny_loop_L5_r0,1790333934.8457868,4877986.534522811,113.95,38,1410,1215,737027619751,0
matmul_tiny_loop_L5_r0,1790333934.895786,4877986.584521965,113.95,38,1410,1215,737027631231,0
matmul_tiny_loop_L5_r0,1790333934.945789,4877986.634525289,113.832,38,1410,1215,737027631231,0
matmul_tiny_loop_L5_r0,1790333934.995791,4877986.684526932,113.832,38,1410,1215,737027642711,0
matmul_tiny_loop_L5_r0,1790333935.0457885,4877986.734524416,113.832,38,1410,1215,737027642711,0
matmul_tiny_loop_L5_r0,1790333935.0957868,4877986.784522809,113.832,38,1410,1215,737027654171,0
matmul_tiny_loop_L5_r0,1790333935.1457863,4877986.834522453,113.832,38,1410,1215,737027654171,0
matmul_tiny_loop_L5_r0,1790333935.1957912,4877986.884527437,113.832,38,1410,1215,737027665635,0
matmul_tiny_loop_L5_r0,1790333935.2457867,4877986.93452263,113.832,38,1410,1215,737027665635,0
matmul_tiny_loop_L5_r0,1790333935.2957895,4877986.984525504,113.832,38,1410,1215,737027677101,0
matmul_tiny_loop_L5_r0,1790333935.3457909,4877987.034527098,113.68,38,1410,1215,737027677101,0
matmul_tiny_loop_L5_r0,1790333935.3957863,4877987.084522381,113.68,38,1410,1215,737027688585,0
matmul_tiny_loop_L5_r0,1790333935.4457898,4877987.134525755,113.95,38,1410,1215,737027688585,0
matmul_tiny_loop_L5_r0,1790333935.4957893,4877987.184525429,113.95,38,1410,1215,737027700065,0
matmul_tiny_loop_L5_r0,1790333935.5457895,4877987.234525652,113.832,38,1410,1215,737027700065,0
matmul_tiny_loop_L5_r0,1790333935.5957913,4877987.284527426,113.832,38,1410,1215,737027700065,0
matmul_tiny_loop_L5_r0,1790333935.6457858,4877987.33452187,113.832,38,1410,1215,737027711704,0
matmul_tiny_loop_L5_r0,1790333935.6957862,4877987.384522303,113.832,38,1410,1215,737027711704,0
matmul_tiny_loop_L5_r0,1790333935.7457895,4877987.434525717,114.701,38,1410,1215,737027723106,0
matmul_tiny_loop_L5_r0,1790333935.795789,4877987.484524961,114.701,38,1410,1215,737027723106,0
matmul_tiny_loop_L5_r0,1790333935.8457894,4877987.534525474,115.024,38,1410,1215,737027734595,0
matmul_tiny_loop_L5_r0,1790333935.895789,4877987.584524858,115.024,38,1410,1215,737027734595,0
matmul_tiny_loop_L5_r0,1790333935.9457912,4877987.634527412,113.832,38,1410,1215,737027746156,0
matmul_tiny_loop_L5_r0,1790333935.9957888,4877987.684524985,113.832,38,1410,1215,737027746156,0
matmul_tiny_loop_L5_r0,1790333936.0457878,4877987.734523859,113.832,38,1410,1215,737027757624,0
matmul_tiny_loop_L5_r0,1790333936.0957856,4877987.784521883,113.832,38,1410,1215,737027757624,0
matmul_tiny_loop_L5_r0,1790333936.1457934,4877987.834529466,113.832,38,1410,1215,737027769077,0
matmul_tiny_loop_L5_r0,1790333936.1957867,4877987.8845227,113.832,38,1410,1215,737027769077,0
matmul_tiny_loop_L5_r0,1790333936.245787,4877987.934523034,113.832,38,1410,1215,737027780538,0
matmul_tiny_loop_L5_r0,1790333936.295788,4877987.984524167,113.832,38,1410,1215,737027780538,0
matmul_tiny_loop_L5_r0,1790333936.3457897,4877988.034525891,113.68,38,1410,1215,737027792005,0
matmul_tiny_loop_L5_r0,1790333936.3957875,4877988.084523605,113.68,38,1410,1215,737027792005,0
matmul_tiny_loop_L5_r0,1790333936.445792,4877988.134528018,113.832,38,1410,1215,737027803460,0
matmul_tiny_loop_L5_r0,1790333936.4957867,4877988.184522912,113.832,38,1410,1215,737027803460,0
matmul_tiny_loop_L5_r0,1790333936.5457892,4877988.234525326,113.832,38,1410,1215,737027814943,0
matmul_tiny_loop_L5_r0,1790333936.5957892,4877988.284525479,113.832,38,1410,1215,737027814943,0
matmul_tiny_loop_L5_r0,1790333936.6457949,4877988.334530893,113.832,38,1410,1215,737027826396,0
matmul_tiny_loop_L5_r0,1790333936.6957905,4877988.384526606,113.832,38,1410,1215,737027826396,0
matmul_tiny_loop_L5_r0,1790333936.745787,4877988.43452289,113.832,38,1410,1215,737027837857,0
matmul_tiny_loop_L5_r0,1790333936.7957869,4877988.484522854,113.832,38,1410,1215,737027837857,0
matmul_tiny_loop_L5_r0,1790333936.8457887,4877988.534524627,113.832,38,1410,1215,737027849335,0
matmul_tiny_loop_L5_r0,1790333936.895787,4877988.584523131,113.832,38,1410,1215,737027849335,0
matmul_tiny_loop_L5_r0,1790333936.945787,4877988.634523015,114.701,38,1410,1215,737027860865,0
matmul_tiny_loop_L5_r0,1790333936.995792,4877988.684527878,114.701,38,1410,1215,737027860865,0
matmul_tiny_loop_L5_r0,1790333937.0457869,4877988.734522822,115.144,38,1410,1215,737027872501,0
matmul_tiny_loop_L5_r0,1790333937.0957878,4877988.784523806,115.144,38,1410,1215,737027872501,0
matmul_tiny_loop_L5_r0,1790333937.1457894,4877988.834525399,113.95,38,1410,1215,737027884056,0
matmul_tiny_loop_L5_r0,1790333937.1957839,4877988.884519973,113.95,38,1410,1215,737027884056,0
matmul_tiny_loop_L5_r0,1790333937.2457917,4877988.934527837,113.95,38,1410,1215,737027895502,0
matmul_tiny_loop_L5_r0,1790333937.2957907,4877988.98452673,113.95,38,1410,1215,737027895502,0
matmul_tiny_loop_L5_r0,1790333937.3457942,4877989.034530544,113.95,38,1410,1215,737027907020,0
matmul_tiny_loop_L5_r0,1790333937.3957858,4877989.084521728,113.95,38,1410,1215,737027907020,0
matmul_tiny_loop_L5_r0,1790333937.4457881,4877989.134524261,113.832,38,1410,1215,737027918510,0
matmul_tiny_loop_L5_r0,1790333937.4957864,4877989.184522425,113.832,38,1410,1215,737027918510,0
matmul_tiny_loop_L5_r0,1790333937.5457873,4877989.234523449,113.832,38,1410,1215,737027929898,0
matmul_tiny_loop_L5_r0,1790333937.5957856,4877989.284521892,113.832,38,1410,1215,737027929898,0
matmul_tiny_loop_L5_r0,1790333937.6457863,4877989.334522526,113.832,38,1410,1215,737027941449,0
matmul_tiny_loop_L5_r0,1790333937.6957853,4877989.38452134,113.832,38,1410,1215,737027941449,0
matmul_tiny_loop_L5_r0,1790333937.745792,4877989.434528053,114.701,38,1410,1215,737027953023,0
matmul_tiny_loop_L5_r0,1790333937.7957885,4877989.484524717,114.701,38,1410,1215,737027953023,0
matmul_tiny_loop_L5_r0,1790333937.8457868,4877989.534522961,115.024,38,1410,1215,737027964630,0
matmul_tiny_loop_L2_r2,1790333939.8869805,4877991.575716442,113.562,38,1410,1215,737028194397,0
matmul_tiny_loop_L2_r2,1790333939.9370947,4877991.625830964,114.701,38,1410,1215,737028205952,0
matmul_tiny_loop_L2_r2,1790333939.9871004,4877991.675836418,114.701,38,1410,1215,737028205952,0
matmul_tiny_loop_L2_r2,1790333940.0371,4877991.725836172,115.024,38,1410,1215,737028217549,0
matmul_tiny_loop_L2_r2,1790333940.0871048,4877991.775840955,115.024,38,1410,1215,737028217549,0
matmul_tiny_loop_L2_r2,1790333940.1371067,4877991.825842749,113.832,38,1410,1215,737028229012,0
matmul_tiny_loop_L2_r2,1790333940.187108,4877991.875844263,113.832,38,1410,1215,737028229012,0
matmul_tiny_loop_L2_r2,1790333940.2371054,4877991.925841406,113.832,38,1410,1215,737028240470,0
matmul_tiny_loop_L2_r2,1790333940.2871048,4877991.97584099,113.832,38,1410,1215,737028240470,0
matmul_tiny_loop_L2_r2,1790333940.337106,4877992.025842104,113.832,38,1410,1215,737028240470,0
matmul_tiny_loop_L2_r2,1790333940.3871021,4877992.075838257,113.832,38,1410,1215,737028252091,0
matmul_tiny_loop_L2_r2,1790333940.437104,4877992.125839801,113.832,38,1410,1215,737028252091,0
matmul_tiny_loop_L2_r2,1790333940.487103,4877992.175839024,113.832,38,1410,1215,737028263461,0
matmul_tiny_loop_L2_r2,1790333940.5371065,4877992.225842568,113.832,38,1410,1215,737028263461,0
matmul_tiny_loop_L2_r2,1790333940.5871043,4877992.275840332,113.832,38,1410,1215,737028274839,0
matmul_tiny_loop_L2_r2,1790333940.6371028,4877992.325838976,113.832,38,1410,1215,737028274839,0
matmul_tiny_loop_L2_r2,1790333940.6871076,4877992.375843639,113.832,38,1410,1215,737028286291,0
matmul_tiny_loop_L2_r2,1790333940.737106,4877992.425842413,113.832,38,1410,1215,737028286291,0
matmul_tiny_loop_L2_r2,1790333940.7871034,4877992.475839476,113.832,38,1410,1215,737028297738,0
matmul_tiny_loop_L2_r2,1790333940.8371058,4877992.52584182,113.562,38,1410,1215,737028297738,0
matmul_tiny_loop_L2_r2,1790333940.887105,4877992.575840964,113.562,38,1410,1215,737028309202,0
matmul_tiny_loop_L2_r2,1790333940.9371061,4877992.625842307,113.562,38,1410,1215,737028309202,0
matmul_tiny_loop_L2_r2,1790333940.9871066,4877992.675842681,113.562,38,1410,1215,737028320629,0
matmul_tiny_loop_L2_r2,1790333941.037105,4877992.725841275,113.832,38,1410,1215,737028320629,0
matmul_tiny_loop_L2_r2,1790333941.0871017,4877992.775837718,113.832,38,1410,1215,737028332097,0
matmul_tiny_loop_L2_r2,1790333941.1371057,4877992.825841602,113.832,38,1410,1215,737028332097,0
matmul_tiny_loop_L2_r2,1790333941.1871026,4877992.875838656,113.832,38,1410,1215,737028343530,0
matmul_tiny_loop_L2_r2,1790333941.2371027,4877992.925839059,113.562,38,1410,1215,737028343530,0
matmul_tiny_loop_L2_r2,1790333941.287105,4877992.975841083,113.562,38,1410,1215,737028354986,0
matmul_tiny_loop_L2_r2,1790333941.3371022,4877993.025838327,113.832,38,1410,1215,737028354986,0
matmul_tiny_loop_L2_r2,1790333941.3871045,4877993.07584065,113.832,38,1410,1215,737028366425,0
matmul_tiny_loop_L2_r2,1790333941.4371052,4877993.125841334,113.562,38,1410,1215,737028366425,0
matmul_tiny_loop_L2_r2,1790333941.487102,4877993.175838078,113.562,38,1410,1215,737028377888,0
matmul_tiny_loop_L2_r2,1790333941.5371041,4877993.225840171,113.68,38,1410,1215,737028377888,0
matmul_tiny_loop_L2_r2,1790333941.5871046,4877993.275840635,113.68,38,1410,1215,737028389322,0
matmul_tiny_loop_L2_r2,1790333941.6371028,4877993.325838969,113.832,38,1410,1215,737028389322,0
matmul_tiny_loop_L2_r2,1790333941.6871035,4877993.375839532,113.832,38,1410,1215,737028400782,0
matmul_tiny_loop_L2_r2,1790333941.7371023,4877993.425838376,113.562,38,1410,1215,737028400782,0
matmul_tiny_loop_L2_r2,1790333941.787105,4877993.47584105,113.562,38,1410,1215,737028412235,0
matmul_tiny_loop_L2_r2,1790333941.8371048,4877993.525840913,113.832,38,1410,1215,737028412235,0
matmul_tiny_loop_L2_r2,1790333941.8871057,4877993.575841757,113.832,38,1410,1215,737028423705,0
matmul_tiny_loop_L0.5_r0,1790333943.90532,4877995.594055683,113.562,38,1410,1215,737028652440,0
matmul_tiny_loop_L0.5_r0,1790333943.9554365,4877995.644172666,113.562,38,1410,1215,737028652440,0
matmul_tiny_loop_L0.5_r0,1790333944.005434,4877995.694170169,113.562,38,1410,1215,737028663875,0
matmul_tiny_loop_L0.5_r0,1790333944.055443,4877995.744179083,113.562,38,1410,1215,737028663875,0
matmul_tiny_loop_L0.5_r0,1790333944.1054466,4877995.794182786,113.562,38,1410,1215,737028675337,0
matmul_tiny_loop_L0.5_r0,1790333944.1554453,4877995.84418117,113.832,38,1410,1215,737028675337,0
matmul_tiny_loop_L0.5_r0,1790333944.2054398,4877995.894175774,113.832,38,1410,1215,737028686772,0
matmul_tiny_loop_L0.5_r0,1790333944.2554436,4877995.944179467,113.68,38,1410,1215,737028686772,0
matmul_tiny_loop_L0.5_r0,1790333944.3054419,4877995.994177851,113.68,38,1410,1215,737028698242,0
matmul_tiny_loop_L0.5_r0,1790333944.3554444,4877996.044180715,113.562,38,1410,1215,737028698242,0
matmul_tiny_loop_L0.5_r0,1790333944.4054458,4877996.094182038,113.562,38,1410,1215,737028709749,0
matmul_tiny_loop_L0.5_r3,1790333946.4161327,4877998.104868591,113.562,38,1410,1215,737028939306,0
matmul_tiny_loop_L0.5_r3,1790333946.4662466,4877998.154982844,113.562,38,1410,1215,737028939306,0
matmul_tiny_loop_L0.5_r3,1790333946.516256,4877998.204992037,113.562,38,1410,1215,737028950769,0
matmul_tiny_loop_L0.5_r3,1790333946.5662467,4877998.254982711,113.562,38,1410,1215,737028950769,0
matmul_tiny_loop_L0.5_r3,1790333946.6162581,4877998.304994074,113.832,38,1410,1215,737028962225,0
matmul_tiny_loop_L0.5_r3,1790333946.6662571,4877998.354993368,113.832,38,1410,1215,737028962225,0
matmul_tiny_loop_L0.5_r3,1790333946.7163026,4877998.405038741,113.562,38,1410,1215,737028973687,0
matmul_tiny_loop_L0.5_r3,1790333946.7662568,4877998.454992956,113.562,38,1410,1215,737028973687,0
matmul_tiny_loop_L0.5_r3,1790333946.8162556,4877998.504991649,113.562,38,1410,1215,737028985142,0
matmul_tiny_loop_L0.5_r3,1790333946.8662543,4877998.554990593,113.562,38,1410,1215,737028985142,0
matmul_tiny_loop_L0.5_r3,1790333946.9162579,4877998.604993967,113.562,38,1410,1215,737028996611,0
matmul_tiny_loop_L5_r4,1790333948.9265556,4878000.615291384,113.562,37,1410,1215,737029225742,0
matmul_tiny_loop_L5_r4,1790333948.9766386,4878000.665374507,113.562,37,1410,1215,737029225742,0
matmul_tiny_loop_L5_r4,1790333949.0266378,4878000.71537336,113.562,37,1410,1215,737029237174,0
matmul_tiny_loop_L5_r4,1790333949.0766346,4878000.765370514,113.562,37,1410,1215,737029237174,0
matmul_tiny_loop_L5_r4,1790333949.126638,4878000.815373968,113.68,38,1410,1215,737029248640,0
matmul_tiny_loop_L5_r4,1790333949.176659,4878000.865395001,113.68,38,1410,1215,737029248640,0
matmul_tiny_loop_L5_r4,1790333949.2266445,4878000.915380645,113.562,37,1410,1215,737029260076,0
matmul_tiny_loop_L5_r4,1790333949.2766383,4878000.965374079,113.562,37,1410,1215,737029260076,0
matmul_tiny_loop_L5_r4,1790333949.3266397,4878001.015375602,114.701,38,1410,1215,737029271605,0
matmul_tiny_loop_L5_r4,1790333949.3766377,4878001.065373736,114.701,38,1410,1215,737029271605,0
matmul_tiny_loop_L5_r4,1790333949.4266407,4878001.11537656,113.832,38,1410,1215,737029283112,0
matmul_tiny_loop_L5_r4,1790333949.47664,4878001.165376003,113.832,38,1410,1215,737029283112,0
matmul_tiny_loop_L5_r4,1790333949.5266387,4878001.215374687,113.832,37,1410,1215,737029294614,0
matmul_tiny_loop_L5_r4,1790333949.5766444,4878001.265380431,113.832,37,1410,1215,737029294614,0
matmul_tiny_loop_L5_r4,1790333949.6266727,4878001.315408794,113.562,37,1410,1215,737029306093,0
matmul_tiny_loop_L5_r4,1790333949.6766772,4878001.365413258,113.562,37,1410,1215,737029306093,0
matmul_tiny_loop_L5_r4,1790333949.7266803,4878001.415416351,114.82,38,1410,1215,737029317622,0
matmul_tiny_loop_L5_r4,1790333949.7766771,4878001.465413265,114.82,38,1410,1215,737029317622,0
matmul_tiny_loop_L5_r4,1790333949.8266807,4878001.515416698,114.701,38,1410,1215,737029329163,0
matmul_tiny_loop_L5_r4,1790333949.8766782,4878001.565414292,114.701,38,1410,1215,737029329163,0
matmul_tiny_loop_L5_r4,1790333949.9266818,4878001.615417906,113.832,37,1410,1215,737029340617,0
matmul_tiny_loop_L5_r4,1790333949.9766796,4878001.665415809,113.832,37,1410,1215,737029340617,0
matmul_tiny_loop_L5_r4,1790333950.0266795,4878001.715415753,113.562,37,1410,1215,737029352075,0
matmul_tiny_loop_L5_r4,1790333950.0766797,4878001.765415827,113.562,37,1410,1215,737029352075,0
matmul_tiny_loop_L5_r4,1790333950.1266797,4878001.81541554,113.562,37,1410,1215,737029363533,0
matmul_tiny_loop_L5_r4,1790333950.1766763,4878001.865412474,113.562,37,1410,1215,737029363533,0
matmul_tiny_loop_L5_r4,1790333950.2266846,4878001.915420778,113.562,37,1410,1215,737029374983,0
matmul_tiny_loop_L5_r4,1790333950.2766814,4878001.965417501,113.562,37,1410,1215,737029374983,0
matmul_tiny_loop_L5_r4,1790333950.326681,4878002.015416895,113.832,37,1410,1215,737029386434,0
matmul_tiny_loop_L5_r4,1790333950.376679,4878002.065415009,113.832,37,1410,1215,737029386434,0
matmul_tiny_loop_L5_r4,1790333950.4266796,4878002.115415732,113.562,37,1410,1215,737029397891,0
matmul_tiny_loop_L5_r4,1790333950.4766784,4878002.165414426,113.562,37,1410,1215,737029397891,0
matmul_tiny_loop_L5_r4,1790333950.5266776,4878002.21541363,113.562,37,1410,1215,737029409343,0
matmul_tiny_loop_L5_r4,1790333950.5766773,4878002.265413623,113.562,37,1410,1215,737029409343,0
matmul_tiny_loop_L5_r4,1790333950.6266825,4878002.315418827,113.562,37,1410,1215,737029420794,0
matmul_tiny_loop_L5_r4,1790333950.6766806,4878002.365416571,113.562,37,1410,1215,737029420794,0
matmul_tiny_loop_L5_r4,1790333950.7266777,4878002.415413814,113.68,37,1410,1215,737029432284,0
matmul_tiny_loop_L5_r4,1790333950.7766776,4878002.465413718,113.68,37,1410,1215,737029432284,0
matmul_tiny_loop_L5_r4,1790333950.8266788,4878002.515415032,114.701,37,1410,1215,737029443820,0
matmul_tiny_loop_L5_r4,1790333950.8766773,4878002.565413675,114.701,37,1410,1215,737029443820,0
matmul_tiny_loop_L5_r4,1790333950.9266796,4878002.615415629,113.832,37,1410,1215,737029455273,0
matmul_tiny_loop_L5_r4,1790333950.97668,4878002.665416103,113.832,37,1410,1215,737029455273,0
matmul_tiny_loop_L5_r4,1790333951.0266798,4878002.715416036,113.562,38,1410,1215,737029466729,0
matmul_tiny_loop_L5_r4,1790333951.076677,4878002.7654134,113.562,38,1410,1215,737029466729,0
matmul_tiny_loop_L5_r4,1790333951.1266804,4878002.815416414,113.562,37,1410,1215,737029466729,0
matmul_tiny_loop_L5_r4,1790333951.1766772,4878002.865413137,113.562,37,1410,1215,737029478363,0
matmul_tiny_loop_L5_r4,1790333951.2266843,4878002.915420431,113.562,37,1410,1215,737029478363,0
matmul_tiny_loop_L5_r4,1790333951.276681,4878002.965416954,113.562,37,1410,1215,737029489709,0
matmul_tiny_loop_L5_r4,1790333951.3266795,4878003.015415658,113.562,37,1410,1215,737029489709,0
matmul_tiny_loop_L5_r4,1790333951.3766801,4878003.065416382,113.562,37,1410,1215,737029501088,0
matmul_tiny_loop_L5_r4,1790333951.4266748,4878003.115410976,113.562,37,1410,1215,737029501088,0
matmul_tiny_loop_L5_r4,1790333951.4766772,4878003.165413309,113.562,37,1410,1215,737029512538,0
matmul_tiny_loop_L5_r4,1790333951.5266793,4878003.215415403,113.562,37,1410,1215,737029512538,0
matmul_tiny_loop_L5_r4,1790333951.5766776,4878003.265413806,113.562,37,1410,1215,737029523988,0
matmul_tiny_loop_L5_r4,1790333951.6266787,4878003.31541496,113.562,37,1410,1215,737029523988,0
matmul_tiny_loop_L5_r4,1790333951.6766777,4878003.365413704,113.562,37,1410,1215,737029535427,0
matmul_tiny_loop_L5_r4,1790333951.7266803,4878003.415416527,113.562,37,1410,1215,737029535427,0
matmul_tiny_loop_L5_r4,1790333951.7766795,4878003.465415491,113.562,37,1410,1215,737029546879,0
matmul_tiny_loop_L5_r4,1790333951.8266783,4878003.515414285,113.68,37,1410,1215,737029546879,0
matmul_tiny_loop_L5_r4,1790333951.876679,4878003.565415088,113.68,37,1410,1215,737029558313,0
matmul_tiny_loop_L5_r4,1790333951.9266794,4878003.615415482,113.562,37,1410,1215,737029558313,0
matmul_tiny_loop_L5_r4,1790333951.976677,4878003.665412906,113.562,37,1410,1215,737029569770,0
matmul_tiny_loop_L5_r4,1790333952.0266805,4878003.715416719,113.562,37,1410,1215,737029569770,0
matmul_tiny_loop_L5_r4,1790333952.0766776,4878003.765413683,113.562,37,1410,1215,737029581218,0
matmul_tiny_loop_L5_r4,1790333952.12668,4878003.815415857,113.562,37,1410,1215,737029581218,0
matmul_tiny_loop_L5_r4,1790333952.176676,4878003.86541231,113.562,37,1410,1215,737029592668,0
matmul_tiny_loop_L5_r4,1790333952.2266765,4878003.915412584,113.562,37,1410,1215,737029592668,0
matmul_tiny_loop_L5_r4,1790333952.2766774,4878003.965413508,113.562,37,1410,1215,737029604119,0
matmul_tiny_loop_L5_r4,1790333952.3266816,4878004.015417581,113.562,37,1410,1215,737029604119,0
matmul_tiny_loop_L5_r4,1790333952.376679,4878004.065414945,113.562,37,1410,1215,737029615585,0
matmul_tiny_loop_L5_r4,1790333952.4266791,4878004.115415179,113.562,37,1410,1215,737029615585,0
matmul_tiny_loop_L5_r4,1790333952.4766796,4878004.165415702,113.562,37,1410,1215,737029627016,0
matmul_tiny_loop_L5_r4,1790333952.526679,4878004.215415326,113.562,37,1410,1215,737029627016,0
matmul_tiny_loop_L5_r4,1790333952.576681,4878004.26541705,113.562,37,1410,1215,737029638485,0
matmul_tiny_loop_L5_r4,1790333952.6266782,4878004.315414333,113.562,37,1410,1215,737029638485,0
matmul_tiny_loop_L5_r4,1790333952.676683,4878004.365419287,113.562,37,1410,1215,737029649924,0
matmul_tiny_loop_L5_r4,1790333952.7266784,4878004.415414311,113.68,37,1410,1215,737029649924,0
matmul_tiny_loop_L5_r4,1790333952.77668,4878004.465416014,113.68,37,1410,1215,737029661390,0
matmul_tiny_loop_L5_r4,1790333952.826678,4878004.515414098,113.68,37,1410,1215,737029661390,0
matmul_tiny_loop_L5_r4,1790333952.8766782,4878004.565414301,113.68,37,1410,1215,737029672830,0
matmul_tiny_loop_L5_r4,1790333952.9266746,4878004.615410905,113.562,37,1410,1215,737029672830,0
matmul_tiny_loop_L5_r4,1790333952.9766796,4878004.665415739,113.562,37,1410,1215,737029684273,0
matmul_tiny_loop_L5_r4,1790333953.0266805,4878004.715416773,113.562,37,1410,1215,737029684273,0
matmul_tiny_loop_L5_r4,1790333953.0766826,4878004.765418586,113.562,37,1410,1215,737029695723,0
matmul_tiny_loop_L5_r4,1790333953.1266775,4878004.81541362,113.562,37,1410,1215,737029695723,0
matmul_tiny_loop_L5_r4,1790333953.176679,4878004.865415043,113.562,37,1410,1215,737029707172,0
matmul_tiny_loop_L5_r4,1790333953.226677,4878004.915413197,113.68,37,1410,1215,737029707172,0
matmul_tiny_loop_L5_r4,1790333953.2766798,4878004.965415841,113.68,37,1410,1215,737029718624,0
matmul_tiny_loop_L5_r4,1790333953.3266778,4878005.015414014,113.562,37,1410,1215,737029718624,0
matmul_tiny_loop_L5_r4,1790333953.37668,4878005.065415898,113.562,37,1410,1215,737029730077,0
matmul_tiny_loop_L5_r4,1790333953.4266798,4878005.115415832,113.562,37,1410,1215,737029730077,0
matmul_tiny_loop_L5_r4,1790333953.4766803,4878005.165416415,113.562,37,1410,1215,737029741524,0
matmul_tiny_loop_L5_r4,1790333953.526678,4878005.215414199,113.562,37,1410,1215,737029741524,0
matmul_tiny_loop_L5_r4,1790333953.5766795,4878005.265415433,113.562,37,1410,1215,737029752974,0
matmul_tiny_loop_L5_r4,1790333953.626681,4878005.315417306,113.562,37,1410,1215,737029752974,0
matmul_tiny_loop_L5_r4,1790333953.6766794,4878005.36541583,113.562,37,1410,1215,737029764423,0
matmul_tiny_loop_L5_r4,1790333953.7267141,4878005.415450283,113.562,37,1410,1215,737029764423,0
matmul_tiny_loop_L5_r4,1790333953.7766764,4878005.465412417,113.562,37,1410,1215,737029775876,0
matmul_tiny_loop_L5_r4,1790333953.826678,4878005.515414191,113.562,37,1410,1215,737029775876,0
matmul_tiny_loop_L5_r4,1790333953.8766763,4878005.565412585,113.562,37,1410,1215,737029787333,0
matmul_tiny_loop_L5_r4,1790333953.9266798,4878005.615415868,113.562,37,1410,1215,737029787333,0
matmul_tiny_loop_L1_r4,1790333955.963765,4878007.652500797,113.68,37,1410,1215,737030016337,0
matmul_tiny_loop_L1_r4,1790333956.0138867,4878007.702622949,113.68,37,1410,1215,737030027788,0
matmul_tiny_loop_L1_r4,1790333956.063888,4878007.752624083,113.293,37,1410,1215,737030027788,0
matmul_tiny_loop_L1_r4,1790333956.1138759,4878007.802612027,113.293,37,1410,1215,737030039219,0
matmul_tiny_loop_L1_r4,1790333956.1638882,4878007.85262423,113.562,37,1410,1215,737030039219,0
matmul_tiny_loop_L1_r4,1790333956.2138917,4878007.902627834,113.562,37,1410,1215,737030050659,0
matmul_tiny_loop_L1_r4,1790333956.2638886,4878007.952624618,113.562,37,1410,1215,737030050659,0
matmul_tiny_loop_L1_r4,1790333956.3138895,4878008.002625561,113.562,37,1410,1215,737030062093,0
matmul_tiny_loop_L1_r4,1790333956.3638904,4878008.052626515,113.562,37,1410,1215,737030062093,0
matmul_tiny_loop_L1_r4,1790333956.4138901,4878008.102626279,113.562,37,1410,1215,737030073535,0
matmul_tiny_loop_L1_r4,1790333956.4638877,4878008.152623642,113.562,37,1410,1215,737030073535,0
matmul_tiny_loop_L1_r4,1790333956.5138872,4878008.202623246,113.562,37,1410,1215,737030084978,0
matmul_tiny_loop_L1_r4,1790333956.5638902,4878008.2526262,113.562,37,1410,1215,737030084978,0
matmul_tiny_loop_L1_r4,1790333956.6138873,4878008.302623373,113.562,37,1410,1215,737030096422,0
matmul_tiny_loop_L1_r4,1790333956.6638885,4878008.352624487,113.68,37,1410,1215,737030096422,0
matmul_tiny_loop_L1_r4,1790333956.7138898,4878008.40262586,113.68,37,1410,1215,737030107867,0
matmul_tiny_loop_L1_r4,1790333956.7638943,4878008.452630444,113.562,37,1410,1215,737030107867,0
matmul_tiny_loop_L1_r4,1790333956.813887,4878008.502623068,113.562,37,1410,1215,737030119327,0
matmul_tiny_loop_L1_r4,1790333956.8638923,4878008.552628281,113.562,37,1410,1215,737030119327,0
matmul_tiny_loop_L1_r4,1790333956.9138925,4878008.602628795,113.562,37,1410,1215,737030130765,0
matmul_tiny_loop_L1_r4,1790333956.9638891,4878008.652625359,113.562,37,1410,1215,737030130765,0
matmul_tiny_loop_L20_r1,1790333958.9778943,4878010.666630214,113.562,37,1410,1215,737030359770,0
matmul_tiny_loop_L20_r1,1790333959.028009,4878010.716745106,113.562,37,1410,1215,737030371216,0
matmul_tiny_loop_L20_r1,1790333959.0780067,4878010.76674288,113.562,37,1410,1215,737030371216,0
matmul_tiny_loop_L20_r1,1790333959.1280067,4878010.816742593,113.562,37,1410,1215,737030382660,0
matmul_tiny_loop_L20_r1,1790333959.1780174,4878010.866753367,113.562,37,1410,1215,737030382660,0
matmul_tiny_loop_L20_r1,1790333959.228019,4878010.916755061,113.562,37,1410,1215,737030394110,0
matmul_tiny_loop_L20_r1,1790333959.2780166,4878010.966752684,113.562,37,1410,1215,737030394110,0
matmul_tiny_loop_L20_r1,1790333959.328019,4878011.016755118,113.562,37,1410,1215,737030405569,0
matmul_tiny_loop_L20_r1,1790333959.3780193,4878011.066755292,113.562,37,1410,1215,737030405569,0
matmul_tiny_loop_L20_r1,1790333959.4280195,4878011.116755675,113.562,37,1410,1215,737030417008,0
matmul_tiny_loop_L20_r1,1790333959.4780169,4878011.166752769,113.562,37,1410,1215,737030417008,0
matmul_tiny_loop_L20_r1,1790333959.5280175,4878011.216753392,113.562,37,1410,1215,737030428475,0
matmul_tiny_loop_L20_r1,1790333959.5780163,4878011.266752426,113.562,37,1410,1215,737030428475,0
matmul_tiny_loop_L20_r1,1790333959.62802,4878011.31675619,113.562,37,1410,1215,737030439925,0
matmul_tiny_loop_L20_r1,1790333959.6780202,4878011.366756393,113.562,37,1410,1215,737030439925,0
matmul_tiny_loop_L20_r1,1790333959.7280169,4878011.416753127,113.562,37,1410,1215,737030451378,0
matmul_tiny_loop_L20_r1,1790333959.7780187,4878011.466754941,113.562,37,1410,1215,737030451378,0
matmul_tiny_loop_L20_r1,1790333959.828016,4878011.516752194,113.68,37,1410,1215,737030462821,0
matmul_tiny_loop_L20_r1,1790333959.8780181,4878011.566754118,113.68,37,1410,1215,737030462821,0
matmul_tiny_loop_L20_r1,1790333959.928017,4878011.616752892,113.562,37,1410,1215,737030474268,0
matmul_tiny_loop_L20_r1,1790333959.9780169,4878011.666752855,113.562,37,1410,1215,737030474268,0
matmul_tiny_loop_L20_r1,1790333960.0280206,4878011.716756839,114.701,37,1410,1215,737030485758,0
matmul_tiny_loop_L20_r1,1790333960.0780187,4878011.766754603,114.701,37,1410,1215,737030485758,0
matmul_tiny_loop_L20_r1,1790333960.1280167,4878011.816752756,113.562,37,1410,1215,737030497277,0
matmul_tiny_loop_L20_r1,1790333960.1780188,4878011.86675498,113.562,37,1410,1215,737030497277,0
matmul_tiny_loop_L20_r1,1790333960.2280195,4878011.916755574,114.432,37,1410,1215,737030508766,0
matmul_tiny_loop_L20_r1,1790333960.2780166,4878011.966752667,114.432,37,1410,1215,737030508766,0
matmul_tiny_loop_L20_r1,1790333960.3280184,4878012.016754681,114.701,37,1410,1215,737030520317,0
matmul_tiny_loop_L20_r1,1790333960.378017,4878012.066753095,114.701,37,1410,1215,737030520317,0
matmul_tiny_loop_L20_r1,1790333960.4280183,4878012.116754598,113.562,37,1410,1215,737030531866,0
matmul_tiny_loop_L20_r1,1790333960.4780169,4878012.166752782,113.562,37,1410,1215,737030531866,0
matmul_tiny_loop_L20_r1,1790333960.5280182,4878012.216754416,113.562,37,1410,1215,737030543323,0
matmul_tiny_loop_L20_r1,1790333960.578017,4878012.266753149,113.562,37,1410,1215,737030543323,0
matmul_tiny_loop_L20_r1,1790333960.6280165,4878012.316752303,113.562,37,1410,1215,737030554780,0
matmul_tiny_loop_L20_r1,1790333960.678018,4878012.366754217,113.562,37,1410,1215,737030554780,0
matmul_tiny_loop_L20_r1,1790333960.7280173,4878012.41675365,113.562,37,1410,1215,737030566228,0
matmul_tiny_loop_L20_r1,1790333960.7780173,4878012.466753264,113.562,37,1410,1215,737030566228,0
matmul_tiny_loop_L20_r1,1790333960.8280194,4878012.516755598,114.701,37,1410,1215,737030577721,0
matmul_tiny_loop_L20_r1,1790333960.8780184,4878012.566754451,114.701,37,1410,1215,737030577721,0
matmul_tiny_loop_L20_r1,1790333960.9280155,4878012.616751485,113.68,37,1410,1215,737030589251,0
matmul_tiny_loop_L20_r1,1790333960.9780211,4878012.666757178,113.68,37,1410,1215,737030589251,0
matmul_tiny_loop_L20_r1,1790333961.028019,4878012.716755042,114.701,37,1410,1215,737030600754,0
matmul_tiny_loop_L20_r1,1790333961.0780165,4878012.766752606,114.701,37,1410,1215,737030600754,0
matmul_tiny_loop_L20_r1,1790333961.12802,4878012.816756169,113.562,37,1410,1215,737030612268,0
matmul_tiny_loop_L20_r1,1790333961.178016,4878012.866751943,113.562,37,1410,1215,737030612268,0
matmul_tiny_loop_L20_r1,1790333961.228017,4878012.916753217,114.701,37,1410,1215,737030623765,0
matmul_tiny_loop_L20_r1,1790333961.2780175,4878012.966753621,114.701,37,1410,1215,737030623765,0
matmul_tiny_loop_L20_r1,1790333961.3280241,4878013.016760224,113.562,37,1410,1215,737030635289,0
matmul_tiny_loop_L20_r1,1790333961.3780189,4878013.066754878,113.562,37,1410,1215,737030635289,0
matmul_tiny_loop_L20_r1,1790333961.428017,4878013.116752821,113.562,37,1410,1215,737030646742,0
matmul_tiny_loop_L20_r1,1790333961.4780169,4878013.166752855,113.562,37,1410,1215,737030646742,0
matmul_tiny_loop_L20_r1,1790333961.5280182,4878013.216754149,113.562,37,1410,1215,737030658181,0
matmul_tiny_loop_L20_r1,1790333961.578019,4878013.266754732,113.562,37,1410,1215,737030658181,0
matmul_tiny_loop_L20_r1,1790333961.6280165,4878013.316752486,113.562,37,1410,1215,737030669659,0
matmul_tiny_loop_L20_r1,1790333961.6780183,4878013.36675431,113.562,37,1410,1215,737030669659,0
matmul_tiny_loop_L20_r1,1790333961.7280169,4878013.416752843,113.562,37,1410,1215,737030681109,0
matmul_tiny_loop_L20_r1,1790333961.7780159,4878013.466751917,113.562,37,1410,1215,737030681109,0
matmul_tiny_loop_L20_r1,1790333961.828016,4878013.516752151,113.562,37,1410,1215,737030692552,0
matmul_tiny_loop_L20_r1,1790333961.8780193,4878013.566755374,113.562,37,1410,1215,737030692552,0
matmul_tiny_loop_L20_r1,1790333961.9280186,4878013.616754888,113.562,37,1410,1215,737030703964,0
matmul_tiny_loop_L20_r1,1790333961.978016,4878013.666752192,113.562,37,1410,1215,737030703964,0
matmul_tiny_loop_L20_r1,1790333962.0280163,4878013.716752605,113.562,37,1410,1215,737030715446,0
matmul_tiny_loop_L20_r1,1790333962.0780473,4878013.766783439,113.562,37,1410,1215,737030715446,0
matmul_tiny_loop_L20_r1,1790333962.1280186,4878013.816754913,113.562,37,1410,1215,737030726871,0
matmul_tiny_loop_L20_r1,1790333962.1780171,4878013.866753156,113.562,37,1410,1215,737030726871,0
matmul_tiny_loop_L20_r1,1790333962.228017,4878013.91675329,113.562,37,1410,1215,737030738336,0
matmul_tiny_loop_L20_r1,1790333962.2780182,4878013.966754374,113.562,37,1410,1215,737030738336,0
matmul_tiny_loop_L20_r1,1790333962.3280213,4878014.016757357,113.562,37,1410,1215,737030749771,0
matmul_tiny_loop_L20_r1,1790333962.3780165,4878014.066752521,113.562,37,1410,1215,737030749771,0
matmul_tiny_loop_L20_r1,1790333962.4280238,4878014.116759765,113.562,37,1410,1215,737030761231,0
matmul_tiny_loop_L20_r1,1790333962.4780223,4878014.166758468,113.562,37,1410,1215,737030761231,0
matmul_tiny_loop_L20_r1,1790333962.5280156,4878014.216751562,113.562,37,1410,1215,737030772660,0
matmul_tiny_loop_L20_r1,1790333962.5780168,4878014.266752976,113.562,37,1410,1215,737030772660,0
matmul_tiny_loop_L20_r1,1790333962.6280167,4878014.316752729,113.562,37,1410,1215,737030784142,0
matmul_tiny_loop_L20_r1,1790333962.678022,4878014.366757923,113.562,37,1410,1215,737030784142,0
matmul_tiny_loop_L20_r1,1790333962.7280197,4878014.416755766,113.562,37,1410,1215,737030795579,0
matmul_tiny_loop_L20_r1,1790333962.778017,4878014.46675321,113.562,37,1410,1215,737030795579,0
matmul_tiny_loop_L20_r1,1790333962.8280175,4878014.516753544,113.562,37,1410,1215,737030807048,0
matmul_tiny_loop_L20_r1,1790333962.878015,4878014.566751137,113.562,37,1410,1215,737030807048,0
matmul_tiny_loop_L20_r1,1790333962.9280207,4878014.616756921,113.562,37,1410,1215,737030818488,0
matmul_tiny_loop_L20_r1,1790333962.9780183,4878014.666754365,113.562,37,1410,1215,737030818488,0
matmul_tiny_loop_L20_r1,1790333963.0280163,4878014.716752578,113.562,37,1410,1215,737030829944,0
matmul_tiny_loop_L20_r1,1790333963.0780232,4878014.766759322,113.562,37,1410,1215,737030829944,0
matmul_tiny_loop_L20_r1,1790333963.1280158,4878014.816751976,113.562,37,1410,1215,737030841392,0
matmul_tiny_loop_L20_r1,1790333963.1780474,4878014.866783719,113.562,37,1410,1215,737030841392,0
matmul_tiny_loop_L20_r1,1790333963.2280197,4878014.916755793,113.562,37,1410,1215,737030852853,0
matmul_tiny_loop_L20_r1,1790333963.2780163,4878014.966752327,113.562,37,1410,1215,737030852853,0
matmul_tiny_loop_L20_r1,1790333963.328016,4878015.01675213,113.562,37,1410,1215,737030852853,0
matmul_tiny_loop_L20_r1,1790333963.3780165,4878015.066752694,113.562,37,1410,1215,737030864445,0
matmul_tiny_loop_L20_r1,1790333963.4280183,4878015.116754438,113.68,37,1410,1215,737030864445,0
matmul_tiny_loop_L20_r1,1790333963.4780188,4878015.166754961,113.68,37,1410,1215,737030875800,0
matmul_tiny_loop_L20_r1,1790333963.5280182,4878015.216754335,113.68,37,1410,1215,737030875800,0
matmul_tiny_loop_L20_r1,1790333963.5780182,4878015.266754539,113.68,37,1410,1215,737030887180,0
matmul_tiny_loop_L20_r1,1790333963.6280167,4878015.316752712,113.68,37,1410,1215,737030887180,0
matmul_tiny_loop_L20_r1,1790333963.6780179,4878015.366753886,113.68,37,1410,1215,737030898641,0
matmul_tiny_loop_L20_r1,1790333963.7280166,4878015.41675267,113.68,37,1410,1215,737030898641,0
matmul_tiny_loop_L20_r1,1790333963.7780151,4878015.466751443,113.68,37,1410,1215,737030910103,0
matmul_tiny_loop_L20_r1,1790333963.8280146,4878015.516750837,113.562,37,1410,1215,737030910103,0
matmul_tiny_loop_L20_r1,1790333963.878016,4878015.566752181,113.562,37,1410,1215,737030921572,0
matmul_tiny_loop_L20_r1,1790333963.9280167,4878015.616752684,113.562,37,1410,1215,737030921572,0
matmul_tiny_loop_L20_r1,1790333963.978019,4878015.666755128,113.562,37,1410,1215,737030933026,0
matmul_tiny_loop_L20_r1,1790333964.0280192,4878015.716755262,113.562,37,1410,1215,737030933026,0
matmul_tiny_loop_L20_r1,1790333964.07802,4878015.766756365,113.562,37,1410,1215,737030944487,0
matmul_tiny_loop_L20_r1,1790333964.128017,4878015.816752989,113.562,37,1410,1215,737030944487,0
matmul_tiny_loop_L20_r1,1790333964.1780503,4878015.866786322,113.562,37,1410,1215,737030955924,0
matmul_tiny_loop_L20_r1,1790333964.2280169,4878015.916753066,113.562,37,1410,1215,737030955924,0
matmul_tiny_loop_L20_r1,1790333964.2780478,4878015.966783849,113.562,37,1410,1215,737030967390,0
matmul_tiny_loop_L20_r1,1790333964.3280213,4878016.016757284,113.562,37,1410,1215,737030967390,0
matmul_tiny_loop_L20_r1,1790333964.3780167,4878016.066752797,113.562,37,1410,1215,737030978828,0
matmul_tiny_loop_L20_r1,1790333964.428023,4878016.116758991,113.68,37,1410,1215,737030978828,0
matmul_tiny_loop_L20_r1,1790333964.4780195,4878016.166755834,113.68,37,1410,1215,737030990305,0
matmul_tiny_loop_L20_r1,1790333964.5280218,4878016.216757828,113.68,37,1410,1215,737030990305,0
matmul_tiny_loop_L20_r1,1790333964.5780163,4878016.266752372,113.68,37,1410,1215,737031001742,0
matmul_tiny_loop_L20_r1,1790333964.6280246,4878016.316760585,113.562,37,1410,1215,737031001742,0
matmul_tiny_loop_L20_r1,1790333964.6780183,4878016.366754559,113.562,37,1410,1215,737031013192,0
matmul_tiny_loop_L20_r1,1790333964.7280178,4878016.416753933,113.562,37,1410,1215,737031013192,0
matmul_tiny_loop_L20_r1,1790333964.7780166,4878016.466752687,113.562,37,1410,1215,737031024636,0
matmul_tiny_loop_L20_r1,1790333964.8280168,4878016.51675284,113.562,37,1410,1215,737031024636,0
matmul_tiny_loop_L20_r1,1790333964.8780198,4878016.566755934,113.562,37,1410,1215,737031036103,0
matmul_tiny_loop_L20_r1,1790333964.9280167,4878016.616752687,113.562,37,1410,1215,737031036103,0
matmul_tiny_loop_L20_r1,1790333964.9780195,4878016.666755731,113.562,37,1410,1215,737031047553,0
matmul_tiny_loop_L20_r1,1790333965.028022,4878016.716758255,113.562,37,1410,1215,737031047553,0
matmul_tiny_loop_L20_r1,1790333965.0780165,4878016.766752648,113.562,37,1410,1215,737031059024,0
matmul_tiny_loop_L20_r1,1790333965.1280184,4878016.816754692,113.562,37,1410,1215,737031059024,0
matmul_tiny_loop_L20_r1,1790333965.1780207,4878016.866756656,113.562,37,1410,1215,737031070460,0
matmul_tiny_loop_L20_r1,1790333965.2280161,4878016.916752179,113.562,37,1410,1215,737031070460,0
matmul_tiny_loop_L20_r1,1790333965.2780187,4878016.966754983,113.562,37,1410,1215,737031081907,0
matmul_tiny_loop_L20_r1,1790333965.3280196,4878017.016755827,113.562,37,1410,1215,737031081907,0
matmul_tiny_loop_L20_r1,1790333965.3780305,4878017.06676654,113.562,37,1410,1215,737031093350,0
matmul_tiny_loop_L20_r1,1790333965.4280255,4878017.116761634,113.68,37,1410,1215,737031093350,0
matmul_tiny_loop_L20_r1,1790333965.4780202,4878017.166756148,113.68,37,1410,1215,737031104805,0
matmul_tiny_loop_L20_r1,1790333965.5280254,4878017.216761501,113.562,37,1410,1215,737031104805,0
matmul_tiny_loop_L20_r1,1790333965.5780194,4878017.266755435,113.562,37,1410,1215,737031116242,0
matmul_tiny_loop_L20_r1,1790333965.6280167,4878017.316752709,113.68,37,1410,1215,737031116242,0
matmul_tiny_loop_L20_r1,1790333965.678019,4878017.366755032,113.68,37,1410,1215,737031127701,0
matmul_tiny_loop_L20_r1,1790333965.7280169,4878017.416753016,113.562,37,1410,1215,737031127701,0
matmul_tiny_loop_L20_r1,1790333965.7780175,4878017.4667537,113.562,37,1410,1215,737031139131,0
matmul_tiny_loop_L20_r1,1790333965.8280177,4878017.516753773,113.562,37,1410,1215,737031139131,0
matmul_tiny_loop_L20_r1,1790333965.8780181,4878017.566754257,113.562,37,1410,1215,737031150574,0
matmul_tiny_loop_L20_r1,1790333965.9280198,4878017.616755681,113.562,37,1410,1215,737031150574,0
matmul_tiny_loop_L20_r1,1790333965.9780161,4878017.666752264,113.562,37,1410,1215,737031162027,0
matmul_tiny_loop_L20_r1,1790333966.0280166,4878017.716752608,113.562,37,1410,1215,737031162027,0
matmul_tiny_loop_L20_r1,1790333966.078015,4878017.766751221,113.562,37,1410,1215,737031173488,0
matmul_tiny_loop_L20_r1,1790333966.1280155,4878017.816751935,113.562,37,1410,1215,737031173488,0
matmul_tiny_loop_L20_r1,1790333966.1780188,4878017.866754949,113.562,37,1410,1215,737031184919,0
matmul_tiny_loop_L20_r1,1790333966.2280164,4878017.916752553,113.562,37,1410,1215,737031184919,0
matmul_tiny_loop_L20_r1,1790333966.2780182,4878017.966754526,113.562,37,1410,1215,737031196370,0
matmul_tiny_loop_L20_r1,1790333966.328016,4878018.01675226,113.562,37,1410,1215,737031196370,0
matmul_tiny_loop_L20_r1,1790333966.3780184,4878018.066754343,113.562,37,1410,1215,737031207803,0
matmul_tiny_loop_L20_r1,1790333966.4280186,4878018.116754637,113.562,37,1410,1215,737031207803,0
matmul_tiny_loop_L20_r1,1790333966.4780185,4878018.166754651,113.562,37,1410,1215,737031219256,0
matmul_tiny_loop_L20_r1,1790333966.5280185,4878018.216754564,113.562,37,1410,1215,737031219256,0
matmul_tiny_loop_L20_r1,1790333966.578017,4878018.266753018,113.562,37,1410,1215,737031230682,0
matmul_tiny_loop_L20_r1,1790333966.6280184,4878018.316754452,113.562,37,1410,1215,737031230682,0
matmul_tiny_loop_L20_r1,1790333966.67802,4878018.366756115,113.562,37,1410,1215,737031242137,0
matmul_tiny_loop_L20_r1,1790333966.728017,4878018.416753229,113.562,37,1410,1215,737031242137,0
matmul_tiny_loop_L20_r1,1790333966.7780187,4878018.466755043,113.562,37,1410,1215,737031253570,0
matmul_tiny_loop_L20_r1,1790333966.8280194,4878018.516755596,113.562,37,1410,1215,737031253570,0
matmul_tiny_loop_L20_r1,1790333966.878016,4878018.56675207,113.562,37,1410,1215,737031265030,0
matmul_tiny_loop_L20_r1,1790333966.92802,4878018.616756064,113.562,37,1410,1215,737031265030,0
matmul_tiny_loop_L20_r1,1790333966.9780185,4878018.666754697,113.562,37,1410,1215,737031276452,0
matmul_tiny_loop_L20_r1,1790333967.0280168,4878018.716752971,113.562,37,1410,1215,737031276452,0
matmul_tiny_loop_L20_r1,1790333967.078015,4878018.766751245,113.562,37,1410,1215,737031287931,0
matmul_tiny_loop_L20_r1,1790333967.12802,4878018.816756058,113.562,37,1410,1215,737031287931,0
matmul_tiny_loop_L20_r1,1790333967.1780183,4878018.866754502,113.562,37,1410,1215,737031299368,0
matmul_tiny_loop_L20_r1,1790333967.2280169,4878018.916752946,113.562,37,1410,1215,737031299368,0
matmul_tiny_loop_L20_r1,1790333967.2780173,4878018.966753309,113.562,37,1410,1215,737031310816,0
matmul_tiny_loop_L20_r1,1790333967.328019,4878019.016755203,113.562,37,1410,1215,737031310816,0
matmul_tiny_loop_L20_r1,1790333967.378045,4878019.066781356,113.562,37,1410,1215,737031322261,0
matmul_tiny_loop_L20_r1,1790333967.428019,4878019.11675497,113.562,37,1410,1215,737031322261,0
matmul_tiny_loop_L20_r1,1790333967.4780176,4878019.166753694,113.562,37,1410,1215,737031333719,0
matmul_tiny_loop_L20_r1,1790333967.5280166,4878019.216752648,113.562,37,1410,1215,737031333719,0
matmul_tiny_loop_L20_r1,1790333967.5780172,4878019.266753321,113.562,37,1410,1215,737031345209,0
matmul_tiny_loop_L20_r1,1790333967.6280177,4878019.316753725,114.701,37,1410,1215,737031345209,0
matmul_tiny_loop_L20_r1,1790333967.6780164,4878019.366752569,114.701,37,1410,1215,737031356776,0
matmul_tiny_loop_L20_r1,1790333967.7280166,4878019.416752802,114.701,37,1410,1215,737031356776,0
matmul_tiny_loop_L20_r1,1790333967.7780182,4878019.466754436,114.701,37,1410,1215,737031368301,0
matmul_tiny_loop_L20_r1,1790333967.8280187,4878019.51675469,113.68,37,1410,1215,737031368301,0
matmul_tiny_loop_L20_r1,1790333967.8780186,4878019.566754523,113.68,37,1410,1215,737031379754,0
matmul_tiny_loop_L20_r1,1790333967.9280167,4878019.616752727,113.562,37,1410,1215,737031379754,0
matmul_tiny_loop_L20_r1,1790333967.9780195,4878019.66675568,113.562,37,1410,1215,737031391193,0
matmul_tiny_loop_L20_r1,1790333968.028017,4878019.716753204,113.562,37,1410,1215,737031391193,0
matmul_tiny_loop_L20_r1,1790333968.0780158,4878019.766751778,113.562,37,1410,1215,737031402659,0
matmul_tiny_loop_L20_r1,1790333968.1280165,4878019.816752561,113.562,37,1410,1215,737031402659,0
matmul_tiny_loop_L20_r1,1790333968.1780186,4878019.866754615,113.562,37,1410,1215,737031414098,0
matmul_tiny_loop_L20_r1,1790333968.22802,4878019.916756259,113.562,37,1410,1215,737031414098,0
matmul_tiny_loop_L20_r1,1790333968.2780485,4878019.966784722,113.562,37,1410,1215,737031425552,0
matmul_tiny_loop_L20_r1,1790333968.3280203,4878020.016756146,113.562,37,1410,1215,737031425552,0
matmul_tiny_loop_L20_r1,1790333968.3780189,4878020.06675501,113.562,37,1410,1215,737031436988,0
matmul_tiny_loop_L20_r1,1790333968.4280179,4878020.116753873,113.562,37,1410,1215,737031436988,0
matmul_tiny_loop_L20_r1,1790333968.4780173,4878020.166753277,113.562,37,1410,1215,737031448443,0
matmul_tiny_loop_L20_r1,1790333968.5280194,4878020.216755651,113.562,37,1410,1215,737031448443,0
matmul_tiny_loop_L20_r1,1790333968.5780234,4878020.266759544,113.562,37,1410,1215,737031459885,0
matmul_tiny_loop_L20_r1,1790333968.6280186,4878020.316754868,113.68,37,1410,1215,737031459885,0
matmul_tiny_loop_L20_r1,1790333968.678015,4878020.366751012,113.68,37,1410,1215,737031471352,0
matmul_tiny_loop_L20_r1,1790333968.7280195,4878020.416755625,113.562,37,1410,1215,737031471352,0
matmul_tiny_loop_L20_r1,1790333968.778013,4878020.466749019,113.562,37,1410,1215,737031482796,0
matmul_tiny_loop_L20_r1,1790333968.8280184,4878020.516754363,113.562,37,1410,1215,737031482796,0
matmul_tiny_loop_L20_r1,1790333968.878017,4878020.566753176,113.562,37,1410,1215,737031494255,0
matmul_tiny_loop_L20_r1,1790333968.9280198,4878020.61675569,113.562,37,1410,1215,737031494255,0
matmul_tiny_loop_L20_r1,1790333968.9780183,4878020.666754324,113.562,37,1410,1215,737031505705,0
matmul_tiny_loop_L20_r1,1790333969.0280156,4878020.716751797,113.562,37,1410,1215,737031505705,0
matmul_tiny_loop_L20_r1,1790333969.0780175,4878020.766753481,113.562,37,1410,1215,737031517151,0
matmul_tiny_loop_L20_r1,1790333969.1280158,4878020.816751975,113.562,37,1410,1215,737031517151,0
matmul_tiny_loop_L20_r1,1790333969.178019,4878020.866755018,113.562,37,1410,1215,737031528591,0
matmul_tiny_loop_L20_r1,1790333969.2280176,4878020.916753942,113.562,37,1410,1215,737031528591,0
matmul_tiny_loop_L20_r1,1790333969.2780187,4878020.966754986,113.562,37,1410,1215,737031528591,0
matmul_tiny_loop_L20_r1,1790333969.3280184,4878021.016754449,113.562,37,1410,1215,737031540139,0
matmul_tiny_loop_L20_r1,1790333969.3780193,4878021.066755483,113.562,37,1410,1215,737031540139,0
matmul_tiny_loop_L20_r1,1790333969.4280164,4878021.116752537,113.562,37,1410,1215,737031551493,0
matmul_tiny_loop_L20_r1,1790333969.4780192,4878021.16675545,113.562,37,1410,1215,737031551493,0
matmul_tiny_loop_L20_r1,1790333969.528018,4878021.216754074,113.562,37,1410,1215,737031562925,0
matmul_tiny_loop_L20_r1,1790333969.5780194,4878021.266755497,113.562,37,1410,1215,737031562925,0
matmul_tiny_loop_L20_r1,1790333969.6280158,4878021.316751861,113.562,37,1410,1215,737031574368,0
matmul_tiny_loop_L20_r1,1790333969.6780152,4878021.366751235,113.562,37,1410,1215,737031574368,0
matmul_tiny_loop_L20_r1,1790333969.7280204,4878021.416756728,113.562,37,1410,1215,737031585823,0
matmul_tiny_loop_L20_r1,1790333969.778016,4878021.466752032,113.562,37,1410,1215,737031585823,0
matmul_tiny_loop_L20_r1,1790333969.8280191,4878021.516755396,113.562,37,1410,1215,737031597260,0
matmul_tiny_loop_L20_r1,1790333969.8780189,4878021.566754999,113.562,37,1410,1215,737031597260,0
matmul_tiny_loop_L20_r1,1790333969.928019,4878021.616755043,113.562,37,1410,1215,737031608694,0
matmul_tiny_loop_L20_r1,1790333969.9780192,4878021.666755257,113.562,37,1410,1215,737031608694,0
matmul_tiny_loop_L20_r1,1790333970.028013,4878021.71674923,113.562,37,1410,1215,737031620134,0
matmul_tiny_loop_L20_r1,1790333970.0780187,4878021.766754774,113.562,37,1410,1215,737031620134,0
matmul_tiny_loop_L20_r1,1790333970.1280239,4878021.816759948,113.562,37,1410,1215,737031631600,0
matmul_tiny_loop_L20_r1,1790333970.1780188,4878021.866754821,113.562,37,1410,1215,737031631600,0
matmul_tiny_loop_L20_r1,1790333970.2280197,4878021.916755795,113.562,37,1410,1215,737031643038,0
matmul_tiny_loop_L20_r1,1790333970.2780182,4878021.966754419,113.562,37,1410,1215,737031643038,0
matmul_tiny_loop_L20_r1,1790333970.3280163,4878022.016752452,113.562,37,1410,1215,737031654508,0
matmul_tiny_loop_L20_r1,1790333970.3780167,4878022.066752936,113.562,37,1410,1215,737031654508,0
matmul_tiny_loop_L20_r1,1790333970.4280179,4878022.11675399,113.562,37,1410,1215,737031665951,0
matmul_tiny_loop_L20_r1,1790333970.478018,4878022.166754193,113.562,37,1410,1215,737031665951,0
matmul_tiny_loop_L20_r1,1790333970.5280192,4878022.216755257,113.562,37,1410,1215,737031677407,0
matmul_tiny_loop_L20_r1,1790333970.5780194,4878022.266755491,113.562,37,1410,1215,737031677407,0
matmul_tiny_loop_L20_r1,1790333970.6280189,4878022.316755004,113.68,37,1410,1215,737031688850,0
matmul_tiny_loop_L20_r1,1790333970.6780176,4878022.366753658,113.68,37,1410,1215,737031688850,0
matmul_tiny_loop_L20_r1,1790333970.7280183,4878022.416754402,113.68,37,1410,1215,737031700313,0
matmul_tiny_loop_L20_r1,1790333970.7780185,4878022.466754745,113.68,37,1410,1215,737031700313,0
matmul_tiny_loop_L20_r1,1790333970.828017,4878022.516752939,113.562,37,1410,1215,737031711758,0
matmul_tiny_loop_L20_r1,1790333970.8780234,4878022.566759412,113.562,37,1410,1215,737031711758,0
matmul_tiny_loop_L20_r1,1790333970.9280212,4878022.616757286,113.68,37,1410,1215,737031723215,0
matmul_tiny_loop_L20_r1,1790333970.9780166,4878022.66675274,113.68,37,1410,1215,737031723215,0
matmul_tiny_loop_L20_r1,1790333971.028016,4878022.716752244,113.562,37,1410,1215,737031734659,0
matmul_tiny_loop_L20_r1,1790333971.0780175,4878022.766753597,113.562,37,1410,1215,737031734659,0
matmul_tiny_loop_L20_r1,1790333971.1280205,4878022.816756651,114.432,37,1410,1215,737031746141,0
matmul_tiny_loop_L20_r1,1790333971.1780162,4878022.866752404,114.432,37,1410,1215,737031746141,0
matmul_tiny_loop_L20_r1,1790333971.228019,4878022.916755048,114.701,37,1410,1215,737031757692,0
matmul_tiny_loop_L20_r1,1790333971.2780185,4878022.966754562,114.701,37,1410,1215,737031757692,0
matmul_tiny_loop_L20_r1,1790333971.3280218,4878023.016757945,113.562,37,1410,1215,737031769218,0
matmul_tiny_loop_L20_r1,1790333971.3780189,4878023.066754769,113.562,37,1410,1215,737031769218,0
matmul_tiny_loop_L20_r1,1790333971.428018,4878023.116754343,114.432,37,1410,1215,737031780692,0
matmul_tiny_loop_L20_r1,1790333971.4780152,4878023.166751236,114.432,37,1410,1215,737031780692,0
matmul_tiny_loop_L20_r1,1790333971.5280159,4878023.21675187,113.562,37,1410,1215,737031792229,0
matmul_tiny_loop_L20_r1,1790333971.5780215,4878023.266757784,113.562,37,1410,1215,737031792229,0
matmul_tiny_loop_L20_r1,1790333971.6280189,4878023.316754997,113.68,37,1410,1215,737031803667,0
matmul_tiny_loop_L20_r1,1790333971.6780162,4878023.366752291,113.68,37,1410,1215,737031803667,0
matmul_tiny_loop_L20_r1,1790333971.7280154,4878023.416751415,113.68,37,1410,1215,737031815129,0
matmul_tiny_loop_L20_r1,1790333971.7780182,4878023.466754458,113.68,37,1410,1215,737031815129,0
matmul_tiny_loop_L20_r1,1790333971.8280184,4878023.516754392,114.551,37,1410,1215,737031826594,0
matmul_tiny_loop_L20_r1,1790333971.8780193,4878023.566755386,114.551,37,1410,1215,737031826594,0
matmul_tiny_loop_L20_r1,1790333971.9280193,4878023.616755359,113.562,37,1410,1215,737031838117,0
matmul_tiny_loop_L20_r1,1790333971.978017,4878023.666753273,113.562,37,1410,1215,737031838117,0
matmul_tiny_loop_L20_r1,1790333972.0280168,4878023.716753107,113.562,37,1410,1215,737031849563,0
matmul_tiny_loop_L20_r1,1790333972.0780232,4878023.76675929,113.562,37,1410,1215,737031849563,0
matmul_tiny_loop_L20_r1,1790333972.1280184,4878023.816754434,113.562,37,1410,1215,737031861032,0
matmul_tiny_loop_L20_r1,1790333972.1780183,4878023.866754348,113.562,37,1410,1215,737031861032,0
matmul_tiny_loop_L20_r1,1790333972.2280166,4878023.916752801,113.562,37,1410,1215,737031872474,0
matmul_tiny_loop_L20_r1,1790333972.2780163,4878023.966752415,113.562,37,1410,1215,737031872474,0
matmul_tiny_loop_L20_r1,1790333972.3280163,4878024.016752509,113.68,37,1410,1215,737031883931,0
matmul_tiny_loop_L20_r1,1790333972.3780167,4878024.066752912,113.68,37,1410,1215,737031883931,0
matmul_tiny_loop_L20_r1,1790333972.4280183,4878024.116754606,113.562,37,1410,1215,737031895367,0
matmul_tiny_loop_L20_r1,1790333972.4780176,4878024.16675356,113.562,37,1410,1215,737031895367,0
matmul_tiny_loop_L20_r1,1790333972.5280166,4878024.216752783,113.68,37,1410,1215,737031906831,0
matmul_tiny_loop_L20_r1,1790333972.578024,4878024.266759977,113.68,37,1410,1215,737031906831,0
matmul_tiny_loop_L20_r1,1790333972.6280227,4878024.316759,113.68,37,1410,1215,737031918273,0
matmul_tiny_loop_L20_r1,1790333972.6780162,4878024.366752264,113.68,37,1410,1215,737031918273,0
matmul_tiny_loop_L20_r1,1790333972.7280183,4878024.416754248,113.411,37,1410,1215,737031929750,0
matmul_tiny_loop_L20_r1,1790333972.7780175,4878024.466753822,113.411,37,1410,1215,737031929750,0
matmul_tiny_loop_L20_r1,1790333972.8280187,4878024.516754875,113.562,37,1410,1215,737031941212,0
matmul_tiny_loop_L20_r1,1790333972.878018,4878024.566753859,113.562,37,1410,1215,737031941212,0
matmul_tiny_loop_L20_r1,1790333972.9280162,4878024.616752143,113.562,37,1410,1215,737031952660,0
matmul_tiny_loop_L20_r1,1790333972.9780192,4878024.666755416,113.562,37,1410,1215,737031952660,0
matmul_tiny_loop_L20_r1,1790333973.0280166,4878024.7167529,113.293,37,1410,1215,737031964100,0
matmul_tiny_loop_L20_r1,1790333973.0780194,4878024.766755423,113.293,37,1410,1215,737031964100,0
matmul_tiny_loop_L20_r1,1790333973.128019,4878024.816755217,113.562,37,1410,1215,737031975564,0
matmul_tiny_loop_L20_r1,1790333973.1780162,4878024.866752481,113.562,37,1410,1215,737031975564,0
matmul_tiny_loop_L20_r1,1790333973.2280176,4878024.916753844,113.562,37,1410,1215,737031987007,0
matmul_tiny_loop_L20_r1,1790333973.278018,4878024.966754048,113.562,37,1410,1215,737031987007,0
matmul_tiny_loop_L20_r1,1790333973.3280163,4878025.016752452,113.562,37,1410,1215,737031998431,0
matmul_tiny_loop_L20_r1,1790333973.378016,4878025.066751935,113.562,37,1410,1215,737031998431,0
matmul_tiny_loop_L20_r1,1790333973.4280157,4878025.116751699,113.562,37,1410,1215,737032009915,0
matmul_tiny_loop_L20_r1,1790333973.4780192,4878025.166755513,113.562,37,1410,1215,737032009915,0
matmul_tiny_loop_L20_r1,1790333973.5280163,4878025.216752466,113.562,37,1410,1215,737032021354,0
matmul_tiny_loop_L20_r1,1790333973.578017,4878025.26675296,113.562,37,1410,1215,737032021354,0
matmul_tiny_loop_L20_r1,1790333973.6280184,4878025.316754544,113.562,37,1410,1215,737032032807,0
matmul_tiny_loop_L20_r1,1790333973.6780179,4878025.366753877,113.562,37,1410,1215,737032032807,0
matmul_tiny_loop_L20_r1,1790333973.7280188,4878025.416754861,113.562,37,1410,1215,737032044232,0
matmul_tiny_loop_L20_r1,1790333973.7780182,4878025.466754275,113.562,37,1410,1215,737032044232,0
matmul_tiny_loop_L20_r1,1790333973.8280158,4878025.516751958,113.68,37,1410,1215,737032055674,0
matmul_tiny_loop_L20_r1,1790333973.8780248,4878025.566760912,113.68,37,1410,1215,737032055674,0
matmul_tiny_loop_L20_r1,1790333973.9279919,4878025.616727936,113.562,37,1410,1215,737032067154,0
matmul_tiny_loop_L20_r1,1790333973.977984,4878025.66671992,113.562,37,1410,1215,737032067154,0
matmul_tiny_loop_L20_r1,1790333974.0279796,4878025.716715603,113.562,37,1410,1215,737032078595,0
matmul_tiny_loop_L20_r1,1790333974.0779757,4878025.766711877,113.562,37,1410,1215,737032078595,0
matmul_tiny_loop_L20_r1,1790333974.1279776,4878025.816713681,113.562,37,1410,1215,737032090051,0
matmul_tiny_loop_L20_r1,1790333974.1779795,4878025.866715074,113.562,37,1410,1215,737032090051,0
matmul_tiny_loop_L20_r1,1790333974.2279766,4878025.916712078,113.562,37,1410,1215,737032101492,0
matmul_tiny_loop_L20_r1,1790333974.2779768,4878025.966712912,113.562,37,1410,1215,737032101492,0
matmul_tiny_loop_L20_r1,1790333974.3279767,4878026.016712705,113.562,37,1410,1215,737032112959,0
matmul_tiny_loop_L20_r1,1790333974.3779774,4878026.066713319,113.562,37,1410,1215,737032112959,0
matmul_tiny_loop_L20_r1,1790333974.4279766,4878026.116712443,113.562,37,1410,1215,737032124383,0
matmul_tiny_loop_L20_r1,1790333974.477977,4878026.166712806,113.562,37,1410,1215,737032124383,0
matmul_tiny_loop_L20_r1,1790333974.5279763,4878026.2167119,113.562,37,1410,1215,737032135840,0
matmul_tiny_loop_L20_r1,1790333974.5779772,4878026.266712954,113.562,37,1410,1215,737032135840,0
matmul_tiny_loop_L20_r1,1790333974.6279776,4878026.316713757,113.562,37,1410,1215,737032147275,0
matmul_tiny_loop_L20_r1,1790333974.6779766,4878026.366712171,113.562,37,1410,1215,737032147275,0
matmul_tiny_loop_L20_r1,1790333974.7279797,4878026.416715655,113.562,37,1410,1215,737032158731,0
matmul_tiny_loop_L20_r1,1790333974.7779772,4878026.466713288,113.562,37,1410,1215,737032158731,0
matmul_tiny_loop_L20_r1,1790333974.8279777,4878026.516713442,113.68,37,1410,1215,737032170175,0
matmul_tiny_loop_L20_r1,1790333974.8779793,4878026.566715456,113.68,37,1410,1215,737032170175,0
matmul_tiny_loop_L20_r1,1790333974.9279773,4878026.616713069,113.68,37,1410,1215,737032181620,0
matmul_tiny_loop_L20_r1,1790333974.977979,4878026.666714833,113.68,37,1410,1215,737032181620,0
matmul_tiny_loop_L20_r1,1790333975.0279834,4878026.716719446,113.562,37,1410,1215,737032181620,0
matmul_tiny_loop_L20_r1,1790333975.0779777,4878026.76671353,113.562,37,1410,1215,737032193227,0
matmul_tiny_loop_L20_r1,1790333975.1279776,4878026.816713614,113.562,37,1410,1215,737032193227,0
matmul_tiny_loop_L20_r1,1790333975.17798,4878026.866715797,113.562,37,1410,1215,737032204573,0
matmul_tiny_loop_L20_r1,1790333975.2280128,4878026.916748821,113.68,37,1410,1215,737032204573,0
matmul_tiny_loop_L20_r1,1790333975.2780154,4878026.966751644,113.68,37,1410,1215,737032215966,0
matmul_tiny_loop_L20_r1,1790333975.328019,4878027.016754978,113.562,37,1410,1215,737032215966,0
matmul_tiny_loop_L20_r1,1790333975.378016,4878027.066752092,113.562,37,1410,1215,737032227409,0
matmul_tiny_loop_L20_r1,1790333975.4280193,4878027.116755325,113.562,37,1410,1215,737032227409,0
matmul_tiny_loop_L20_r1,1790333975.4780455,4878027.166781449,113.562,37,1410,1215,737032238861,0
matmul_tiny_loop_L20_r1,1790333975.528016,4878027.216752153,113.562,37,1410,1215,737032238861,0
matmul_tiny_loop_L20_r1,1790333975.5780187,4878027.266754546,113.562,37,1410,1215,737032250330,0
matmul_tiny_loop_L20_r1,1790333975.628019,4878027.31675527,113.68,37,1410,1215,737032250330,0
matmul_tiny_loop_L20_r1,1790333975.6780195,4878027.366755514,113.68,37,1410,1215,737032261774,0
matmul_tiny_loop_L20_r1,1790333975.7280183,4878027.416754147,113.562,37,1410,1215,737032261774,0
matmul_tiny_loop_L20_r1,1790333975.7780154,4878027.466751661,113.562,37,1410,1215,737032273234,0
matmul_tiny_loop_L20_r1,1790333975.8280175,4878027.516753465,113.562,37,1410,1215,737032273234,0
matmul_tiny_loop_L20_r1,1790333975.8780167,4878027.566752868,113.562,37,1410,1215,737032284667,0
matmul_tiny_loop_L20_r1,1790333975.928017,4878027.616752962,113.68,37,1410,1215,737032284667,0
matmul_tiny_loop_L20_r1,1790333975.9780188,4878027.666754836,113.68,37,1410,1215,737032296102,0
matmul_tiny_loop_L20_r1,1790333976.0280159,4878027.716752049,113.562,37,1410,1215,737032296102,0
matmul_tiny_loop_L20_r1,1790333976.078018,4878027.766754053,113.562,37,1410,1215,737032307547,0
matmul_tiny_loop_L20_r1,1790333976.1280165,4878027.816752337,113.562,37,1410,1215,737032307547,0
matmul_tiny_loop_L20_r1,1790333976.178016,4878027.86675213,113.562,37,1410,1215,737032319019,0
matmul_tiny_loop_L20_r1,1790333976.228022,4878027.916758204,113.562,37,1410,1215,737032319019,0
matmul_tiny_loop_L20_r1,1790333976.2780163,4878027.966752258,113.562,37,1410,1215,737032330460,0
matmul_tiny_loop_L20_r1,1790333976.3280172,4878028.016753201,113.562,37,1410,1215,737032330460,0
matmul_tiny_loop_L20_r1,1790333976.3780186,4878028.066754565,113.562,37,1410,1215,737032341901,0
matmul_tiny_loop_L20_r1,1790333976.4280238,4878028.116759978,113.562,37,1410,1215,737032341901,0
matmul_tiny_loop_L20_r1,1790333976.4780183,4878028.166754442,113.562,37,1410,1215,737032353330,0
matmul_tiny_loop_L20_r1,1790333976.5280187,4878028.216754656,113.562,37,1410,1215,737032353330,0
matmul_tiny_loop_L20_r1,1790333976.5780163,4878028.266752249,113.562,37,1410,1215,737032364766,0
matmul_tiny_loop_L20_r1,1790333976.628017,4878028.316753033,113.562,37,1410,1215,737032364766,0
matmul_tiny_loop_L20_r1,1790333976.678018,4878028.366754017,113.562,37,1410,1215,737032376220,0
matmul_tiny_loop_L20_r1,1790333976.7280176,4878028.4167536,113.562,37,1410,1215,737032376220,0
matmul_tiny_loop_L20_r1,1790333976.778015,4878028.466751024,113.562,37,1410,1215,737032387671,0
matmul_tiny_loop_L20_r1,1790333976.8280184,4878028.516754608,113.562,37,1410,1215,737032387671,0
matmul_tiny_loop_L20_r1,1790333976.87802,4878028.566756181,113.562,37,1410,1215,737032399119,0
matmul_tiny_loop_L20_r1,1790333976.9280193,4878028.616755375,113.68,37,1410,1215,737032399119,0
matmul_tiny_loop_L20_r1,1790333976.978019,4878028.666755139,113.68,37,1410,1215,737032410554,0
matmul_tiny_loop_L20_r1,1790333977.0280194,4878028.716755652,113.293,37,1410,1215,737032410554,0
matmul_tiny_loop_L20_r1,1790333977.078017,4878028.766753206,113.293,37,1410,1215,737032421990,0
matmul_tiny_loop_L20_r1,1790333977.1280165,4878028.81675247,113.411,37,1410,1215,737032421990,0
matmul_tiny_loop_L20_r1,1790333977.1780186,4878028.866754613,113.411,37,1410,1215,737032433441,0
matmul_tiny_loop_L20_r1,1790333977.2280173,4878028.916753417,113.293,37,1410,1215,737032433441,0
matmul_tiny_loop_L20_r1,1790333977.278017,4878028.966753181,113.293,37,1410,1215,737032444909,0
matmul_tiny_loop_L20_r1,1790333977.3280175,4878029.016753574,113.562,37,1410,1215,737032444909,0
matmul_tiny_loop_L20_r1,1790333977.3780165,4878029.066752538,113.562,37,1410,1215,737032456366,0
matmul_tiny_loop_L20_r1,1790333977.4280186,4878029.116754752,113.562,37,1410,1215,737032456366,0
matmul_tiny_loop_L20_r1,1790333977.4780183,4878029.166754545,113.562,37,1410,1215,737032467773,0
matmul_tiny_loop_L20_r1,1790333977.5280185,4878029.216754479,113.562,37,1410,1215,737032467773,0
matmul_tiny_loop_L20_r1,1790333977.5780208,4878029.266756983,113.562,37,1410,1215,737032479219,0
matmul_tiny_loop_L20_r1,1790333977.6280181,4878029.316754286,113.562,37,1410,1215,737032479219,0
matmul_tiny_loop_L20_r1,1790333977.6780188,4878029.36675503,113.562,37,1410,1215,737032490659,0
matmul_tiny_loop_L20_r1,1790333977.7280161,4878029.416752264,113.68,37,1410,1215,737032490659,0
matmul_tiny_loop_L20_r1,1790333977.7780192,4878029.466755217,113.68,37,1410,1215,737032502111,0
matmul_tiny_loop_L20_r1,1790333977.8280187,4878029.516754731,113.562,37,1410,1215,737032502111,0
matmul_tiny_loop_L20_r1,1790333977.8780189,4878029.566754865,113.562,37,1410,1215,737032513526,0
matmul_tiny_loop_L20_r1,1790333977.9280167,4878029.616752888,113.68,37,1410,1215,737032513526,0
matmul_tiny_loop_L20_r1,1790333977.9780192,4878029.666755432,113.68,37,1410,1215,737032524961,0
matmul_tiny_loop_L20_r1,1790333978.028016,4878029.716752145,113.68,37,1410,1215,737032524961,0
matmul_tiny_loop_L20_r1,1790333978.0780187,4878029.766754809,113.68,37,1410,1215,737032536370,0
matmul_tiny_loop_L20_r1,1790333978.1280189,4878029.816755033,113.562,37,1410,1215,737032536370,0
matmul_tiny_loop_L20_r1,1790333978.178016,4878029.866752096,113.562,37,1410,1215,737032547859,0
matmul_tiny_loop_L20_r1,1790333978.2280195,4878029.91675562,114.551,37,1410,1215,737032547859,0
matmul_tiny_loop_L20_r1,1790333978.2780185,4878029.966754554,114.551,37,1410,1215,737032559366,0
matmul_tiny_loop_L20_r1,1790333978.3280163,4878030.016752497,113.562,37,1410,1215,737032559366,0
matmul_tiny_loop_L20_r1,1790333978.378019,4878030.066755231,113.562,37,1410,1215,737032570825,0
matmul_tiny_loop_L20_r1,1790333978.4280167,4878030.116752635,113.293,37,1410,1215,737032570825,0
matmul_tiny_loop_L20_r1,1790333978.4780166,4878030.166752578,113.293,37,1410,1215,737032582240,0
matmul_tiny_loop_L20_r1,1790333978.528017,4878030.216753262,113.293,37,1410,1215,737032582240,0
matmul_tiny_loop_L20_r1,1790333978.578017,4878030.266753186,113.293,37,1410,1215,737032593662,0
matmul_tiny_loop_L20_r1,1790333978.6280282,4878030.316764179,113.562,37,1410,1215,737032593662,0
matmul_tiny_loop_L20_r1,1790333978.6780186,4878030.366754703,113.562,37,1410,1215,737032605110,0
matmul_tiny_loop_L20_r1,1790333978.7280195,4878030.416755447,113.293,37,1410,1215,737032605110,0
matmul_tiny_loop_L20_r1,1790333978.7780166,4878030.46675263,113.293,37,1410,1215,737032616590,0
matmul_tiny_loop_L20_r1,1790333978.8280194,4878030.516755514,114.432,37,1410,1215,737032616590,0
matmul_tiny_loop_L20_r1,1790333978.8780167,4878030.566752718,114.432,37,1410,1215,737032628121,0
matmul_tiny_loop_L20_r1,1790333978.9280162,4878030.616752291,113.562,37,1410,1215,737032628121,0
matmul_tiny_loop_L20_r1,1790333978.9780157,4878030.666751825,113.562,37,1410,1215,737032639561,0
matmul_tiny_loop_L20_r1,1790333979.0280235,4878030.716759589,113.293,37,1410,1215,737032639561,0
matmul_tiny_loop_L20_r1,1790333979.0780191,4878030.766755082,113.293,37,1410,1215,737032650990,0
matmul_tiny_loop_L20_r1,1790333979.1280212,4878030.816757506,113.562,37,1410,1215,737032650990,0
matmul_tiny_loop_L10_r2,1790333981.1598334,4878032.848569315,113.562,37,1410,1215,737032879714,0
matmul_tiny_loop_L10_r2,1790333981.2099454,4878032.898681688,113.562,37,1410,1215,737032891154,0
matmul_tiny_loop_L10_r2,1790333981.2599576,4878032.948693701,113.68,37,1410,1215,737032891154,0
matmul_tiny_loop_L10_r2,1790333981.3099551,4878032.998691015,113.68,37,1410,1215,737032902610,0
matmul_tiny_loop_L10_r2,1790333981.3599553,4878033.048691269,113.68,37,1410,1215,737032902610,0
matmul_tiny_loop_L10_r2,1790333981.4099545,4878033.098690612,113.68,37,1410,1215,737032914053,0
matmul_tiny_loop_L10_r2,1790333981.459959,4878033.148695166,113.411,37,1410,1215,737032914053,0
matmul_tiny_loop_L10_r2,1790333981.509955,4878033.19869089,113.411,37,1410,1215,737032925489,0
matmul_tiny_loop_L10_r2,1790333981.559954,4878033.248690093,113.562,37,1410,1215,737032925489,0
matmul_tiny_loop_L10_r2,1790333981.609958,4878033.298693917,113.562,37,1410,1215,737032936931,0
matmul_tiny_loop_L10_r2,1790333981.6599565,4878033.348692561,113.562,37,1410,1215,737032936931,0
matmul_tiny_loop_L10_r2,1790333981.709955,4878033.398691174,113.562,37,1410,1215,737032948379,0
matmul_tiny_loop_L10_r2,1790333981.7599568,4878033.448692978,113.562,37,1410,1215,737032948379,0
matmul_tiny_loop_L10_r2,1790333981.8099558,4878033.498692142,113.562,37,1410,1215,737032959827,0
matmul_tiny_loop_L10_r2,1790333981.8599555,4878033.548691545,113.68,37,1410,1215,737032959827,0
matmul_tiny_loop_L10_r2,1790333981.909955,4878033.598691169,113.68,37,1410,1215,737032971263,0
matmul_tiny_loop_L10_r2,1790333981.9599576,4878033.648693473,113.562,37,1410,1215,737032971263,0
matmul_tiny_loop_L10_r2,1790333982.0099568,4878033.698692786,113.562,37,1410,1215,737032982701,0
matmul_tiny_loop_L10_r2,1790333982.0599535,4878033.74868956,113.562,37,1410,1215,737032982701,0
matmul_tiny_loop_L10_r2,1790333982.1099548,4878033.798690874,113.562,37,1410,1215,737032994113,0
matmul_tiny_loop_L10_r2,1790333982.1599555,4878033.848691587,113.293,37,1410,1215,737032994113,0
matmul_tiny_loop_L10_r2,1790333982.2099571,4878033.898693371,113.293,37,1410,1215,737033005552,0
matmul_tiny_loop_L10_r2,1790333982.2599556,4878033.948691814,113.293,37,1410,1215,737033005552,0
matmul_tiny_loop_L10_r2,1790333982.3099566,4878033.998692638,113.293,37,1410,1215,737033016991,0
matmul_tiny_loop_L10_r2,1790333982.3599553,4878034.048691162,113.68,37,1410,1215,737033016991,0
matmul_tiny_loop_L10_r2,1790333982.4099574,4878034.098693376,113.68,37,1410,1215,737033028434,0
matmul_tiny_loop_L10_r2,1790333982.4599648,4878034.148700609,113.562,37,1410,1215,737033028434,0
matmul_tiny_loop_L10_r2,1790333982.5099556,4878034.198691683,113.562,37,1410,1215,737033039876,0
matmul_tiny_loop_L10_r2,1790333982.5599554,4878034.248691616,113.68,37,1410,1215,737033039876,0
matmul_tiny_loop_L10_r2,1790333982.6099634,4878034.29869962,113.68,37,1410,1215,737033051315,0
matmul_tiny_loop_L10_r2,1790333982.6599588,4878034.348694774,113.68,37,1410,1215,737033051315,0
matmul_tiny_loop_L10_r2,1790333982.7099557,4878034.398691617,113.68,37,1410,1215,737033062772,0
matmul_tiny_loop_L10_r2,1790333982.7599587,4878034.448694781,113.562,37,1410,1215,737033062772,0
matmul_tiny_loop_L10_r2,1790333982.8099585,4878034.498694435,113.562,37,1410,1215,737033074256,0
matmul_tiny_loop_L10_r2,1790333982.8599608,4878034.548696938,114.551,37,1410,1215,737033074256,0
matmul_tiny_loop_L10_r2,1790333982.9099548,4878034.598690882,114.551,37,1410,1215,737033085773,0
matmul_tiny_loop_L10_r2,1790333982.959963,4878034.648699256,113.562,37,1410,1215,737033085773,0
matmul_tiny_loop_L10_r2,1790333983.0099587,4878034.698694689,113.562,37,1410,1215,737033097205,0
matmul_tiny_loop_L10_r2,1790333983.0599566,4878034.748692643,113.562,37,1410,1215,737033097205,0
matmul_tiny_loop_L10_r2,1790333983.1099555,4878034.798691777,113.562,37,1410,1215,737033108642,0
matmul_tiny_loop_L10_r2,1790333983.1599555,4878034.84869162,113.562,37,1410,1215,737033108642,0
matmul_tiny_loop_L10_r2,1790333983.2099538,4878034.898689804,113.562,37,1410,1215,737033120072,0
matmul_tiny_loop_L10_r2,1790333983.2599587,4878034.948694758,113.293,37,1410,1215,737033120072,0
matmul_tiny_loop_L10_r2,1790333983.3099551,4878034.998691121,113.293,37,1410,1215,737033131497,0
matmul_tiny_loop_L10_r2,1790333983.3599591,4878035.048695325,113.293,37,1410,1215,737033131497,0
matmul_tiny_loop_L10_r2,1790333983.4099584,4878035.098694449,113.293,37,1410,1215,737033142927,0
matmul_tiny_loop_L10_r2,1790333983.4599578,4878035.148693852,113.562,37,1410,1215,737033142927,0
matmul_tiny_loop_L10_r2,1790333983.509956,4878035.198691926,113.562,37,1410,1215,737033154362,0
matmul_tiny_loop_L10_r2,1790333983.5599604,4878035.24869639,113.293,37,1410,1215,737033154362,0
matmul_tiny_loop_L10_r2,1790333983.6099558,4878035.298691983,113.293,37,1410,1215,737033165802,0
matmul_tiny_loop_L10_r2,1790333983.6599555,4878035.348691577,113.562,37,1410,1215,737033165802,0
matmul_tiny_loop_L10_r2,1790333983.709957,4878035.398692941,113.562,37,1410,1215,737033177250,0
matmul_tiny_loop_L10_r2,1790333983.7599587,4878035.448694764,113.562,37,1410,1215,737033177250,0
matmul_tiny_loop_L10_r2,1790333983.8099592,4878035.498695378,113.562,37,1410,1215,737033188679,0
matmul_tiny_loop_L10_r2,1790333983.8599594,4878035.548695311,113.562,37,1410,1215,737033188679,0
matmul_tiny_loop_L10_r2,1790333983.9099581,4878035.598694305,113.562,37,1410,1215,737033200104,0
matmul_tiny_loop_L10_r2,1790333983.959956,4878035.648692079,113.293,37,1410,1215,737033200104,0
matmul_tiny_loop_L10_r2,1790333984.009955,4878035.698690883,113.293,37,1410,1215,737033211536,0
matmul_tiny_loop_L10_r2,1790333984.0599585,4878035.748694456,113.562,37,1410,1215,737033211536,0
matmul_tiny_loop_L10_r2,1790333984.1099563,4878035.79869249,113.562,37,1410,1215,737033222985,0
matmul_tiny_loop_L10_r2,1790333984.1599588,4878035.848695013,113.562,37,1410,1215,737033222985,0
matmul_tiny_loop_L10_r2,1790333984.2099593,4878035.898695107,113.562,37,1410,1215,737033234414,0
matmul_tiny_loop_L10_r2,1790333984.259963,4878035.948699221,113.562,37,1410,1215,737033234414,0
matmul_tiny_loop_L10_r2,1790333984.309957,4878035.998693184,113.562,37,1410,1215,737033245846,0
matmul_tiny_loop_L10_r2,1790333984.359959,4878036.048694768,113.562,37,1410,1215,737033245846,0
matmul_tiny_loop_L10_r2,1790333984.4099553,4878036.098691422,113.562,37,1410,1215,737033257293,0
matmul_tiny_loop_L10_r2,1790333984.4599574,4878036.148693245,113.562,37,1410,1215,737033257293,0
matmul_tiny_loop_L10_r2,1790333984.5099554,4878036.198691369,113.562,37,1410,1215,737033268732,0
matmul_tiny_loop_L10_r2,1790333984.5599594,4878036.248695233,113.411,37,1410,1215,737033268732,0
matmul_tiny_loop_L10_r2,1790333984.6099544,4878036.298690436,113.411,37,1410,1215,737033280187,0
matmul_tiny_loop_L10_r2,1790333984.6599596,4878036.34869577,113.562,37,1410,1215,737033280187,0
matmul_tiny_loop_L10_r2,1790333984.7099907,4878036.398726723,113.562,37,1410,1215,737033291630,0
matmul_tiny_loop_L10_r2,1790333984.7599554,4878036.448691457,113.68,37,1410,1215,737033291630,0
matmul_tiny_loop_L10_r2,1790333984.8099592,4878036.498695161,113.68,37,1410,1215,737033303064,0
matmul_tiny_loop_L10_r2,1790333984.859958,4878036.548694085,113.293,37,1410,1215,737033303064,0
matmul_tiny_loop_L10_r2,1790333984.9099581,4878036.598694318,113.293,37,1410,1215,737033303064,0
matmul_tiny_loop_L10_r2,1790333984.9599535,4878036.648689832,113.68,37,1410,1215,737033314647,0
matmul_tiny_loop_L10_r2,1790333985.0099545,4878036.698690786,113.68,37,1410,1215,737033314647,0
matmul_tiny_loop_L10_r2,1790333985.0599582,4878036.748694289,113.562,37,1410,1215,737033325981,0
matmul_tiny_loop_L10_r2,1790333985.1099575,4878036.798693613,113.562,37,1410,1215,737033325981,0
matmul_tiny_loop_L10_r2,1790333985.1599586,4878036.848694597,113.293,37,1410,1215,737033337363,0
matmul_tiny_loop_L10_r2,1790333985.2099547,4878036.89869099,113.293,37,1410,1215,737033337363,0
matmul_tiny_loop_L10_r2,1790333985.2599537,4878036.948689614,113.562,37,1410,1215,737033348820,0
matmul_tiny_loop_L10_r2,1790333985.3099594,4878036.998695507,113.562,37,1410,1215,737033348820,0
matmul_tiny_loop_L10_r2,1790333985.3599546,4878037.048690751,113.562,37,1410,1215,737033360289,0
matmul_tiny_loop_L10_r2,1790333985.4099565,4878037.098692495,113.562,37,1410,1215,737033360289,0
matmul_tiny_loop_L10_r2,1790333985.4599593,4878037.148695429,114.701,37,1410,1215,737033371738,0
matmul_tiny_loop_L10_r2,1790333985.5099573,4878037.198693472,114.701,37,1410,1215,737033371738,0
matmul_tiny_loop_L10_r2,1790333985.559959,4878037.248695096,114.701,37,1410,1215,737033383305,0
matmul_tiny_loop_L10_r2,1790333985.609957,4878037.298693009,114.701,37,1410,1215,737033383305,0
matmul_tiny_loop_L10_r2,1790333985.6599593,4878037.348695313,113.562,37,1410,1215,737033394757,0
matmul_tiny_loop_L10_r2,1790333985.70996,4878037.398696027,113.562,37,1410,1215,737033394757,0
matmul_tiny_loop_L10_r2,1790333985.7599623,4878037.44869857,114.432,37,1410,1215,737033406275,0
matmul_tiny_loop_L10_r2,1790333985.8099566,4878037.498692774,114.432,37,1410,1215,737033406275,0
matmul_tiny_loop_L10_r2,1790333985.8599567,4878037.548692848,113.562,37,1410,1215,737033417781,0
matmul_tiny_loop_L10_r2,1790333985.9099548,4878037.598690892,113.562,37,1410,1215,737033417781,0
matmul_tiny_loop_L10_r2,1790333985.9599566,4878037.648692985,114.432,37,1410,1215,737033429204,0
matmul_tiny_loop_L10_r2,1790333986.0099576,4878037.698693699,114.432,37,1410,1215,737033429204,0
matmul_tiny_loop_L10_r2,1790333986.0599544,4878037.748690462,113.562,37,1410,1215,737033440649,0
matmul_tiny_loop_L10_r2,1790333986.1099572,4878037.798693106,113.562,37,1410,1215,737033440649,0
matmul_tiny_loop_L10_r2,1790333986.1599584,4878037.84869436,113.293,37,1410,1215,737033452120,0
matmul_tiny_loop_L10_r2,1790333986.2099586,4878037.898694753,113.293,37,1410,1215,737033452120,0
matmul_tiny_loop_L10_r2,1790333986.2599597,4878037.948695817,114.432,37,1410,1215,737033463649,0
matmul_tiny_loop_L10_r2,1790333986.3099546,4878037.998690591,114.432,37,1410,1215,737033463649,0
matmul_tiny_loop_L10_r2,1790333986.3599637,4878038.048699754,113.562,37,1410,1215,737033475089,0
matmul_tiny_loop_L10_r2,1790333986.4099576,4878038.098693588,113.562,37,1410,1215,737033475089,0
matmul_tiny_loop_L10_r2,1790333986.459957,4878038.148693022,113.562,37,1410,1215,737033486530,0
matmul_tiny_loop_L10_r2,1790333986.5099545,4878038.198690585,113.562,37,1410,1215,737033486530,0
matmul_tiny_loop_L10_r2,1790333986.5599573,4878038.248693239,113.562,37,1410,1215,737033497977,0
matmul_tiny_loop_L10_r2,1790333986.609956,4878038.298692153,113.562,37,1410,1215,737033497977,0
matmul_tiny_loop_L10_r2,1790333986.659957,4878038.348693176,113.293,37,1410,1215,737033509413,0
matmul_tiny_loop_L10_r2,1790333986.7099543,4878038.39869048,113.293,37,1410,1215,737033509413,0
matmul_tiny_loop_L10_r2,1790333986.7599554,4878038.448691664,113.562,37,1410,1215,737033520837,0
matmul_tiny_loop_L10_r2,1790333986.809955,4878038.498690967,113.562,37,1410,1215,737033520837,0
matmul_tiny_loop_L10_r2,1790333986.8599584,4878038.548694481,113.68,37,1410,1215,737033532276,0
matmul_tiny_loop_L10_r2,1790333986.909958,4878038.598693975,113.68,37,1410,1215,737033532276,0
matmul_tiny_loop_L10_r2,1790333986.9599574,4878038.648693348,113.562,37,1410,1215,737033543703,0
matmul_tiny_loop_L10_r2,1790333987.0099556,4878038.698691852,113.562,37,1410,1215,737033543703,0
matmul_tiny_loop_L10_r2,1790333987.0599532,4878038.748689446,113.411,37,1410,1215,737033555149,0
matmul_tiny_loop_L10_r2,1790333987.109956,4878038.798692179,113.411,37,1410,1215,737033555149,0
matmul_tiny_loop_L10_r2,1790333987.1599581,4878038.848694273,113.562,37,1410,1215,737033566569,0
matmul_tiny_loop_L10_r2,1790333987.2099574,4878038.898693527,113.562,37,1410,1215,737033566569,0
matmul_tiny_loop_L10_r2,1790333987.2599537,4878038.94868962,113.293,37,1410,1215,737033578007,0
matmul_tiny_loop_L10_r2,1790333987.3099563,4878038.998692364,113.293,37,1410,1215,737033578007,0
matmul_tiny_loop_L10_r2,1790333987.3599553,4878039.048691258,113.562,37,1410,1215,737033589429,0
matmul_tiny_loop_L10_r2,1790333987.4099584,4878039.098694531,113.562,37,1410,1215,737033589429,0
matmul_tiny_loop_L10_r2,1790333987.4599545,4878039.148690665,113.293,37,1410,1215,737033600865,0
matmul_tiny_loop_L10_r2,1790333987.5099585,4878039.198694448,113.293,37,1410,1215,737033600865,0
matmul_tiny_loop_L10_r2,1790333987.5599546,4878039.248690752,113.293,37,1410,1215,737033612281,0
matmul_tiny_loop_L10_r2,1790333987.6099577,4878039.298693636,113.293,37,1410,1215,737033612281,0
matmul_tiny_loop_L10_r2,1790333987.6599557,4878039.348691719,113.293,37,1410,1215,737033623715,0
matmul_tiny_loop_L10_r2,1790333987.7099543,4878039.398690303,113.293,37,1410,1215,737033623715,0
matmul_tiny_loop_L10_r2,1790333987.7599587,4878039.448694817,113.562,37,1410,1215,737033635126,0
matmul_tiny_loop_L10_r2,1790333987.8099582,4878039.49869415,113.562,37,1410,1215,737033635126,0
matmul_tiny_loop_L10_r2,1790333987.859959,4878039.548694964,113.562,37,1410,1215,737033646619,0
matmul_tiny_loop_L10_r2,1790333987.9099553,4878039.598691498,113.562,37,1410,1215,737033646619,0
matmul_tiny_loop_L10_r2,1790333987.9599552,4878039.648691311,114.551,37,1410,1215,737033658126,0
matmul_tiny_loop_L10_r2,1790333988.009958,4878039.698694095,114.551,37,1410,1215,737033658126,0
matmul_tiny_loop_L10_r2,1790333988.059955,4878039.748690889,113.68,37,1410,1215,737033669609,0
matmul_tiny_loop_L10_r2,1790333988.1099548,4878039.798690872,113.68,37,1410,1215,737033669609,0
matmul_tiny_loop_L10_r2,1790333988.1599555,4878039.848691416,114.432,37,1410,1215,737033681141,0
matmul_tiny_loop_L10_r2,1790333988.209956,4878039.89869209,114.432,37,1410,1215,737033681141,0
matmul_tiny_loop_L10_r2,1790333988.2599556,4878039.948691913,114.432,37,1410,1215,737033692667,0
matmul_tiny_loop_L10_r2,1790333988.309958,4878039.998693917,114.432,37,1410,1215,737033692667,0
matmul_tiny_loop_L10_r2,1790333988.3599594,4878040.048695491,113.562,37,1410,1215,737033704094,0
matmul_tiny_loop_L10_r2,1790333988.4099567,4878040.098692544,113.562,37,1410,1215,737033704094,0
matmul_tiny_loop_L10_r2,1790333988.4599574,4878040.148693258,113.293,37,1410,1215,737033715533,0
matmul_tiny_loop_L10_r2,1790333988.5099556,4878040.198691762,113.293,37,1410,1215,737033715533,0
matmul_tiny_loop_L10_r2,1790333988.559958,4878040.248694135,113.411,37,1410,1215,737033726984,0
matmul_tiny_loop_L10_r2,1790333988.6099555,4878040.298691719,113.411,37,1410,1215,737033726984,0
matmul_tiny_loop_L10_r2,1790333988.6599574,4878040.348693733,114.432,37,1410,1215,737033738522,0
matmul_tiny_loop_L10_r2,1790333988.7099586,4878040.398694906,114.432,37,1410,1215,737033738522,0
matmul_tiny_loop_L10_r2,1790333988.7599587,4878040.44869488,113.562,37,1410,1215,737033749944,0
matmul_tiny_loop_L10_r2,1790333988.809955,4878040.498690914,113.562,37,1410,1215,737033749944,0
matmul_tiny_loop_L10_r2,1790333988.8599582,4878040.548694257,113.562,37,1410,1215,737033761359,0
matmul_tiny_loop_L10_r2,1790333988.9099598,4878040.598695631,113.562,37,1410,1215,737033761359,0
matmul_tiny_loop_L10_r2,1790333988.9599588,4878040.648694905,113.293,37,1410,1215,737033772774,0
matmul_tiny_loop_L10_r2,1790333989.0099576,4878040.698693938,113.293,37,1410,1215,737033772774,0
matmul_tiny_loop_L10_r2,1790333989.0599575,4878040.748693662,113.293,37,1410,1215,737033784192,0
matmul_tiny_loop_L10_r2,1790333989.1099577,4878040.798693875,113.293,37,1410,1215,737033784192,0
matmul_tiny_loop_L10_r2,1790333989.159956,4878040.848691959,113.293,37,1410,1215,737033795608,0
matmul_tiny_loop_L10_r2,1790333989.2099571,4878040.898693353,113.293,37,1410,1215,737033795608,0
matmul_tiny_loop_L10_r2,1790333989.259955,4878040.948691046,113.293,37,1410,1215,737033807058,0
matmul_tiny_loop_L10_r2,1790333989.3099546,4878040.99869073,113.293,37,1410,1215,737033807058,0
matmul_tiny_loop_L10_r2,1790333989.3599577,4878041.048693734,113.293,37,1410,1215,737033818482,0
matmul_tiny_loop_L10_r2,1790333989.4099565,4878041.098692527,113.293,37,1410,1215,737033818482,0
matmul_tiny_loop_L10_r2,1790333989.4599578,4878041.148693711,113.411,37,1410,1215,737033829917,0
matmul_tiny_loop_L10_r2,1790333989.5099528,4878041.198688875,113.411,37,1410,1215,737033829917,0
matmul_tiny_loop_L10_r2,1790333989.559956,4878041.248692008,113.562,37,1410,1215,737033841331,0
matmul_tiny_loop_L10_r2,1790333989.6099584,4878041.298694422,113.562,37,1410,1215,737033841331,0
matmul_tiny_loop_L10_r2,1790333989.6599574,4878041.348693426,113.293,37,1410,1215,737033852776,0
matmul_tiny_loop_L10_r2,1790333989.7099545,4878041.398690589,113.293,37,1410,1215,737033852776,0
matmul_tiny_loop_L10_r2,1790333989.759958,4878041.448694193,113.293,37,1410,1215,737033864187,0
matmul_tiny_loop_L10_r2,1790333989.8099577,4878041.498693797,113.293,37,1410,1215,737033864187,0
matmul_tiny_loop_L10_r2,1790333989.8599575,4878041.54869359,113.293,37,1410,1215,737033875615,0
matmul_tiny_loop_L10_r2,1790333989.9099572,4878041.598693284,113.293,37,1410,1215,737033875615,0
matmul_tiny_loop_L10_r2,1790333989.9599576,4878041.648693538,113.293,37,1410,1215,737033887033,0
matmul_tiny_loop_L10_r2,1790333990.0099552,4878041.698691211,113.293,37,1410,1215,737033887033,0
matmul_tiny_loop_L10_r2,1790333990.0599554,4878041.748691665,113.293,37,1410,1215,737033898464,0
matmul_tiny_loop_L10_r2,1790333990.1099577,4878041.798693779,113.293,37,1410,1215,737033898464,0
matmul_tiny_loop_L10_r2,1790333990.1599567,4878041.848692782,113.411,37,1410,1215,737033909875,0
matmul_tiny_loop_L10_r2,1790333990.209956,4878041.898692076,113.411,37,1410,1215,737033909875,0
matmul_tiny_loop_L10_r2,1790333990.259957,4878041.94869315,113.411,37,1410,1215,737033921294,0
matmul_tiny_loop_L10_r2,1790333990.3099537,4878041.998689903,113.411,37,1410,1215,737033921294,0
matmul_tiny_loop_L10_r2,1790333990.3599575,4878042.048693737,113.293,37,1410,1215,737033932704,0
matmul_tiny_loop_L10_r2,1790333990.4099588,4878042.098694861,113.293,37,1410,1215,737033932704,0
matmul_tiny_loop_L10_r2,1790333990.4599586,4878042.148694684,113.293,37,1410,1215,737033944190,0
matmul_tiny_loop_L10_r2,1790333990.5099592,4878042.198695098,113.293,37,1410,1215,737033944190,0
matmul_tiny_loop_L10_r2,1790333990.559956,4878042.248692102,113.293,37,1410,1215,737033955629,0
matmul_tiny_loop_L10_r2,1790333990.6099584,4878042.298694405,113.293,37,1410,1215,737033955629,0
matmul_tiny_loop_L10_r2,1790333990.659956,4878042.348692059,113.293,37,1410,1215,737033966995,0
matmul_tiny_loop_L10_r2,1790333990.7099557,4878042.398691562,113.293,37,1410,1215,737033966995,0
matmul_tiny_loop_L10_r2,1790333990.7599626,4878042.448698686,113.411,37,1410,1215,737033978432,0
matmul_tiny_loop_L10_r2,1790333990.8099551,4878042.49869123,113.411,37,1410,1215,737033978432,0
matmul_tiny_loop_L10_r2,1790333990.8599577,4878042.548693783,113.293,37,1410,1215,737033978432,0
matmul_tiny_loop_L10_r2,1790333990.9099576,4878042.598693627,113.293,37,1410,1215,737033990066,0
matmul_tiny_loop_L10_r2,1790333990.9599588,4878042.648694851,113.562,37,1410,1215,737033990066,0
matmul_tiny_loop_L10_r2,1790333991.0099592,4878042.698695414,113.562,37,1410,1215,737034001500,0
matmul_tiny_loop_L10_r2,1790333991.0599577,4878042.748693788,113.293,37,1410,1215,737034001500,0
matmul_tiny_loop_L10_r2,1790333991.1099572,4878042.798693242,113.293,37,1410,1215,737034012856,0
matmul_tiny_loop_L10_r2,1790333991.159954,4878042.848690395,113.293,37,1410,1215,737034012856,0
matmul_tiny_loop_L20_r4,1790333993.2121465,4878044.9008824,113.293,37,1410,1215,737034253200,0
matmul_tiny_loop_L20_r4,1790333993.2622578,4878044.950994023,114.432,37,1410,1215,737034253200,0
matmul_tiny_loop_L20_r4,1790333993.3122594,4878045.000995356,114.432,37,1410,1215,737034264749,0
matmul_tiny_loop_L20_r4,1790333993.3622828,4878045.05101888,114.701,37,1410,1215,737034264749,0
matmul_tiny_loop_L20_r4,1790333993.4122858,4878045.101021823,114.701,37,1410,1215,737034276267,0
matmul_tiny_loop_L20_r4,1790333993.4622874,4878045.151023587,113.68,37,1410,1215,737034276267,0
matmul_tiny_loop_L20_r4,1790333993.5122867,4878045.20102283,113.68,37,1410,1215,737034287748,0
matmul_tiny_loop_L20_r4,1790333993.5622857,4878045.251021684,114.551,37,1410,1215,737034287748,0
matmul_tiny_loop_L20_r4,1790333993.6122854,4878045.301021488,114.551,37,1410,1215,737034299281,0
matmul_tiny_loop_L20_r4,1790333993.6622846,4878045.351020631,113.562,37,1410,1215,737034299281,0
matmul_tiny_loop_L20_r4,1790333993.712285,4878045.401020975,113.562,37,1410,1215,737034310760,0
matmul_tiny_loop_L20_r4,1790333993.7622855,4878045.451021559,114.551,37,1410,1215,737034310760,0
matmul_tiny_loop_L20_r4,1790333993.8122873,4878045.501023192,114.551,37,1410,1215,737034322267,0
matmul_tiny_loop_L20_r4,1790333993.8622854,4878045.551021336,113.562,37,1410,1215,737034322267,0
matmul_tiny_loop_L20_r4,1790333993.9122863,4878045.60102251,113.562,37,1410,1215,737034333698,0
matmul_tiny_loop_L20_r4,1790333993.9622893,4878045.651025633,113.293,37,1410,1215,737034333698,0
matmul_tiny_loop_L20_r4,1790333994.012285,4878045.701021057,113.293,37,1410,1215,737034345164,0
matmul_tiny_loop_L20_r4,1790333994.062285,4878045.751021181,114.551,37,1410,1215,737034345164,0
matmul_tiny_loop_L20_r4,1790333994.112292,4878045.801028154,114.551,37,1410,1215,737034356668,0
matmul_tiny_loop_L20_r4,1790333994.1622856,4878045.851021728,113.562,37,1410,1215,737034356668,0
matmul_tiny_loop_L20_r4,1790333994.2122846,4878045.901020902,113.562,37,1410,1215,737034368087,0
matmul_tiny_loop_L20_r4,1790333994.262285,4878045.951021015,113.293,37,1410,1215,737034368087,0
matmul_tiny_loop_L20_r4,1790333994.312285,4878046.001021059,113.293,37,1410,1215,737034379519,0
matmul_tiny_loop_L20_r4,1790333994.3622897,4878046.051025672,113.293,37,1410,1215,737034379519,0
matmul_tiny_loop_L20_r4,1790333994.41229,4878046.101026126,113.293,37,1410,1215,737034390929,0
matmul_tiny_loop_L20_r4,1790333994.4622853,4878046.15102145,113.293,37,1410,1215,737034390929,0
matmul_tiny_loop_L20_r4,1790333994.5122888,4878046.201024754,113.293,37,1410,1215,737034402360,0
matmul_tiny_loop_L20_r4,1790333994.5622823,4878046.251018207,113.293,37,1410,1215,737034402360,0
matmul_tiny_loop_L20_r4,1790333994.6122816,4878046.301017711,113.293,37,1410,1215,737034413777,0
matmul_tiny_loop_L20_r4,1790333994.6622858,4878046.351022025,113.293,37,1410,1215,737034413777,0
matmul_tiny_loop_L20_r4,1790333994.7122903,4878046.401026378,113.293,37,1410,1215,737034425208,0
matmul_tiny_loop_L20_r4,1790333994.7622855,4878046.451021612,113.293,37,1410,1215,737034425208,0
matmul_tiny_loop_L20_r4,1790333994.8122923,4878046.501028375,113.293,37,1410,1215,737034436624,0
matmul_tiny_loop_L20_r4,1790333994.8622866,4878046.551022739,113.293,37,1410,1215,737034436624,0
matmul_tiny_loop_L20_r4,1790333994.9122846,4878046.601020603,113.293,37,1410,1215,737034448033,0
matmul_tiny_loop_L20_r4,1790333994.9623134,4878046.651049516,113.411,37,1410,1215,737034448033,0
matmul_tiny_loop_L20_r4,1790333995.0122879,4878046.7010238,113.411,37,1410,1215,737034459433,0
matmul_tiny_loop_L20_r4,1790333995.0622883,4878046.751024524,113.293,37,1410,1215,737034459433,0
matmul_tiny_loop_L20_r4,1790333995.1122859,4878046.801021987,113.293,37,1410,1215,737034470880,0
matmul_tiny_loop_L20_r4,1790333995.1622865,4878046.851022521,113.293,37,1410,1215,737034470880,0
matmul_tiny_loop_L20_r4,1790333995.2122886,4878046.901024545,113.293,37,1410,1215,737034482288,0
matmul_tiny_loop_L20_r4,1790333995.2622821,4878046.951018228,113.293,37,1410,1215,737034482288,0
matmul_tiny_loop_L20_r4,1790333995.3122885,4878047.001024572,113.293,37,1410,1215,737034493724,0
matmul_tiny_loop_L20_r4,1790333995.362287,4878047.051023176,113.293,37,1410,1215,737034493724,0
matmul_tiny_loop_L20_r4,1790333995.4122868,4878047.101022729,113.293,37,1410,1215,737034505142,0
matmul_tiny_loop_L20_r4,1790333995.4622571,4878047.150993133,113.293,37,1410,1215,737034505142,0
matmul_tiny_loop_L20_r4,1790333995.5122373,4878047.200973087,113.293,37,1410,1215,737034516578,0
matmul_tiny_loop_L20_r4,1790333995.5622556,4878047.250991451,113.293,37,1410,1215,737034516578,0
matmul_tiny_loop_L20_r4,1790333995.612251,4878047.300987024,113.293,37,1410,1215,737034528002,0
matmul_tiny_loop_L20_r4,1790333995.6622298,4878047.350965408,113.293,37,1410,1215,737034528002,0
matmul_tiny_loop_L20_r4,1790333995.712233,4878047.400968652,113.293,37,1410,1215,737034539419,0
matmul_tiny_loop_L20_r4,1790333995.76223,4878047.450965896,113.293,37,1410,1215,737034539419,0
matmul_tiny_loop_L20_r4,1790333995.8122318,4878047.500967529,113.293,37,1410,1215,737034550840,0
matmul_tiny_loop_L20_r4,1790333995.8622298,4878047.550965533,113.411,37,1410,1215,737034550840,0
matmul_tiny_loop_L20_r4,1790333995.9122324,4878047.600968377,113.411,37,1410,1215,737034562267,0
matmul_tiny_loop_L20_r4,1790333995.9622304,4878047.65096647,113.293,37,1410,1215,737034562267,0
matmul_tiny_loop_L20_r4,1790333996.0122325,4878047.700968464,113.293,37,1410,1215,737034573698,0
matmul_tiny_loop_L20_r4,1790333996.0622306,4878047.750966448,113.293,37,1410,1215,737034573698,0
matmul_tiny_loop_L20_r4,1790333996.1122317,4878047.800967661,113.293,37,1410,1215,737034585134,0
matmul_tiny_loop_L20_r4,1790333996.1622305,4878047.850966335,113.411,37,1410,1215,737034585134,0
matmul_tiny_loop_L20_r4,1790333996.212231,4878047.900966629,113.411,37,1410,1215,737034596550,0
matmul_tiny_loop_L20_r4,1790333996.2622292,4878047.950965072,113.411,37,1410,1215,737034596550,0
matmul_tiny_loop_L20_r4,1790333996.312229,4878048.000964906,113.411,37,1410,1215,737034607983,0
matmul_tiny_loop_L20_r4,1790333996.3622298,4878048.050965529,113.293,37,1410,1215,737034607983,0
matmul_tiny_loop_L20_r4,1790333996.4122324,4878048.100968203,113.293,37,1410,1215,737034619443,0
matmul_tiny_loop_L20_r4,1790333996.4622326,4878048.150968627,114.432,37,1410,1215,737034619443,0
matmul_tiny_loop_L20_r4,1790333996.512231,4878048.20096716,114.432,37,1410,1215,737034630954,0
matmul_tiny_loop_L20_r4,1790333996.5622303,4878048.250966174,113.293,37,1410,1215,737034630954,0
matmul_tiny_loop_L20_r4,1790333996.6122322,4878048.300968128,113.293,37,1410,1215,737034642371,0
matmul_tiny_loop_L20_r4,1790333996.6622303,4878048.350966212,113.293,37,1410,1215,737034642371,0
matmul_tiny_loop_L20_r4,1790333996.7122247,4878048.400960635,113.293,37,1410,1215,737034653797,0
matmul_tiny_loop_L20_r4,1790333996.762283,4878048.451019088,113.293,37,1410,1215,737034653797,0
matmul_tiny_loop_L20_r4,1790333996.8122857,4878048.501021632,113.293,37,1410,1215,737034665237,0
matmul_tiny_loop_L20_r4,1790333996.8622856,4878048.551021745,113.411,37,1410,1215,737034665237,0
matmul_tiny_loop_L20_r4,1790333996.9122882,4878048.601024339,113.411,37,1410,1215,737034676664,0
matmul_tiny_loop_L20_r4,1790333996.9622915,4878048.651027563,113.293,37,1410,1215,737034676664,0
matmul_tiny_loop_L20_r4,1790333997.012287,4878048.701023176,113.293,37,1410,1215,737034688083,0
matmul_tiny_loop_L20_r4,1790333997.0622854,4878048.75102129,113.411,37,1410,1215,737034688083,0
matmul_tiny_loop_L20_r4,1790333997.1122882,4878048.801024264,113.411,37,1410,1215,737034688083,0
matmul_tiny_loop_L20_r4,1790333997.1622841,4878048.851020007,113.68,37,1410,1215,737034699708,0
matmul_tiny_loop_L20_r4,1790333997.2122872,4878048.901023261,113.68,37,1410,1215,737034699708,0
matmul_tiny_loop_L20_r4,1790333997.2622845,4878048.951020775,113.293,37,1410,1215,737034711089,0
matmul_tiny_loop_L20_r4,1790333997.3122854,4878049.001021538,113.293,37,1410,1215,737034711089,0
matmul_tiny_loop_L20_r4,1790333997.3622847,4878049.051020492,113.293,37,1410,1215,737034722497,0
matmul_tiny_loop_L20_r4,1790333997.4122853,4878049.101021516,113.293,37,1410,1215,737034722497,0
matmul_tiny_loop_L20_r4,1790333997.4622853,4878049.151021389,113.293,37,1410,1215,737034733554,0
matmul_tiny_loop_L20_r4,1790333997.5122828,4878049.201019003,113.293,37,1410,1215,737034733554,0
matmul_tiny_loop_L20_r4,1790333997.562285,4878049.251021117,113.411,37,1410,1215,737034744987,0
matmul_tiny_loop_L20_r4,1790333997.612285,4878049.30102103,113.411,37,1410,1215,737034744987,0
matmul_tiny_loop_L20_r4,1790333997.6622882,4878049.351024384,114.432,37,1410,1215,737034756431,0
matmul_tiny_loop_L20_r4,1790333997.712292,4878049.401027998,114.432,37,1410,1215,737034756431,0
matmul_tiny_loop_L20_r4,1790333997.7622857,4878049.451021951,113.562,37,1410,1215,737034767971,0
matmul_tiny_loop_L20_r4,1790333997.8122861,4878049.501022245,113.562,37,1410,1215,737034767971,0
matmul_tiny_loop_L20_r4,1790333997.862289,4878049.551024949,113.293,37,1410,1215,737034779389,0
matmul_tiny_loop_L20_r4,1790333997.9122863,4878049.601022342,113.293,37,1410,1215,737034779389,0
matmul_tiny_loop_L20_r4,1790333997.9622855,4878049.651021596,113.293,37,1410,1215,737034790827,0
matmul_tiny_loop_L20_r4,1790333998.0122864,4878049.70102246,113.293,37,1410,1215,737034790827,0
matmul_tiny_loop_L20_r4,1790333998.0622854,4878049.751021403,113.293,37,1410,1215,737034802312,0
matmul_tiny_loop_L20_r4,1790333998.1122844,4878049.801020577,113.293,37,1410,1215,737034802312,0
matmul_tiny_loop_L20_r4,1790333998.1622884,4878049.85102441,113.293,37,1410,1215,737034813685,0
matmul_tiny_loop_L20_r4,1790333998.2122872,4878049.901023324,113.293,37,1410,1215,737034813685,0
matmul_tiny_loop_L20_r4,1790333998.2622845,4878049.951020488,113.293,37,1410,1215,737034825110,0
matmul_tiny_loop_L20_r4,1790333998.3122888,4878050.001024841,113.293,37,1410,1215,737034825110,0
matmul_tiny_loop_L20_r4,1790333998.3622897,4878050.051025815,113.293,37,1410,1215,737034836543,0
matmul_tiny_loop_L20_r4,1790333998.412286,4878050.101022069,113.293,37,1410,1215,737034836543,0
matmul_tiny_loop_L20_r4,1790333998.462288,4878050.151023893,113.562,37,1410,1215,737034847969,0
matmul_tiny_loop_L20_r4,1790333998.5122907,4878050.201026876,113.562,37,1410,1215,737034847969,0
matmul_tiny_loop_L20_r4,1790333998.5622873,4878050.25102333,113.68,37,1410,1215,737034859392,0
matmul_tiny_loop_L20_r4,1790333998.6122823,4878050.301018403,113.68,37,1410,1215,737034859392,0
matmul_tiny_loop_L20_r4,1790333998.6622887,4878050.351024787,113.411,37,1410,1215,737034870820,0
matmul_tiny_loop_L20_r4,1790333998.712289,4878050.401025021,113.411,37,1410,1215,737034870820,0
matmul_tiny_loop_L20_r4,1790333998.7622879,4878050.451024104,113.411,37,1410,1215,737034882257,0
matmul_tiny_loop_L20_r4,1790333998.8122828,4878050.501018978,113.411,37,1410,1215,737034882257,0
matmul_tiny_loop_L20_r4,1790333998.862287,4878050.551023152,113.68,37,1410,1215,737034893712,0
matmul_tiny_loop_L20_r4,1790333998.9122858,4878050.601021825,113.68,37,1410,1215,737034893712,0
matmul_tiny_loop_L20_r4,1790333998.9622836,4878050.651019639,113.562,37,1410,1215,737034905135,0
matmul_tiny_loop_L20_r4,1790333999.0122852,4878050.701021193,113.562,37,1410,1215,737034905135,0
matmul_tiny_loop_L20_r4,1790333999.0622854,4878050.751021566,113.293,37,1410,1215,737034916553,0
matmul_tiny_loop_L20_r4,1790333999.1122854,4878050.80102156,113.293,37,1410,1215,737034916553,0
matmul_tiny_loop_L20_r4,1790333999.162288,4878050.851024054,113.293,37,1410,1215,737034927979,0
matmul_tiny_loop_L20_r4,1790333999.2122803,4878050.901016437,113.293,37,1410,1215,737034927979,0
matmul_tiny_loop_L20_r4,1790333999.2622862,4878050.951022211,113.293,37,1410,1215,737034939399,0
matmul_tiny_loop_L20_r4,1790333999.3122885,4878051.001024545,113.293,37,1410,1215,737034939399,0
matmul_tiny_loop_L20_r4,1790333999.362285,4878051.051020988,113.293,37,1410,1215,737034950817,0
matmul_tiny_loop_L20_r4,1790333999.4122853,4878051.101021492,113.293,37,1410,1215,737034950817,0
matmul_tiny_loop_L20_r4,1790333999.462286,4878051.151022196,113.293,37,1410,1215,737034962245,0
matmul_tiny_loop_L20_r4,1790333999.5122852,4878051.201021299,113.293,37,1410,1215,737034962245,0
matmul_tiny_loop_L20_r4,1790333999.5622895,4878051.251025363,113.411,37,1410,1215,737034973722,0
matmul_tiny_loop_L20_r4,1790333999.6122856,4878051.301021777,113.411,37,1410,1215,737034973722,0
matmul_tiny_loop_L20_r4,1790333999.6622818,4878051.35101782,114.551,37,1410,1215,737034985232,0
matmul_tiny_loop_L20_r4,1790333999.7122812,4878051.401017484,114.551,37,1410,1215,737034985232,0
matmul_tiny_loop_L20_r4,1790333999.7622857,4878051.451021947,113.293,37,1410,1215,737034996659,0
matmul_tiny_loop_L20_r4,1790333999.812282,4878051.501018301,113.293,37,1410,1215,737034996659,0
matmul_tiny_loop_L20_r4,1790333999.8622863,4878051.551022325,113.411,37,1410,1215,737035008148,0
matmul_tiny_loop_L20_r4,1790333999.9122899,4878051.601025898,113.411,37,1410,1215,737035008148,0
matmul_tiny_loop_L20_r4,1790333999.9622858,4878051.651021992,114.432,37,1410,1215,737035019668,0
matmul_tiny_loop_L20_r4,1790334000.0122805,4878051.701016636,114.432,37,1410,1215,737035019668,0
matmul_tiny_loop_L20_r4,1790334000.0622838,4878051.7510198,113.562,37,1410,1215,737035031101,0
matmul_tiny_loop_L20_r4,1790334000.1122847,4878051.801020793,113.562,37,1410,1215,737035031101,0
matmul_tiny_loop_L20_r4,1790334000.1622853,4878051.851021327,113.293,37,1410,1215,737035042533,0
matmul_tiny_loop_L20_r4,1790334000.212291,4878051.9010273,113.293,37,1410,1215,737035042533,0
matmul_tiny_loop_L20_r4,1790334000.262303,4878051.951039344,113.293,37,1410,1215,737035053953,0
matmul_tiny_loop_L20_r4,1790334000.312289,4878052.001025038,113.293,37,1410,1215,737035053953,0
matmul_tiny_loop_L20_r4,1790334000.3622923,4878052.051028371,113.293,37,1410,1215,737035065403,0
matmul_tiny_loop_L20_r4,1790334000.4122896,4878052.101025695,113.293,37,1410,1215,737035065403,0
matmul_tiny_loop_L20_r4,1790334000.4622862,4878052.151022299,113.293,37,1410,1215,737035076827,0
matmul_tiny_loop_L20_r4,1790334000.5122893,4878052.201025342,113.293,37,1410,1215,737035076827,0
matmul_tiny_loop_L20_r4,1790334000.5622857,4878052.251021636,113.293,37,1410,1215,737035088249,0
matmul_tiny_loop_L20_r4,1790334000.612286,4878052.30102229,113.293,37,1410,1215,737035088249,0
matmul_tiny_loop_L20_r4,1790334000.6622932,4878052.351029203,113.293,37,1410,1215,737035099663,0
matmul_tiny_loop_L20_r4,1790334000.7122886,4878052.401024657,113.293,37,1410,1215,737035099663,0
matmul_tiny_loop_L20_r4,1790334000.762285,4878052.451021401,113.293,37,1410,1215,737035111079,0
matmul_tiny_loop_L20_r4,1790334000.8122861,4878052.501022184,113.293,37,1410,1215,737035111079,0
matmul_tiny_loop_L20_r4,1790334000.8622832,4878052.551019308,113.293,37,1410,1215,737035122492,0
matmul_tiny_loop_L20_r4,1790334000.9122956,4878052.601031772,113.293,37,1410,1215,737035122492,0
matmul_tiny_loop_L20_r4,1790334000.962283,4878052.651018955,113.293,37,1410,1215,737035133925,0
matmul_tiny_loop_L20_r4,1790334001.012288,4878052.701024049,113.293,37,1410,1215,737035133925,0
matmul_tiny_loop_L20_r4,1790334001.0622866,4878052.751022633,113.411,37,1410,1215,737035145345,0
matmul_tiny_loop_L20_r4,1790334001.1122835,4878052.801019516,113.411,37,1410,1215,737035145345,0
matmul_tiny_loop_L20_r4,1790334001.1622887,4878052.8510248,113.293,37,1410,1215,737035156771,0
matmul_tiny_loop_L20_r4,1790334001.212289,4878052.901025184,113.293,37,1410,1215,737035156771,0
matmul_tiny_loop_L20_r4,1790334001.2622805,4878052.951016477,113.411,37,1410,1215,737035168242,0
matmul_tiny_loop_L20_r4,1790334001.3122852,4878053.001021281,113.411,37,1410,1215,737035168242,0
matmul_tiny_loop_L20_r4,1790334001.362285,4878053.051020955,114.432,37,1410,1215,737035179768,0
matmul_tiny_loop_L20_r4,1790334001.4122875,4878053.101023588,114.432,37,1410,1215,737035179768,0
matmul_tiny_loop_L20_r4,1790334001.4622824,4878053.151018622,113.562,37,1410,1215,737035191198,0
matmul_tiny_loop_L20_r4,1790334001.5122926,4878053.201028685,113.562,37,1410,1215,737035191198,0
matmul_tiny_loop_L20_r4,1790334001.5622828,4878053.251018739,113.293,37,1410,1215,737035202628,0
matmul_tiny_loop_L20_r4,1790334001.612291,4878053.301027083,113.293,37,1410,1215,737035202628,0
matmul_tiny_loop_L20_r4,1790334001.6622849,4878053.351020816,113.293,37,1410,1215,737035214044,0
matmul_tiny_loop_L20_r4,1790334001.7122915,4878053.40102766,113.293,37,1410,1215,737035214044,0
matmul_tiny_loop_L20_r4,1790334001.7622855,4878053.451021904,113.293,37,1410,1215,737035225471,0
matmul_tiny_loop_L20_r4,1790334001.8122866,4878053.501022897,113.293,37,1410,1215,737035225471,0
matmul_tiny_loop_L20_r4,1790334001.8622887,4878053.551024861,113.293,37,1410,1215,737035236887,0
matmul_tiny_loop_L20_r4,1790334001.9122837,4878053.601019705,113.293,37,1410,1215,737035236887,0
matmul_tiny_loop_L20_r4,1790334001.9622872,4878053.651023169,113.293,37,1410,1215,737035248316,0
matmul_tiny_loop_L20_r4,1790334002.0122867,4878053.701022852,113.293,37,1410,1215,737035248316,0
matmul_tiny_loop_L20_r4,1790334002.06229,4878053.751026066,113.411,37,1410,1215,737035259733,0
matmul_tiny_loop_L20_r4,1790334002.1122844,4878053.801020609,113.411,37,1410,1215,737035259733,0
matmul_tiny_loop_L20_r4,1790334002.1622853,4878053.851021543,113.293,37,1410,1215,737035271167,0
matmul_tiny_loop_L20_r4,1790334002.2122793,4878053.901015377,113.293,37,1410,1215,737035271167,0
matmul_tiny_loop_L20_r4,1790334002.2622924,4878053.9510286,113.411,37,1410,1215,737035282581,0
matmul_tiny_loop_L20_r4,1790334002.3122883,4878054.001024324,113.411,37,1410,1215,737035282581,0
matmul_tiny_loop_L20_r4,1790334002.362287,4878054.051023308,113.411,37,1410,1215,737035294010,0
matmul_tiny_loop_L20_r4,1790334002.4122915,4878054.101027771,113.411,37,1410,1215,737035294010,0
matmul_tiny_loop_L20_r4,1790334002.4622889,4878054.151025055,113.293,37,1410,1215,737035305449,0
matmul_tiny_loop_L20_r4,1790334002.5122867,4878054.201022769,113.293,37,1410,1215,737035305449,0
matmul_tiny_loop_L20_r4,1790334002.5622926,4878054.251028602,113.293,37,1410,1215,737035316877,0
matmul_tiny_loop_L20_r4,1790334002.6122842,4878054.301020366,113.293,37,1410,1215,737035316877,0
matmul_tiny_loop_L20_r4,1790334002.6622918,4878054.35102783,113.293,37,1410,1215,737035328293,0
matmul_tiny_loop_L20_r4,1790334002.7122862,4878054.401022313,113.293,37,1410,1215,737035328293,0
matmul_tiny_loop_L20_r4,1790334002.762282,4878054.451018077,113.293,37,1410,1215,737035328293,0
matmul_tiny_loop_L20_r4,1790334002.812289,4878054.501025101,113.293,37,1410,1215,737035339880,0
matmul_tiny_loop_L20_r4,1790334002.862287,4878054.551023064,113.293,37,1410,1215,737035339880,0
matmul_tiny_loop_L20_r4,1790334002.9122865,4878054.601022528,113.293,37,1410,1215,737035351207,0
matmul_tiny_loop_L20_r4,1790334002.9622862,4878054.651022332,113.293,37,1410,1215,737035351207,0
matmul_tiny_loop_L20_r4,1790334003.0122905,4878054.701026565,113.293,37,1410,1215,737035362569,0
matmul_tiny_loop_L20_r4,1790334003.062293,4878054.751029109,113.293,37,1410,1215,737035362569,0
matmul_tiny_loop_L20_r4,1790334003.1122859,4878054.801022083,113.293,37,1410,1215,737035373980,0
matmul_tiny_loop_L20_r4,1790334003.162285,4878054.851021226,113.293,37,1410,1215,737035373980,0
matmul_tiny_loop_L20_r4,1790334003.2122912,4878054.90102735,113.293,37,1410,1215,737035385401,0
matmul_tiny_loop_L20_r4,1790334003.2622814,4878054.951017584,113.293,37,1410,1215,737035385401,0
matmul_tiny_loop_L20_r4,1790334003.312285,4878055.001021017,113.293,37,1410,1215,737035396807,0
matmul_tiny_loop_L20_r4,1790334003.3622842,4878055.051020231,113.411,37,1410,1215,737035396807,0
matmul_tiny_loop_L20_r4,1790334003.4122872,4878055.101023165,113.411,37,1410,1215,737035408278,0
matmul_tiny_loop_L20_r4,1790334003.4622867,4878055.151022678,114.432,37,1410,1215,737035408278,0
matmul_tiny_loop_L20_r4,1790334003.5122898,4878055.201025892,114.432,37,1410,1215,737035419791,0
matmul_tiny_loop_L20_r4,1790334003.5622847,4878055.251020915,113.293,37,1410,1215,737035419791,0
matmul_tiny_loop_L20_r4,1790334003.6122873,4878055.301023269,113.293,37,1410,1215,737035431230,0
matmul_tiny_loop_L20_r4,1790334003.6622887,4878055.351024673,113.293,37,1410,1215,737035431230,0
matmul_tiny_loop_L20_r4,1790334003.7122855,4878055.401021716,113.293,37,1410,1215,737035442719,0
matmul_tiny_loop_L20_r4,1790334003.762288,4878055.45102416,114.432,37,1410,1215,737035442719,0
matmul_tiny_loop_L20_r4,1790334003.8122861,4878055.501022214,114.432,37,1410,1215,737035454240,0
matmul_tiny_loop_L20_r4,1790334003.8622866,4878055.551022587,113.293,37,1410,1215,737035454240,0
matmul_tiny_loop_L20_r4,1790334003.9122834,4878055.601019451,113.293,37,1410,1215,737035465671,0
matmul_tiny_loop_L20_r4,1790334003.9622881,4878055.651024285,113.293,37,1410,1215,737035465671,0
matmul_tiny_loop_L20_r4,1790334004.012288,4878055.701024168,113.293,37,1410,1215,737035477102,0
matmul_tiny_loop_L20_r4,1790334004.0622869,4878055.751023002,113.293,37,1410,1215,737035477102,0
matmul_tiny_loop_L20_r4,1790334004.1122866,4878055.801022686,113.293,37,1410,1215,737035488525,0
matmul_tiny_loop_L20_r4,1790334004.1622834,4878055.851019679,113.293,37,1410,1215,737035488525,0
matmul_tiny_loop_L20_r4,1790334004.2122872,4878055.901023243,113.293,37,1410,1215,737035499943,0
matmul_tiny_loop_L20_r4,1790334004.2622905,4878055.951026507,113.411,37,1410,1215,737035499943,0
matmul_tiny_loop_L20_r4,1790334004.3122854,4878056.00102147,113.411,37,1410,1215,737035511423,0
matmul_tiny_loop_L20_r4,1790334004.3622897,4878056.051025834,114.432,37,1410,1215,737035511423,0
matmul_tiny_loop_L20_r4,1790334004.412285,4878056.101021228,114.432,37,1410,1215,737035522961,0
matmul_tiny_loop_L20_r4,1790334004.462287,4878056.151023021,114.551,37,1410,1215,737035522961,0
matmul_tiny_loop_L20_r4,1790334004.5122843,4878056.201020215,114.551,37,1410,1215,737035534470,0
matmul_tiny_loop_L20_r4,1790334004.562291,4878056.251027099,113.293,37,1410,1215,737035534470,0
matmul_tiny_loop_L20_r4,1790334004.612282,4878056.301018262,113.293,37,1410,1215,737035545899,0
matmul_tiny_loop_L20_r4,1790334004.6622875,4878056.351023356,113.411,37,1410,1215,737035545899,0
matmul_tiny_loop_L20_r4,1790334004.7122846,4878056.40102072,113.411,37,1410,1215,737035557370,0
matmul_tiny_loop_L20_r4,1790334004.762284,4878056.451020143,114.432,37,1410,1215,737035557370,0
matmul_tiny_loop_L20_r4,1790334004.8122902,4878056.501026347,114.432,37,1410,1215,737035568916,0
matmul_tiny_loop_L20_r4,1790334004.8622828,4878056.551018781,114.432,37,1410,1215,737035568916,0
matmul_tiny_loop_L20_r4,1790334004.9122882,4878056.601024324,114.432,37,1410,1215,737035580454,0
matmul_tiny_loop_L20_r4,1790334004.962283,4878056.651019058,113.562,37,1410,1215,737035580454,0
matmul_tiny_loop_L20_r4,1790334005.0122957,4878056.701031821,113.562,37,1410,1215,737035591885,0
matmul_tiny_loop_L20_r4,1790334005.062286,4878056.751021755,113.293,37,1410,1215,737035591885,0
matmul_tiny_loop_L20_r4,1790334005.11229,4878056.801025739,113.293,37,1410,1215,737035603303,0
matmul_tiny_loop_L20_r4,1790334005.1622846,4878056.851020582,113.293,37,1410,1215,737035603303,0
matmul_tiny_loop_L20_r4,1790334005.2122853,4878056.901021156,113.293,37,1410,1215,737035614742,0
matmul_tiny_loop_L20_r4,1790334005.2622812,4878056.9510172,113.293,37,1410,1215,737035614742,0
matmul_tiny_loop_L20_r4,1790334005.3122864,4878057.001022453,113.293,37,1410,1215,737035626200,0
matmul_tiny_loop_L20_r4,1790334005.362285,4878057.051020877,114.551,37,1410,1215,737035626200,0
matmul_tiny_loop_L20_r4,1790334005.4122863,4878057.101022291,114.551,37,1410,1215,737035637742,0
matmul_tiny_loop_L20_r4,1790334005.462287,4878057.151023044,114.432,37,1410,1215,737035637742,0
matmul_tiny_loop_L20_r4,1790334005.5122862,4878057.201022358,114.432,37,1410,1215,737035649276,0
matmul_tiny_loop_L20_r4,1790334005.5622857,4878057.251021592,113.562,37,1410,1215,737035649276,0
matmul_tiny_loop_L20_r4,1790334005.6122856,4878057.301021675,113.562,37,1410,1215,737035660711,0
matmul_tiny_loop_L20_r4,1790334005.6622837,4878057.351019909,113.293,37,1410,1215,737035660711,0
matmul_tiny_loop_L20_r4,1790334005.7122827,4878057.401018573,113.293,37,1410,1215,737035672188,0
matmul_tiny_loop_L20_r4,1790334005.7622857,4878057.451021886,114.432,37,1410,1215,737035672188,0
matmul_tiny_loop_L20_r4,1790334005.8122857,4878057.50102185,114.432,37,1410,1215,737035683749,0
matmul_tiny_loop_L20_r4,1790334005.8622854,4878057.551021424,114.432,37,1410,1215,737035683749,0
matmul_tiny_loop_L20_r4,1790334005.9122872,4878057.601023207,114.432,37,1410,1215,737035695282,0
matmul_tiny_loop_L20_r4,1790334005.9622958,4878057.651031951,113.293,37,1410,1215,737035695282,0
matmul_tiny_loop_L20_r4,1790334006.0122862,4878057.701022295,113.293,37,1410,1215,737035706728,0
matmul_tiny_loop_L20_r4,1790334006.0622878,4878057.751024058,113.293,37,1410,1215,737035706728,0
matmul_tiny_loop_L20_r4,1790334006.1122842,4878057.801020342,113.293,37,1410,1215,737035718217,0
matmul_tiny_loop_L20_r4,1790334006.162287,4878057.851023206,114.432,37,1410,1215,737035718217,0
matmul_tiny_loop_L20_r4,1790334006.2122867,4878057.901022699,114.432,37,1410,1215,737035729782,0
matmul_tiny_loop_L20_r4,1790334006.2622852,4878057.951021423,114.432,37,1410,1215,737035729782,0
matmul_tiny_loop_L20_r4,1790334006.3122857,4878058.001021687,114.432,37,1410,1215,737035741330,0
matmul_tiny_loop_L20_r4,1790334006.362284,4878058.05102016,113.293,37,1410,1215,737035741330,0
matmul_tiny_loop_L20_r4,1790334006.4122849,4878058.101021074,113.293,37,1410,1215,737035752760,0
matmul_tiny_loop_L20_r4,1790334006.4622853,4878058.151021318,113.293,37,1410,1215,737035752760,0
matmul_tiny_loop_L20_r4,1790334006.5122838,4878058.201019891,113.293,37,1410,1215,737035764185,0
matmul_tiny_loop_L20_r4,1790334006.562285,4878058.251021215,113.293,37,1410,1215,737035764185,0
matmul_tiny_loop_L20_r4,1790334006.612287,4878058.301022919,113.293,37,1410,1215,737035775612,0
matmul_tiny_loop_L20_r4,1790334006.662285,4878058.351020992,113.411,37,1410,1215,737035775612,0
matmul_tiny_loop_L20_r4,1790334006.7122853,4878058.401021216,113.411,37,1410,1215,737035787037,0
matmul_tiny_loop_L20_r4,1790334006.762284,4878058.451020169,113.411,37,1410,1215,737035787037,0
matmul_tiny_loop_L20_r4,1790334006.8122878,4878058.501023803,113.411,37,1410,1215,737035798545,0
matmul_tiny_loop_L20_r4,1790334006.8622823,4878058.551018387,114.432,37,1410,1215,737035798545,0
matmul_tiny_loop_L20_r4,1790334006.912286,4878058.601022091,114.432,37,1410,1215,737035810086,0
matmul_tiny_loop_L20_r4,1790334006.9623084,4878058.651044474,114.432,37,1410,1215,737035810086,0
matmul_tiny_loop_L20_r4,1790334007.012289,4878058.701025048,114.432,37,1410,1215,737035821631,0
matmul_tiny_loop_L20_r4,1790334007.0622883,4878058.751024331,113.293,37,1410,1215,737035821631,0
matmul_tiny_loop_L20_r4,1790334007.1122851,4878058.801021325,113.293,37,1410,1215,737035833036,0
matmul_tiny_loop_L20_r4,1790334007.1622906,4878058.851026789,113.293,37,1410,1215,737035833036,0
matmul_tiny_loop_L20_r4,1790334007.2122872,4878058.901023402,113.293,37,1410,1215,737035844551,0
matmul_tiny_loop_L20_r4,1790334007.2622874,4878058.951023406,114.432,37,1410,1215,737035844551,0
matmul_tiny_loop_L20_r4,1790334007.3122852,4878059.00102117,114.432,37,1410,1215,737035856075,0
matmul_tiny_loop_L20_r4,1790334007.3622873,4878059.051023293,114.432,37,1410,1215,737035856075,0
matmul_tiny_loop_L20_r4,1790334007.4122858,4878059.101021817,114.432,37,1410,1215,737035867608,0
matmul_tiny_loop_L20_r4,1790334007.462286,4878059.151022091,113.293,37,1410,1215,737035867608,0
matmul_tiny_loop_L20_r4,1790334007.512283,4878059.201019284,113.293,37,1410,1215,737035879026,0
matmul_tiny_loop_L20_r4,1790334007.5622878,4878059.251023788,113.293,37,1410,1215,737035879026,0
matmul_tiny_loop_L20_r4,1790334007.6122844,4878059.301020592,113.293,37,1410,1215,737035890448,0
matmul_tiny_loop_L20_r4,1790334007.6622863,4878059.351022365,113.293,37,1410,1215,737035890448,0
matmul_tiny_loop_L20_r4,1790334007.7122834,4878059.401019409,113.293,37,1410,1215,737035901937,0
matmul_tiny_loop_L20_r4,1790334007.762288,4878059.451024213,114.432,37,1410,1215,737035901937,0
matmul_tiny_loop_L20_r4,1790334007.812286,4878059.501021946,114.432,37,1410,1215,737035913459,0
matmul_tiny_loop_L20_r4,1790334007.862283,4878059.55101921,114.551,37,1410,1215,737035913459,0
matmul_tiny_loop_L20_r4,1790334007.9123113,4878059.601047333,114.551,37,1410,1215,737035925015,0
matmul_tiny_loop_L20_r4,1790334007.9622793,4878059.651015657,113.293,37,1410,1215,737035925015,0
matmul_tiny_loop_L20_r4,1790334008.0122888,4878059.701024941,113.293,37,1410,1215,737035925015,0
matmul_tiny_loop_L20_r4,1790334008.062283,4878059.751019145,113.293,37,1410,1215,737035936554,0
matmul_tiny_loop_L20_r4,1790334008.1122797,4878059.801015658,113.293,37,1410,1215,737035936554,0
matmul_tiny_loop_L20_r4,1790334008.1622832,4878059.851019252,114.432,37,1410,1215,737035947916,0
matmul_tiny_loop_L20_r4,1790334008.212314,4878059.901050075,114.432,37,1410,1215,737035947916,0
matmul_tiny_loop_L20_r4,1790334008.2622864,4878059.951022599,114.432,37,1410,1215,737035959449,0
matmul_tiny_loop_L20_r4,1790334008.3122847,4878060.001020773,114.432,37,1410,1215,737035959449,0
matmul_tiny_loop_L20_r4,1790334008.3622859,4878060.051021827,113.562,37,1410,1215,737035970974,0
matmul_tiny_loop_L20_r4,1790334008.41229,4878060.10102617,113.562,37,1410,1215,737035970974,0
matmul_tiny_loop_L20_r4,1790334008.4622846,4878060.151020714,113.293,37,1410,1215,737035982400,0
matmul_tiny_loop_L20_r4,1790334008.5122948,4878060.201030647,113.293,37,1410,1215,737035982400,0
matmul_tiny_loop_L20_r4,1790334008.5622895,4878060.251025441,114.432,37,1410,1215,737035993889,0
matmul_tiny_loop_L20_r4,1790334008.6122823,4878060.301018495,114.432,37,1410,1215,737035993889,0
matmul_tiny_loop_L20_r4,1790334008.662288,4878060.351023978,113.411,37,1410,1215,737036005440,0
matmul_tiny_loop_L20_r4,1790334008.7122977,4878060.401033902,113.411,37,1410,1215,737036005440,0
matmul_tiny_loop_L20_r4,1790334008.7622848,4878060.451020856,113.411,37,1410,1215,737036016913,0
matmul_tiny_loop_L20_r4,1790334008.8122857,4878060.501021849,113.411,37,1410,1215,737036016913,0
matmul_tiny_loop_L20_r4,1790334008.8622873,4878060.551023293,113.293,37,1410,1215,737036028385,0
matmul_tiny_loop_L20_r4,1790334008.912312,4878060.601048026,113.293,37,1410,1215,737036028385,0
matmul_tiny_loop_L20_r4,1790334008.9623263,4878060.6510624,113.411,37,1410,1215,737036039743,0
matmul_tiny_loop_L20_r4,1790334009.0122845,4878060.701020544,113.411,37,1410,1215,737036039743,0
matmul_tiny_loop_L20_r4,1790334009.0622845,4878060.751020718,113.293,37,1410,1215,737036051168,0
matmul_tiny_loop_L20_r4,1790334009.1122854,4878060.801021411,113.293,37,1410,1215,737036051168,0
matmul_tiny_loop_L20_r4,1790334009.1622825,4878060.851018595,113.293,37,1410,1215,737036062578,0
matmul_tiny_loop_L20_r4,1790334009.2122865,4878060.901022389,113.293,37,1410,1215,737036062578,0
matmul_tiny_loop_L20_r4,1790334009.2622864,4878060.951022372,113.293,37,1410,1215,737036074011,0
matmul_tiny_loop_L20_r4,1790334009.3122876,4878061.001023586,113.293,37,1410,1215,737036074011,0
matmul_tiny_loop_L20_r4,1790334009.362289,4878061.0510251,113.293,37,1410,1215,737036085502,0
matmul_tiny_loop_L20_r4,1790334009.412283,4878061.101018903,113.293,37,1410,1215,737036085502,0
matmul_tiny_loop_L20_r4,1790334009.4622858,4878061.151022027,114.432,37,1410,1215,737036097040,0
matmul_tiny_loop_L20_r4,1790334009.5122845,4878061.201020561,114.432,37,1410,1215,737036097040,0
matmul_tiny_loop_L20_r4,1790334009.5622869,4878061.251022824,114.432,37,1410,1215,737036108568,0
matmul_tiny_loop_L20_r4,1790334009.612286,4878061.301022198,114.432,37,1410,1215,737036108568,0
matmul_tiny_loop_L20_r4,1790334009.662288,4878061.351024072,113.293,37,1410,1215,737036120011,0
matmul_tiny_loop_L20_r4,1790334009.712289,4878061.401025185,113.293,37,1410,1215,737036120011,0
matmul_tiny_loop_L20_r4,1790334009.762287,4878061.451022999,113.293,37,1410,1215,737036131425,0
matmul_tiny_loop_L20_r4,1790334009.8122852,4878061.501021393,113.293,37,1410,1215,737036131425,0
matmul_tiny_loop_L20_r4,1790334009.862289,4878061.551025056,113.293,37,1410,1215,737036142856,0
matmul_tiny_loop_L20_r4,1790334009.9122844,4878061.60102061,113.293,37,1410,1215,737036142856,0
matmul_tiny_loop_L20_r4,1790334009.9623096,4878061.651045593,113.411,37,1410,1215,737036154278,0
matmul_tiny_loop_L20_r4,1790334010.0122895,4878061.701025477,113.411,37,1410,1215,737036154278,0
matmul_tiny_loop_L20_r4,1790334010.0622854,4878061.751021341,113.293,37,1410,1215,737036165718,0
matmul_tiny_loop_L20_r4,1790334010.1122851,4878061.801021185,113.293,37,1410,1215,737036165718,0
matmul_tiny_loop_L20_r4,1790334010.1622882,4878061.851024218,113.293,37,1410,1215,737036177149,0
matmul_tiny_loop_L20_r4,1790334010.2122822,4878061.901018132,113.293,37,1410,1215,737036177149,0
matmul_tiny_loop_L20_r4,1790334010.2622871,4878061.951023235,113.293,37,1410,1215,737036188584,0
matmul_tiny_loop_L20_r4,1790334010.312283,4878062.001019299,113.293,37,1410,1215,737036188584,0
matmul_tiny_loop_L20_r4,1790334010.3622875,4878062.051023723,113.411,37,1410,1215,737036200052,0
matmul_tiny_loop_L20_r4,1790334010.4122846,4878062.101020597,113.411,37,1410,1215,737036200052,0
matmul_tiny_loop_L20_r4,1790334010.4622927,4878062.15102889,114.432,37,1410,1215,737036211607,0
matmul_tiny_loop_L20_r4,1790334010.5122812,4878062.201017164,114.432,37,1410,1215,737036211607,0
matmul_tiny_loop_L20_r4,1790334010.5622897,4878062.251025717,114.432,37,1410,1215,737036223146,0
matmul_tiny_loop_L20_r4,1790334010.612311,4878062.301046981,114.432,37,1410,1215,737036223146,0
matmul_tiny_loop_L20_r4,1790334010.6622849,4878062.351021025,114.432,37,1410,1215,737036234684,0
matmul_tiny_loop_L20_r4,1790334010.7122853,4878062.401021328,114.432,37,1410,1215,737036234684,0
matmul_tiny_loop_L20_r4,1790334010.7622924,4878062.451028462,114.432,37,1410,1215,737036246210,0
matmul_tiny_loop_L20_r4,1790334010.8122833,4878062.501019346,114.432,37,1410,1215,737036246210,0
matmul_tiny_loop_L20_r4,1790334010.8622878,4878062.551023949,114.432,37,1410,1215,737036257760,0
matmul_tiny_loop_L20_r4,1790334010.9122841,4878062.601020213,114.432,37,1410,1215,737036257760,0
matmul_tiny_loop_L20_r4,1790334010.9623103,4878062.651046496,114.432,37,1410,1215,737036269285,0
matmul_tiny_loop_L20_r4,1790334011.012286,4878062.70102225,114.432,37,1410,1215,737036269285,0
matmul_tiny_loop_L20_r4,1790334011.0622883,4878062.751024344,114.432,37,1410,1215,737036280837,0
matmul_tiny_loop_L20_r4,1790334011.1122873,4878062.801023308,114.432,37,1410,1215,737036280837,0
matmul_tiny_loop_L20_r4,1790334011.1622846,4878062.851020691,114.432,37,1410,1215,737036292357,0
matmul_tiny_loop_L20_r4,1790334011.212288,4878062.901024155,114.432,37,1410,1215,737036292357,0
matmul_tiny_loop_L20_r4,1790334011.2622871,4878062.951023269,113.293,37,1410,1215,737036303865,0
matmul_tiny_loop_L20_r4,1790334011.3122857,4878063.001021682,113.293,37,1410,1215,737036303865,0
matmul_tiny_loop_L20_r4,1790334011.362293,4878063.051028986,114.551,37,1410,1215,737036315404,0
matmul_tiny_loop_L20_r4,1790334011.4122846,4878063.10102077,114.551,37,1410,1215,737036315404,0
matmul_tiny_loop_L20_r4,1790334011.4622848,4878063.151020813,114.432,37,1410,1215,737036326929,0
matmul_tiny_loop_L20_r4,1790334011.5122826,4878063.201018817,114.432,37,1410,1215,737036326929,0
matmul_tiny_loop_L20_r4,1790334011.5622911,4878063.251027331,113.293,37,1410,1215,737036338343,0
matmul_tiny_loop_L20_r4,1790334011.612282,4878063.301018234,113.293,37,1410,1215,737036338343,0
matmul_tiny_loop_L20_r4,1790334011.662286,4878063.351022328,113.293,37,1410,1215,737036349784,0
matmul_tiny_loop_L20_r4,1790334011.7122846,4878063.401020712,113.293,37,1410,1215,737036349784,0
matmul_tiny_loop_L20_r4,1790334011.7622879,4878063.451024085,113.293,37,1410,1215,737036361207,0
matmul_tiny_loop_L20_r4,1790334011.8122818,4878063.501018019,113.293,37,1410,1215,737036361207,0
matmul_tiny_loop_L20_r4,1790334011.8622854,4878063.551021412,113.293,37,1410,1215,737036372637,0
matmul_tiny_loop_L20_r4,1790334011.9122891,4878063.601025236,113.293,37,1410,1215,737036372637,0
matmul_tiny_loop_L20_r4,1790334011.9623315,4878063.651067929,113.293,37,1410,1215,737036384118,0
matmul_tiny_loop_L20_r4,1790334012.0122871,4878063.701023164,113.293,37,1410,1215,737036384118,0
matmul_tiny_loop_L20_r4,1790334012.062286,4878063.751021947,114.432,37,1410,1215,737036395671,0
matmul_tiny_loop_L20_r4,1790334012.112285,4878063.801021021,114.432,37,1410,1215,737036395671,0
matmul_tiny_loop_L20_r4,1790334012.1622918,4878063.851027744,114.551,37,1410,1215,737036407185,0
matmul_tiny_loop_L20_r4,1790334012.212286,4878063.901022018,114.551,37,1410,1215,737036407185,0
matmul_tiny_loop_L20_r4,1790334012.2622821,4878063.951018202,113.293,37,1410,1215,737036418668,0
matmul_tiny_loop_L20_r4,1790334012.312286,4878064.001022115,113.293,37,1410,1215,737036418668,0
matmul_tiny_loop_L20_r4,1790334012.3622859,4878064.051021959,114.432,37,1410,1215,737036430205,0
matmul_tiny_loop_L20_r4,1790334012.4122887,4878064.101024723,114.432,37,1410,1215,737036430205,0
matmul_tiny_loop_L20_r4,1790334012.4622896,4878064.151025806,114.432,37,1410,1215,737036441756,0
matmul_tiny_loop_L20_r4,1790334012.5122821,4878064.2010183,114.432,37,1410,1215,737036441756,0
matmul_tiny_loop_L20_r4,1790334012.562289,4878064.251024884,114.432,37,1410,1215,737036453271,0
matmul_tiny_loop_L20_r4,1790334012.6122866,4878064.301022537,114.432,37,1410,1215,737036453271,0
matmul_tiny_loop_L20_r4,1790334012.6622856,4878064.351021631,113.293,37,1410,1215,737036464690,0
matmul_tiny_loop_L20_r4,1790334012.7122834,4878064.401019585,113.293,37,1410,1215,737036464690,0
matmul_tiny_loop_L20_r4,1790334012.762287,4878064.451022918,113.293,37,1410,1215,737036476179,0
matmul_tiny_loop_L20_r4,1790334012.8122935,4878064.501029682,113.293,37,1410,1215,737036476179,0
matmul_tiny_loop_L20_r4,1790334012.8622832,4878064.551019216,114.432,37,1410,1215,737036487721,0
matmul_tiny_loop_L20_r4,1790334012.9122846,4878064.601020819,114.432,37,1410,1215,737036487721,0
matmul_tiny_loop_L20_r4,1790334012.9622824,4878064.651018513,114.432,37,1410,1215,737036499212,0
matmul_tiny_loop_L20_r4,1790334013.012309,4878064.701045236,114.432,37,1410,1215,737036499212,0
matmul_tiny_loop_L20_r4,1790334013.0622878,4878064.751024,113.293,37,1410,1215,737036510637,0
matmul_tiny_loop_L20_r4,1790334013.1122854,4878064.801021664,113.293,37,1410,1215,737036510637,0
matmul_tiny_loop_L20_r4,1790334013.1622844,4878064.851020288,113.411,37,1410,1215,737036522058,0
matmul_tiny_loop_L20_r4,1790334013.2122858,4878064.901021821,113.411,37,1410,1215,737036522058,0
matmul_tiny_loop_L20_r4,1790334013.2622902,4878064.951026165,113.411,37,1410,1215,737036522058,0
matmul_tiny_loop_L20_r3,1790334015.2976446,4878066.986380713,114.432,37,1410,1215,737036763043,0
matmul_tiny_loop_L20_r3,1790334015.3477588,4878067.036495076,114.432,37,1410,1215,737036763043,0
matmul_tiny_loop_L20_r3,1790334015.3977573,4878067.086493149,114.432,37,1410,1215,737036774539,0
matmul_tiny_loop_L20_r3,1790334015.4477563,4878067.136492293,113.293,37,1410,1215,737036774539,0
matmul_tiny_loop_L20_r3,1790334015.4977674,4878067.186503407,113.293,37,1410,1215,737036785994,0
matmul_tiny_loop_L20_r3,1790334015.5477679,4878067.23650389,114.432,37,1410,1215,737036785994,0
matmul_tiny_loop_L20_r3,1790334015.5977693,4878067.286505214,114.432,37,1410,1215,737036797482,0
matmul_tiny_loop_L20_r3,1790334015.6477704,4878067.336506548,113.293,37,1410,1215,737036797482,0
matmul_tiny_loop_L20_r3,1790334015.6977665,4878067.386502821,113.293,37,1410,1215,737036808912,0
matmul_tiny_loop_L20_r3,1790334015.7477696,4878067.436505655,113.293,37,1410,1215,737036808912,0
matmul_tiny_loop_L20_r3,1790334015.7977686,4878067.486504639,113.293,37,1410,1215,737036820376,0
matmul_tiny_loop_L20_r3,1790334015.8477697,4878067.536505952,114.551,37,1410,1215,737036820376,0
matmul_tiny_loop_L20_r3,1790334015.897768,4878067.586504046,114.551,37,1410,1215,737036831931,0
matmul_tiny_loop_L20_r3,1790334015.9477699,4878067.636505909,113.411,37,1410,1215,737036831931,0
matmul_tiny_loop_L20_r3,1790334015.9977653,4878067.686501433,113.411,37,1410,1215,737036843354,0
matmul_tiny_loop_L20_r3,1790334016.0477698,4878067.736505877,113.293,37,1410,1215,737036843354,0
matmul_tiny_loop_L20_r3,1790334016.097767,4878067.786503171,113.293,37,1410,1215,737036854835,0
matmul_tiny_loop_L20_r3,1790334016.1477706,4878067.836506654,114.432,37,1410,1215,737036854835,0
matmul_tiny_loop_L20_r3,1790334016.197799,4878067.886534887,114.432,37,1410,1215,737036866365,0
matmul_tiny_loop_L20_r3,1790334016.2477672,4878067.936503271,114.432,37,1410,1215,737036866365,0
matmul_tiny_loop_L20_r3,1790334016.2977686,4878067.986504675,114.432,37,1410,1215,737036877916,0
matmul_tiny_loop_L20_r3,1790334016.3477714,4878068.036507439,114.432,37,1410,1215,737036877916,0
matmul_tiny_loop_L20_r3,1790334016.3977678,4878068.086503712,114.432,37,1410,1215,737036889448,0
matmul_tiny_loop_L20_r3,1790334016.4477668,4878068.136502726,114.551,37,1410,1215,737036889448,0
matmul_tiny_loop_L20_r3,1790334016.4977703,4878068.18650623,114.551,37,1410,1215,737036900972,0
matmul_tiny_loop_L20_r3,1790334016.5477693,4878068.236505383,113.411,37,1410,1215,737036900972,0
matmul_tiny_loop_L20_r3,1790334016.5977664,4878068.286502527,113.411,37,1410,1215,737036912398,0
matmul_tiny_loop_L20_r3,1790334016.6477666,4878068.336502791,113.293,37,1410,1215,737036912398,0
matmul_tiny_loop_L20_r3,1790334016.6977735,4878068.386509734,113.293,37,1410,1215,737036923864,0
matmul_tiny_loop_L20_r3,1790334016.7477744,4878068.436510608,114.551,37,1410,1215,737036923864,0
matmul_tiny_loop_L20_r3,1790334016.7977662,4878068.486502332,114.551,37,1410,1215,737036935373,0
matmul_tiny_loop_L20_r3,1790334016.8477666,4878068.536502795,113.293,37,1410,1215,737036935373,0
matmul_tiny_loop_L20_r3,1790334016.897768,4878068.586503999,113.293,37,1410,1215,737036946884,0
matmul_tiny_loop_L20_r3,1790334016.9477699,4878068.636505913,114.551,37,1410,1215,737036946884,0
matmul_tiny_loop_L20_r3,1790334016.9977674,4878068.686503426,114.551,37,1410,1215,737036958409,0
matmul_tiny_loop_L20_r3,1790334017.0477695,4878068.73650575,114.432,37,1410,1215,737036958409,0
matmul_tiny_loop_L20_r3,1790334017.0977657,4878068.786501824,114.432,37,1410,1215,737036969939,0
matmul_tiny_loop_L20_r3,1790334017.1477704,4878068.836506347,113.411,37,1410,1215,737036969939,0
matmul_tiny_loop_L20_r3,1790334017.1977687,4878068.886504701,113.411,37,1410,1215,737036981353,0
matmul_tiny_loop_L20_r3,1790334017.2477667,4878068.936502835,113.411,37,1410,1215,737036981353,0
matmul_tiny_loop_L20_r3,1790334017.2977643,4878068.986500458,113.411,37,1410,1215,737036992792,0
matmul_tiny_loop_L20_r3,1790334017.3477662,4878069.036502622,113.411,37,1410,1215,737036992792,0
matmul_tiny_loop_L20_r3,1790334017.397766,4878069.086502276,113.411,37,1410,1215,737036992792,0
matmul_tiny_loop_L20_r3,1790334017.4477706,4878069.136506719,113.293,37,1410,1215,737037004307,0
matmul_tiny_loop_L20_r3,1790334017.4977655,4878069.186501833,113.293,37,1410,1215,737037004307,0
matmul_tiny_loop_L20_r3,1790334017.5477664,4878069.236502597,113.293,37,1410,1215,737037015639,0
matmul_tiny_loop_L20_r3,1790334017.5977664,4878069.28650252,113.293,37,1410,1215,737037015639,0
matmul_tiny_loop_L20_r3,1790334017.6477687,4878069.336504894,113.293,37,1410,1215,737037027037,0
matmul_tiny_loop_L20_r3,1790334017.6977684,4878069.386504488,113.293,37,1410,1215,737037027037,0
matmul_tiny_loop_L20_r3,1790334017.7477655,4878069.436501791,113.293,37,1410,1215,737037038452,0
matmul_tiny_loop_L20_r3,1790334017.797768,4878069.486504355,113.293,37,1410,1215,737037038452,0
matmul_tiny_loop_L20_r3,1790334017.8477678,4878069.536504028,113.293,37,1410,1215,737037049857,0
matmul_tiny_loop_L20_r3,1790334017.8977687,4878069.586504952,113.293,37,1410,1215,737037049857,0
matmul_tiny_loop_L20_r3,1790334017.947766,4878069.636502146,113.293,37,1410,1215,737037061307,0
matmul_tiny_loop_L20_r3,1790334017.9977694,4878069.686505639,113.293,37,1410,1215,737037061307,0
matmul_tiny_loop_L20_r3,1790334018.0477695,4878069.736505653,114.432,37,1410,1215,737037072778,0
matmul_tiny_loop_L20_r3,1790334018.0977666,4878069.786502587,114.432,37,1410,1215,737037072778,0
matmul_tiny_loop_L20_r3,1790334018.147766,4878069.83650208,114.432,37,1410,1215,737037084323,0
matmul_tiny_loop_L20_r3,1790334018.1977725,4878069.886508484,114.432,37,1410,1215,737037084323,0
matmul_tiny_loop_L20_r3,1790334018.2477722,4878069.936508238,114.432,37,1410,1215,737037095859,0
matmul_tiny_loop_L20_r3,1790334018.2977726,4878069.986508681,114.432,37,1410,1215,737037095859,0
matmul_tiny_loop_L20_r3,1790334018.3477712,4878070.036507135,114.432,37,1410,1215,737037107400,0
matmul_tiny_loop_L20_r3,1790334018.3977702,4878070.086506349,114.432,37,1410,1215,737037107400,0
matmul_tiny_loop_L20_r3,1790334018.4477668,4878070.136502962,114.551,37,1410,1215,737037118934,0
matmul_tiny_loop_L20_r3,1790334018.4977655,4878070.186501866,114.551,37,1410,1215,737037118934,0
matmul_tiny_loop_L20_r3,1790334018.5477688,4878070.23650489,114.551,37,1410,1215,737037130476,0
matmul_tiny_loop_L20_r3,1790334018.5977697,4878070.286505753,114.551,37,1410,1215,737037130476,0
matmul_tiny_loop_L20_r3,1790334018.6477673,4878070.336503297,113.411,37,1410,1215,737037141990,0
matmul_tiny_loop_L20_r3,1790334018.6977692,4878070.386505181,113.411,37,1410,1215,737037141990,0
matmul_tiny_loop_L20_r3,1790334018.747774,4878070.436510214,114.155,37,1410,1215,737037153449,0
matmul_tiny_loop_L20_r3,1790334018.7977645,4878070.486500668,114.155,37,1410,1215,737037153449,0
matmul_tiny_loop_L20_r3,1790334018.8477669,4878070.536502932,114.432,37,1410,1215,737037164977,0
matmul_tiny_loop_L20_r3,1790334018.897767,4878070.586503165,114.432,37,1410,1215,737037164977,0
matmul_tiny_loop_L20_r3,1790334018.9477692,4878070.636505139,113.293,37,1410,1215,737037176506,0
matmul_tiny_loop_L20_r3,1790334018.9977686,4878070.686504883,113.293,37,1410,1215,737037176506,0
matmul_tiny_loop_L20_r3,1790334019.0477676,4878070.736503546,114.432,37,1410,1215,737037187962,0
matmul_tiny_loop_L20_r3,1790334019.097769,4878070.78650498,114.432,37,1410,1215,737037187962,0
matmul_tiny_loop_L20_r3,1790334019.1477673,4878070.836503404,113.293,37,1410,1215,737037199478,0
matmul_tiny_loop_L20_r3,1790334019.197766,4878070.886502217,113.293,37,1410,1215,737037199478,0
matmul_tiny_loop_L20_r3,1790334019.2477682,4878070.936504121,113.293,37,1410,1215,737037210883,0
matmul_tiny_loop_L20_r3,1790334019.2977679,4878070.986504095,113.293,37,1410,1215,737037210883,0
matmul_tiny_loop_L20_r3,1790334019.347802,4878071.036537998,113.411,37,1410,1215,737037222340,0
matmul_tiny_loop_L20_r3,1790334019.3977706,4878071.086506842,113.411,37,1410,1215,737037222340,0
matmul_tiny_loop_L20_r3,1790334019.4477708,4878071.136506825,114.551,37,1410,1215,737037233800,0
matmul_tiny_loop_L20_r3,1790334019.4977694,4878071.186505589,114.551,37,1410,1215,737037233800,0
matmul_tiny_loop_L20_r3,1790334019.5477693,4878071.236505503,114.432,37,1410,1215,737037245357,0
matmul_tiny_loop_L20_r3,1790334019.5977662,4878071.286502297,114.432,37,1410,1215,737037245357,0
matmul_tiny_loop_L20_r3,1790334019.6477644,4878071.33650062,113.293,37,1410,1215,737037256837,0
matmul_tiny_loop_L20_r3,1790334019.6977956,4878071.386531563,113.293,37,1410,1215,737037256837,0
matmul_tiny_loop_L20_r3,1790334019.7477665,4878071.436502527,113.293,37,1410,1215,737037268311,0
matmul_tiny_loop_L20_r3,1790334019.797769,4878071.486505151,113.293,37,1410,1215,737037268311,0
matmul_tiny_loop_L20_r3,1790334019.8477657,4878071.536501895,113.293,37,1410,1215,737037279690,0
matmul_tiny_loop_L20_r3,1790334019.8977737,4878071.586509888,113.293,37,1410,1215,737037279690,0
matmul_tiny_loop_L20_r3,1790334019.9477696,4878071.636505672,113.293,37,1410,1215,737037291179,0
matmul_tiny_loop_L20_r3,1790334019.9977686,4878071.686504766,113.293,37,1410,1215,737037291179,0
matmul_tiny_loop_L20_r3,1790334020.047769,4878071.736505249,114.432,37,1410,1215,737037302756,0
matmul_tiny_loop_L20_r3,1790334020.0977664,4878071.786502583,114.432,37,1410,1215,737037302756,0
matmul_tiny_loop_L20_r3,1790334020.1477668,4878071.836502907,114.432,37,1410,1215,737037314200,0
matmul_tiny_loop_L20_r3,1790334020.1977673,4878071.88650315,114.432,37,1410,1215,737037314200,0
matmul_tiny_loop_L20_r3,1790334020.247767,4878071.936503054,113.293,37,1410,1215,737037325660,0
matmul_tiny_loop_L20_r3,1790334020.297766,4878071.986501948,113.293,37,1410,1215,737037325660,0
matmul_tiny_loop_L20_r3,1790334020.3477674,4878072.036503471,114.432,37,1410,1215,737037337208,0
matmul_tiny_loop_L20_r3,1790334020.3977666,4878072.086502785,114.432,37,1410,1215,737037337208,0
matmul_tiny_loop_L20_r3,1790334020.4477675,4878072.136503579,114.432,37,1410,1215,737037348747,0
matmul_tiny_loop_L20_r3,1790334020.4977703,4878072.186506492,114.432,37,1410,1215,737037348747,0
matmul_tiny_loop_L20_r3,1790334020.547767,4878072.236503226,114.432,37,1410,1215,737037360293,0
matmul_tiny_loop_L20_r3,1790334020.597771,4878072.28650715,114.432,37,1410,1215,737037360293,0
matmul_tiny_loop_L20_r3,1790334020.6477668,4878072.336502793,114.551,37,1410,1215,737037371820,0
matmul_tiny_loop_L20_r3,1790334020.697774,4878072.386509957,114.551,37,1410,1215,737037371820,0
matmul_tiny_loop_L20_r3,1790334020.7477667,4878072.436502901,114.551,37,1410,1215,737037383356,0
matmul_tiny_loop_L20_r3,1790334020.797765,4878072.486501314,114.551,37,1410,1215,737037383356,0
matmul_tiny_loop_L20_r3,1790334020.8477695,4878072.536505708,114.432,37,1410,1215,737037394867,0
matmul_tiny_loop_L20_r3,1790334020.8977735,4878072.586509521,114.432,37,1410,1215,737037394867,0
matmul_tiny_loop_L20_r3,1790334020.9477663,4878072.636502365,113.293,37,1410,1215,737037406338,0
matmul_tiny_loop_L20_r3,1790334020.9977694,4878072.686505609,113.293,37,1410,1215,737037406338,0
matmul_tiny_loop_L20_r3,1790334021.0477514,4878072.736487593,114.551,37,1410,1215,737037417846,0
matmul_tiny_loop_L20_r3,1790334021.0977352,4878072.786471187,114.551,37,1410,1215,737037417846,0
matmul_tiny_loop_L20_r3,1790334021.147727,4878072.83646296,113.293,37,1410,1215,737037429272,0
matmul_tiny_loop_L20_r3,1790334021.1977274,4878072.886463514,113.293,37,1410,1215,737037429272,0
matmul_tiny_loop_L20_r3,1790334021.247726,4878072.936462128,113.411,37,1410,1215,737037440742,0
matmul_tiny_loop_L20_r3,1790334021.29773,4878072.986466091,113.411,37,1410,1215,737037440742,0
matmul_tiny_loop_L20_r3,1790334021.3477285,4878073.036464385,114.432,37,1410,1215,737037452253,0
matmul_tiny_loop_L20_r3,1790334021.3977263,4878073.086462059,114.432,37,1410,1215,737037452253,0
matmul_tiny_loop_L20_r3,1790334021.4477277,4878073.136463682,113.293,37,1410,1215,737037463686,0
matmul_tiny_loop_L20_r3,1790334021.4977272,4878073.186463296,113.293,37,1410,1215,737037463686,0
matmul_tiny_loop_L20_r3,1790334021.5477293,4878073.236465109,113.411,37,1410,1215,737037475130,0
matmul_tiny_loop_L20_r3,1790334021.5977283,4878073.286464123,113.411,37,1410,1215,737037475130,0
matmul_tiny_loop_L20_r3,1790334021.6477265,4878073.336462427,113.293,37,1410,1215,737037486552,0
matmul_tiny_loop_L20_r3,1790334021.6977277,4878073.386463631,113.293,37,1410,1215,737037486552,0
matmul_tiny_loop_L20_r3,1790334021.7477298,4878073.436465394,113.293,37,1410,1215,737037497993,0
matmul_tiny_loop_L20_r3,1790334021.7977278,4878073.486463398,113.293,37,1410,1215,737037497993,0
matmul_tiny_loop_L20_r3,1790334021.8477278,4878073.536463551,114.432,37,1410,1215,737037509534,0
matmul_tiny_loop_L20_r3,1790334021.8977294,4878073.586464905,114.432,37,1410,1215,737037509534,0
matmul_tiny_loop_L20_r3,1790334021.9477272,4878073.636463119,114.432,37,1410,1215,737037521047,0
matmul_tiny_loop_L20_r3,1790334021.9977286,4878073.686464612,114.432,37,1410,1215,737037521047,0
matmul_tiny_loop_L20_r3,1790334022.0477285,4878073.736464656,113.293,37,1410,1215,737037532483,0
matmul_tiny_loop_L20_r3,1790334022.097726,4878073.7864623,113.293,37,1410,1215,737037532483,0
matmul_tiny_loop_L20_r3,1790334022.1477308,4878073.836466513,113.411,37,1410,1215,737037543918,0
matmul_tiny_loop_L20_r3,1790334022.1977262,4878073.886461997,113.411,37,1410,1215,737037543918,0
matmul_tiny_loop_L20_r3,1790334022.247729,4878073.936464961,113.293,37,1410,1215,737037555363,0
matmul_tiny_loop_L20_r3,1790334022.2977295,4878073.986465544,113.293,37,1410,1215,737037555363,0
matmul_tiny_loop_L20_r3,1790334022.347762,4878074.036498208,114.551,37,1410,1215,737037566857,0
matmul_tiny_loop_L20_r3,1790334022.3977692,4878074.086505411,114.551,37,1410,1215,737037566857,0
matmul_tiny_loop_L20_r3,1790334022.4478025,4878074.136538955,113.293,37,1410,1215,737037578269,0
matmul_tiny_loop_L20_r3,1790334022.4977646,4878074.186500599,113.293,37,1410,1215,737037578269,0
matmul_tiny_loop_L20_r3,1790334022.5477712,4878074.236507272,113.293,37,1410,1215,737037589722,0
matmul_tiny_loop_L20_r3,1790334022.5978,4878074.286536176,113.293,37,1410,1215,737037589722,0
matmul_tiny_loop_L20_r3,1790334022.6477664,4878074.33650222,114.432,37,1410,1215,737037601252,0
matmul_tiny_loop_L20_r3,1790334022.6977687,4878074.386504773,114.432,37,1410,1215,737037601252,0
matmul_tiny_loop_L20_r3,1790334022.747766,4878074.436502107,114.551,37,1410,1215,737037612797,0
matmul_tiny_loop_L20_r3,1790334022.7977686,4878074.48650486,114.551,37,1410,1215,737037612797,0
matmul_tiny_loop_L20_r3,1790334022.8477695,4878074.536505664,114.432,37,1410,1215,737037624310,0
matmul_tiny_loop_L20_r3,1790334022.897767,4878074.586503278,114.432,37,1410,1215,737037624310,0
matmul_tiny_loop_L20_r3,1790334022.9477682,4878074.636504351,113.293,37,1410,1215,737037635743,0
matmul_tiny_loop_L20_r3,1790334022.997798,4878074.686533945,113.293,37,1410,1215,737037635743,0
matmul_tiny_loop_L20_r3,1790334023.047772,4878074.736508139,113.293,37,1410,1215,737037635743,0
matmul_tiny_loop_L20_r3,1790334023.0977695,4878074.786505672,113.293,37,1410,1215,737037647287,0
matmul_tiny_loop_L20_r3,1790334023.1477666,4878074.836502546,114.432,37,1410,1215,737037647287,0
matmul_tiny_loop_L20_r3,1790334023.1977746,4878074.88651067,114.432,37,1410,1215,737037658744,0
matmul_tiny_loop_L20_r3,1790334023.247767,4878074.936503003,114.432,37,1410,1215,737037658744,0
matmul_tiny_loop_L20_r3,1790334023.2977672,4878074.986503097,114.432,37,1410,1215,737037670235,0
matmul_tiny_loop_L20_r3,1790334023.3477693,4878075.036505471,113.411,37,1410,1215,737037670235,0
matmul_tiny_loop_L20_r3,1790334023.3977695,4878075.086505504,113.411,37,1410,1215,737037681671,0
matmul_tiny_loop_L20_r3,1790334023.4477694,4878075.136505468,113.293,37,1410,1215,737037681671,0
matmul_tiny_loop_L20_r3,1790334023.4977663,4878075.186502162,113.293,37,1410,1215,737037693118,0
matmul_tiny_loop_L20_r3,1790334023.5477674,4878075.236503535,114.551,37,1410,1215,737037693118,0
matmul_tiny_loop_L20_r3,1790334023.5977688,4878075.286504889,114.551,37,1410,1215,737037704625,0
matmul_tiny_loop_L20_r3,1790334023.6477668,4878075.336502863,113.293,37,1410,1215,737037704625,0
matmul_tiny_loop_L20_r3,1790334023.6977687,4878075.386504886,113.293,37,1410,1215,737037716077,0
matmul_tiny_loop_L20_r3,1790334023.7477674,4878075.43650366,114.432,37,1410,1215,737037716077,0
matmul_tiny_loop_L20_r3,1790334023.7977667,4878075.486502734,114.432,37,1410,1215,737037727572,0
matmul_tiny_loop_L20_r3,1790334023.8477674,4878075.536503457,113.293,37,1410,1215,737037727572,0
matmul_tiny_loop_L20_r3,1790334023.897769,4878075.586505151,113.293,37,1410,1215,737037738983,0
matmul_tiny_loop_L20_r3,1790334023.947767,4878075.636503235,113.411,37,1410,1215,737037738983,0
matmul_tiny_loop_L20_r3,1790334023.9977655,4878075.686501778,113.411,37,1410,1215,737037750417,0
matmul_tiny_loop_L20_r3,1790334024.0477686,4878075.736504622,113.293,37,1410,1215,737037750417,0
matmul_tiny_loop_L20_r3,1790334024.0977738,4878075.786509945,113.293,37,1410,1215,737037761828,0
matmul_tiny_loop_L20_r3,1790334024.1477754,4878075.836511669,113.293,37,1410,1215,737037761828,0
matmul_tiny_loop_L20_r3,1790334024.1977692,4878075.886505343,113.293,37,1410,1215,737037773259,0
matmul_tiny_loop_L20_r3,1790334024.247778,4878075.936514066,113.293,37,1410,1215,737037773259,0
matmul_tiny_loop_L20_r3,1790334024.2977722,4878075.98650836,113.293,37,1410,1215,737037784664,0
matmul_tiny_loop_L20_r3,1790334024.3477712,4878076.036507294,113.411,37,1410,1215,737037784664,0
matmul_tiny_loop_L20_r3,1790334024.3977697,4878076.086505878,113.411,37,1410,1215,737037796088,0
matmul_tiny_loop_L20_r3,1790334024.44777,4878076.136506271,113.293,37,1410,1215,737037796088,0
matmul_tiny_loop_L20_r3,1790334024.4977705,4878076.186506595,113.293,37,1410,1215,737037807502,0
matmul_tiny_loop_L20_r3,1790334024.5477693,4878076.236505388,113.411,37,1410,1215,737037807502,0
matmul_tiny_loop_L20_r3,1790334024.59777,4878076.286506142,113.411,37,1410,1215,737037818940,0
matmul_tiny_loop_L20_r3,1790334024.6477768,4878076.336512966,114.551,37,1410,1215,737037818940,0
matmul_tiny_loop_L20_r3,1790334024.6977684,4878076.3865048,114.551,37,1410,1215,737037830454,0
matmul_tiny_loop_L20_r3,1790334024.7477672,4878076.436503293,114.432,37,1410,1215,737037830454,0
matmul_tiny_loop_L20_r3,1790334024.7977686,4878076.486504767,114.432,37,1410,1215,737037841985,0
matmul_tiny_loop_L20_r3,1790334024.8477695,4878076.53650576,114.432,37,1410,1215,737037841985,0
matmul_tiny_loop_L20_r3,1790334024.8977697,4878076.586505874,114.432,37,1410,1215,737037853469,0
matmul_tiny_loop_L20_r3,1790334024.947767,4878076.636503298,113.411,37,1410,1215,737037853469,0
matmul_tiny_loop_L20_r3,1790334024.9977741,4878076.686510241,113.411,37,1410,1215,737037864911,0
matmul_tiny_loop_L20_r3,1790334025.0477707,4878076.736506765,114.432,37,1410,1215,737037864911,0
matmul_tiny_loop_L20_r3,1790334025.0978003,4878076.786536288,114.432,37,1410,1215,737037876437,0
matmul_tiny_loop_L20_r3,1790334025.14777,4878076.836506022,114.432,37,1410,1215,737037876437,0
matmul_tiny_loop_L20_r3,1790334025.1977687,4878076.886504896,114.432,37,1410,1215,737037887971,0
matmul_tiny_loop_L20_r3,1790334025.2477694,4878076.93650537,114.432,37,1410,1215,737037887971,0
matmul_tiny_loop_L20_r3,1790334025.2977638,4878076.986499843,114.432,37,1410,1215,737037899454,0
matmul_tiny_loop_L20_r3,1790334025.347769,4878077.036505277,113.293,37,1410,1215,737037899454,0
matmul_tiny_loop_L20_r3,1790334025.3977683,4878077.086504271,113.293,37,1410,1215,737037910905,0
matmul_tiny_loop_L20_r3,1790334025.4477663,4878077.136502334,114.432,37,1410,1215,737037910905,0
matmul_tiny_loop_L20_r3,1790334025.4977658,4878077.186502048,114.432,37,1410,1215,737037922423,0
matmul_tiny_loop_L20_r3,1790334025.5477688,4878077.236504792,114.432,37,1410,1215,737037922423,0
matmul_tiny_loop_L20_r3,1790334025.5977693,4878077.286505285,114.432,37,1410,1215,737037933930,0
matmul_tiny_loop_L20_r3,1790334025.6477685,4878077.336504619,113.293,37,1410,1215,737037933930,0
matmul_tiny_loop_L20_r3,1790334025.6977735,4878077.386509533,113.293,37,1410,1215,737037945383,0
matmul_tiny_loop_L20_r3,1790334025.7477696,4878077.436505766,114.432,37,1410,1215,737037945383,0
matmul_tiny_loop_L20_r3,1790334025.797766,4878077.48650193,114.432,37,1410,1215,737037956913,0
matmul_tiny_loop_L20_r3,1790334025.8477705,4878077.536506494,114.432,37,1410,1215,737037956913,0
matmul_tiny_loop_L20_r3,1790334025.8977718,4878077.586507987,114.432,37,1410,1215,737037968402,0
matmul_tiny_loop_L20_r3,1790334025.9477682,4878077.636504301,113.293,37,1410,1215,737037968402,0
matmul_tiny_loop_L20_r3,1790334025.9977703,4878077.686506204,113.293,37,1410,1215,737037979843,0
matmul_tiny_loop_L20_r3,1790334026.0477722,4878077.736508198,113.293,37,1410,1215,737037979843,0
matmul_tiny_loop_L20_r3,1790334026.0977695,4878077.786505562,113.293,37,1410,1215,737037991268,0
matmul_tiny_loop_L20_r3,1790334026.147768,4878077.836504096,113.411,37,1410,1215,737037991268,0
matmul_tiny_loop_L20_r3,1790334026.1977654,4878077.886501369,113.411,37,1410,1215,737038002733,0
matmul_tiny_loop_L20_r3,1790334026.247769,4878077.936505173,114.432,37,1410,1215,737038002733,0
matmul_tiny_loop_L20_r3,1790334026.297766,4878077.986502077,114.432,37,1410,1215,737038014225,0
matmul_tiny_loop_L20_r3,1790334026.3477674,4878078.03650327,113.411,37,1410,1215,737038014225,0
matmul_tiny_loop_L20_r3,1790334026.397766,4878078.086502074,113.411,37,1410,1215,737038025696,0
matmul_tiny_loop_L20_r3,1790334026.4477682,4878078.136504397,114.551,37,1410,1215,737038025696,0
matmul_tiny_loop_L20_r3,1790334026.4977674,4878078.186503681,114.551,37,1410,1215,737038037238,0
matmul_tiny_loop_L20_r3,1790334026.5477695,4878078.236505835,114.432,37,1410,1215,737038037238,0
matmul_tiny_loop_L20_r3,1790334026.5977697,4878078.286505928,114.432,37,1410,1215,737038048744,0
matmul_tiny_loop_L20_r3,1790334026.6477675,4878078.336503652,113.293,37,1410,1215,737038048744,0
matmul_tiny_loop_L20_r3,1790334026.6977675,4878078.386503446,113.293,37,1410,1215,737038060210,0
matmul_tiny_loop_L20_r3,1790334026.7477674,4878078.436503659,114.432,37,1410,1215,737038060210,0
matmul_tiny_loop_L20_r3,1790334026.7977731,4878078.486509093,114.432,37,1410,1215,737038071708,0
matmul_tiny_loop_L20_r3,1790334026.8477697,4878078.536505907,113.293,37,1410,1215,737038071708,0
matmul_tiny_loop_L20_r3,1790334026.8977692,4878078.58650534,113.293,37,1410,1215,737038083122,0
matmul_tiny_loop_L20_r3,1790334026.9477708,4878078.636506974,113.293,37,1410,1215,737038083122,0
matmul_tiny_loop_L20_r3,1790334026.9977694,4878078.686505438,113.293,37,1410,1215,737038094573,0
matmul_tiny_loop_L20_r3,1790334027.0477693,4878078.736505571,114.432,37,1410,1215,737038094573,0
matmul_tiny_loop_L20_r3,1790334027.097766,4878078.786501955,114.432,37,1410,1215,737038106083,0
matmul_tiny_loop_L20_r3,1790334027.147768,4878078.836504249,113.293,37,1410,1215,737038106083,0
matmul_tiny_loop_L20_r3,1790334027.1977692,4878078.886505312,113.293,37,1410,1215,737038117504,0
matmul_tiny_loop_L20_r3,1790334027.2477689,4878078.936504986,113.293,37,1410,1215,737038117504,0
matmul_tiny_loop_L20_r3,1790334027.2977684,4878078.98650467,113.293,37,1410,1215,737038128981,0
matmul_tiny_loop_L20_r3,1790334027.3477738,4878079.036509723,114.432,37,1410,1215,737038128981,0
matmul_tiny_loop_L20_r3,1790334027.397766,4878079.086502267,114.432,37,1410,1215,737038140522,0
matmul_tiny_loop_L20_r3,1790334027.4477708,4878079.136506991,113.293,37,1410,1215,737038140522,0
matmul_tiny_loop_L20_r3,1790334027.4977703,4878079.186506314,113.293,37,1410,1215,737038151935,0
matmul_tiny_loop_L20_r3,1790334027.5477686,4878079.236504688,113.293,37,1410,1215,737038151935,0
matmul_tiny_loop_L20_r3,1790334027.5977683,4878079.286504382,113.293,37,1410,1215,737038163355,0
matmul_tiny_loop_L20_r3,1790334027.6477697,4878079.336505665,113.293,37,1410,1215,737038163355,0
matmul_tiny_loop_L20_r3,1790334027.6977677,4878079.386503619,113.293,37,1410,1215,737038174804,0
matmul_tiny_loop_L20_r3,1790334027.7477684,4878079.436504403,114.432,37,1410,1215,737038174804,0
matmul_tiny_loop_L20_r3,1790334027.7977684,4878079.486504416,114.432,37,1410,1215,737038186298,0
matmul_tiny_loop_L20_r3,1790334027.8477714,4878079.53650751,113.293,37,1410,1215,737038186298,0
matmul_tiny_loop_L20_r3,1790334027.8977678,4878079.586503714,113.293,37,1410,1215,737038197734,0
matmul_tiny_loop_L20_r3,1790334027.947767,4878079.636503027,114.155,37,1410,1215,737038197734,0
matmul_tiny_loop_L20_r3,1790334027.9977665,4878079.686502591,114.155,37,1410,1215,737038209232,0
matmul_tiny_loop_L20_r3,1790334028.047769,4878079.736505164,113.293,37,1410,1215,737038209232,0
matmul_tiny_loop_L20_r3,1790334028.0977669,4878079.786502868,113.293,37,1410,1215,737038220637,0
matmul_tiny_loop_L20_r3,1790334028.1477733,4878079.836509252,113.293,37,1410,1215,737038220637,0
matmul_tiny_loop_L20_r3,1790334028.1977682,4878079.886504265,113.293,37,1410,1215,737038232062,0
matmul_tiny_loop_L20_r3,1790334028.247766,4878079.936502059,113.293,37,1410,1215,737038232062,0
matmul_tiny_loop_L20_r3,1790334028.2977686,4878079.986504713,113.293,37,1410,1215,737038243492,0
matmul_tiny_loop_L20_r3,1790334028.347767,4878080.036503246,113.293,37,1410,1215,737038243492,0
matmul_tiny_loop_L20_r3,1790334028.3977716,4878080.08650752,113.293,37,1410,1215,737038254923,0
matmul_tiny_loop_L20_r3,1790334028.4477704,4878080.136506614,113.293,37,1410,1215,737038254923,0
matmul_tiny_loop_L20_r3,1790334028.4977658,4878080.186502097,113.293,37,1410,1215,737038266350,0
matmul_tiny_loop_L20_r3,1790334028.5477703,4878080.236506661,113.293,37,1410,1215,737038266350,0
matmul_tiny_loop_L20_r3,1790334028.597767,4878080.286503205,113.293,37,1410,1215,737038277785,0
matmul_tiny_loop_L20_r3,1790334028.6477702,4878080.336506408,113.411,37,1410,1215,737038277785,0
matmul_tiny_loop_L20_r3,1790334028.6977654,4878080.386501562,113.411,37,1410,1215,737038289205,0
matmul_tiny_loop_L20_r3,1790334028.7477667,4878080.436502806,113.293,37,1410,1215,737038289205,0
matmul_tiny_loop_L20_r3,1790334028.7977672,4878080.486503319,113.293,37,1410,1215,737038300634,0
matmul_tiny_loop_L20_r3,1790334028.847767,4878080.536503043,113.293,37,1410,1215,737038300634,0
matmul_tiny_loop_L20_r3,1790334028.8977716,4878080.586507697,113.293,37,1410,1215,737038312056,0
matmul_tiny_loop_L20_r3,1790334028.9477699,4878080.63650585,113.293,37,1410,1215,737038312056,0
matmul_tiny_loop_L20_r3,1790334028.9977653,4878080.686501584,113.293,37,1410,1215,737038312056,0
matmul_tiny_loop_L20_r3,1790334029.0478005,4878080.736536707,113.293,37,1410,1215,737038323584,0
matmul_tiny_loop_L20_r3,1790334029.0977697,4878080.786505791,113.293,37,1410,1215,737038323584,0
matmul_tiny_loop_L20_r3,1790334029.147767,4878080.836503285,113.293,37,1410,1215,737038334911,0
matmul_tiny_loop_L20_r3,1790334029.1977718,4878080.886507739,113.293,37,1410,1215,737038334911,0
matmul_tiny_loop_L20_r3,1790334029.2477663,4878080.936502312,113.293,37,1410,1215,737038346286,0
matmul_tiny_loop_L20_r3,1790334029.2977695,4878080.986505616,113.293,37,1410,1215,737038346286,0
matmul_tiny_loop_L20_r3,1790334029.347769,4878081.03650519,113.293,37,1410,1215,737038357702,0
matmul_tiny_loop_L20_r3,1790334029.3977685,4878081.086504473,113.293,37,1410,1215,737038357702,0
matmul_tiny_loop_L20_r3,1790334029.4477727,4878081.136508687,113.411,37,1410,1215,737038369123,0
matmul_tiny_loop_L20_r3,1790334029.4977686,4878081.18650487,113.411,37,1410,1215,737038369123,0
matmul_tiny_loop_L20_r3,1790334029.5477667,4878081.236502934,113.293,37,1410,1215,737038380539,0
matmul_tiny_loop_L20_r3,1790334029.5977654,4878081.286501438,113.293,37,1410,1215,737038380539,0
matmul_tiny_loop_L20_r3,1790334029.6477735,4878081.336509521,112.962,37,1410,1215,737038391955,0
matmul_tiny_loop_L20_r3,1790334029.6977732,4878081.386509505,112.962,37,1410,1215,737038391955,0
matmul_tiny_loop_L20_r3,1790334029.7477696,4878081.436505779,113.411,37,1410,1215,737038403379,0
matmul_tiny_loop_L20_r3,1790334029.7977686,4878081.486504772,113.411,37,1410,1215,737038403379,0
matmul_tiny_loop_L20_r3,1790334029.8477716,4878081.536507756,113.293,37,1410,1215,737038414809,0
matmul_tiny_loop_L20_r3,1790334029.89777,4878081.58650604,113.293,37,1410,1215,737038414809,0
matmul_tiny_loop_L20_r3,1790334029.947766,4878081.636502183,113.293,37,1410,1215,737038426229,0
matmul_tiny_loop_L20_r3,1790334029.9977694,4878081.686505517,113.293,37,1410,1215,737038426229,0
matmul_tiny_loop_L20_r3,1790334030.04777,4878081.736506141,113.293,37,1410,1215,737038437646,0
matmul_tiny_loop_L20_r3,1790334030.0977674,4878081.786503614,113.293,37,1410,1215,737038437646,0
matmul_tiny_loop_L20_r3,1790334030.1477678,4878081.836503848,113.411,37,1410,1215,737038449057,0
matmul_tiny_loop_L20_r3,1790334030.1977646,4878081.886500732,113.411,37,1410,1215,737038449057,0
matmul_tiny_loop_L20_r3,1790334030.2477653,4878081.936501415,113.293,37,1410,1215,737038460471,0
matmul_tiny_loop_L20_r3,1790334030.2977629,4878081.986498829,113.293,37,1410,1215,737038460471,0
matmul_tiny_loop_L20_r3,1790334030.3477688,4878082.036504963,113.411,37,1410,1215,737038471892,0
matmul_tiny_loop_L20_r3,1790334030.3977683,4878082.086504406,113.411,37,1410,1215,737038471892,0
matmul_tiny_loop_L20_r3,1790334030.4477913,4878082.13652737,113.411,37,1410,1215,737038483304,0
matmul_tiny_loop_L20_r3,1790334030.4977703,4878082.186506214,113.411,37,1410,1215,737038483304,0
matmul_tiny_loop_L20_r3,1790334030.5477693,4878082.236505577,113.293,37,1410,1215,737038494708,0
matmul_tiny_loop_L20_r3,1790334030.5977688,4878082.286504681,113.293,37,1410,1215,737038494708,0
matmul_tiny_loop_L20_r3,1790334030.6477654,4878082.336501645,113.293,37,1410,1215,737038506123,0
matmul_tiny_loop_L20_r3,1790334030.697772,4878082.386508068,113.293,37,1410,1215,737038506123,0
matmul_tiny_loop_L20_r3,1790334030.7477684,4878082.436504492,113.293,37,1410,1215,737038517550,0
matmul_tiny_loop_L20_r3,1790334030.797767,4878082.486502976,113.293,37,1410,1215,737038517550,0
matmul_tiny_loop_L20_r3,1790334030.8477707,4878082.536506609,113.293,37,1410,1215,737038528974,0
matmul_tiny_loop_L20_r3,1790334030.897767,4878082.586503133,113.293,37,1410,1215,737038528974,0
matmul_tiny_loop_L20_r3,1790334030.9477682,4878082.636504577,113.293,37,1410,1215,737038540400,0
matmul_tiny_loop_L20_r3,1790334030.9977677,4878082.6865038,113.293,37,1410,1215,737038540400,0
matmul_tiny_loop_L20_r3,1790334031.0477679,4878082.736503734,114.155,37,1410,1215,737038551853,0
matmul_tiny_loop_L20_r3,1790334031.0977662,4878082.786502098,114.155,37,1410,1215,737038551853,0
matmul_tiny_loop_L20_r3,1790334031.1477685,4878082.836504631,113.293,37,1410,1215,737038563360,0
matmul_tiny_loop_L20_r3,1790334031.1977649,4878082.886500925,113.293,37,1410,1215,737038563360,0
matmul_tiny_loop_L20_r3,1790334031.247764,4878082.936500309,113.293,37,1410,1215,737038574770,0
matmul_tiny_loop_L20_r3,1790334031.2977684,4878082.986504502,113.293,37,1410,1215,737038574770,0
matmul_tiny_loop_L20_r3,1790334031.3477967,4878083.036532926,114.432,37,1410,1215,737038586218,0
matmul_tiny_loop_L20_r3,1790334031.3977683,4878083.086504209,114.432,37,1410,1215,737038586218,0
matmul_tiny_loop_L20_r3,1790334031.4477649,4878083.136500963,113.293,37,1410,1215,737038597701,0
matmul_tiny_loop_L20_r3,1790334031.4977653,4878083.186501517,113.293,37,1410,1215,737038597701,0
matmul_tiny_loop_L20_r3,1790334031.5477703,4878083.2365066,113.293,37,1410,1215,737038609112,0
matmul_tiny_loop_L20_r3,1790334031.5977652,4878083.286501044,113.293,37,1410,1215,737038609112,0
matmul_tiny_loop_L20_r3,1790334031.6477675,4878083.336503578,113.293,37,1410,1215,737038620584,0
matmul_tiny_loop_L20_r3,1790334031.6977732,4878083.386509521,113.293,37,1410,1215,737038620584,0
matmul_tiny_loop_L20_r3,1790334031.7477684,4878083.436504545,113.411,37,1410,1215,737038631961,0
matmul_tiny_loop_L20_r3,1790334031.797764,4878083.486500129,113.411,37,1410,1215,737038631961,0
matmul_tiny_loop_L20_r3,1790334031.847768,4878083.536504152,113.411,37,1410,1215,737038643436,0
matmul_tiny_loop_L20_r3,1790334031.8977678,4878083.586503926,113.411,37,1410,1215,737038643436,0
matmul_tiny_loop_L20_r3,1790334031.9477692,4878083.63650523,113.411,37,1410,1215,737038654842,0
matmul_tiny_loop_L20_r3,1790334031.997765,4878083.686501263,113.411,37,1410,1215,737038654842,0
matmul_tiny_loop_L20_r3,1790334032.0477655,4878083.736501577,112.962,37,1410,1215,737038666258,0
matmul_tiny_loop_L20_r3,1790334032.0977683,4878083.786504351,112.962,37,1410,1215,737038666258,0
matmul_tiny_loop_L20_r3,1790334032.1477678,4878083.836503904,113.293,37,1410,1215,737038677637,0
matmul_tiny_loop_L20_r3,1790334032.197768,4878083.886504018,113.293,37,1410,1215,737038677637,0
matmul_tiny_loop_L20_r3,1790334032.2477663,4878083.936502332,113.411,37,1410,1215,737038689076,0
matmul_tiny_loop_L20_r3,1790334032.2977667,4878083.986502875,113.411,37,1410,1215,737038689076,0
matmul_tiny_loop_L20_r3,1790334032.3477693,4878084.036505519,113.293,37,1410,1215,737038700491,0
matmul_tiny_loop_L20_r3,1790334032.397768,4878084.086504133,113.293,37,1410,1215,737038700491,0
matmul_tiny_loop_L20_r3,1790334032.4477654,4878084.136501336,113.411,37,1410,1215,737038711930,0
matmul_tiny_loop_L20_r3,1790334032.4977674,4878084.18650356,113.411,37,1410,1215,737038711930,0
matmul_tiny_loop_L20_r3,1790334032.5477679,4878084.236503964,113.293,37,1410,1215,737038723337,0
matmul_tiny_loop_L20_r3,1790334032.597765,4878084.286500937,113.293,37,1410,1215,737038723337,0
matmul_tiny_loop_L20_r3,1790334032.6477685,4878084.336504611,113.293,37,1410,1215,737038734776,0
matmul_tiny_loop_L20_r3,1790334032.6977684,4878084.386504525,113.293,37,1410,1215,737038734776,0
matmul_tiny_loop_L20_r3,1790334032.747768,4878084.436503928,113.293,37,1410,1215,737038746188,0
matmul_tiny_loop_L20_r3,1790334032.797767,4878084.486502972,113.293,37,1410,1215,737038746188,0
matmul_tiny_loop_L20_r3,1790334032.847767,4878084.536502996,113.293,37,1410,1215,737038757613,0
matmul_tiny_loop_L20_r3,1790334032.8977659,4878084.586502029,113.293,37,1410,1215,737038757613,0
matmul_tiny_loop_L20_r3,1790334032.9477675,4878084.636503653,113.293,37,1410,1215,737038769018,0
matmul_tiny_loop_L20_r3,1790334032.997768,4878084.686503976,113.293,37,1410,1215,737038769018,0
matmul_tiny_loop_L20_r3,1790334033.047765,4878084.73650115,113.411,37,1410,1215,737038780454,0
matmul_tiny_loop_L20_r3,1790334033.0977666,4878084.786502704,113.411,37,1410,1215,737038780454,0
matmul_tiny_loop_L20_r3,1790334033.1477988,4878084.836534797,113.411,37,1410,1215,737038791906,0
matmul_tiny_loop_L20_r3,1790334033.1977673,4878084.886503101,113.411,37,1410,1215,737038791906,0
matmul_tiny_loop_L20_r3,1790334033.2477667,4878084.936502935,114.273,37,1410,1215,737038803445,0
matmul_tiny_loop_L20_r3,1790334033.2977633,4878084.986499409,114.273,37,1410,1215,737038803445,0
matmul_tiny_loop_L20_r3,1790334033.347768,4878085.036504192,113.411,37,1410,1215,737038814870,0
matmul_tiny_loop_L20_r3,1790334033.3977673,4878085.086503576,113.411,37,1410,1215,737038814870,0
matmul_tiny_loop_L20_r3,1790334033.4477654,4878085.136501249,113.293,37,1410,1215,737038826298,0
matmul_tiny_loop_L20_r3,1790334033.4977653,4878085.186501313,113.293,37,1410,1215,737038826298,0
matmul_tiny_loop_L20_r3,1790334033.5477996,4878085.236535616,113.411,37,1410,1215,737038837719,0
matmul_tiny_loop_L20_r3,1790334033.5977669,4878085.28650303,113.411,37,1410,1215,737038837719,0
matmul_tiny_loop_L20_r3,1790334033.6477647,4878085.336500954,114.155,37,1410,1215,737038849224,0
matmul_tiny_loop_L20_r3,1790334033.6977675,4878085.386503478,114.155,37,1410,1215,737038849224,0
matmul_tiny_loop_L20_r3,1790334033.747766,4878085.436501991,113.293,37,1410,1215,737038860637,0
matmul_tiny_loop_L20_r3,1790334033.7977643,4878085.486500475,113.293,37,1410,1215,737038860637,0
matmul_tiny_loop_L20_r3,1790334033.847767,4878085.536503199,113.293,37,1410,1215,737038872087,0
matmul_tiny_loop_L20_r3,1790334033.8977683,4878085.586504272,113.293,37,1410,1215,737038872087,0
matmul_tiny_loop_L20_r3,1790334033.947768,4878085.636504096,114.155,37,1410,1215,737038883576,0
matmul_tiny_loop_L20_r3,1790334033.997764,4878085.68650026,114.155,37,1410,1215,737038883576,0
matmul_tiny_loop_L20_r3,1790334034.047768,4878085.736504223,113.293,37,1410,1215,737038895013,0
matmul_tiny_loop_L20_r3,1790334034.0977669,4878085.786502827,113.293,37,1410,1215,737038895013,0
matmul_tiny_loop_L20_r3,1790334034.1477642,4878085.836500291,113.293,37,1410,1215,737038906427,0
matmul_tiny_loop_L20_r3,1790334034.1977623,4878085.886498724,113.293,37,1410,1215,737038906427,0
matmul_tiny_loop_L20_r3,1790334034.247767,4878085.936503108,113.293,37,1410,1215,737038917860,0
matmul_tiny_loop_L20_r3,1790334034.297766,4878085.986501922,113.293,37,1410,1215,737038917860,0
matmul_tiny_loop_L20_r3,1790334034.3477688,4878086.036505035,113.293,37,1410,1215,737038929276,0
matmul_tiny_loop_L20_r3,1790334034.3977647,4878086.086500709,113.293,37,1410,1215,737038929276,0
matmul_tiny_loop_L20_r3,1790334034.4477673,4878086.136503413,113.293,37,1410,1215,737038940687,0
matmul_tiny_loop_L20_r3,1790334034.4977643,4878086.186500426,113.293,37,1410,1215,737038940687,0
matmul_tiny_loop_L20_r3,1790334034.5477655,4878086.23650152,113.293,37,1410,1215,737038952107,0
matmul_tiny_loop_L20_r3,1790334034.5977685,4878086.286504664,113.293,37,1410,1215,737038952107,0
matmul_tiny_loop_L20_r3,1790334034.647769,4878086.336505137,113.079,37,1410,1215,737038963526,0
matmul_tiny_loop_L20_r3,1790334034.697774,4878086.386509881,113.079,37,1410,1215,737038963526,0
matmul_tiny_loop_L20_r3,1790334034.7477703,4878086.436506655,113.293,37,1410,1215,737038974938,0
matmul_tiny_loop_L20_r3,1790334034.79777,4878086.486506068,113.293,37,1410,1215,737038974938,0
matmul_tiny_loop_L20_r3,1790334034.8477693,4878086.536505542,113.293,37,1410,1215,737038986367,0
matmul_tiny_loop_L20_r3,1790334034.8977664,4878086.586502505,113.293,37,1410,1215,737038986367,0
matmul_tiny_loop_L20_r3,1790334034.947767,4878086.636503259,113.293,37,1410,1215,737038986367,0
matmul_tiny_loop_L20_r3,1790334034.9977658,4878086.686502073,113.293,37,1410,1215,737038997895,0
matmul_tiny_loop_L20_r3,1790334035.0477664,4878086.736502506,113.293,37,1410,1215,737038997895,0
matmul_tiny_loop_L20_r3,1790334035.0977752,4878086.78651136,113.293,37,1410,1215,737039009218,0
matmul_tiny_loop_L20_r3,1790334035.1477695,4878086.836505294,113.411,37,1410,1215,737039009218,0
matmul_tiny_loop_L20_r3,1790334035.197768,4878086.886503977,113.411,37,1410,1215,737039020617,0
matmul_tiny_loop_L20_r3,1790334035.247768,4878086.936503881,113.293,37,1410,1215,737039020617,0
matmul_tiny_loop_L20_r3,1790334035.29777,4878086.986506205,113.293,37,1410,1215,737039032043,0
matmul_tiny_loop_L20_r3,1790334035.3477669,4878087.036503048,113.293,37,1410,1215,737039032043,0
matmul_tiny_loop_L2_r1,1790334037.3731391,4878089.061875262,113.293,37,1410,1215,737039272681,0
matmul_tiny_loop_L2_r1,1790334037.423253,4878089.111989315,113.293,37,1410,1215,737039272681,0
matmul_tiny_loop_L2_r1,1790334037.473251,4878089.161987018,114.273,37,1410,1215,737039284204,0
matmul_tiny_loop_L2_r1,1790334037.5232496,4878089.211985662,114.273,37,1410,1215,737039284204,0
matmul_tiny_loop_L2_r1,1790334037.5732617,4878089.261997895,114.551,37,1410,1215,737039295727,0
matmul_tiny_loop_L2_r1,1790334037.6233065,4878089.312042718,114.551,37,1410,1215,737039295727,0
matmul_tiny_loop_L2_r1,1790334037.6732624,4878089.361998303,114.551,37,1410,1215,737039307270,0
matmul_tiny_loop_L2_r1,1790334037.723264,4878089.411999966,114.551,37,1410,1215,737039307270,0
matmul_tiny_loop_L2_r1,1790334037.7732635,4878089.46199958,114.551,37,1410,1215,737039318778,0
matmul_tiny_loop_L2_r1,1790334037.8232603,4878089.511996514,114.432,37,1410,1215,737039318778,0
matmul_tiny_loop_L2_r1,1790334037.8732615,4878089.561997817,114.432,37,1410,1215,737039330273,0
matmul_tiny_loop_L2_r1,1790334037.9232612,4878089.611997271,113.293,37,1410,1215,737039330273,0
matmul_tiny_loop_L2_r1,1790334037.9732628,4878089.661999015,113.293,37,1410,1215,737039341706,0
matmul_tiny_loop_L2_r1,1790334038.0232818,4878089.712018128,114.155,37,1410,1215,737039341706,0
matmul_tiny_loop_L2_r1,1790334038.0732806,4878089.762016732,114.155,37,1410,1215,737039353256,0
matmul_tiny_loop_L2_r1,1790334038.123282,4878089.812018125,114.432,37,1410,1215,737039353256,0
matmul_tiny_loop_L2_r1,1790334038.173263,4878089.861999359,114.432,37,1410,1215,737039353256,0
matmul_tiny_loop_L2_r1,1790334038.2232616,4878089.911997913,113.293,37,1410,1215,737039364888,0
matmul_tiny_loop_L2_r1,1790334038.27326,4878089.961996277,113.293,37,1410,1215,737039364888,0
matmul_tiny_loop_L2_r1,1790334038.3232636,4878090.01199972,114.432,37,1410,1215,737039376225,0
matmul_tiny_loop_L2_r1,1790334038.37326,4878090.061996124,114.432,37,1410,1215,737039376225,0
matmul_tiny_loop_L2_r1,1790334038.4232614,4878090.111997368,114.432,37,1410,1215,737039387708,0
matmul_tiny_loop_L2_r1,1790334038.473264,4878090.162000091,114.432,37,1410,1215,737039387708,0
matmul_tiny_loop_L2_r1,1790334038.523264,4878090.212019015,113.293,37,1410,1215,737039399208,0
matmul_tiny_loop_L2_r1,1790334038.5732791,4878090.262015558,113.293,37,1410,1215,737039399208,0
matmul_tiny_loop_L2_r1,1790334038.6232631,4878090.311999332,113.293,37,1410,1215,737039410627,0
matmul_tiny_loop_L2_r1,1790334038.673263,4878090.361999306,113.293,37,1410,1215,737039410627,0
matmul_tiny_loop_L2_r1,1790334038.7232852,4878090.412021439,114.432,37,1410,1215,737039422088,0
matmul_tiny_loop_L2_r1,1790334038.7732642,4878090.462014843,114.432,37,1410,1215,737039422088,0
matmul_tiny_loop_L2_r1,1790334038.8232644,4878090.512014647,113.293,37,1410,1215,737039433575,0
matmul_tiny_loop_L2_r1,1790334038.8732603,4878090.561996531,113.293,37,1410,1215,737039433575,0
matmul_tiny_loop_L2_r1,1790334038.9232829,4878090.612018904,113.293,37,1410,1215,737039445015,0
matmul_tiny_loop_L2_r1,1790334038.9732609,4878090.661996798,113.293,37,1410,1215,737039445015,0
matmul_tiny_loop_L2_r1,1790334039.023264,4878090.712000061,113.293,37,1410,1215,737039456432,0
matmul_tiny_loop_L2_r1,1790334039.0732636,4878090.761999725,113.293,37,1410,1215,737039456432,0
matmul_tiny_loop_L2_r1,1790334039.1232626,4878090.811998719,113.411,37,1410,1215,737039467888,0
matmul_tiny_loop_L2_r1,1790334039.1732635,4878090.861999752,113.411,37,1410,1215,737039467888,0
matmul_tiny_loop_L2_r1,1790334039.2232823,4878090.912018626,113.293,37,1410,1215,737039479315,0
matmul_tiny_loop_L2_r1,1790334039.2732577,4878090.96199389,113.293,37,1410,1215,737039479315,0
matmul_tiny_loop_L2_r1,1790334039.3232634,4878091.011999523,113.293,37,1410,1215,737039490744,0
matmul_tiny_loop_L2_r1,1790334039.3732612,4878091.061997367,113.293,37,1410,1215,737039490744,0
matmul_tiny_loop_L5_r1,1790334041.3869724,4878093.075708405,113.293,37,1410,1215,737039720297,0
matmul_tiny_loop_L5_r1,1790334041.437084,4878093.125820198,114.155,37,1410,1215,737039731745,0
matmul_tiny_loop_L5_r1,1790334041.4870913,4878093.175827231,114.155,37,1410,1215,737039731745,0
matmul_tiny_loop_L5_r1,1790334041.5370984,4878093.225834565,114.551,37,1410,1215,737039743300,0
matmul_tiny_loop_L5_r1,1790334041.5870945,4878093.275830728,114.551,37,1410,1215,737039743300,0
matmul_tiny_loop_L5_r1,1790334041.637098,4878093.325833982,114.432,37,1410,1215,737039754826,0
matmul_tiny_loop_L5_r1,1790334041.687097,4878093.375833266,114.432,37,1410,1215,737039754826,0
matmul_tiny_loop_L5_r1,1790334041.737095,4878093.42583116,113.411,37,1410,1215,737039766326,0
matmul_tiny_loop_L5_r1,1790334041.7870939,4878093.475829703,113.411,37,1410,1215,737039766326,0
matmul_tiny_loop_L5_r1,1790334041.8370974,4878093.525833557,114.155,37,1410,1215,737039777773,0
matmul_tiny_loop_L5_r1,1790334041.8870983,4878093.57583443,114.155,37,1410,1215,737039777773,0
matmul_tiny_loop_L5_r1,1790334041.9370966,4878093.625832874,114.432,37,1410,1215,737039789322,0
matmul_tiny_loop_L5_r1,1790334041.9870963,4878093.675832528,114.432,37,1410,1215,737039789322,0
matmul_tiny_loop_L5_r1,1790334042.0370939,4878093.725829921,114.432,37,1410,1215,737039800855,0
matmul_tiny_loop_L5_r1,1790334042.0870943,4878093.775830315,114.432,37,1410,1215,737039800855,0
matmul_tiny_loop_L5_r1,1790334042.1370962,4878093.825832339,114.432,37,1410,1215,737039812414,0
matmul_tiny_loop_L5_r1,1790334042.1870937,4878093.875829852,114.432,37,1410,1215,737039812414,0
matmul_tiny_loop_L5_r1,1790334042.237097,4878093.925833036,114.432,37,1410,1215,737039823946,0
matmul_tiny_loop_L5_r1,1790334042.287094,4878093.97583006,114.432,37,1410,1215,737039823946,0
matmul_tiny_loop_L5_r1,1790334042.3370945,4878094.025830803,114.432,37,1410,1215,737039835499,0
matmul_tiny_loop_L5_r1,1790334042.3870943,4878094.075830467,114.432,37,1410,1215,737039835499,0
matmul_tiny_loop_L5_r1,1790334042.437095,4878094.125831001,114.432,37,1410,1215,737039847016,0
matmul_tiny_loop_L5_r1,1790334042.487095,4878094.175831304,114.432,37,1410,1215,737039847016,0
matmul_tiny_loop_L5_r1,1790334042.5370932,4878094.225829338,114.432,37,1410,1215,737039858573,0
matmul_tiny_loop_L5_r1,1790334042.5870974,4878094.275833482,114.432,37,1410,1215,737039858573,0
matmul_tiny_loop_L5_r1,1790334042.6370974,4878094.325833595,114.432,37,1410,1215,737039870099,0
matmul_tiny_loop_L5_r1,1790334042.6870954,4878094.375831329,114.432,37,1410,1215,737039870099,0
matmul_tiny_loop_L5_r1,1790334042.7370968,4878094.425832713,114.432,37,1410,1215,737039881665,0
matmul_tiny_loop_L5_r1,1790334042.787097,4878094.475833106,114.432,37,1410,1215,737039881665,0
matmul_tiny_loop_L5_r1,1790334042.837095,4878094.52583103,114.432,37,1410,1215,737039893190,0
matmul_tiny_loop_L5_r1,1790334042.887094,4878094.575830034,114.432,37,1410,1215,737039893190,0
matmul_tiny_loop_L5_r1,1790334042.9370975,4878094.625833627,114.551,37,1410,1215,737039904732,0
matmul_tiny_loop_L5_r1,1790334042.987103,4878094.675839191,114.551,37,1410,1215,737039904732,0
matmul_tiny_loop_L5_r1,1790334043.0370944,4878094.725830645,113.293,37,1410,1215,737039916236,0
matmul_tiny_loop_L5_r1,1790334043.087094,4878094.775830168,113.293,37,1410,1215,737039916236,0
matmul_tiny_loop_L5_r1,1790334043.1370978,4878094.825833802,113.293,37,1410,1215,737039927681,0
matmul_tiny_loop_L5_r1,1790334043.1870966,4878094.875832806,113.293,37,1410,1215,737039927681,0
matmul_tiny_loop_L5_r1,1790334043.2371018,4878094.925837849,114.155,37,1410,1215,737039939166,0
matmul_tiny_loop_L5_r1,1790334043.2870977,4878094.975833823,114.155,37,1410,1215,737039939166,0
matmul_tiny_loop_L5_r1,1790334043.3370955,4878095.025831487,114.551,37,1410,1215,737039950688,0
matmul_tiny_loop_L5_r1,1790334043.3870971,4878095.07583315,114.551,37,1410,1215,737039950688,0
matmul_tiny_loop_L5_r1,1790334043.437095,4878095.125831084,113.293,37,1410,1215,737039962180,0
matmul_tiny_loop_L5_r1,1790334043.4870968,4878095.175832827,113.293,37,1410,1215,737039962180,0
matmul_tiny_loop_L5_r1,1790334043.5370948,4878095.225831071,113.293,37,1410,1215,737039973654,0
matmul_tiny_loop_L5_r1,1790334043.587097,4878095.275832975,113.293,37,1410,1215,737039973654,0
matmul_tiny_loop_L5_r1,1790334043.6370952,4878095.325831398,114.432,37,1410,1215,737039985063,0
matmul_tiny_loop_L5_r1,1790334043.6870966,4878095.375832762,114.432,37,1410,1215,737039985063,0
matmul_tiny_loop_L5_r1,1790334043.7370937,4878095.425829656,114.432,37,1410,1215,737039996635,0
matmul_tiny_loop_L5_r1,1790334043.787099,4878095.475835019,114.432,37,1410,1215,737039996635,0
matmul_tiny_loop_L5_r1,1790334043.8370998,4878095.525835743,114.432,37,1410,1215,737040008180,0
matmul_tiny_loop_L5_r1,1790334043.887094,4878095.575830077,114.432,37,1410,1215,737040008180,0
matmul_tiny_loop_L5_r1,1790334043.9370942,4878095.62583016,113.293,37,1410,1215,737040019582,0
matmul_tiny_loop_L5_r1,1790334043.9870982,4878095.675834184,113.293,37,1410,1215,737040019582,0
matmul_tiny_loop_L5_r1,1790334044.0370975,4878095.725833658,114.432,37,1410,1215,737040031105,0
matmul_tiny_loop_L5_r1,1790334044.087095,4878095.775831091,114.432,37,1410,1215,737040031105,0
matmul_tiny_loop_L5_r1,1790334044.1370952,4878095.825831155,113.411,37,1410,1215,737040042512,0
matmul_tiny_loop_L5_r1,1790334044.187095,4878095.875831119,113.411,37,1410,1215,737040042512,0
matmul_tiny_loop_L5_r1,1790334044.237102,4878095.925838152,113.293,37,1410,1215,737040053951,0
matmul_tiny_loop_L5_r1,1790334044.2870946,4878095.975830566,113.293,37,1410,1215,737040053951,0
matmul_tiny_loop_L5_r1,1790334044.3370972,4878096.02583341,113.293,37,1410,1215,737040065409,0
matmul_tiny_loop_L5_r1,1790334044.3870983,4878096.075834423,113.293,37,1410,1215,737040065409,0
matmul_tiny_loop_L5_r1,1790334044.4370978,4878096.125833767,114.155,37,1410,1215,737040076907,0
matmul_tiny_loop_L5_r1,1790334044.4870965,4878096.175832771,114.155,37,1410,1215,737040076907,0
matmul_tiny_loop_L5_r1,1790334044.5371006,4878096.225836514,113.293,37,1410,1215,737040088365,0
matmul_tiny_loop_L5_r1,1790334044.5870976,4878096.275833708,113.293,37,1410,1215,737040088365,0
matmul_tiny_loop_L5_r1,1790334044.6370962,4878096.325832342,114.432,37,1410,1215,737040099893,0
matmul_tiny_loop_L5_r1,1790334044.687095,4878096.375831115,114.432,37,1410,1215,737040099893,0
matmul_tiny_loop_L5_r1,1790334044.7370949,4878096.425830919,114.432,37,1410,1215,737040111396,0
matmul_tiny_loop_L5_r1,1790334044.787096,4878096.475832283,114.432,37,1410,1215,737040111396,0
matmul_tiny_loop_L5_r1,1790334044.8370955,4878096.525831436,113.293,37,1410,1215,737040122814,0
matmul_tiny_loop_L5_r1,1790334044.8870978,4878096.57583412,113.293,37,1410,1215,737040122814,0
matmul_tiny_loop_L5_r1,1790334044.9371,4878096.625836104,113.293,37,1410,1215,737040134309,0
matmul_tiny_loop_L5_r1,1790334044.987097,4878096.675833327,113.293,37,1410,1215,737040134309,0
matmul_tiny_loop_L5_r1,1790334045.0370953,4878096.725831491,114.432,37,1410,1215,737040145829,0
matmul_tiny_loop_L5_r1,1790334045.0870962,4878096.775832264,114.432,37,1410,1215,737040145829,0
matmul_tiny_loop_L5_r1,1790334045.1370962,4878096.825832238,114.432,37,1410,1215,737040157280,0
matmul_tiny_loop_L5_r1,1790334045.1870944,4878096.875830672,114.432,37,1410,1215,737040157280,0
matmul_tiny_loop_L5_r1,1790334045.237093,4878096.925829056,113.293,37,1410,1215,737040168739,0
matmul_tiny_loop_L5_r1,1790334045.2870963,4878096.975832519,113.293,37,1410,1215,737040168739,0
matmul_tiny_loop_L5_r1,1790334045.3370953,4878097.025831403,114.432,37,1410,1215,737040180253,0
matmul_tiny_loop_L5_r1,1790334045.3870962,4878097.075832146,114.432,37,1410,1215,737040180253,0
matmul_tiny_loop_L5_r1,1790334045.437097,4878097.12583301,113.411,37,1410,1215,737040191672,0
matmul_tiny_loop_L5_r1,1790334045.4870937,4878097.175829904,113.411,37,1410,1215,737040191672,0
matmul_tiny_loop_L5_r1,1790334045.5370944,4878097.225830597,113.293,37,1410,1215,737040191672,0
matmul_tiny_loop_L5_r1,1790334045.5870962,4878097.275832491,113.293,37,1410,1215,737040203220,0
matmul_tiny_loop_L5_r1,1790334045.6370757,4878097.325811735,114.432,37,1410,1215,737040203220,0
matmul_tiny_loop_L5_r1,1790334045.687061,4878097.375796969,114.432,37,1410,1215,737040214661,0
matmul_tiny_loop_L5_r1,1790334045.737057,4878097.425792932,114.432,37,1410,1215,737040214661,0
matmul_tiny_loop_L5_r1,1790334045.7870557,4878097.475791546,114.432,37,1410,1215,737040226204,0
matmul_tiny_loop_L5_r1,1790334045.8370597,4878097.52579589,114.551,37,1410,1215,737040226204,0
matmul_tiny_loop_L5_r1,1790334045.8870652,4878097.575800963,114.551,37,1410,1215,737040237735,0
matmul_tiny_loop_L5_r1,1790334045.937059,4878097.625794867,114.432,37,1410,1215,737040237735,0
matmul_tiny_loop_L5_r1,1790334045.9870567,4878097.675792491,114.432,37,1410,1215,737040249272,0
matmul_tiny_loop_L5_r1,1790334046.0370557,4878097.725791424,114.432,37,1410,1215,737040249272,0
matmul_tiny_loop_L5_r1,1790334046.0870535,4878097.775789518,114.432,37,1410,1215,737040260765,0
matmul_tiny_loop_L5_r1,1790334046.1370552,4878097.825791122,113.293,37,1410,1215,737040260765,0
matmul_tiny_loop_L5_r1,1790334046.1870587,4878097.875794655,113.293,37,1410,1215,737040272204,0
matmul_tiny_loop_L5_r1,1790334046.2370574,4878097.925793619,113.293,37,1410,1215,737040272204,0
matmul_tiny_loop_L5_r1,1790334046.287054,4878097.975790043,113.293,37,1410,1215,737040283660,0
matmul_tiny_loop_L5_r1,1790334046.3370562,4878098.025792326,114.432,37,1410,1215,737040283660,0
matmul_tiny_loop_L5_r1,1790334046.387055,4878098.07579079,114.432,37,1410,1215,737040295188,0
matmul_tiny_loop_L20_r0,1790334048.438228,4878100.126963856,114.432,37,1410,1215,737040524379,0
matmul_tiny_loop_L20_r0,1790334048.48834,4878100.177076129,114.432,37,1410,1215,737040535863,0
matmul_tiny_loop_L20_r0,1790334048.5383427,4878100.227078782,113.411,37,1410,1215,737040535863,0
matmul_tiny_loop_L20_r0,1790334048.5883503,4878100.277086406,113.411,37,1410,1215,737040547288,0
matmul_tiny_loop_L20_r0,1790334048.6383514,4878100.32708743,113.293,37,1410,1215,737040547288,0
matmul_tiny_loop_L20_r0,1790334048.6883495,4878100.377085723,113.293,37,1410,1215,737040558712,0
matmul_tiny_loop_L20_r0,1790334048.7383513,4878100.427087467,113.411,37,1410,1215,737040558712,0
matmul_tiny_loop_L20_r0,1790334048.78835,4878100.477086171,113.411,37,1410,1215,737040570134,0
matmul_tiny_loop_L20_r0,1790334048.8383522,4878100.527088174,113.293,37,1410,1215,737040570134,0
matmul_tiny_loop_L20_r0,1790334048.8883495,4878100.577085618,113.293,37,1410,1215,737040581582,0
matmul_tiny_loop_L20_r0,1790334048.9383516,4878100.627087732,114.432,37,1410,1215,737040581582,0
matmul_tiny_loop_L20_r0,1790334048.9883494,4878100.677085645,114.432,37,1410,1215,737040593078,0
matmul_tiny_loop_L20_r0,1790334049.038354,4878100.727089969,113.293,37,1410,1215,737040593078,0
matmul_tiny_loop_L20_r0,1790334049.088352,4878100.777088083,113.293,37,1410,1215,737040604492,0
matmul_tiny_loop_L20_r0,1790334049.1383514,4878100.827087416,113.293,37,1410,1215,737040604492,0
matmul_tiny_loop_L20_r0,1790334049.188349,4878100.87708519,113.293,37,1410,1215,737040615967,0
matmul_tiny_loop_L20_r0,1790334049.2383502,4878100.927086204,114.432,37,1410,1215,737040615967,0
matmul_tiny_loop_L20_r0,1790334049.2883542,4878100.977090067,114.432,37,1410,1215,737040627474,0
matmul_tiny_loop_L20_r0,1790334049.3383534,4878101.027089431,113.293,37,1410,1215,737040627474,0
matmul_tiny_loop_L20_r0,1790334049.3883524,4878101.077088604,113.293,37,1410,1215,737040638889,0
matmul_tiny_loop_L20_r0,1790334049.4383585,4878101.127094768,113.293,37,1410,1215,737040638889,0
matmul_tiny_loop_L20_r0,1790334049.488349,4878101.177084992,113.293,37,1410,1215,737040650301,0
matmul_tiny_loop_L20_r0,1790334049.5383499,4878101.227086065,113.293,37,1410,1215,737040650301,0
matmul_tiny_loop_L20_r0,1790334049.5883505,4878101.277086769,113.293,37,1410,1215,737040661730,0
matmul_tiny_loop_L20_r0,1790334049.6383524,4878101.327088553,113.293,37,1410,1215,737040661730,0
matmul_tiny_loop_L20_r0,1790334049.68835,4878101.377086087,113.293,37,1410,1215,737040673145,0
matmul_tiny_loop_L20_r0,1790334049.7383497,4878101.42708567,113.411,37,1410,1215,737040673145,0
matmul_tiny_loop_L20_r0,1790334049.788352,4878101.477088204,113.411,37,1410,1215,737040684560,0
matmul_tiny_loop_L20_r0,1790334049.8383498,4878101.527085937,113.293,37,1410,1215,737040684560,0
matmul_tiny_loop_L20_r0,1790334049.8883493,4878101.577085281,113.293,37,1410,1215,737040696010,0
matmul_tiny_loop_L20_r0,1790334049.9383538,4878101.627089785,114.432,37,1410,1215,737040696010,0
matmul_tiny_loop_L20_r0,1790334049.9883502,4878101.677086318,114.432,37,1410,1215,737040707535,0
matmul_tiny_loop_L20_r0,1790334050.038351,4878101.727087342,113.293,37,1410,1215,737040707535,0
matmul_tiny_loop_L20_r0,1790334050.0883465,4878101.777082546,113.293,37,1410,1215,737040718997,0
matmul_tiny_loop_L20_r0,1790334050.1383502,4878101.827086439,114.155,37,1410,1215,737040718997,0
matmul_tiny_loop_L20_r0,1790334050.1883526,4878101.877088583,114.155,37,1410,1215,737040730556,0
matmul_tiny_loop_L20_r0,1790334050.2383535,4878101.927089557,114.432,37,1410,1215,737040730556,0
matmul_tiny_loop_L20_r0,1790334050.2883525,4878101.97708852,114.432,37,1410,1215,737040742058,0
matmul_tiny_loop_L20_r0,1790334050.3383498,4878102.027085884,113.293,37,1410,1215,737040742058,0
matmul_tiny_loop_L20_r0,1790334050.3883514,4878102.077087718,113.293,37,1410,1215,737040753523,0
matmul_tiny_loop_L20_r0,1790334050.4383497,4878102.127085911,114.432,37,1410,1215,737040753523,0
matmul_tiny_loop_L20_r0,1790334050.4883516,4878102.177087575,114.432,37,1410,1215,737040765007,0
matmul_tiny_loop_L20_r0,1790334050.5383503,4878102.227086289,113.293,37,1410,1215,737040765007,0
matmul_tiny_loop_L20_r0,1790334050.5883527,4878102.277088842,113.293,37,1410,1215,737040776451,0
matmul_tiny_loop_L20_r0,1790334050.6383512,4878102.327087296,113.293,37,1410,1215,737040776451,0
matmul_tiny_loop_L20_r0,1790334050.6883504,4878102.37708665,113.293,37,1410,1215,737040787869,0
matmul_tiny_loop_L20_r0,1790334050.7383533,4878102.427089233,113.293,37,1410,1215,737040787869,0
matmul_tiny_loop_L20_r0,1790334050.7883487,4878102.477084947,113.293,37,1410,1215,737040799301,0
matmul_tiny_loop_L20_r0,1790334050.8383577,4878102.527093781,113.293,37,1410,1215,737040799301,0
matmul_tiny_loop_L20_r0,1790334050.8883495,4878102.577085604,113.293,37,1410,1215,737040810751,0
matmul_tiny_loop_L20_r0,1790334050.938353,4878102.627089208,114.432,37,1410,1215,737040810751,0
matmul_tiny_loop_L20_r0,1790334050.9883783,4878102.677114551,114.432,37,1410,1215,737040822270,0
matmul_tiny_loop_L20_r0,1790334051.0383513,4878102.727087515,113.293,37,1410,1215,737040822270,0
matmul_tiny_loop_L20_r0,1790334051.0883524,4878102.777088569,113.293,37,1410,1215,737040833722,0
matmul_tiny_loop_L20_r0,1790334051.1383522,4878102.827088283,114.551,37,1410,1215,737040833722,0
matmul_tiny_loop_L20_r0,1790334051.1883574,4878102.877093316,114.551,37,1410,1215,737040845211,0
matmul_tiny_loop_L20_r0,1790334051.2383525,4878102.9270889,113.293,37,1410,1215,737040845211,0
matmul_tiny_loop_L20_r0,1790334051.288355,4878102.977091183,113.293,37,1410,1215,737040856653,0
matmul_tiny_loop_L20_r0,1790334051.3383546,4878103.027090817,113.411,37,1410,1215,737040856653,0
matmul_tiny_loop_L20_r0,1790334051.3883495,4878103.077085711,113.411,37,1410,1215,737040868129,0
matmul_tiny_loop_L20_r0,1790334051.438351,4878103.127086834,114.432,37,1410,1215,737040868129,0
matmul_tiny_loop_L20_r0,1790334051.4883525,4878103.177088698,114.432,37,1410,1215,737040868129,0
matmul_tiny_loop_L20_r0,1790334051.538353,4878103.227088982,114.432,37,1410,1215,737040879794,0
matmul_tiny_loop_L20_r0,1790334051.5883508,4878103.277086945,114.432,37,1410,1215,737040879794,0
matmul_tiny_loop_L20_r0,1790334051.6383545,4878103.327090639,113.293,37,1410,1215,737040891244,0
matmul_tiny_loop_L20_r0,1790334051.6883502,4878103.377086213,113.293,37,1410,1215,737040891244,0
matmul_tiny_loop_L20_r0,1790334051.7383533,4878103.427089246,114.432,37,1410,1215,737040902642,0
matmul_tiny_loop_L20_r0,1790334051.7883544,4878103.47709037,114.432,37,1410,1215,737040902642,0
matmul_tiny_loop_L20_r0,1790334051.8383505,4878103.527086844,113.293,37,1410,1215,737040914122,0
matmul_tiny_loop_L20_r0,1790334051.8883498,4878103.577085837,113.293,37,1410,1215,737040914122,0
matmul_tiny_loop_L20_r0,1790334051.9383507,4878103.627086611,114.432,37,1410,1215,737040925595,0
matmul_tiny_loop_L20_r0,1790334051.9883528,4878103.677088845,114.432,37,1410,1215,737040925595,0
matmul_tiny_loop_L20_r0,1790334052.0383515,4878103.727087708,113.293,37,1410,1215,737040937090,0
matmul_tiny_loop_L20_r0,1790334052.08835,4878103.777085922,113.293,37,1410,1215,737040937090,0
matmul_tiny_loop_L20_r0,1790334052.138353,4878103.827089316,114.432,37,1410,1215,737040948527,0
matmul_tiny_loop_L20_r0,1790334052.1883526,4878103.877088719,114.432,37,1410,1215,737040948527,0
matmul_tiny_loop_L20_r0,1790334052.2383537,4878103.927089613,114.432,37,1410,1215,737040960080,0
matmul_tiny_loop_L20_r0,1790334052.2883487,4878103.977084797,114.432,37,1410,1215,737040960080,0
matmul_tiny_loop_L20_r0,1790334052.338357,4878104.02709315,113.293,37,1410,1215,737040971578,0
matmul_tiny_loop_L20_r0,1790334052.3883522,4878104.077088494,113.293,37,1410,1215,737040971578,0
matmul_tiny_loop_L20_r0,1790334052.4383523,4878104.127088418,114.432,37,1410,1215,737040983043,0
matmul_tiny_loop_L20_r0,1790334052.4883523,4878104.177088511,114.432,37,1410,1215,737040983043,0
matmul_tiny_loop_L20_r0,1790334052.5383554,4878104.227091635,113.293,37,1410,1215,737040994527,0
matmul_tiny_loop_L20_r0,1790334052.588353,4878104.277089128,113.293,37,1410,1215,737040994527,0
matmul_tiny_loop_L20_r0,1790334052.6383502,4878104.327086332,114.432,37,1410,1215,737041005992,0
matmul_tiny_loop_L20_r0,1790334052.68835,4878104.377086116,114.432,37,1410,1215,737041005992,0
matmul_tiny_loop_L20_r0,1790334052.7383533,4878104.42708933,114.432,37,1410,1215,737041017530,0
matmul_tiny_loop_L20_r0,1790334052.7883518,4878104.477087893,114.432,37,1410,1215,737041017530,0
matmul_tiny_loop_L20_r0,1790334052.8383508,4878104.527087037,113.293,37,1410,1215,737041029038,0
matmul_tiny_loop_L20_r0,1790334052.8883502,4878104.57708616,113.293,37,1410,1215,737041029038,0
matmul_tiny_loop_L20_r0,1790334052.9383528,4878104.627089114,113.293,37,1410,1215,737041040476,0
matmul_tiny_loop_L20_r0,1790334052.9883525,4878104.677088438,113.293,37,1410,1215,737041040476,0
matmul_tiny_loop_L20_r0,1790334053.0383503,4878104.727086411,113.293,37,1410,1215,737041051916,0
matmul_tiny_loop_L20_r0,1790334053.088349,4878104.777085215,113.293,37,1410,1215,737041051916,0
matmul_tiny_loop_L20_r0,1790334053.138354,4878104.827090239,114.432,37,1410,1215,737041063353,0
matmul_tiny_loop_L20_r0,1790334053.18835,4878104.877086152,114.432,37,1410,1215,737041063353,0
matmul_tiny_loop_L20_r0,1790334053.2383506,4878104.927086776,114.432,37,1410,1215,737041074887,0
matmul_tiny_loop_L20_r0,1790334053.288352,4878104.97708809,114.432,37,1410,1215,737041074887,0
matmul_tiny_loop_L20_r0,1790334053.3383505,4878105.027086633,113.293,37,1410,1215,737041086402,0
matmul_tiny_loop_L20_r0,1790334053.3883786,4878105.077114917,113.293,37,1410,1215,737041086402,0
matmul_tiny_loop_L20_r0,1790334053.4383497,4878105.127085941,114.551,37,1410,1215,737041097859,0
matmul_tiny_loop_L20_r0,1790334053.4883513,4878105.177087484,114.551,37,1410,1215,737041097859,0
matmul_tiny_loop_L20_r0,1790334053.5383549,4878105.227090998,114.432,37,1410,1215,737041109388,0
matmul_tiny_loop_L20_r0,1790334053.588352,4878105.277088162,114.432,37,1410,1215,737041109388,0
matmul_tiny_loop_L20_r0,1790334053.6383502,4878105.327086565,113.293,37,1410,1215,737041120893,0
matmul_tiny_loop_L20_r0,1790334053.6883507,4878105.377086889,113.293,37,1410,1215,737041120893,0
matmul_tiny_loop_L20_r0,1790334053.7383533,4878105.427089243,114.551,37,1410,1215,737041132346,0
matmul_tiny_loop_L20_r0,1790334053.78835,4878105.477086346,114.551,37,1410,1215,737041132346,0
matmul_tiny_loop_L20_r0,1790334053.8383522,4878105.52708809,113.411,37,1410,1215,737041143854,0
matmul_tiny_loop_L20_r0,1790334053.888351,4878105.577086894,113.411,37,1410,1215,737041143854,0
matmul_tiny_loop_L20_r0,1790334053.938355,4878105.627091047,114.432,37,1410,1215,737041155331,0
matmul_tiny_loop_L20_r0,1790334053.9883523,4878105.677088181,114.432,37,1410,1215,737041155331,0
matmul_tiny_loop_L20_r0,1790334054.0383496,4878105.727085655,114.432,37,1410,1215,737041166873,0
matmul_tiny_loop_L20_r0,1790334054.0883508,4878105.777086818,114.432,37,1410,1215,737041166873,0
matmul_tiny_loop_L20_r0,1790334054.1383526,4878105.827088812,114.432,37,1410,1215,737041178404,0
matmul_tiny_loop_L20_r0,1790334054.1883512,4878105.877087386,114.432,37,1410,1215,737041178404,0
matmul_tiny_loop_L20_r0,1790334054.2383504,4878105.927086319,114.432,37,1410,1215,737041189945,0
matmul_tiny_loop_L20_r0,1790334054.288357,4878105.977093103,114.432,37,1410,1215,737041189945,0
matmul_tiny_loop_L20_r0,1790334054.338352,4878106.027087967,114.432,37,1410,1215,737041201499,0
matmul_tiny_loop_L20_r0,1790334054.3883502,4878106.07708644,114.432,37,1410,1215,737041201499,0
matmul_tiny_loop_L20_r0,1790334054.4383504,4878106.127086354,114.432,37,1410,1215,737041213021,0
matmul_tiny_loop_L20_r0,1790334054.488352,4878106.177088227,114.432,37,1410,1215,737041213021,0
matmul_tiny_loop_L20_r0,1790334054.5383499,4878106.227085951,114.432,37,1410,1215,737041224552,0
matmul_tiny_loop_L20_r0,1790334054.5883553,4878106.277091465,114.432,37,1410,1215,737041224552,0
matmul_tiny_loop_L20_r0,1790334054.6383522,4878106.327088158,113.293,37,1410,1215,737041236064,0
matmul_tiny_loop_L20_r0,1790334054.6883528,4878106.377088882,113.293,37,1410,1215,737041236064,0
matmul_tiny_loop_L20_r0,1790334054.7383504,4878106.427086346,113.411,37,1410,1215,737041247471,0
matmul_tiny_loop_L20_r0,1790334054.7883568,4878106.477092859,113.411,37,1410,1215,737041247471,0
matmul_tiny_loop_L20_r0,1790334054.8383505,4878106.527086543,114.432,37,1410,1215,737041258930,0
matmul_tiny_loop_L20_r0,1790334054.888354,4878106.577090147,114.432,37,1410,1215,737041258930,0
matmul_tiny_loop_L20_r0,1790334054.938351,4878106.62708684,113.293,37,1410,1215,737041270433,0
matmul_tiny_loop_L20_r0,1790334054.9883568,4878106.677093084,113.293,37,1410,1215,737041270433,0
matmul_tiny_loop_L20_r0,1790334055.03835,4878106.727086258,114.551,37,1410,1215,737041281884,0
matmul_tiny_loop_L20_r0,1790334055.0883496,4878106.777085751,114.551,37,1410,1215,737041281884,0
matmul_tiny_loop_L20_r0,1790334055.138352,4878106.827088095,114.432,37,1410,1215,737041293409,0
matmul_tiny_loop_L20_r0,1790334055.1883502,4878106.877086199,114.432,37,1410,1215,737041293409,0
matmul_tiny_loop_L20_r0,1790334055.2383502,4878106.927086232,113.293,37,1410,1215,737041304945,0
matmul_tiny_loop_L20_r0,1790334055.288349,4878106.977084836,113.293,37,1410,1215,737041304945,0
matmul_tiny_loop_L20_r0,1790334055.338353,4878107.02708894,114.432,37,1410,1215,737041316377,0
matmul_tiny_loop_L20_r0,1790334055.388352,4878107.077088083,114.432,37,1410,1215,737041316377,0
matmul_tiny_loop_L20_r0,1790334055.4383507,4878107.127086657,114.432,37,1410,1215,737041327964,0
matmul_tiny_loop_L20_r0,1790334055.4883494,4878107.177085571,114.432,37,1410,1215,737041327964,0
matmul_tiny_loop_L20_r0,1790334055.5383534,4878107.227089404,113.293,37,1410,1215,737041339397,0
matmul_tiny_loop_L20_r0,1790334055.588349,4878107.277085308,113.293,37,1410,1215,737041339397,0
matmul_tiny_loop_L20_r0,1790334055.6383529,4878107.327088872,114.551,37,1410,1215,737041351017,0
matmul_tiny_loop_L20_r0,1790334055.6883526,4878107.377088565,114.551,37,1410,1215,737041351017,0
matmul_tiny_loop_L20_r0,1790334055.7383535,4878107.427089469,113.293,37,1410,1215,737041362310,0
matmul_tiny_loop_L20_r0,1790334055.7883565,4878107.477092683,113.293,37,1410,1215,737041362310,0
matmul_tiny_loop_L20_r0,1790334055.8383522,4878107.527088276,113.293,37,1410,1215,737041373777,0
matmul_tiny_loop_L20_r0,1790334055.8883522,4878107.57708841,113.293,37,1410,1215,737041373777,0
matmul_tiny_loop_L20_r0,1790334055.9383528,4878107.627089054,114.432,37,1410,1215,737041385259,0
matmul_tiny_loop_L20_r0,1790334055.9883525,4878107.677088567,114.432,37,1410,1215,737041385259,0
matmul_tiny_loop_L20_r0,1790334056.0383508,4878107.727087021,113.562,37,1410,1215,737041396742,0
matmul_tiny_loop_L20_r0,1790334056.0883489,4878107.777084995,113.562,37,1410,1215,737041396742,0
matmul_tiny_loop_L20_r0,1790334056.138354,4878107.827090268,114.432,37,1410,1215,737041408268,0
matmul_tiny_loop_L20_r0,1790334056.188352,4878107.877088232,114.432,37,1410,1215,737041408268,0
matmul_tiny_loop_L20_r0,1790334056.238353,4878107.927088996,114.432,37,1410,1215,737041419822,0
matmul_tiny_loop_L20_r0,1790334056.2883513,4878107.977087309,114.432,37,1410,1215,737041419822,0
matmul_tiny_loop_L20_r0,1790334056.338351,4878108.027087333,114.551,37,1410,1215,737041431365,0
matmul_tiny_loop_L20_r0,1790334056.3883538,4878108.077089796,114.551,37,1410,1215,737041431365,0
matmul_tiny_loop_L20_r0,1790334056.4383528,4878108.12708901,114.432,37,1410,1215,737041442909,0
matmul_tiny_loop_L20_r0,1790334056.488354,4878108.177090074,114.432,37,1410,1215,737041442909,0
matmul_tiny_loop_L20_r0,1790334056.538353,4878108.227088997,114.432,37,1410,1215,737041454396,0
matmul_tiny_loop_L20_r0,1790334056.588352,4878108.277088111,114.432,37,1410,1215,737041454396,0
matmul_tiny_loop_L20_r0,1790334056.638352,4878108.327087995,113.411,37,1410,1215,737041465870,0
matmul_tiny_loop_L20_r0,1790334056.688353,4878108.377089038,113.411,37,1410,1215,737041465870,0
matmul_tiny_loop_L20_r0,1790334056.7383523,4878108.427088572,114.432,37,1410,1215,737041477401,0
matmul_tiny_loop_L20_r0,1790334056.7883525,4878108.477088476,114.432,37,1410,1215,737041477401,0
matmul_tiny_loop_L20_r0,1790334056.8383539,4878108.527090109,114.551,37,1410,1215,737041488943,0
matmul_tiny_loop_L20_r0,1790334056.8883502,4878108.577086273,114.551,37,1410,1215,737041488943,0
matmul_tiny_loop_L20_r0,1790334056.9383578,4878108.627093787,114.432,37,1410,1215,737041500468,0
matmul_tiny_loop_L20_r0,1790334056.9883497,4878108.67708576,114.432,37,1410,1215,737041500468,0
matmul_tiny_loop_L20_r0,1790334057.0383534,4878108.727089594,114.432,37,1410,1215,737041512017,0
matmul_tiny_loop_L20_r0,1790334057.0883508,4878108.777086868,114.432,37,1410,1215,737041512017,0
matmul_tiny_loop_L20_r0,1790334057.1383557,4878108.827091881,114.432,37,1410,1215,737041523511,0
matmul_tiny_loop_L20_r0,1790334057.1883495,4878108.877085555,114.432,37,1410,1215,737041523511,0
matmul_tiny_loop_L20_r0,1790334057.2383509,4878108.927086949,113.293,37,1410,1215,737041523511,0
matmul_tiny_loop_L20_r0,1790334057.2883487,4878108.977084842,113.293,37,1410,1215,737041535111,0
matmul_tiny_loop_L20_r0,1790334057.3383524,4878109.027088416,113.293,37,1410,1215,737041535111,0
matmul_tiny_loop_L20_r0,1790334057.3883824,4878109.077118509,113.293,37,1410,1215,737041546608,0
matmul_tiny_loop_L20_r0,1790334057.4383533,4878109.127089413,114.432,37,1410,1215,737041546608,0
matmul_tiny_loop_L20_r0,1790334057.4883518,4878109.177087757,114.432,37,1410,1215,737041558064,0
matmul_tiny_loop_L20_r0,1790334057.5383492,4878109.227085141,114.551,37,1410,1215,737041558064,0
matmul_tiny_loop_L20_r0,1790334057.5883503,4878109.277086324,114.551,37,1410,1215,737041569505,0
matmul_tiny_loop_L20_r0,1790334057.6383562,4878109.327092458,114.432,37,1410,1215,737041569505,0
matmul_tiny_loop_L20_r0,1790334057.6883502,4878109.377086452,114.432,37,1410,1215,737041581003,0
matmul_tiny_loop_L20_r0,1790334057.738351,4878109.427087205,114.432,37,1410,1215,737041581003,0
matmul_tiny_loop_L20_r0,1790334057.7883506,4878109.477086439,114.432,37,1410,1215,737041592519,0
matmul_tiny_loop_L20_r0,1790334057.838351,4878109.527087283,114.432,37,1410,1215,737041592519,0
matmul_tiny_loop_L20_r0,1790334057.8883533,4878109.577089276,114.432,37,1410,1215,737041604033,0
matmul_tiny_loop_L20_r0,1790334057.9383504,4878109.62708636,113.293,37,1410,1215,737041604033,0
matmul_tiny_loop_L20_r0,1790334057.9883525,4878109.677088743,113.293,37,1410,1215,737041615482,0
matmul_tiny_loop_L20_r0,1790334058.038352,4878109.727088267,114.432,37,1410,1215,737041615482,0
matmul_tiny_loop_L20_r0,1790334058.0883522,4878109.777088281,114.432,37,1410,1215,737041627035,0
matmul_tiny_loop_L20_r0,1790334058.1383498,4878109.827085815,114.432,37,1410,1215,737041627035,0
matmul_tiny_loop_L20_r0,1790334058.1883805,4878109.877116358,114.432,37,1410,1215,737041638562,0
matmul_tiny_loop_L20_r0,1790334058.2383497,4878109.927085532,114.432,37,1410,1215,737041638562,0
matmul_tiny_loop_L20_r0,1790334058.2883525,4878109.977088765,114.432,37,1410,1215,737041650077,0
matmul_tiny_loop_L20_r0,1790334058.3383496,4878110.027085609,113.293,37,1410,1215,737041650077,0
matmul_tiny_loop_L20_r0,1790334058.388355,4878110.077091273,113.293,37,1410,1215,737041661574,0
matmul_tiny_loop_L20_r0,1790334058.4383514,4878110.127087566,113.293,37,1410,1215,737041661574,0
matmul_tiny_loop_L20_r0,1790334058.48835,4878110.17708599,113.293,37,1410,1215,737041673058,0
matmul_tiny_loop_L20_r0,1790334058.538355,4878110.227091254,114.432,37,1410,1215,737041673058,0
matmul_tiny_loop_L20_r0,1790334058.5883555,4878110.277091727,114.432,37,1410,1215,737041684574,0
matmul_tiny_loop_L20_r0,1790334058.638351,4878110.327086901,113.293,37,1410,1215,737041684574,0
matmul_tiny_loop_L20_r0,1790334058.6883535,4878110.377089725,113.293,37,1410,1215,737041695948,0
matmul_tiny_loop_L20_r0,1790334058.7383533,4878110.427089248,113.293,37,1410,1215,737041695948,0
matmul_tiny_loop_L20_r0,1790334058.7883513,4878110.477087372,113.293,37,1410,1215,737041707423,0
matmul_tiny_loop_L20_r0,1790334058.8383536,4878110.527089766,114.432,37,1410,1215,737041707423,0
matmul_tiny_loop_L20_r0,1790334058.8883505,4878110.577086539,114.432,37,1410,1215,737041718966,0
matmul_tiny_loop_L20_r0,1790334058.9383507,4878110.627086653,114.432,37,1410,1215,737041718966,0
matmul_tiny_loop_L20_r0,1790334058.9883852,4878110.677121366,114.432,37,1410,1215,737041730485,0
matmul_tiny_loop_L20_r0,1790334059.0383513,4878110.72708742,114.551,37,1410,1215,737041730485,0
matmul_tiny_loop_L20_r0,1790334059.0883524,4878110.777088514,114.551,37,1410,1215,737041742034,0
matmul_tiny_loop_L20_r0,1790334059.1383607,4878110.827097037,114.432,37,1410,1215,737041742034,0
matmul_tiny_loop_L20_r0,1790334059.188357,4878110.877093211,114.432,37,1410,1215,737041753557,0
matmul_tiny_loop_L20_r0,1790334059.2383513,4878110.927087385,114.432,37,1410,1215,737041753557,0
matmul_tiny_loop_L20_r0,1790334059.2883523,4878110.977088319,114.432,37,1410,1215,737041765100,0
matmul_tiny_loop_L20_r0,1790334059.3383517,4878111.027087652,114.432,37,1410,1215,737041765100,0
matmul_tiny_loop_L20_r0,1790334059.3883529,4878111.077088766,114.432,37,1410,1215,737041776642,0
matmul_tiny_loop_L20_r0,1790334059.438354,4878111.127090019,114.432,37,1410,1215,737041776642,0
matmul_tiny_loop_L20_r0,1790334059.4883528,4878111.177088973,114.432,37,1410,1215,737041788147,0
matmul_tiny_loop_L20_r0,1790334059.5383596,4878111.227095667,113.293,37,1410,1215,737041788147,0
matmul_tiny_loop_L20_r0,1790334059.588352,4878111.27708795,113.293,37,1410,1215,737041799618,0
matmul_tiny_loop_L20_r0,1790334059.638352,4878111.327088074,114.432,37,1410,1215,737041799618,0
matmul_tiny_loop_L20_r0,1790334059.6883557,4878111.377091738,114.432,37,1410,1215,737041811159,0
matmul_tiny_loop_L20_r0,1790334059.7383544,4878111.427090441,114.432,37,1410,1215,737041811159,0
matmul_tiny_loop_L20_r0,1790334059.7883513,4878111.477087355,114.432,37,1410,1215,737041822671,0
matmul_tiny_loop_L20_r0,1790334059.8383524,4878111.527088419,114.432,37,1410,1215,737041822671,0
matmul_tiny_loop_L20_r0,1790334059.888355,4878111.577091062,114.432,37,1410,1215,737041834220,0
matmul_tiny_loop_L20_r0,1790334059.938354,4878111.627090036,114.432,37,1410,1215,737041834220,0
matmul_tiny_loop_L20_r0,1790334059.9883525,4878111.67708848,114.432,37,1410,1215,737041845742,0
matmul_tiny_loop_L20_r0,1790334060.038354,4878111.727089993,114.432,37,1410,1215,737041845742,0
matmul_tiny_loop_L20_r0,1790334060.0883527,4878111.777088877,114.432,37,1410,1215,737041857259,0
matmul_tiny_loop_L20_r0,1790334060.1383529,4878111.827088981,114.432,37,1410,1215,737041857259,0
matmul_tiny_loop_L20_r0,1790334060.188354,4878111.877090294,114.432,37,1410,1215,737041868753,0
matmul_tiny_loop_L20_r0,1790334060.2383537,4878111.927089738,113.411,37,1410,1215,737041868753,0
matmul_tiny_loop_L20_r0,1790334060.2883584,4878111.977094392,113.411,37,1410,1215,737041880232,0
matmul_tiny_loop_L20_r0,1790334060.3383517,4878112.027087675,114.432,37,1410,1215,737041880232,0
matmul_tiny_loop_L20_r0,1790334060.388352,4878112.077088149,114.432,37,1410,1215,737041891759,0
matmul_tiny_loop_L20_r0,1790334060.4383516,4878112.127087683,114.551,37,1410,1215,737041891759,0
matmul_tiny_loop_L20_r0,1790334060.4883528,4878112.177088986,114.551,37,1410,1215,737041903262,0
matmul_tiny_loop_L20_r0,1790334060.5383537,4878112.22708974,113.293,37,1410,1215,737041903262,0
matmul_tiny_loop_L20_r0,1790334060.588357,4878112.277092994,113.293,37,1410,1215,737041914719,0
matmul_tiny_loop_L20_r0,1790334060.6383495,4878112.327085557,114.432,37,1410,1215,737041914719,0
matmul_tiny_loop_L20_r0,1790334060.6883504,4878112.377086551,114.432,37,1410,1215,737041926264,0
matmul_tiny_loop_L20_r0,1790334060.7383506,4878112.427086615,114.432,37,1410,1215,737041926264,0
matmul_tiny_loop_L20_r0,1790334060.7883523,4878112.477088288,114.432,37,1410,1215,737041937786,0
matmul_tiny_loop_L20_r0,1790334060.8383527,4878112.527088682,114.432,37,1410,1215,737041937786,0
matmul_tiny_loop_L20_r0,1790334060.8883505,4878112.577086586,114.432,37,1410,1215,737041949326,0
matmul_tiny_loop_L20_r0,1790334060.9383526,4878112.627088819,114.432,37,1410,1215,737041949326,0
matmul_tiny_loop_L20_r0,1790334060.9883513,4878112.677087253,114.432,37,1410,1215,737041960823,0
matmul_tiny_loop_L20_r0,1790334061.0383525,4878112.727088316,113.293,37,1410,1215,737041960823,0
matmul_tiny_loop_L20_r0,1790334061.0883527,4878112.7770887,113.293,37,1410,1215,737041972308,0
matmul_tiny_loop_L20_r0,1790334061.1383517,4878112.827087784,114.432,37,1410,1215,737041972308,0
matmul_tiny_loop_L20_r0,1790334061.1883504,4878112.877086608,114.432,37,1410,1215,737041983837,0
matmul_tiny_loop_L20_r0,1790334061.238355,4878112.927091121,114.432,37,1410,1215,737041983837,0
matmul_tiny_loop_L20_r0,1790334061.2883523,4878112.977088175,114.432,37,1410,1215,737041995378,0
matmul_tiny_loop_L20_r0,1790334061.3383503,4878113.027086299,113.562,37,1410,1215,737041995378,0
matmul_tiny_loop_L20_r0,1790334061.38835,4878113.077085902,113.562,37,1410,1215,737042006803,0
matmul_tiny_loop_L20_r0,1790334061.438352,4878113.127088096,113.293,37,1410,1215,737042006803,0
matmul_tiny_loop_L20_r0,1790334061.4883509,4878113.177086939,113.293,37,1410,1215,737042018289,0
matmul_tiny_loop_L20_r0,1790334061.53835,4878113.227086223,114.432,37,1410,1215,737042018289,0
matmul_tiny_loop_L20_r0,1790334061.5883508,4878113.277086937,114.432,37,1410,1215,737042029831,0
matmul_tiny_loop_L20_r0,1790334061.6383853,4878113.32712162,114.432,37,1410,1215,737042029831,0
matmul_tiny_loop_L20_r0,1790334061.6883523,4878113.377088304,114.432,37,1410,1215,737042041353,0
matmul_tiny_loop_L20_r0,1790334061.7383537,4878113.427089788,113.411,37,1410,1215,737042041353,0
matmul_tiny_loop_L20_r0,1790334061.7883499,4878113.477086171,113.411,37,1410,1215,737042052776,0
matmul_tiny_loop_L20_r0,1790334061.8383512,4878113.527087565,113.411,37,1410,1215,737042052776,0
matmul_tiny_loop_L20_r0,1790334061.8883517,4878113.577087769,113.411,37,1410,1215,737042064207,0
matmul_tiny_loop_L20_r0,1790334061.938351,4878113.627086872,113.411,37,1410,1215,737042064207,0
matmul_tiny_loop_L20_r0,1790334061.9883523,4878113.677088436,113.411,37,1410,1215,737042075657,0
matmul_tiny_loop_L20_r0,1790334062.0383532,4878113.72708924,114.432,37,1410,1215,737042075657,0
matmul_tiny_loop_L20_r0,1790334062.0883527,4878113.777088883,114.432,37,1410,1215,737042087158,0
matmul_tiny_loop_L20_r0,1790334062.1383536,4878113.827089747,113.293,37,1410,1215,737042087158,0
matmul_tiny_loop_L20_r0,1790334062.188349,4878113.877084981,113.293,37,1410,1215,737042098607,0
matmul_tiny_loop_L20_r0,1790334062.2383502,4878113.927086264,114.432,37,1410,1215,737042098607,0
matmul_tiny_loop_L20_r0,1790334062.2883513,4878113.977087438,114.432,37,1410,1215,737042110173,0
matmul_tiny_loop_L20_r0,1790334062.3383527,4878114.027088892,114.432,37,1410,1215,737042110173,0
matmul_tiny_loop_L20_r0,1790334062.3883543,4878114.077090355,114.432,37,1410,1215,737042121662,0
matmul_tiny_loop_L20_r0,1790334062.4383538,4878114.127089889,113.293,37,1410,1215,737042121662,0
matmul_tiny_loop_L20_r0,1790334062.4883568,4878114.177093013,113.293,37,1410,1215,737042133153,0
matmul_tiny_loop_L20_r0,1790334062.5383513,4878114.227087516,114.432,37,1410,1215,737042133153,0
matmul_tiny_loop_L20_r0,1790334062.5883493,4878114.27708561,114.432,37,1410,1215,737042144692,0
matmul_tiny_loop_L20_r0,1790334062.6383522,4878114.327088164,114.432,37,1410,1215,737042144692,0
matmul_tiny_loop_L20_r0,1790334062.68835,4878114.377086127,114.432,37,1410,1215,737042156202,0
matmul_tiny_loop_L20_r0,1790334062.7383523,4878114.427088431,113.293,37,1410,1215,737042156202,0
matmul_tiny_loop_L20_r0,1790334062.7883499,4878114.477086065,113.293,37,1410,1215,737042167680,0
matmul_tiny_loop_L20_r0,1790334062.8383524,4878114.527088618,114.432,37,1410,1215,737042167680,0
matmul_tiny_loop_L20_r0,1790334062.8883502,4878114.577086292,114.432,37,1410,1215,737042179237,0
matmul_tiny_loop_L20_r0,1790334062.9383538,4878114.627089935,114.432,37,1410,1215,737042179237,0
matmul_tiny_loop_L20_r0,1790334062.98835,4878114.677086039,114.432,37,1410,1215,737042179237,0
matmul_tiny_loop_L20_r0,1790334063.0383496,4878114.727085813,113.411,37,1410,1215,737042190920,0
matmul_tiny_loop_L20_r0,1790334063.0883505,4878114.777086626,113.411,37,1410,1215,737042190920,0
matmul_tiny_loop_L20_r0,1790334063.1383536,4878114.82708971,113.293,37,1410,1215,737042202253,0
matmul_tiny_loop_L20_r0,1790334063.1883578,4878114.877094024,113.293,37,1410,1215,737042202253,0
matmul_tiny_loop_L20_r0,1790334063.2383513,4878114.927087478,113.293,37,1410,1215,737042213585,0
matmul_tiny_loop_L20_r0,1790334063.288349,4878114.977085001,113.293,37,1410,1215,737042213585,0
matmul_tiny_loop_L20_r0,1790334063.3383572,4878115.027093325,113.293,37,1410,1215,737042225015,0
matmul_tiny_loop_L20_r0,1790334063.3883533,4878115.077089398,113.293,37,1410,1215,737042225015,0
matmul_tiny_loop_L20_r0,1790334063.4383526,4878115.127088952,113.293,37,1410,1215,737042236439,0
matmul_tiny_loop_L20_r0,1790334063.4883497,4878115.177085846,113.293,37,1410,1215,737042236439,0
matmul_tiny_loop_L20_r0,1790334063.5383525,4878115.227088529,113.293,37,1410,1215,737042247884,0
matmul_tiny_loop_L20_r0,1790334063.5883496,4878115.277085903,113.293,37,1410,1215,737042247884,0
matmul_tiny_loop_L20_r0,1790334063.6383524,4878115.327088417,113.293,37,1410,1215,737042259311,0
matmul_tiny_loop_L20_r0,1790334063.6883497,4878115.37708586,113.293,37,1410,1215,737042259311,0
matmul_tiny_loop_L20_r0,1790334063.738353,4878115.427089044,113.293,37,1410,1215,737042270736,0
matmul_tiny_loop_L20_r0,1790334063.788348,4878115.477083998,113.293,37,1410,1215,737042270736,0
matmul_tiny_loop_L20_r0,1790334063.8383498,4878115.527085971,113.293,37,1410,1215,737042282163,0
matmul_tiny_loop_L20_r0,1790334063.8883545,4878115.577090705,113.293,37,1410,1215,737042282163,0
matmul_tiny_loop_L20_r0,1790334063.9383533,4878115.627089649,113.293,37,1410,1215,737042293596,0
matmul_tiny_loop_L20_r0,1790334063.9883535,4878115.677089752,113.293,37,1410,1215,737042293596,0
matmul_tiny_loop_L20_r0,1790334064.0383527,4878115.727088886,113.411,37,1410,1215,737042305017,0
matmul_tiny_loop_L20_r0,1790334064.088349,4878115.77708532,113.411,37,1410,1215,737042305017,0
matmul_tiny_loop_L20_r0,1790334064.1383529,4878115.827089143,113.293,37,1410,1215,737042316443,0
matmul_tiny_loop_L20_r0,1790334064.188357,4878115.877093247,113.293,37,1410,1215,737042316443,0
matmul_tiny_loop_L20_r0,1790334064.2383525,4878115.927088601,113.293,37,1410,1215,737042327847,0
matmul_tiny_loop_L20_r0,1790334064.2883506,4878115.977086414,113.293,37,1410,1215,737042327847,0
matmul_tiny_loop_L20_r0,1790334064.338353,4878116.027089128,113.411,37,1410,1215,737042339288,0
matmul_tiny_loop_L20_r0,1790334064.3883538,4878116.077089982,113.411,37,1410,1215,737042339288,0
matmul_tiny_loop_L20_r0,1790334064.4383528,4878116.127089015,113.411,37,1410,1215,737042350724,0
matmul_tiny_loop_L20_r0,1790334064.488355,4878116.177090789,113.411,37,1410,1215,737042350724,0
matmul_tiny_loop_L20_r0,1790334064.5383532,4878116.227089212,113.411,37,1410,1215,737042362169,0
matmul_tiny_loop_L20_r0,1790334064.5883572,4878116.277093076,113.411,37,1410,1215,737042362169,0
matmul_tiny_loop_L20_r0,1790334064.638352,4878116.32708788,113.293,37,1410,1215,737042373591,0
matmul_tiny_loop_L20_r0,1790334064.688351,4878116.377087034,113.293,37,1410,1215,737042373591,0
matmul_tiny_loop_L20_r0,1790334064.7383518,4878116.427087997,113.411,37,1410,1215,737042384808,0
matmul_tiny_loop_L20_r0,1790334064.7883492,4878116.477085311,113.411,37,1410,1215,737042384808,0
matmul_tiny_loop_L20_r0,1790334064.8383582,4878116.527094544,113.293,37,1410,1215,737042396229,0
matmul_tiny_loop_L20_r0,1790334064.8883538,4878116.577089868,113.293,37,1410,1215,737042396229,0
matmul_tiny_loop_L20_r0,1790334064.9383528,4878116.627088842,113.293,37,1410,1215,737042407672,0
matmul_tiny_loop_L20_r0,1790334064.9883494,4878116.677085465,113.293,37,1410,1215,737042407672,0
matmul_tiny_loop_L20_r0,1790334065.0383577,4878116.727093939,113.293,37,1410,1215,737042419083,0
matmul_tiny_loop_L20_r0,1790334065.0883496,4878116.777085873,113.293,37,1410,1215,737042419083,0
matmul_tiny_loop_L20_r0,1790334065.1383533,4878116.827089336,113.293,37,1410,1215,737042430519,0
matmul_tiny_loop_L20_r0,1790334065.1883526,4878116.87708867,113.293,37,1410,1215,737042430519,0
matmul_tiny_loop_L20_r0,1790334065.2383556,4878116.927091814,113.293,37,1410,1215,737042441933,0
matmul_tiny_loop_L20_r0,1790334065.2883546,4878116.977090517,113.293,37,1410,1215,737042441933,0
matmul_tiny_loop_L20_r0,1790334065.3383572,4878117.027093451,113.293,37,1410,1215,737042453359,0
matmul_tiny_loop_L20_r0,1790334065.388353,4878117.077089125,113.293,37,1410,1215,737042453359,0
matmul_tiny_loop_L20_r0,1790334065.4383516,4878117.127087828,113.293,37,1410,1215,737042464790,0
matmul_tiny_loop_L20_r0,1790334065.4883504,4878117.177086532,113.293,37,1410,1215,737042464790,0
matmul_tiny_loop_L20_r0,1790334065.5383584,4878117.227094536,113.293,37,1410,1215,737042476222,0
matmul_tiny_loop_L20_r0,1790334065.5883534,4878117.277089319,113.293,37,1410,1215,737042476222,0
matmul_tiny_loop_L20_r0,1790334065.6383588,4878117.327094773,113.411,37,1410,1215,737042487641,0
matmul_tiny_loop_L20_r0,1790334065.6883526,4878117.377088687,113.411,37,1410,1215,737042487641,0
matmul_tiny_loop_L20_r0,1790334065.738349,4878117.42708499,113.411,37,1410,1215,737042499049,0
matmul_tiny_loop_L20_r0,1790334065.7883515,4878117.477087614,113.411,37,1410,1215,737042499049,0
matmul_tiny_loop_L20_r0,1790334065.838351,4878117.527087218,113.293,37,1410,1215,737042510466,0
matmul_tiny_loop_L20_r0,1790334065.8883524,4878117.577088771,113.293,37,1410,1215,737042510466,0
matmul_tiny_loop_L20_r0,1790334065.9383543,4878117.627090365,113.411,37,1410,1215,737042521875,0
matmul_tiny_loop_L20_r0,1790334065.9883566,4878117.677092729,113.411,37,1410,1215,737042521875,0
matmul_tiny_loop_L20_r0,1790334066.0383499,4878117.727085872,113.293,37,1410,1215,737042533279,0
matmul_tiny_loop_L20_r0,1790334066.0883486,4878117.777084886,113.293,37,1410,1215,737042533279,0
matmul_tiny_loop_L20_r0,1790334066.1383524,4878117.82708849,113.411,37,1410,1215,737042544705,0
matmul_tiny_loop_L20_r0,1790334066.1883523,4878117.877088433,113.411,37,1410,1215,737042544705,0
matmul_tiny_loop_L20_r0,1790334066.2383492,4878117.927085417,113.411,37,1410,1215,737042556111,0
matmul_tiny_loop_L20_r0,1790334066.2883527,4878117.977088821,113.411,37,1410,1215,737042556111,0
matmul_tiny_loop_L20_r0,1790334066.3383508,4878118.027086924,113.293,37,1410,1215,737042567512,0
matmul_tiny_loop_L20_r0,1790334066.388357,4878118.077093098,113.293,37,1410,1215,737042567512,0
matmul_tiny_loop_L20_r0,1790334066.438354,4878118.127089961,114.432,37,1410,1215,737042578978,0
matmul_tiny_loop_L20_r0,1790334066.4883509,4878118.177087005,114.432,37,1410,1215,737042578978,0
matmul_tiny_loop_L20_r0,1790334066.5383558,4878118.227091869,113.293,37,1410,1215,737042590471,0
matmul_tiny_loop_L20_r0,1790334066.5883522,4878118.277088212,113.293,37,1410,1215,737042590471,0
matmul_tiny_loop_L20_r0,1790334066.6383529,4878118.327088856,114.432,37,1410,1215,737042601923,0
matmul_tiny_loop_L20_r0,1790334066.6883621,4878118.3770983,114.432,37,1410,1215,737042601923,0
matmul_tiny_loop_L20_r0,1790334066.7383556,4878118.427091983,113.293,37,1410,1215,737042613434,0
matmul_tiny_loop_L20_r0,1790334066.788352,4878118.477088227,113.293,37,1410,1215,737042613434,0
matmul_tiny_loop_L20_r0,1790334066.838352,4878118.527087951,113.293,37,1410,1215,737042624870,0
matmul_tiny_loop_L20_r0,1790334066.8883507,4878118.577086814,113.293,37,1410,1215,737042624870,0
matmul_tiny_loop_L20_r0,1790334066.9383504,4878118.627086368,113.293,37,1410,1215,737042636292,0
matmul_tiny_loop_L20_r0,1790334066.988353,4878118.677089092,113.293,37,1410,1215,737042636292,0
matmul_tiny_loop_L20_r0,1790334067.0383496,4878118.727085605,113.293,37,1410,1215,737042647682,0
matmul_tiny_loop_L20_r0,1790334067.0883548,4878118.777090979,113.293,37,1410,1215,737042647682,0
matmul_tiny_loop_L20_r0,1790334067.138351,4878118.827087013,113.293,37,1410,1215,737042659193,0
matmul_tiny_loop_L20_r0,1790334067.1883543,4878118.877090416,113.293,37,1410,1215,737042659193,0
matmul_tiny_loop_L20_r0,1790334067.238353,4878118.92708898,114.432,37,1410,1215,737042670742,0
matmul_tiny_loop_L20_r0,1790334067.2883544,4878118.977090374,114.432,37,1410,1215,737042670742,0
matmul_tiny_loop_L20_r0,1790334067.3383493,4878119.027085327,113.562,37,1410,1215,737042682121,0
matmul_tiny_loop_L20_r0,1790334067.3883529,4878119.077088831,113.562,37,1410,1215,737042682121,0
matmul_tiny_loop_L20_r0,1790334067.4383523,4878119.127088445,113.293,37,1410,1215,737042693550,0
matmul_tiny_loop_L20_r0,1790334067.4883537,4878119.177089848,113.293,37,1410,1215,737042693550,0
matmul_tiny_loop_L20_r0,1790334067.5383503,4878119.227086322,113.293,37,1410,1215,737042705045,0
matmul_tiny_loop_L20_r0,1790334067.5883527,4878119.277088916,113.293,37,1410,1215,737042705045,0
matmul_tiny_loop_L20_r0,1790334067.6383498,4878119.327085979,114.432,37,1410,1215,737042716586,0
matmul_tiny_loop_L20_r0,1790334067.6883585,4878119.377094693,114.432,37,1410,1215,737042716586,0
matmul_tiny_loop_L20_r0,1790334067.7383835,4878119.427119746,114.432,37,1410,1215,737042728073,0
matmul_tiny_loop_L20_r0,1790334067.788353,4878119.47708919,114.432,37,1410,1215,737042728073,0
matmul_tiny_loop_L20_r0,1790334067.838353,4878119.527088974,113.293,37,1410,1215,737042739490,0
matmul_tiny_loop_L20_r0,1790334067.8883536,4878119.577089688,113.293,37,1410,1215,737042739490,0
matmul_tiny_loop_L20_r0,1790334067.9383512,4878119.627087091,113.293,37,1410,1215,737042750952,0
matmul_tiny_loop_L20_r0,1790334067.9883819,4878119.677118045,113.293,37,1410,1215,737042750952,0
matmul_tiny_loop_L20_r0,1790334068.038353,4878119.727088978,114.432,37,1410,1215,737042762449,0
matmul_tiny_loop_L20_r0,1790334068.0883534,4878119.777089412,114.432,37,1410,1215,737042762449,0
matmul_tiny_loop_L20_r0,1790334068.1383502,4878119.827086386,113.293,37,1410,1215,737042773869,0
matmul_tiny_loop_L20_r0,1790334068.188356,4878119.877091959,113.293,37,1410,1215,737042773869,0
matmul_tiny_loop_L20_r0,1790334068.2383533,4878119.927089073,113.293,37,1410,1215,737042785339,0
matmul_tiny_loop_L20_r0,1790334068.2883525,4878119.977088577,113.293,37,1410,1215,737042785339,0
matmul_tiny_loop_L20_r0,1790334068.3383505,4878120.02708683,114.432,37,1410,1215,737042796830,0
matmul_tiny_loop_L20_r0,1790334068.388353,4878120.077089124,114.432,37,1410,1215,737042796830,0
matmul_tiny_loop_L20_r0,1790334068.438353,4878120.127089278,113.411,37,1410,1215,737042808286,0
matmul_tiny_loop_L20_r0,1790334068.4883497,4878120.177085891,113.411,37,1410,1215,737042808286,0
matmul_tiny_loop_L20_r0,1790334068.538359,4878120.227095285,114.432,37,1410,1215,737042819823,0
matmul_tiny_loop_L1_r1,1790334070.5726483,4878122.261384006,113.293,37,1410,1215,737043049358,0
matmul_tiny_loop_L1_r1,1790334070.6227434,4878122.311479199,113.293,37,1410,1215,737043049358,0
matmul_tiny_loop_L1_r1,1790334070.672724,4878122.361459922,113.411,37,1410,1215,737043060810,0
matmul_tiny_loop_L1_r1,1790334070.7227328,4878122.411468726,113.411,37,1410,1215,737043060810,0
matmul_tiny_loop_L1_r1,1790334070.7727304,4878122.46146632,114.432,37,1410,1215,737043072330,0
matmul_tiny_loop_L1_r1,1790334070.8227317,4878122.511467493,114.432,37,1410,1215,737043072330,0
matmul_tiny_loop_L1_r1,1790334070.8727293,4878122.561465287,113.293,37,1410,1215,737043083747,0
matmul_tiny_loop_L1_r1,1790334070.9227319,4878122.611467581,113.293,37,1410,1215,737043083747,0
matmul_tiny_loop_L1_r1,1790334070.9727669,4878122.661502944,113.293,37,1410,1215,737043095240,0
matmul_tiny_loop_L1_r1,1790334071.0227723,4878122.711508247,113.293,37,1410,1215,737043095240,0
matmul_tiny_loop_L1_r1,1790334071.0727339,4878122.761469622,114.432,37,1410,1215,737043106754,0
matmul_tiny_loop_L1_r1,1790334071.1227694,4878122.811505365,114.432,37,1410,1215,737043106754,0
matmul_tiny_loop_L1_r1,1790334071.172769,4878122.861505009,113.411,37,1410,1215,737043118171,0
matmul_tiny_loop_L1_r1,1790334071.2227771,4878122.911513102,113.411,37,1410,1215,737043118171,0
matmul_tiny_loop_L1_r1,1790334071.2727356,4878122.961471256,113.411,37,1410,1215,737043129655,0
matmul_tiny_loop_L1_r1,1790334071.3227682,4878123.011504239,113.411,37,1410,1215,737043129655,0
matmul_tiny_loop_L1_r1,1790334071.3727744,4878123.061510533,114.273,37,1410,1215,737043141200,0
matmul_tiny_loop_L1_r1,1790334071.422772,4878123.111507947,114.273,37,1410,1215,737043141200,0
matmul_tiny_loop_L1_r1,1790334071.4727721,4878123.16150812,114.551,37,1410,1215,737043152727,0
matmul_tiny_loop_L1_r1,1790334071.522773,4878123.211509224,114.551,37,1410,1215,737043152727,0
matmul_tiny_loop_L1_r1,1790334071.5727687,4878123.261505018,113.293,37,1410,1215,737043164151,0
matmul_tiny_loop_L1_r1,1790334071.6227722,4878123.311508281,113.293,37,1410,1215,737043164151,0
matmul_tiny_loop_L5_r3,1790334073.6508343,4878125.339570354,114.273,37,1410,1215,737043393510,0
matmul_tiny_loop_L5_r3,1790334073.700945,4878125.389681207,114.273,37,1410,1215,737043405043,0
matmul_tiny_loop_L5_r3,1790334073.7509465,4878125.43968276,114.551,37,1410,1215,737043405043,0
matmul_tiny_loop_L5_r3,1790334073.8009593,4878125.489695264,114.551,37,1410,1215,737043416593,0
matmul_tiny_loop_L5_r3,1790334073.85096,4878125.539696367,113.293,37,1410,1215,737043416593,0
matmul_tiny_loop_L5_r3,1790334073.9009564,4878125.589692521,113.293,37,1410,1215,737043428021,0
matmul_tiny_loop_L5_r3,1790334073.950989,4878125.639725234,113.293,37,1410,1215,737043428021,0
matmul_tiny_loop_L5_r3,1790334074.000956,4878125.689692308,113.293,37,1410,1215,737043439530,0
matmul_tiny_loop_L5_r3,1790334074.0509632,4878125.739699362,114.432,37,1410,1215,737043439530,0
matmul_tiny_loop_L5_r3,1790334074.100959,4878125.789695196,114.432,37,1410,1215,737043451064,0
matmul_tiny_loop_L5_r3,1790334074.1509597,4878125.839695849,114.432,37,1410,1215,737043451064,0
matmul_tiny_loop_L5_r3,1790334074.2009234,4878125.889659223,114.432,37,1410,1215,737043462641,0
matmul_tiny_loop_L5_r3,1790334074.2509608,4878125.939697067,113.293,37,1410,1215,737043462641,0
matmul_tiny_loop_L5_r3,1790334074.3009596,4878125.98969565,113.293,37,1410,1215,737043474062,0
matmul_tiny_loop_L5_r3,1790334074.35096,4878126.039696334,113.293,37,1410,1215,737043474062,0
matmul_tiny_loop_L5_r3,1790334074.4009597,4878126.089695868,113.293,37,1410,1215,737043485571,0
matmul_tiny_loop_L5_r3,1790334074.4509573,4878126.139693791,114.432,37,1410,1215,737043485571,0
matmul_tiny_loop_L5_r3,1790334074.5009627,4878126.189698975,114.432,37,1410,1215,737043497093,0
matmul_tiny_loop_L5_r3,1790334074.5509627,4878126.239698719,114.432,37,1410,1215,737043497093,0
matmul_tiny_loop_L5_r3,1790334074.600957,4878126.289693182,114.432,37,1410,1215,737043508641,0
matmul_tiny_loop_L5_r3,1790334074.6509597,4878126.339695636,114.551,37,1410,1215,737043508641,0
matmul_tiny_loop_L5_r3,1790334074.7009585,4878126.38969468,114.551,37,1410,1215,737043520162,0
matmul_tiny_loop_L5_r3,1790334074.7509594,4878126.439695543,114.432,37,1410,1215,737043520162,0
matmul_tiny_loop_L5_r3,1790334074.8009574,4878126.489693567,114.432,37,1410,1215,737043531702,0
matmul_tiny_loop_L5_r3,1790334074.8509593,4878126.539695611,114.432,37,1410,1215,737043531702,0
matmul_tiny_loop_L5_r3,1790334074.9009562,4878126.589692344,114.432,37,1410,1215,737043543240,0
matmul_tiny_loop_L5_r3,1790334074.9509597,4878126.639695758,114.432,37,1410,1215,737043543240,0
matmul_tiny_loop_L5_r3,1790334075.0009575,4878126.689693502,114.432,37,1410,1215,737043554772,0
matmul_tiny_loop_L5_r3,1790334075.0509593,4878126.739695365,114.432,37,1410,1215,737043554772,0
matmul_tiny_loop_L5_r3,1790334075.1009562,4878126.789692299,114.432,37,1410,1215,737043566304,0
matmul_tiny_loop_L5_r3,1790334075.1509576,4878126.839693673,114.432,37,1410,1215,737043566304,0
matmul_tiny_loop_L5_r3,1790334075.200962,4878126.889698176,114.432,37,1410,1215,737043577856,0
matmul_tiny_loop_L5_r3,1790334075.250957,4878126.9396931,114.432,37,1410,1215,737043577856,0
matmul_tiny_loop_L5_r3,1790334075.3009598,4878126.989695803,114.432,37,1410,1215,737043589386,0
matmul_tiny_loop_L5_r3,1790334075.3509605,4878127.039696547,114.551,37,1410,1215,737043589386,0
matmul_tiny_loop_L5_r3,1790334075.4009593,4878127.089695211,114.551,37,1410,1215,737043600922,0
matmul_tiny_loop_L5_r3,1790334075.4509609,4878127.139697024,113.293,37,1410,1215,737043600922,0
matmul_tiny_loop_L5_r3,1790334075.5009596,4878127.189695668,113.293,37,1410,1215,737043612333,0
matmul_tiny_loop_L5_r3,1790334075.5509613,4878127.239697302,113.293,37,1410,1215,737043612333,0
matmul_tiny_loop_L5_r3,1790334075.600959,4878127.289694975,113.293,37,1410,1215,737043612333,0
matmul_tiny_loop_L5_r3,1790334075.6509612,4878127.339697129,114.432,37,1410,1215,737043623944,0
matmul_tiny_loop_L5_r3,1790334075.7009597,4878127.389695773,114.432,37,1410,1215,737043623944,0
matmul_tiny_loop_L5_r3,1790334075.7509596,4878127.439695796,114.432,37,1410,1215,737043635380,0
matmul_tiny_loop_L5_r3,1790334075.8009586,4878127.48969487,114.432,37,1410,1215,737043635380,0
matmul_tiny_loop_L5_r3,1790334075.850957,4878127.539693114,114.432,37,1410,1215,737043646883,0
matmul_tiny_loop_L5_r3,1790334075.9009595,4878127.589695597,114.432,37,1410,1215,737043646883,0
matmul_tiny_loop_L5_r3,1790334075.9509602,4878127.639696181,113.293,37,1410,1215,737043658429,0
matmul_tiny_loop_L5_r3,1790334076.0009604,4878127.689696245,113.293,37,1410,1215,737043658429,0
matmul_tiny_loop_L5_r3,1790334076.0509624,4878127.739698598,113.411,37,1410,1215,737043669856,0
matmul_tiny_loop_L5_r3,1790334076.1009603,4878127.789696362,113.411,37,1410,1215,737043669856,0
matmul_tiny_loop_L5_r3,1790334076.1509602,4878127.839696306,114.273,37,1410,1215,737043681333,0
matmul_tiny_loop_L5_r3,1790334076.2009594,4878127.889695529,114.273,37,1410,1215,737043681333,0
matmul_tiny_loop_L5_r3,1790334076.2509608,4878127.939696913,114.432,37,1410,1215,737043692861,0
matmul_tiny_loop_L5_r3,1790334076.3009603,4878127.989696317,114.432,37,1410,1215,737043692861,0
matmul_tiny_loop_L5_r3,1790334076.3509574,4878128.03969348,113.293,37,1410,1215,737043704405,0
matmul_tiny_loop_L5_r3,1790334076.4009635,4878128.089699774,113.293,37,1410,1215,737043704405,0
matmul_tiny_loop_L5_r3,1790334076.450961,4878128.139697357,113.293,37,1410,1215,737043715834,0
matmul_tiny_loop_L5_r3,1790334076.5009606,4878128.189696551,113.293,37,1410,1215,737043715834,0
matmul_tiny_loop_L5_r3,1790334076.5509613,4878128.239697235,114.155,37,1410,1215,737043727315,0
matmul_tiny_loop_L5_r3,1790334076.6009593,4878128.289695209,114.155,37,1410,1215,737043727315,0
matmul_tiny_loop_L5_r3,1790334076.6509604,4878128.339696422,114.432,37,1410,1215,737043738845,0
matmul_tiny_loop_L5_r3,1790334076.7009609,4878128.389696986,114.432,37,1410,1215,737043738845,0
matmul_tiny_loop_L5_r3,1790334076.7509594,4878128.439695339,113.293,37,1410,1215,737043750395,0
matmul_tiny_loop_L5_r3,1790334076.8009598,4878128.489695973,113.293,37,1410,1215,737043750395,0
matmul_tiny_loop_L5_r3,1790334076.8509598,4878128.539696067,113.293,37,1410,1215,737043761819,0
matmul_tiny_loop_L5_r3,1790334076.9009633,4878128.5896996,113.293,37,1410,1215,737043761819,0
matmul_tiny_loop_L5_r3,1790334076.9509566,4878128.639692604,114.273,37,1410,1215,737043773297,0
matmul_tiny_loop_L5_r3,1790334077.000961,4878128.689697198,114.273,37,1410,1215,737043773297,0
matmul_tiny_loop_L5_r3,1790334077.0509608,4878128.739696871,114.432,37,1410,1215,737043784830,0
matmul_tiny_loop_L5_r3,1790334077.100959,4878128.789694985,114.432,37,1410,1215,737043784830,0
matmul_tiny_loop_L5_r3,1790334077.1509578,4878128.839694039,113.293,37,1410,1215,737043796355,0
matmul_tiny_loop_L5_r3,1790334077.2009594,4878128.889695622,113.293,37,1410,1215,737043796355,0
matmul_tiny_loop_L5_r3,1790334077.2509599,4878128.939695956,114.155,37,1410,1215,737043807856,0
matmul_tiny_loop_L5_r3,1790334077.300956,4878128.98969212,114.155,37,1410,1215,737043807856,0
matmul_tiny_loop_L5_r3,1790334077.3509605,4878129.039696543,114.432,37,1410,1215,737043819370,0
matmul_tiny_loop_L5_r3,1790334077.400963,4878129.089699157,114.432,37,1410,1215,737043819370,0
matmul_tiny_loop_L5_r3,1790334077.4509556,4878129.139691751,113.293,37,1410,1215,737043830910,0
matmul_tiny_loop_L5_r3,1790334077.5009584,4878129.189694504,113.293,37,1410,1215,737043830910,0
matmul_tiny_loop_L5_r3,1790334077.5509634,4878129.239699668,114.155,37,1410,1215,737043842405,0
matmul_tiny_loop_L5_r3,1790334077.6009598,4878129.289695732,114.155,37,1410,1215,737043842405,0
matmul_tiny_loop_L5_r3,1790334077.6509583,4878129.339694275,114.432,37,1410,1215,737043853950,0
matmul_tiny_loop_L5_r3,1790334077.7009592,4878129.389695419,114.432,37,1410,1215,737043853950,0
matmul_tiny_loop_L5_r3,1790334077.7509573,4878129.439693373,114.155,37,1410,1215,737043865487,0
matmul_tiny_loop_L5_r3,1790334077.8009634,4878129.489699356,114.155,37,1410,1215,737043865487,0
matmul_tiny_loop_L5_r3,1790334077.8509598,4878129.53969584,114.432,37,1410,1215,737043877022,0
matmul_tiny_loop_L5_r3,1790334077.9009588,4878129.589694804,114.432,37,1410,1215,737043877022,0
matmul_tiny_loop_L5_r3,1790334077.9509566,4878129.639692697,114.432,37,1410,1215,737043888543,0
matmul_tiny_loop_L5_r3,1790334078.000959,4878129.689695161,114.432,37,1410,1215,737043888543,0
matmul_tiny_loop_L5_r3,1790334078.05096,4878129.739696145,113.293,37,1410,1215,737043900045,0
matmul_tiny_loop_L5_r3,1790334078.1009598,4878129.789695838,113.293,37,1410,1215,737043900045,0
matmul_tiny_loop_L5_r3,1790334078.1509602,4878129.839696382,114.155,37,1410,1215,737043911545,0
matmul_tiny_loop_L5_r3,1790334078.2009585,4878129.889694466,114.155,37,1410,1215,737043911545,0
matmul_tiny_loop_L5_r3,1790334078.2509575,4878129.939693729,114.551,37,1410,1215,737043923091,0
matmul_tiny_loop_L5_r3,1790334078.3009586,4878129.989694653,114.551,37,1410,1215,737043923091,0
matmul_tiny_loop_L5_r3,1790334078.3509614,4878130.039697436,114.432,37,1410,1215,737043934617,0
matmul_tiny_loop_L5_r3,1790334078.40096,4878130.08969598,114.432,37,1410,1215,737043934617,0
matmul_tiny_loop_L5_r3,1790334078.4509647,4878130.139700964,114.432,37,1410,1215,737043946161,0
matmul_tiny_loop_L5_r3,1790334078.5009596,4878130.189695807,114.432,37,1410,1215,737043946161,0
matmul_tiny_loop_L5_r3,1790334078.550958,4878130.239694041,114.551,37,1410,1215,737043957705,0
matmul_tiny_loop_L5_r3,1790334078.6009636,4878130.289699615,114.551,37,1410,1215,737043957705,0
matmul_tiny_loop_L5_r3,1790334078.6509616,4878130.339697748,114.432,37,1410,1215,737043969242,0
matmul_tiny_loop_L5_r3,1790334078.7009642,4878130.389700142,114.432,37,1410,1215,737043969242,0
matmul_tiny_loop_L5_r3,1790334078.7509594,4878130.439695386,114.432,37,1410,1215,737043980749,0
matmul_tiny_loop_L5_r3,1790334078.8009589,4878130.489694989,114.432,37,1410,1215,737043980749,0
matmul_tiny_loop_L5_r3,1790334078.8509574,4878130.539693383,113.293,37,1410,1215,737043992179,0
matmul_tiny_loop_L5_r3,1790334078.9009569,4878130.589692927,113.293,37,1410,1215,737043992179,0
matmul_tiny_loop_L2_r0,1790334080.9443297,4878132.633065683,114.155,37,1410,1215,737044222020,0
matmul_tiny_loop_L2_r0,1790334080.9944422,4878132.683178335,114.155,37,1410,1215,737044233502,0
matmul_tiny_loop_L2_r0,1790334081.0444527,4878132.733188649,113.411,37,1410,1215,737044233502,0
matmul_tiny_loop_L2_r0,1790334081.0944521,4878132.783188393,113.411,37,1410,1215,737044244978,0
matmul_tiny_loop_L2_r0,1790334081.1444542,4878132.833190316,114.273,37,1410,1215,737044244978,0
matmul_tiny_loop_L2_r0,1790334081.1944554,4878132.88319131,114.273,37,1410,1215,737044256482,0
matmul_tiny_loop_L2_r0,1790334081.2444527,4878132.933188574,113.411,37,1410,1215,737044256482,0
matmul_tiny_loop_L2_r0,1790334081.294452,4878132.983188127,113.411,37,1410,1215,737044267894,0
matmul_tiny_loop_L2_r0,1790334081.3444512,4878133.033187051,113.293,37,1410,1215,737044267894,0
matmul_tiny_loop_L2_r0,1790334081.3944511,4878133.083187265,113.293,37,1410,1215,737044279313,0
matmul_tiny_loop_L2_r0,1790334081.4444509,4878133.133186948,113.293,37,1410,1215,737044279313,0
matmul_tiny_loop_L2_r0,1790334081.4944534,4878133.183189752,113.293,37,1410,1215,737044290745,0
matmul_tiny_loop_L2_r0,1790334081.544452,4878133.233188006,113.293,37,1410,1215,737044290745,0
matmul_tiny_loop_L2_r0,1790334081.594451,4878133.283186939,113.293,37,1410,1215,737044302160,0
matmul_tiny_loop_L2_r0,1790334081.6444542,4878133.333190243,113.293,37,1410,1215,737044302160,0
matmul_tiny_loop_L2_r0,1790334081.6944506,4878133.383186647,113.293,37,1410,1215,737044313577,0
matmul_tiny_loop_L2_r0,1790334081.7444541,4878133.43319027,113.293,37,1410,1215,737044313577,0
matmul_tiny_loop_L2_r0,1790334081.7944558,4878133.483191824,113.293,37,1410,1215,737044324983,0
matmul_tiny_loop_L2_r0,1790334081.844452,4878133.533187948,113.293,37,1410,1215,737044324983,0
matmul_tiny_loop_L2_r0,1790334081.8944502,4878133.583186271,113.293,37,1410,1215,737044336419,0
matmul_tiny_loop_L2_r0,1790334081.944456,4878133.633192245,113.293,37,1410,1215,737044336419,0
matmul_tiny_loop_L2_r0,1790334081.9944506,4878133.683186768,113.293,37,1410,1215,737044347829,0
matmul_tiny_loop_L2_r0,1790334082.044454,4878133.733190262,113.293,37,1410,1215,737044347829,0
matmul_tiny_loop_L2_r0,1790334082.0944567,4878133.783192706,113.293,37,1410,1215,737044359345,0
matmul_tiny_loop_L2_r0,1790334082.1444545,4878133.833190359,114.432,37,1410,1215,737044359345,0
matmul_tiny_loop_L2_r0,1790334082.1944509,4878133.883186913,114.432,37,1410,1215,737044370860,0
matmul_tiny_loop_L2_r0,1790334082.244451,4878133.933187147,114.551,37,1410,1215,737044370860,0
matmul_tiny_loop_L2_r0,1790334082.294453,4878133.98318908,114.551,37,1410,1215,737044382393,0
matmul_tiny_loop_L2_r0,1790334082.3444507,4878134.033186964,113.293,37,1410,1215,737044382393,0
matmul_tiny_loop_L2_r0,1790334082.3944507,4878134.083186798,113.293,37,1410,1215,737044393801,0
matmul_tiny_loop_L2_r0,1790334082.44446,4878134.133196031,113.293,37,1410,1215,737044393801,0
matmul_tiny_loop_L2_r0,1790334082.494424,4878134.183160215,113.293,37,1410,1215,737044405232,0
matmul_tiny_loop_L2_r0,1790334082.5444531,4878134.233189259,113.411,37,1410,1215,737044405232,0
matmul_tiny_loop_L2_r0,1790334082.5944543,4878134.283190272,113.411,37,1410,1215,737044416644,0
matmul_tiny_loop_L2_r0,1790334082.644455,4878134.333190876,113.293,37,1410,1215,737044416644,0
matmul_tiny_loop_L2_r0,1790334082.6944504,4878134.38318642,113.293,37,1410,1215,737044428048,0
matmul_tiny_loop_L2_r0,1790334082.7444537,4878134.433189853,113.293,37,1410,1215,737044428048,0
matmul_tiny_loop_L2_r0,1790334082.794451,4878134.483186937,113.293,37,1410,1215,737044439441,0
matmul_tiny_loop_L2_r0,1790334082.844484,4878134.53322022,113.293,37,1410,1215,737044439441,0
matmul_tiny_loop_L2_r0,1790334082.894451,4878134.583186924,113.293,37,1410,1215,737044450855,0
matmul_tiny_loop_L2_r0,1790334082.9444516,4878134.633187748,113.293,37,1410,1215,737044450855,0
matmul_tiny_loop_L2_r0,1790334082.9944518,4878134.683187832,113.293,37,1410,1215,737044462257,0
matmul_tiny_loop_L2_r0,1790334083.0444548,4878134.733190975,113.293,37,1410,1215,737044462257,0
matmul_tiny_loop_L2_r0,1790334083.0944526,4878134.783188759,113.293,37,1410,1215,737044473684,0
matmul_tiny_loop_L10_r3,1790334085.104499,4878136.793235159,113.293,37,1410,1215,737044702408,0
matmul_tiny_loop_L10_r3,1790334085.154611,4878136.843347372,113.411,37,1410,1215,737044702408,0
matmul_tiny_loop_L10_r3,1790334085.2046106,4878136.893346715,113.411,37,1410,1215,737044713874,0
matmul_tiny_loop_L10_r3,1790334085.2546208,4878136.943356679,114.432,37,1410,1215,737044713874,0
matmul_tiny_loop_L10_r3,1790334085.3046215,4878136.993357663,114.432,37,1410,1215,737044725415,0
matmul_tiny_loop_L10_r3,1790334085.354621,4878137.043356856,114.551,37,1410,1215,737044725415,0
matmul_tiny_loop_L10_r3,1790334085.4046335,4878137.09336982,114.551,37,1410,1215,737044736902,0
matmul_tiny_loop_L10_r3,1790334085.4546254,4878137.143361334,113.293,37,1410,1215,737044736902,0
matmul_tiny_loop_L10_r3,1790334085.5046248,4878137.193361067,113.293,37,1410,1215,737044748323,0
matmul_tiny_loop_L10_r3,1790334085.5546262,4878137.243362371,113.411,37,1410,1215,737044748323,0
matmul_tiny_loop_L10_r3,1790334085.6046207,4878137.293356955,113.411,37,1410,1215,737044759727,0
matmul_tiny_loop_L10_r3,1790334085.6546242,4878137.343360418,113.411,37,1410,1215,737044759727,0
matmul_tiny_loop_L10_r3,1790334085.7046244,4878137.393360342,113.411,37,1410,1215,737044771138,0
matmul_tiny_loop_L10_r3,1790334085.75462,4878137.443356316,113.293,37,1410,1215,737044771138,0
matmul_tiny_loop_L10_r3,1790334085.8046234,4878137.493359299,113.293,37,1410,1215,737044782604,0
matmul_tiny_loop_L10_r3,1790334085.8546233,4878137.543359263,114.432,37,1410,1215,737044782604,0
matmul_tiny_loop_L10_r3,1790334085.9046216,4878137.593357726,114.432,37,1410,1215,737044794159,0
matmul_tiny_loop_L10_r3,1790334085.954623,4878137.64335902,113.293,37,1410,1215,737044794159,0
matmul_tiny_loop_L10_r3,1790334086.0046232,4878137.693359174,113.293,37,1410,1215,737044805585,0
matmul_tiny_loop_L10_r3,1790334086.0546246,4878137.743360557,113.293,37,1410,1215,737044805585,0
matmul_tiny_loop_L10_r3,1790334086.1046207,4878137.793357001,113.293,37,1410,1215,737044817019,0
matmul_tiny_loop_L10_r3,1790334086.154624,4878137.843360245,114.432,37,1410,1215,737044817019,0
matmul_tiny_loop_L10_r3,1790334086.204621,4878137.893357108,114.432,37,1410,1215,737044828518,0
matmul_tiny_loop_L10_r3,1790334086.2546237,4878137.943359902,113.293,37,1410,1215,737044828518,0
matmul_tiny_loop_L10_r3,1790334086.3046246,4878137.993360806,113.293,37,1410,1215,737044839952,0
matmul_tiny_loop_L10_r3,1790334086.3546264,4878138.043362349,113.293,37,1410,1215,737044839952,0
matmul_tiny_loop_L10_r3,1790334086.4046223,4878138.093358433,113.293,37,1410,1215,737044851379,0
matmul_tiny_loop_L10_r3,1790334086.4546208,4878138.143357017,113.411,37,1410,1215,737044851379,0
matmul_tiny_loop_L10_r3,1790334086.504628,4878138.19336407,113.411,37,1410,1215,737044862801,0
matmul_tiny_loop_L10_r3,1790334086.554625,4878138.243361114,113.293,37,1410,1215,737044862801,0
matmul_tiny_loop_L10_r3,1790334086.6046236,4878138.293359548,113.293,37,1410,1215,737044874264,0
matmul_tiny_loop_L10_r3,1790334086.6546211,4878138.343357271,114.432,37,1410,1215,737044874264,0
matmul_tiny_loop_L10_r3,1790334086.7046208,4878138.393356965,114.432,37,1410,1215,737044885772,0
matmul_tiny_loop_L10_r3,1790334086.7546208,4878138.443356689,113.411,37,1410,1215,737044885772,0
matmul_tiny_loop_L10_r3,1790334086.8046281,4878138.493364272,113.411,37,1410,1215,737044897215,0
matmul_tiny_loop_L10_r3,1790334086.854621,4878138.543357066,114.432,37,1410,1215,737044897215,0
matmul_tiny_loop_L10_r3,1790334086.9046247,4878138.59336069,114.432,37,1410,1215,737044908754,0
matmul_tiny_loop_L10_r3,1790334086.954622,4878138.643358103,114.432,37,1410,1215,737044908754,0
matmul_tiny_loop_L10_r3,1790334087.0046246,4878138.693360877,114.432,37,1410,1215,737044920252,0
matmul_tiny_loop_L10_r3,1790334087.0546212,4878138.743357271,113.293,37,1410,1215,737044920252,0
matmul_tiny_loop_L10_r3,1790334087.1046233,4878138.793359344,113.293,37,1410,1215,737044931680,0
matmul_tiny_loop_L10_r3,1790334087.1546218,4878138.843357918,113.293,37,1410,1215,737044931680,0
matmul_tiny_loop_L10_r3,1790334087.2046232,4878138.893359252,113.293,37,1410,1215,737044943115,0
matmul_tiny_loop_L10_r3,1790334087.2546222,4878138.943358425,114.155,37,1410,1215,737044943115,0
matmul_tiny_loop_L10_r3,1790334087.3046288,4878138.993364799,114.155,37,1410,1215,737044943115,0
matmul_tiny_loop_L10_r3,1790334087.3546207,4878139.043356783,113.293,37,1410,1215,737044954772,0
matmul_tiny_loop_L10_r3,1790334087.4046283,4878139.093364376,113.293,37,1410,1215,737044954772,0
matmul_tiny_loop_L10_r3,1790334087.4546227,4878139.14335874,114.432,37,1410,1215,737044966130,0
matmul_tiny_loop_L10_r3,1790334087.504624,4878139.193360073,114.432,37,1410,1215,737044966130,0
matmul_tiny_loop_L10_r3,1790334087.5546265,4878139.243362507,114.432,37,1410,1215,737044977584,0
matmul_tiny_loop_L10_r3,1790334087.6046238,4878139.293360091,114.432,37,1410,1215,737044977584,0
matmul_tiny_loop_L10_r3,1790334087.6546223,4878139.343358264,113.293,37,1410,1215,737044989071,0
matmul_tiny_loop_L10_r3,1790334087.7046223,4878139.393358318,113.293,37,1410,1215,737044989071,0
matmul_tiny_loop_L10_r3,1790334087.7546244,4878139.443360182,113.293,37,1410,1215,737045000501,0
matmul_tiny_loop_L10_r3,1790334087.8046238,4878139.493359955,113.293,37,1410,1215,737045000501,0
matmul_tiny_loop_L10_r3,1790334087.8546224,4878139.543358569,114.432,37,1410,1215,737045011956,0
matmul_tiny_loop_L10_r3,1790334087.9046254,4878139.593361443,114.432,37,1410,1215,737045011956,0
matmul_tiny_loop_L10_r3,1790334087.9546218,4878139.643357916,114.551,37,1410,1215,737045023490,0
matmul_tiny_loop_L10_r3,1790334088.0046213,4878139.6933575,114.551,37,1410,1215,737045023490,0
matmul_tiny_loop_L10_r3,1790334088.0546246,4878139.743360574,114.551,37,1410,1215,737045035025,0
matmul_tiny_loop_L10_r3,1790334088.1046212,4878139.793357207,114.551,37,1410,1215,737045035025,0
matmul_tiny_loop_L10_r3,1790334088.1546211,4878139.843357251,113.293,37,1410,1215,737045046535,0
matmul_tiny_loop_L10_r3,1790334088.204625,4878139.893360955,113.293,37,1410,1215,737045046535,0
matmul_tiny_loop_L10_r3,1790334088.2546217,4878139.943357858,113.293,37,1410,1215,737045057948,0
matmul_tiny_loop_L10_r3,1790334088.3046198,4878139.993356012,113.293,37,1410,1215,737045057948,0
matmul_tiny_loop_L10_r3,1790334088.354621,4878140.043356976,114.432,37,1410,1215,737045069410,0
matmul_tiny_loop_L10_r3,1790334088.4046216,4878140.093357719,114.432,37,1410,1215,737045069410,0
matmul_tiny_loop_L10_r3,1790334088.4546268,4878140.143362873,114.432,37,1410,1215,737045080924,0
matmul_tiny_loop_L10_r3,1790334088.5046215,4878140.193357507,114.432,37,1410,1215,737045080924,0
matmul_tiny_loop_L10_r3,1790334088.5546227,4878140.24335881,114.432,37,1410,1215,737045092466,0
matmul_tiny_loop_L10_r3,1790334088.6046221,4878140.293358254,114.432,37,1410,1215,737045092466,0
matmul_tiny_loop_L10_r3,1790334088.6546228,4878140.343358738,113.293,37,1410,1215,737045103975,0
matmul_tiny_loop_L10_r3,1790334088.7046247,4878140.393360701,113.293,37,1410,1215,737045103975,0
matmul_tiny_loop_L10_r3,1790334088.754624,4878140.443360035,113.293,37,1410,1215,737045115429,0
matmul_tiny_loop_L10_r3,1790334088.804621,4878140.493357049,113.293,37,1410,1215,737045115429,0
matmul_tiny_loop_L10_r3,1790334088.8546247,4878140.543360772,114.432,37,1410,1215,737045126900,0
matmul_tiny_loop_L10_r3,1790334088.904626,4878140.593362036,114.432,37,1410,1215,737045126900,0
matmul_tiny_loop_L10_r3,1790334088.9546218,4878140.64335769,114.432,37,1410,1215,737045138450,0
matmul_tiny_loop_L10_r3,1790334089.0046244,4878140.693360623,114.432,37,1410,1215,737045138450,0
matmul_tiny_loop_L10_r3,1790334089.054621,4878140.743357017,113.293,37,1410,1215,737045149946,0
matmul_tiny_loop_L10_r3,1790334089.104622,4878140.79335782,113.293,37,1410,1215,737045149946,0
matmul_tiny_loop_L10_r3,1790334089.1546261,4878140.843362244,114.432,37,1410,1215,737045161428,0
matmul_tiny_loop_L10_r3,1790334089.2046256,4878140.893361848,114.432,37,1410,1215,737045161428,0
matmul_tiny_loop_L10_r3,1790334089.2546213,4878140.943357432,114.432,37,1410,1215,737045172968,0
matmul_tiny_loop_L10_r3,1790334089.3046246,4878140.993360665,114.432,37,1410,1215,737045172968,0
matmul_tiny_loop_L10_r3,1790334089.3546221,4878141.043358279,114.551,37,1410,1215,737045184524,0
matmul_tiny_loop_L10_r3,1790334089.4046218,4878141.093357852,114.551,37,1410,1215,737045184524,0
matmul_tiny_loop_L10_r3,1790334089.4546216,4878141.143357516,114.551,37,1410,1215,737045196073,0
matmul_tiny_loop_L10_r3,1790334089.5046217,4878141.19335788,114.551,37,1410,1215,737045196073,0
matmul_tiny_loop_L10_r3,1790334089.554622,4878141.243358083,113.293,37,1410,1215,737045207547,0
matmul_tiny_loop_L10_r3,1790334089.604625,4878141.293360947,113.293,37,1410,1215,737045207547,0
matmul_tiny_loop_L10_r3,1790334089.6546247,4878141.343360841,113.293,37,1410,1215,737045218998,0
matmul_tiny_loop_L10_r3,1790334089.7046256,4878141.393361804,113.293,37,1410,1215,737045218998,0
matmul_tiny_loop_L10_r3,1790334089.754622,4878141.443358178,113.411,37,1410,1215,737045230409,0
matmul_tiny_loop_L10_r3,1790334089.8046243,4878141.493360502,113.411,37,1410,1215,737045230409,0
matmul_tiny_loop_L10_r3,1790334089.854626,4878141.543362155,113.293,37,1410,1215,737045241840,0
matmul_tiny_loop_L10_r3,1790334089.9046233,4878141.593359439,113.293,37,1410,1215,737045241840,0
matmul_tiny_loop_L10_r3,1790334089.9546223,4878141.643358163,113.411,37,1410,1215,737045253282,0
matmul_tiny_loop_L10_r3,1790334090.0046213,4878141.693357296,113.411,37,1410,1215,737045253282,0
matmul_tiny_loop_L10_r3,1790334090.0546193,4878141.74335547,114.432,37,1410,1215,737045264775,0
matmul_tiny_loop_L10_r3,1790334090.104624,4878141.793360194,114.432,37,1410,1215,737045264775,0
matmul_tiny_loop_L10_r3,1790334090.1546206,4878141.843356837,113.411,37,1410,1215,737045276200,0
matmul_tiny_loop_L10_r3,1790334090.20462,4878141.893355851,113.411,37,1410,1215,737045276200,0
matmul_tiny_loop_L10_r3,1790334090.2546222,4878141.943358155,113.293,37,1410,1215,737045287619,0
matmul_tiny_loop_L10_r3,1790334090.3046203,4878141.993356448,113.293,37,1410,1215,737045287619,0
matmul_tiny_loop_L10_r3,1790334090.3546216,4878142.043357752,113.293,37,1410,1215,737045299042,0
matmul_tiny_loop_L10_r3,1790334090.404621,4878142.093356966,113.293,37,1410,1215,737045299042,0
matmul_tiny_loop_L10_r3,1790334090.4546182,4878142.143354119,113.293,37,1410,1215,737045310469,0
matmul_tiny_loop_L10_r3,1790334090.5046203,4878142.193356453,113.293,37,1410,1215,737045310469,0
matmul_tiny_loop_L10_r3,1790334090.5546236,4878142.243359536,113.293,37,1410,1215,737045321904,0
matmul_tiny_loop_L10_r3,1790334090.6046252,4878142.29336109,113.293,37,1410,1215,737045321904,0
matmul_tiny_loop_L10_r3,1790334090.6546211,4878142.343357194,113.293,37,1410,1215,737045333345,0
matmul_tiny_loop_L10_r3,1790334090.7046208,4878142.393356758,113.293,37,1410,1215,737045333345,0
matmul_tiny_loop_L10_r3,1790334090.7546237,4878142.443359911,113.411,37,1410,1215,737045344824,0
matmul_tiny_loop_L10_r3,1790334090.804622,4878142.493357945,113.411,37,1410,1215,737045344824,0
matmul_tiny_loop_L10_r3,1790334090.8546212,4878142.543357369,114.432,37,1410,1215,737045356323,0
matmul_tiny_loop_L10_r3,1790334090.9046235,4878142.593359742,114.432,37,1410,1215,737045356323,0
matmul_tiny_loop_L10_r3,1790334090.9546208,4878142.643357006,113.293,37,1410,1215,737045367741,0
matmul_tiny_loop_L10_r3,1790334091.004625,4878142.693361199,113.293,37,1410,1215,737045367741,0
matmul_tiny_loop_L10_r3,1790334091.0546217,4878142.743357713,113.293,37,1410,1215,737045379193,0
matmul_tiny_loop_L10_r3,1790334091.1046216,4878142.793357587,113.293,37,1410,1215,737045379193,0
matmul_tiny_loop_L10_r3,1790334091.1546295,4878142.84336556,114.432,37,1410,1215,737045390694,0
matmul_tiny_loop_L10_r3,1790334091.2046244,4878142.893360624,114.432,37,1410,1215,737045390694,0
matmul_tiny_loop_L10_r3,1790334091.2546222,4878142.943358258,113.293,37,1410,1215,737045402106,0
matmul_tiny_loop_L10_r3,1790334091.304625,4878142.993361321,113.293,37,1410,1215,737045402106,0
matmul_tiny_loop_L10_r3,1790334091.354621,4878143.043357125,113.293,37,1410,1215,737045413522,0
matmul_tiny_loop_L10_r3,1790334091.4046252,4878143.093361329,113.293,37,1410,1215,737045413522,0
matmul_tiny_loop_L10_r3,1790334091.4546263,4878143.143362472,113.293,37,1410,1215,737045424941,0
matmul_tiny_loop_L10_r3,1790334091.504621,4878143.193357266,113.293,37,1410,1215,737045424941,0
matmul_tiny_loop_L10_r3,1790334091.5546238,4878143.24335983,113.293,37,1410,1215,737045436370,0
matmul_tiny_loop_L10_r3,1790334091.6046202,4878143.293356473,113.293,37,1410,1215,737045436370,0
matmul_tiny_loop_L10_r3,1790334091.6546206,4878143.343356797,113.293,37,1410,1215,737045447810,0
matmul_tiny_loop_L10_r3,1790334091.704627,4878143.393362891,113.293,37,1410,1215,737045447810,0
matmul_tiny_loop_L10_r3,1790334091.7546198,4878143.443356044,113.293,37,1410,1215,737045459261,0
matmul_tiny_loop_L10_r3,1790334091.804621,4878143.493357178,113.293,37,1410,1215,737045459261,0
matmul_tiny_loop_L10_r3,1790334091.8546238,4878143.543359992,114.432,37,1410,1215,737045470765,0
matmul_tiny_loop_L10_r3,1790334091.9046202,4878143.593356475,114.432,37,1410,1215,737045470765,0
matmul_tiny_loop_L10_r3,1790334091.9546218,4878143.643357839,113.411,37,1410,1215,737045482195,0
matmul_tiny_loop_L10_r3,1790334092.004624,4878143.693359863,113.411,37,1410,1215,737045482195,0
matmul_tiny_loop_L10_r3,1790334092.0546222,4878143.743358456,113.293,37,1410,1215,737045493602,0
matmul_tiny_loop_L10_r3,1790334092.1046207,4878143.79335698,113.293,37,1410,1215,737045493602,0
matmul_tiny_loop_L10_r3,1790334092.1546214,4878143.843357684,113.293,37,1410,1215,737045505027,0
matmul_tiny_loop_L10_r3,1790334092.2046206,4878143.893356607,113.293,37,1410,1215,737045505027,0
matmul_tiny_loop_L10_r3,1790334092.2546203,4878143.943356441,113.411,37,1410,1215,737045516441,0
matmul_tiny_loop_L10_r3,1790334092.3046205,4878143.993356565,113.411,37,1410,1215,737045516441,0
matmul_tiny_loop_L10_r3,1790334092.3546207,4878144.043356788,113.293,37,1410,1215,737045527866,0
matmul_tiny_loop_L10_r3,1790334092.4046211,4878144.093357012,113.293,37,1410,1215,737045527866,0
matmul_tiny_loop_L10_r3,1790334092.4546263,4878144.143362445,113.293,37,1410,1215,737045539268,0
matmul_tiny_loop_L10_r3,1790334092.5046237,4878144.193359609,113.293,37,1410,1215,737045539268,0
matmul_tiny_loop_L10_r3,1790334092.5546262,4878144.243362393,113.293,37,1410,1215,737045550692,0
matmul_tiny_loop_L10_r3,1790334092.6046202,4878144.293356356,113.293,37,1410,1215,737045550692,0
matmul_tiny_loop_L10_r3,1790334092.6546242,4878144.34336039,113.293,37,1410,1215,737045562144,0
matmul_tiny_loop_L10_r3,1790334092.7046206,4878144.393356604,113.293,37,1410,1215,737045562144,0
matmul_tiny_loop_L10_r3,1790334092.75462,4878144.443356207,113.293,37,1410,1215,737045573596,0
matmul_tiny_loop_L10_r3,1790334092.8046234,4878144.493359481,113.293,37,1410,1215,737045573596,0
matmul_tiny_loop_L10_r3,1790334092.8546276,4878144.543363795,113.293,37,1410,1215,737045585008,0
matmul_tiny_loop_L10_r3,1790334092.9046285,4878144.593364428,113.293,37,1410,1215,737045585008,0
matmul_tiny_loop_L10_r3,1790334092.954621,4878144.643357282,114.432,37,1410,1215,737045596525,0
matmul_tiny_loop_L10_r3,1790334093.0046206,4878144.693356556,114.432,37,1410,1215,737045596525,0
matmul_tiny_loop_L10_r3,1790334093.0546224,4878144.743358469,113.293,37,1410,1215,737045596525,0
matmul_tiny_loop_L10_r3,1790334093.1046252,4878144.793361183,113.293,37,1410,1215,737045608115,0
matmul_tiny_loop_L10_r3,1790334093.1546206,4878144.843356757,113.293,37,1410,1215,737045608115,0
matmul_tiny_loop_L10_r3,1790334093.2046206,4878144.89335659,113.293,37,1410,1215,737045619440,0
matmul_tiny_loop_L10_r3,1790334093.2546208,4878144.943356754,113.293,37,1410,1215,737045619440,0
matmul_tiny_loop_L10_r3,1790334093.3046212,4878144.993357348,113.293,37,1410,1215,737045630792,0
matmul_tiny_loop_L10_r3,1790334093.3546207,4878145.043356791,113.293,37,1410,1215,737045630792,0
matmul_tiny_loop_L10_r3,1790334093.4046216,4878145.093357635,113.293,37,1410,1215,737045642217,0
matmul_tiny_loop_L10_r3,1790334093.4546242,4878145.143360369,113.411,37,1410,1215,737045642217,0
matmul_tiny_loop_L10_r3,1790334093.5046206,4878145.193356752,113.411,37,1410,1215,737045653620,0
matmul_tiny_loop_L10_r3,1790334093.554624,4878145.243360136,113.293,37,1410,1215,737045653620,0
matmul_tiny_loop_L10_r3,1790334093.6046238,4878145.29335995,113.293,37,1410,1215,737045665035,0
matmul_tiny_loop_L10_r3,1790334093.654621,4878145.343356933,113.293,37,1410,1215,737045665035,0
matmul_tiny_loop_L10_r3,1790334093.7046216,4878145.393357717,113.293,37,1410,1215,737045676442,0
matmul_tiny_loop_L10_r3,1790334093.754626,4878145.443362251,113.411,37,1410,1215,737045676442,0
matmul_tiny_loop_L10_r3,1790334093.8046255,4878145.493361484,113.411,37,1410,1215,737045687861,0
matmul_tiny_loop_L10_r3,1790334093.854621,4878145.543356988,113.293,37,1410,1215,737045687861,0
matmul_tiny_loop_L10_r3,1790334093.9046261,4878145.593362102,113.293,37,1410,1215,737045699259,0
matmul_tiny_loop_L10_r3,1790334093.954657,4878145.643393175,113.293,37,1410,1215,737045699259,0
matmul_tiny_loop_L10_r3,1790334094.0046213,4878145.693357419,113.293,37,1410,1215,737045710692,0
matmul_tiny_loop_L10_r3,1790334094.0546205,4878145.743356612,113.293,37,1410,1215,737045710692,0
matmul_tiny_loop_L10_r3,1790334094.104625,4878145.793361006,113.293,37,1410,1215,737045722087,0
matmul_tiny_loop_L10_r3,1790334094.1546216,4878145.84335787,113.293,37,1410,1215,737045722087,0
matmul_tiny_loop_L10_r3,1790334094.2046208,4878145.893356984,113.293,37,1410,1215,737045733516,0
matmul_tiny_loop_L10_r3,1790334094.2546215,4878145.943357537,113.293,37,1410,1215,737045733516,0
matmul_tiny_loop_L10_r3,1790334094.3046238,4878145.993359881,113.293,37,1410,1215,737045744918,0
matmul_tiny_loop_L10_r3,1790334094.3546212,4878146.043357415,113.293,37,1410,1215,737045744918,0
matmul_tiny_loop_L10_r3,1790334094.4046233,4878146.093359448,113.293,37,1410,1215,737045756328,0
matmul_tiny_loop_L10_r3,1790334094.4546254,4878146.143361322,113.293,37,1410,1215,737045756328,0
matmul_tiny_loop_L10_r3,1790334094.504623,4878146.193358805,113.293,37,1410,1215,737045767727,0
matmul_tiny_loop_L10_r3,1790334094.5546591,4878146.243395149,113.293,37,1410,1215,737045767727,0
matmul_tiny_loop_L10_r3,1790334094.6046207,4878146.293356863,113.293,37,1410,1215,737045779164,0
matmul_tiny_loop_L10_r3,1790334094.6546218,4878146.343358076,113.293,37,1410,1215,737045779164,0
matmul_tiny_loop_L10_r3,1790334094.7046244,4878146.39336061,113.293,37,1410,1215,737045790572,0
matmul_tiny_loop_L10_r3,1790334094.7546537,4878146.443389753,113.293,37,1410,1215,737045790572,0
matmul_tiny_loop_L10_r3,1790334094.8046205,4878146.493356667,113.293,37,1410,1215,737045802002,0
matmul_tiny_loop_L10_r3,1790334094.854625,4878146.543360981,113.293,37,1410,1215,737045802002,0
matmul_tiny_loop_L10_r3,1790334094.904621,4878146.593356955,113.293,37,1410,1215,737045813396,0
matmul_tiny_loop_L10_r3,1790334094.95462,4878146.643355838,113.293,37,1410,1215,737045813396,0
matmul_tiny_loop_L10_r3,1790334095.0046203,4878146.693356312,113.293,37,1410,1215,737045824807,0
matmul_tiny_loop_L10_r3,1790334095.0546231,4878146.743359276,113.411,37,1410,1215,737045824807,0
matmul_tiny_loop_L10_r3,1790334095.10462,4878146.793356199,113.411,37,1410,1215,737045836232,0
matmul_tiny_loop_L10_r3,1790334095.1546214,4878146.843357523,114.273,37,1410,1215,737045836232,0
matmul_tiny_loop_L10_r3,1790334095.2046213,4878146.893357487,114.273,37,1410,1215,737045847728,0
matmul_tiny_loop_L10_r3,1790334095.254621,4878146.94335717,113.293,37,1410,1215,737045847728,0
matmul_tiny_loop_L10_r3,1790334095.3046024,4878146.993338604,113.293,37,1410,1215,737045859135,0
matmul_tiny_loop_L10_r3,1790334095.3545902,4878147.043326168,113.293,37,1410,1215,737045859135,0
matmul_tiny_loop_L10_r3,1790334095.404583,4878147.093318982,113.293,37,1410,1215,737045870566,0
matmul_tiny_loop_L10_r3,1790334095.4545813,4878147.143317235,113.293,37,1410,1215,737045870566,0
matmul_tiny_loop_L10_r3,1790334095.5045888,4878147.193324829,113.293,37,1410,1215,737045881959,0
matmul_tiny_loop_L10_r3,1790334095.5545805,4878147.243316453,113.293,37,1410,1215,737045881959,0
matmul_tiny_loop_L10_r3,1790334095.604603,4878147.293339236,113.293,37,1410,1215,737045893385,0
matmul_tiny_loop_L10_r3,1790334095.6545866,4878147.34332269,113.293,37,1410,1215,737045893385,0
matmul_tiny_loop_L10_r3,1790334095.7046,4878147.393335924,113.293,37,1410,1215,737045904817,0
matmul_tiny_loop_L10_r3,1790334095.7545812,4878147.443317377,113.293,37,1410,1215,737045904817,0
matmul_tiny_loop_L5_r2,1790334097.7818573,4878149.470593079,112.962,37,1410,1215,737046133565,0
matmul_tiny_loop_L5_r2,1790334097.8319676,4878149.520703652,113.293,37,1410,1215,737046144979,0
matmul_tiny_loop_L5_r2,1790334097.881968,4878149.570704235,113.293,37,1410,1215,737046144979,0
matmul_tiny_loop_L5_r2,1790334097.931979,4878149.620715249,114.432,37,1410,1215,737046156427,0
matmul_tiny_loop_L5_r2,1790334097.981982,4878149.670717992,114.432,37,1410,1215,737046156427,0
matmul_tiny_loop_L5_r2,1790334098.0319827,4878149.720718676,113.293,37,1410,1215,737046167935,0
matmul_tiny_loop_L5_r2,1790334098.08198,4878149.77071593,113.293,37,1410,1215,737046167935,0
matmul_tiny_loop_L5_r2,1790334098.1319857,4878149.820721643,113.411,37,1410,1215,737046179345,0
matmul_tiny_loop_L5_r2,1790334098.1819823,4878149.870718277,113.411,37,1410,1215,737046179345,0
matmul_tiny_loop_L5_r2,1790334098.2319794,4878149.920715441,113.293,37,1410,1215,737046190774,0
matmul_tiny_loop_L5_r2,1790334098.2819815,4878149.970717744,113.293,37,1410,1215,737046190774,0
matmul_tiny_loop_L5_r2,1790334098.3319895,4878150.020725438,113.293,37,1410,1215,737046202199,0
matmul_tiny_loop_L5_r2,1790334098.3819816,4878150.070717762,113.293,37,1410,1215,737046202199,0
matmul_tiny_loop_L5_r2,1790334098.4319794,4878150.120715565,113.293,37,1410,1215,737046213630,0
matmul_tiny_loop_L5_r2,1790334098.481977,4878150.170713259,113.293,37,1410,1215,737046213630,0
matmul_tiny_loop_L5_r2,1790334098.5319793,4878150.220715313,113.293,37,1410,1215,737046225044,0
matmul_tiny_loop_L5_r2,1790334098.581981,4878150.270717186,113.293,37,1410,1215,737046225044,0
matmul_tiny_loop_L5_r2,1790334098.6319807,4878150.32071657,113.293,37,1410,1215,737046236484,0
matmul_tiny_loop_L5_r2,1790334098.6819801,4878150.370716294,113.293,37,1410,1215,737046236484,0
matmul_tiny_loop_L5_r2,1790334098.7319834,4878150.420719387,114.432,37,1410,1215,737046247956,0
matmul_tiny_loop_L5_r2,1790334098.7819817,4878150.470717741,114.432,37,1410,1215,737046247956,0
matmul_tiny_loop_L5_r2,1790334098.8319833,4878150.520719325,113.293,37,1410,1215,737046259458,0
matmul_tiny_loop_L5_r2,1790334098.8819823,4878150.570718318,113.293,37,1410,1215,737046259458,0
matmul_tiny_loop_L5_r2,1790334098.931979,4878150.620715042,113.293,37,1410,1215,737046270869,0
matmul_tiny_loop_L5_r2,1790334098.9819834,4878150.670719455,113.293,37,1410,1215,737046270869,0
matmul_tiny_loop_L5_r2,1790334099.032014,4878150.720749909,113.293,37,1410,1215,737046282279,0
matmul_tiny_loop_L5_r2,1790334099.081979,4878150.770715132,113.293,37,1410,1215,737046282279,0
matmul_tiny_loop_L5_r2,1790334099.1319792,4878150.820715296,113.293,37,1410,1215,737046293682,0
matmul_tiny_loop_L5_r2,1790334099.1819813,4878150.87071758,113.293,37,1410,1215,737046293682,0
matmul_tiny_loop_L5_r2,1790334099.231984,4878150.920720043,113.411,37,1410,1215,737046305110,0
matmul_tiny_loop_L5_r2,1790334099.2819762,4878150.970712547,113.411,37,1410,1215,737046305110,0
matmul_tiny_loop_L5_r2,1790334099.3319836,4878151.020719601,113.293,37,1410,1215,737046316519,0
matmul_tiny_loop_L5_r2,1790334099.3819864,4878151.070722404,113.293,37,1410,1215,737046316519,0
matmul_tiny_loop_L5_r2,1790334099.43198,4878151.120715748,113.293,37,1410,1215,737046327955,0
matmul_tiny_loop_L5_r2,1790334099.4819856,4878151.170721612,113.293,37,1410,1215,737046327955,0
matmul_tiny_loop_L5_r2,1790334099.5319822,4878151.220718075,113.293,37,1410,1215,737046339378,0
matmul_tiny_loop_L5_r2,1790334099.5819802,4878151.270716099,113.293,37,1410,1215,737046339378,0
matmul_tiny_loop_L5_r2,1790334099.6319807,4878151.320716683,114.155,37,1410,1215,737046350827,0
matmul_tiny_loop_L5_r2,1790334099.681982,4878151.370718046,114.155,37,1410,1215,737046350827,0
matmul_tiny_loop_L5_r2,1790334099.7319798,4878151.42071572,113.293,37,1410,1215,737046362323,0
matmul_tiny_loop_L5_r2,1790334099.7819827,4878151.470718794,113.293,37,1410,1215,737046362323,0
matmul_tiny_loop_L5_r2,1790334099.8319829,4878151.520719087,113.293,37,1410,1215,737046373746,0
matmul_tiny_loop_L5_r2,1790334099.8819783,4878151.570714361,113.293,37,1410,1215,737046373746,0
matmul_tiny_loop_L5_r2,1790334099.9319792,4878151.620715225,113.293,37,1410,1215,737046385175,0
matmul_tiny_loop_L5_r2,1790334099.9819846,4878151.670720678,113.293,37,1410,1215,737046385175,0
matmul_tiny_loop_L5_r2,1790334100.0319839,4878151.720720002,113.293,37,1410,1215,737046396597,0
matmul_tiny_loop_L5_r2,1790334100.0819793,4878151.770715546,113.293,37,1410,1215,737046396597,0
matmul_tiny_loop_L5_r2,1790334100.1319826,4878151.820718729,113.293,37,1410,1215,737046408008,0
matmul_tiny_loop_L5_r2,1790334100.1819825,4878151.870718683,113.293,37,1410,1215,737046408008,0
matmul_tiny_loop_L5_r2,1790334100.2319798,4878151.920715897,113.293,37,1410,1215,737046419426,0
matmul_tiny_loop_L5_r2,1790334100.2819827,4878151.97071876,113.293,37,1410,1215,737046419426,0
matmul_tiny_loop_L5_r2,1790334100.3319824,4878152.020718424,113.293,37,1410,1215,737046430853,0
matmul_tiny_loop_L5_r2,1790334100.3819795,4878152.070715338,113.293,37,1410,1215,737046430853,0
matmul_tiny_loop_L5_r2,1790334100.4319825,4878152.120718631,114.155,37,1410,1215,737046442297,0
matmul_tiny_loop_L5_r2,1790334100.4819822,4878152.170718335,114.155,37,1410,1215,737046442297,0
matmul_tiny_loop_L5_r2,1790334100.5319822,4878152.220718088,113.293,37,1410,1215,737046453784,0
matmul_tiny_loop_L5_r2,1790334100.5819807,4878152.270716682,113.293,37,1410,1215,737046453784,0
matmul_tiny_loop_L5_r2,1790334100.631983,4878152.320719106,113.411,37,1410,1215,737046465188,0
matmul_tiny_loop_L5_r2,1790334100.6819792,4878152.37071524,113.411,37,1410,1215,737046465188,0
matmul_tiny_loop_L5_r2,1790334100.7319827,4878152.420718543,113.411,37,1410,1215,737046476612,0
matmul_tiny_loop_L5_r2,1790334100.7819924,4878152.470728497,113.411,37,1410,1215,737046476612,0
matmul_tiny_loop_L5_r2,1790334100.8319798,4878152.520715741,113.079,37,1410,1215,737046488024,0
matmul_tiny_loop_L5_r2,1790334100.8819795,4878152.570715344,113.079,37,1410,1215,737046488024,0
matmul_tiny_loop_L5_r2,1790334100.9319828,4878152.620719098,113.293,37,1410,1215,737046499429,0
matmul_tiny_loop_L5_r2,1790334100.9819806,4878152.670716611,113.293,37,1410,1215,737046499429,0
matmul_tiny_loop_L5_r2,1790334101.03198,4878152.720716065,113.411,37,1410,1215,737046510865,0
matmul_tiny_loop_L5_r2,1790334101.081983,4878152.770719129,113.411,37,1410,1215,737046510865,0
matmul_tiny_loop_L5_r2,1790334101.1319845,4878152.820720602,113.293,37,1410,1215,737046522276,0
matmul_tiny_loop_L5_r2,1790334101.1819797,4878152.870715626,113.293,37,1410,1215,737046522276,0
matmul_tiny_loop_L5_r2,1790334101.231985,4878152.92072126,113.293,37,1410,1215,737046533705,0
matmul_tiny_loop_L5_r2,1790334101.2819827,4878152.970718833,113.293,37,1410,1215,737046533705,0
matmul_tiny_loop_L5_r2,1790334101.3319764,4878153.020712387,113.293,37,1410,1215,737046545117,0
matmul_tiny_loop_L5_r2,1790334101.3819814,4878153.070717511,113.293,37,1410,1215,737046545117,0
matmul_tiny_loop_L5_r2,1790334101.431982,4878153.120718114,113.293,37,1410,1215,737046556572,0
matmul_tiny_loop_L5_r2,1790334101.4819794,4878153.170715618,113.293,37,1410,1215,737046556572,0
matmul_tiny_loop_L5_r2,1790334101.5319815,4878153.220717792,113.293,37,1410,1215,737046567993,0
matmul_tiny_loop_L5_r2,1790334101.581982,4878153.270718065,113.293,37,1410,1215,737046567993,0
matmul_tiny_loop_L5_r2,1790334101.6319792,4878153.320715419,113.293,37,1410,1215,737046579493,0
matmul_tiny_loop_L5_r2,1790334101.6819813,4878153.370717523,113.293,37,1410,1215,737046579493,0
matmul_tiny_loop_L5_r2,1790334101.7319837,4878153.420719646,113.293,37,1410,1215,737046590850,0
matmul_tiny_loop_L5_r2,1790334101.7819786,4878153.47071474,113.293,37,1410,1215,737046590850,0
matmul_tiny_loop_L5_r2,1790334101.8319798,4878153.520715774,113.293,37,1410,1215,737046602287,0
matmul_tiny_loop_L5_r2,1790334101.881986,4878153.570721787,113.293,37,1410,1215,737046602287,0
matmul_tiny_loop_L5_r2,1790334101.9319801,4878153.620716021,113.293,37,1410,1215,737046613656,0
matmul_tiny_loop_L5_r2,1790334101.9819796,4878153.670715725,113.293,37,1410,1215,737046613656,0
matmul_tiny_loop_L5_r2,1790334102.0319827,4878153.720718598,113.293,37,1410,1215,737046625086,0
matmul_tiny_loop_L5_r2,1790334102.0819836,4878153.770719692,113.293,37,1410,1215,737046625086,0
matmul_tiny_loop_L5_r2,1790334102.1319802,4878153.820716236,113.411,37,1410,1215,737046636488,0
matmul_tiny_loop_L5_r2,1790334102.1819813,4878153.870717519,113.411,37,1410,1215,737046636488,0
matmul_tiny_loop_L5_r2,1790334102.2319832,4878153.920719233,113.293,37,1410,1215,737046647910,0
matmul_tiny_loop_L5_r2,1790334102.281981,4878153.970716997,113.293,37,1410,1215,737046647910,0
matmul_tiny_loop_L5_r2,1790334102.3319807,4878154.02071673,113.293,37,1410,1215,737046659328,0
matmul_tiny_loop_L5_r2,1790334102.3819811,4878154.070717274,113.293,37,1410,1215,737046659328,0
matmul_tiny_loop_L5_r2,1790334102.4319794,4878154.120715637,113.293,37,1410,1215,737046659328,0
matmul_tiny_loop_L5_r2,1790334102.4820142,4878154.170750241,113.293,37,1410,1215,737046670935,0
matmul_tiny_loop_L5_r2,1790334102.5319834,4878154.220719555,113.293,37,1410,1215,737046670935,0
matmul_tiny_loop_L5_r2,1790334102.5819807,4878154.270716718,113.293,37,1410,1215,737046682292,0
matmul_tiny_loop_L5_r2,1790334102.631983,4878154.320719052,114.432,37,1410,1215,737046682292,0
matmul_tiny_loop_L5_r2,1790334102.6819823,4878154.370718416,114.432,37,1410,1215,737046693765,0
matmul_tiny_loop_L5_r2,1790334102.73198,4878154.420716129,114.432,37,1410,1215,737046693765,0
matmul_tiny_loop_L5_r2,1790334102.7819798,4878154.470716143,114.432,37,1410,1215,737046705264,0
matmul_tiny_loop_L5_r2,1790334102.8319824,4878154.520718557,113.293,37,1410,1215,737046705264,0
matmul_tiny_loop_L5_r2,1790334102.881986,4878154.5707221,113.293,37,1410,1215,737046716688,0
matmul_tiny_loop_L5_r2,1790334102.931981,4878154.620717204,113.293,37,1410,1215,737046716688,0
matmul_tiny_loop_L5_r2,1790334102.9819822,4878154.670718178,113.293,37,1410,1215,737046728102,0
matmul_tiny_loop_L5_r2,1790334103.031983,4878154.720718871,113.293,37,1410,1215,737046728102,0
matmul_tiny_loop_L5_r2,1790334103.0819838,4878154.770719805,113.293,37,1410,1215,737046739529,0
matmul_tiny_loop_L10_r4,1790334105.11833,4878156.807065952,113.293,37,1410,1215,737046967974,0
matmul_tiny_loop_L10_r4,1790334105.1684437,4878156.857179725,114.155,37,1410,1215,737046979484,0
matmul_tiny_loop_L10_r4,1790334105.218443,4878156.907179138,114.155,37,1410,1215,737046979484,0
matmul_tiny_loop_L10_r4,1790334105.2684486,4878156.957184692,114.273,37,1410,1215,737046991044,0
matmul_tiny_loop_L10_r4,1790334105.3184536,4878157.007189576,114.273,37,1410,1215,737046991044,0
matmul_tiny_loop_L10_r4,1790334105.3684685,4878157.057204519,114.432,37,1410,1215,737047002545,0
matmul_tiny_loop_L10_r4,1790334105.4184518,4878157.107187843,114.432,37,1410,1215,737047002545,0
matmul_tiny_loop_L10_r4,1790334105.468451,4878157.157187117,113.293,37,1410,1215,737047014011,0
matmul_tiny_loop_L10_r4,1790334105.5184515,4878157.20718769,113.293,37,1410,1215,737047014011,0
matmul_tiny_loop_L10_r4,1790334105.568455,4878157.257191014,114.155,37,1410,1215,737047025489,0
matmul_tiny_loop_L10_r4,1790334105.6184509,4878157.307186997,114.155,37,1410,1215,737047025489,0
matmul_tiny_loop_L10_r4,1790334105.6684518,4878157.357188031,113.293,37,1410,1215,737047036946,0
matmul_tiny_loop_L10_r4,1790334105.7184541,4878157.407190045,113.293,37,1410,1215,737047036946,0
matmul_tiny_loop_L10_r4,1790334105.7684503,4878157.457186469,114.155,37,1410,1215,737047048470,0
matmul_tiny_loop_L10_r4,1790334105.8184638,4878157.507199902,114.155,37,1410,1215,737047048470,0
matmul_tiny_loop_L10_r4,1790334105.8684514,4878157.557187566,114.432,37,1410,1215,737047059997,0
matmul_tiny_loop_L10_r4,1790334105.9184527,4878157.607188829,114.432,37,1410,1215,737047059997,0
matmul_tiny_loop_L10_r4,1790334105.9684477,4878157.657183953,113.293,37,1410,1215,737047071418,0
matmul_tiny_loop_L10_r4,1790334106.0184555,4878157.707191677,113.293,37,1410,1215,737047071418,0
matmul_tiny_loop_L10_r4,1790334106.068452,4878157.75718801,113.293,37,1410,1215,737047082877,0
matmul_tiny_loop_L10_r4,1790334106.1184514,4878157.807187454,113.293,37,1410,1215,737047082877,0
matmul_tiny_loop_L10_r4,1790334106.168454,4878157.857190038,114.155,37,1410,1215,737047094406,0
matmul_tiny_loop_L10_r4,1790334106.2184517,4878157.907187791,114.155,37,1410,1215,737047094406,0
matmul_tiny_loop_L10_r4,1790334106.2684555,4878157.957191545,114.432,37,1410,1215,737047105954,0
matmul_tiny_loop_L10_r4,1790334106.3184552,4878158.007191509,114.432,37,1410,1215,737047105954,0
matmul_tiny_loop_L10_r4,1790334106.3684518,4878158.057188122,114.432,37,1410,1215,737047117487,0
matmul_tiny_loop_L10_r4,1790334106.4184568,4878158.107192996,114.432,37,1410,1215,737047117487,0
matmul_tiny_loop_L10_r4,1790334106.4684508,4878158.15718684,114.432,37,1410,1215,737047128979,0
matmul_tiny_loop_L10_r4,1790334106.518456,4878158.207192103,114.432,37,1410,1215,737047128979,0
matmul_tiny_loop_L10_r4,1790334106.5684528,4878158.257188957,113.411,37,1410,1215,737047140403,0
matmul_tiny_loop_L10_r4,1790334106.6184514,4878158.307187651,113.411,37,1410,1215,737047140403,0
matmul_tiny_loop_L10_r4,1790334106.6684525,4878158.357188834,113.293,37,1410,1215,737047140403,0
matmul_tiny_loop_L10_r4,1790334106.718452,4878158.407187948,113.293,37,1410,1215,737047152025,0
matmul_tiny_loop_L10_r4,1790334106.7684517,4878158.457187532,114.155,37,1410,1215,737047152025,0
matmul_tiny_loop_L10_r4,1790334106.8184478,4878158.507184095,114.155,37,1410,1215,737047163447,0
matmul_tiny_loop_L10_r4,1790334106.868454,4878158.557190089,114.432,37,1410,1215,737047163447,0
matmul_tiny_loop_L10_r4,1790334106.9184515,4878158.607187493,114.432,37,1410,1215,737047174924,0
matmul_tiny_loop_L10_r4,1790334106.9684513,4878158.657187286,114.432,37,1410,1215,737047174924,0
matmul_tiny_loop_L10_r4,1790334107.0184517,4878158.70718773,114.432,37,1410,1215,737047186438,0
matmul_tiny_loop_L10_r4,1790334107.0684524,4878158.757188524,114.432,37,1410,1215,737047186438,0
matmul_tiny_loop_L10_r4,1790334107.1184516,4878158.807187847,114.432,37,1410,1215,737047198000,0
matmul_tiny_loop_L10_r4,1790334107.1684558,4878158.857191971,114.432,37,1410,1215,737047198000,0
matmul_tiny_loop_L10_r4,1790334107.218457,4878158.907193164,114.432,37,1410,1215,737047209514,0
matmul_tiny_loop_L10_r4,1790334107.2684498,4878158.957185828,114.551,37,1410,1215,737047209514,0
matmul_tiny_loop_L10_r4,1790334107.3184538,4878159.007189682,114.551,37,1410,1215,737047221019,0
matmul_tiny_loop_L10_r4,1790334107.368452,4878159.057188255,113.293,37,1410,1215,737047221019,0
matmul_tiny_loop_L10_r4,1790334107.418456,4878159.107192199,113.293,37,1410,1215,737047232420,0
matmul_tiny_loop_L10_r4,1790334107.4684544,4878159.157190443,113.411,37,1410,1215,737047232420,0
matmul_tiny_loop_L10_r4,1790334107.5184503,4878159.207186336,113.411,37,1410,1215,737047243879,0
matmul_tiny_loop_L10_r4,1790334107.568452,4878159.25718806,114.155,37,1410,1215,737047243879,0
matmul_tiny_loop_L10_r4,1790334107.618454,4878159.307190054,114.155,37,1410,1215,737047255416,0
matmul_tiny_loop_L10_r4,1790334107.6684518,4878159.357187957,114.432,37,1410,1215,737047255416,0
matmul_tiny_loop_L10_r4,1790334107.718452,4878159.407188051,114.432,37,1410,1215,737047266915,0
matmul_tiny_loop_L10_r4,1790334107.768453,4878159.457188805,113.293,37,1410,1215,737047266915,0
matmul_tiny_loop_L10_r4,1790334107.8184507,4878159.507186818,113.293,37,1410,1215,737047278345,0
matmul_tiny_loop_L10_r4,1790334107.8684561,4878159.557192142,113.411,37,1410,1215,737047278345,0
matmul_tiny_loop_L10_r4,1790334107.9184568,4878159.607192776,113.411,37,1410,1215,737047289793,0
matmul_tiny_loop_L10_r4,1790334107.9684525,4878159.657188289,114.432,37,1410,1215,737047289793,0
matmul_tiny_loop_L10_r4,1790334108.0184562,4878159.707192453,114.432,37,1410,1215,737047301272,0
matmul_tiny_loop_L10_r4,1790334108.068452,4878159.757188097,113.293,37,1410,1215,737047301272,0
matmul_tiny_loop_L10_r4,1790334108.1184516,4878159.80718785,113.293,37,1410,1215,737047312695,0
matmul_tiny_loop_L10_r4,1790334108.1684518,4878159.857187824,113.293,37,1410,1215,737047312695,0
matmul_tiny_loop_L10_r4,1790334108.2184517,4878159.907187898,113.293,37,1410,1215,737047324115,0
matmul_tiny_loop_L10_r4,1790334108.2684553,4878159.957191241,113.293,37,1410,1215,737047324115,0
matmul_tiny_loop_L10_r4,1790334108.318453,4878160.007189175,113.293,37,1410,1215,737047335588,0
matmul_tiny_loop_L10_r4,1790334108.3684564,4878160.057192549,114.155,37,1410,1215,737047335588,0
matmul_tiny_loop_L10_r4,1790334108.418454,4878160.107190062,114.155,37,1410,1215,737047347061,0
matmul_tiny_loop_L10_r4,1790334108.468453,4878160.157188906,113.293,37,1410,1215,737047347061,0
matmul_tiny_loop_L10_r4,1790334108.518451,4878160.20718713,113.293,37,1410,1215,737047358516,0
matmul_tiny_loop_L10_r4,1790334108.5684981,4878160.257234293,114.155,37,1410,1215,737047358516,0
matmul_tiny_loop_L10_r4,1790334108.6184545,4878160.307190667,114.155,37,1410,1215,737047369983,0
matmul_tiny_loop_L10_r4,1790334108.6684518,4878160.35718792,113.293,37,1410,1215,737047369983,0
matmul_tiny_loop_L10_r4,1790334108.7184517,4878160.407187944,113.293,37,1410,1215,737047381427,0
matmul_tiny_loop_L10_r4,1790334108.7684512,4878160.457187428,114.155,37,1410,1215,737047381427,0
matmul_tiny_loop_L10_r4,1790334108.8184538,4878160.507189772,114.155,37,1410,1215,737047392971,0
matmul_tiny_loop_L10_r4,1790334108.8684523,4878160.557188345,114.551,37,1410,1215,737047392971,0
matmul_tiny_loop_L10_r4,1790334108.9184551,4878160.607191199,114.551,37,1410,1215,737047404478,0
matmul_tiny_loop_L10_r4,1790334108.9684527,4878160.657188813,113.411,37,1410,1215,737047404478,0
matmul_tiny_loop_L10_r4,1790334109.0184517,4878160.707187786,113.411,37,1410,1215,737047415919,0
matmul_tiny_loop_L10_r4,1790334109.0684521,4878160.75718805,114.273,37,1410,1215,737047415919,0
matmul_tiny_loop_L10_r4,1790334109.1184514,4878160.807187463,114.273,37,1410,1215,737047427424,0
matmul_tiny_loop_L10_r4,1790334109.1684525,4878160.857188677,113.293,37,1410,1215,737047427424,0
matmul_tiny_loop_L10_r4,1790334109.2184582,4878160.907194331,113.293,37,1410,1215,737047438849,0
matmul_tiny_loop_L10_r4,1790334109.2684522,4878160.957188154,113.293,37,1410,1215,737047438849,0
matmul_tiny_loop_L10_r4,1790334109.3184495,4878161.007185358,113.293,37,1410,1215,737047450301,0
matmul_tiny_loop_L10_r4,1790334109.3684552,4878161.057191192,114.432,37,1410,1215,737047450301,0
matmul_tiny_loop_L10_r4,1790334109.4184506,4878161.107186635,114.432,37,1410,1215,737047461832,0
matmul_tiny_loop_L10_r4,1790334109.4684515,4878161.157187739,114.432,37,1410,1215,737047461832,0
matmul_tiny_loop_L10_r4,1790334109.5184534,4878161.207189283,114.432,37,1410,1215,737047473328,0
matmul_tiny_loop_L10_r4,1790334109.568457,4878161.257193006,113.293,37,1410,1215,737047473328,0
matmul_tiny_loop_L10_r4,1790334109.618451,4878161.30718729,113.293,37,1410,1215,737047484784,0
matmul_tiny_loop_L10_r4,1790334109.668451,4878161.357187034,114.155,37,1410,1215,737047484784,0
matmul_tiny_loop_L10_r4,1790334109.718455,4878161.407191027,114.155,37,1410,1215,737047496326,0
matmul_tiny_loop_L10_r4,1790334109.7684517,4878161.457187691,114.432,37,1410,1215,737047496326,0
matmul_tiny_loop_L10_r4,1790334109.8184507,4878161.507186875,114.432,37,1410,1215,737047507861,0
matmul_tiny_loop_L10_r4,1790334109.8684506,4878161.557186798,114.432,37,1410,1215,737047507861,0
matmul_tiny_loop_L10_r4,1790334109.918452,4878161.607188192,114.432,37,1410,1215,737047519378,0
matmul_tiny_loop_L10_r4,1790334109.9684536,4878161.657189696,113.293,37,1410,1215,737047519378,0
matmul_tiny_loop_L10_r4,1790334110.0184512,4878161.707187419,113.293,37,1410,1215,737047530782,0
matmul_tiny_loop_L10_r4,1790334110.0684524,4878161.757188383,113.293,37,1410,1215,737047530782,0
matmul_tiny_loop_L10_r4,1790334110.118455,4878161.807191227,113.293,37,1410,1215,737047542198,0
matmul_tiny_loop_L10_r4,1790334110.168459,4878161.85719519,113.293,37,1410,1215,737047542198,0
matmul_tiny_loop_L10_r4,1790334110.218452,4878161.907187954,113.293,37,1410,1215,737047553637,0
matmul_tiny_loop_L10_r4,1790334110.268451,4878161.957187128,114.155,37,1410,1215,737047553637,0
matmul_tiny_loop_L10_r4,1790334110.3184538,4878162.007189881,114.155,37,1410,1215,737047565135,0
matmul_tiny_loop_L10_r4,1790334110.368618,4878162.057359443,113.293,37,1410,1215,737047565135,0
matmul_tiny_loop_L10_r4,1790334110.4184654,4878162.107201228,113.293,37,1410,1215,737047576528,0
matmul_tiny_loop_L10_r4,1790334110.4684522,4878162.157188382,113.411,37,1410,1215,737047576528,0
matmul_tiny_loop_L10_r4,1790334110.5184553,4878162.207191346,113.411,37,1410,1215,737047587996,0
matmul_tiny_loop_L10_r4,1790334110.568452,4878162.257187999,114.155,37,1410,1215,737047587996,0
matmul_tiny_loop_L10_r4,1790334110.6184509,4878162.307187003,114.155,37,1410,1215,737047599523,0
matmul_tiny_loop_L10_r4,1790334110.668453,4878162.357188867,114.551,37,1410,1215,737047599523,0
matmul_tiny_loop_L10_r4,1790334110.7184541,4878162.40719006,114.551,37,1410,1215,737047611050,0
matmul_tiny_loop_L10_r4,1790334110.7684524,4878162.457188484,113.293,37,1410,1215,737047611050,0
matmul_tiny_loop_L10_r4,1790334110.8184545,4878162.507190588,113.293,37,1410,1215,737047622510,0
matmul_tiny_loop_L10_r4,1790334110.8684518,4878162.557187961,114.155,37,1410,1215,737047622510,0
matmul_tiny_loop_L10_r4,1790334110.918452,4878162.607188125,114.155,37,1410,1215,737047634059,0
matmul_tiny_loop_L10_r4,1790334110.9684527,4878162.657188749,113.293,37,1410,1215,737047634059,0
matmul_tiny_loop_L10_r4,1790334111.0184553,4878162.707191512,113.293,37,1410,1215,737047645486,0
matmul_tiny_loop_L10_r4,1790334111.0684562,4878162.757192396,113.293,37,1410,1215,737047645486,0
matmul_tiny_loop_L10_r4,1790334111.11846,4878162.80719592,113.293,37,1410,1215,737047656961,0
matmul_tiny_loop_L10_r4,1790334111.168452,4878162.857188183,114.155,37,1410,1215,737047656961,0
matmul_tiny_loop_L10_r4,1790334111.2184525,4878162.907188577,114.155,37,1410,1215,737047668462,0
matmul_tiny_loop_L10_r4,1790334111.2684546,4878162.957190871,113.293,37,1410,1215,737047668462,0
matmul_tiny_loop_L10_r4,1790334111.3184516,4878163.007187744,113.293,37,1410,1215,737047679889,0
matmul_tiny_loop_L10_r4,1790334111.368452,4878163.057188198,112.962,37,1410,1215,737047679889,0
matmul_tiny_loop_L10_r4,1790334111.4184597,4878163.107195752,112.962,37,1410,1215,737047691341,0
matmul_tiny_loop_L10_r4,1790334111.468453,4878163.157188835,114.155,37,1410,1215,737047691341,0
matmul_tiny_loop_L10_r4,1790334111.5184522,4878163.207188219,114.155,37,1410,1215,737047702896,0
matmul_tiny_loop_L10_r4,1790334111.5684524,4878163.257188563,114.273,37,1410,1215,737047702896,0
matmul_tiny_loop_L10_r4,1790334111.6184525,4878163.307188456,114.273,37,1410,1215,737047714394,0
matmul_tiny_loop_L10_r4,1790334111.6684518,4878163.35718806,113.293,37,1410,1215,737047714394,0
matmul_tiny_loop_L10_r4,1790334111.718451,4878163.407187074,113.293,37,1410,1215,737047725836,0
matmul_tiny_loop_L10_r4,1790334111.7684512,4878163.457187567,113.293,37,1410,1215,737047725836,0
matmul_tiny_loop_L10_r4,1790334111.8184505,4878163.507186491,113.293,37,1410,1215,737047737302,0
matmul_tiny_loop_L10_r4,1790334111.8684518,4878163.557188055,114.155,37,1410,1215,737047737302,0
matmul_tiny_loop_L10_r4,1790334111.9184546,4878163.607190738,114.155,37,1410,1215,737047748778,0
matmul_tiny_loop_L10_r4,1790334111.9684513,4878163.657187492,113.293,37,1410,1215,737047748778,0
matmul_tiny_loop_L10_r4,1790334112.0184524,4878163.707188546,113.293,37,1410,1215,737047760218,0
matmul_tiny_loop_L10_r4,1790334112.0684547,4878163.757190819,114.155,37,1410,1215,737047760218,0
matmul_tiny_loop_L10_r4,1790334112.118453,4878163.807189063,114.155,37,1410,1215,737047771765,0
matmul_tiny_loop_L10_r4,1790334112.168452,4878163.857188036,114.432,37,1410,1215,737047771765,0
matmul_tiny_loop_L10_r4,1790334112.2184548,4878163.90719073,114.432,37,1410,1215,737047783220,0
matmul_tiny_loop_L10_r4,1790334112.268453,4878163.957188894,113.293,37,1410,1215,737047783220,0
matmul_tiny_loop_L10_r4,1790334112.3184521,4878164.007188258,113.293,37,1410,1215,737047783220,0
matmul_tiny_loop_L10_r4,1790334112.368452,4878164.057188101,114.155,37,1410,1215,737047794878,0
matmul_tiny_loop_L10_r4,1790334112.4184527,4878164.107188905,114.155,37,1410,1215,737047794878,0
matmul_tiny_loop_L10_r4,1790334112.468453,4878164.157189079,113.293,37,1410,1215,737047806264,0
matmul_tiny_loop_L10_r4,1790334112.518453,4878164.207189242,113.293,37,1410,1215,737047806264,0
matmul_tiny_loop_L10_r4,1790334112.5684545,4878164.257190376,113.293,37,1410,1215,737047817600,0
matmul_tiny_loop_L10_r4,1790334112.6184525,4878164.307188519,113.293,37,1410,1215,737047817600,0
matmul_tiny_loop_L10_r4,1790334112.668452,4878164.357188223,113.293,37,1410,1215,737047829019,0
matmul_tiny_loop_L10_r4,1790334112.7184517,4878164.407187787,113.293,37,1410,1215,737047829019,0
matmul_tiny_loop_L10_r4,1790334112.7684522,4878164.45718824,113.293,37,1410,1215,737047840457,0
matmul_tiny_loop_L10_r4,1790334112.8184571,4878164.507193134,113.293,37,1410,1215,737047840457,0
matmul_tiny_loop_L10_r4,1790334112.8684523,4878164.557188298,113.411,37,1410,1215,737047851880,0
matmul_tiny_loop_L10_r4,1790334112.9184525,4878164.607188561,113.411,37,1410,1215,737047851880,0
matmul_tiny_loop_L10_r4,1790334112.9684508,4878164.657186935,114.155,37,1410,1215,737047863352,0
matmul_tiny_loop_L10_r4,1790334113.0184548,4878164.707190879,114.155,37,1410,1215,737047863352,0
matmul_tiny_loop_L10_r4,1790334113.0684557,4878164.757191822,113.293,37,1410,1215,737047874847,0
matmul_tiny_loop_L10_r4,1790334113.1184514,4878164.807187556,113.293,37,1410,1215,737047874847,0
matmul_tiny_loop_L10_r4,1790334113.168453,4878164.85718901,113.293,37,1410,1215,737047886264,0
matmul_tiny_loop_L10_r4,1790334113.2184515,4878164.907187703,113.293,37,1410,1215,737047886264,0
matmul_tiny_loop_L10_r4,1790334113.2684495,4878164.957185677,113.293,37,1410,1215,737047897731,0
matmul_tiny_loop_L10_r4,1790334113.318454,4878165.007190011,113.293,37,1410,1215,737047897731,0
matmul_tiny_loop_L10_r4,1790334113.3684514,4878165.057187424,114.155,37,1410,1215,737047909260,0
matmul_tiny_loop_L10_r4,1790334113.4184563,4878165.107192308,114.155,37,1410,1215,737047909260,0
matmul_tiny_loop_L10_r4,1790334113.4684513,4878165.157187442,114.432,37,1410,1215,737047920740,0
matmul_tiny_loop_L10_r4,1790334113.5184526,4878165.207188785,114.432,37,1410,1215,737047920740,0
matmul_tiny_loop_L10_r4,1790334113.5684526,4878165.257188609,113.293,37,1410,1215,737047932153,0
matmul_tiny_loop_L10_r4,1790334113.6184509,4878165.307186983,113.293,37,1410,1215,737047932153,0
matmul_tiny_loop_L10_r4,1790334113.6684513,4878165.357187446,114.432,37,1410,1215,737047943682,0
matmul_tiny_loop_L10_r4,1790334113.7184515,4878165.40718744,114.432,37,1410,1215,737047943682,0
matmul_tiny_loop_L10_r4,1790334113.7684538,4878165.457190063,114.432,37,1410,1215,737047955217,0
matmul_tiny_loop_L10_r4,1790334113.818451,4878165.507187027,114.432,37,1410,1215,737047955217,0
matmul_tiny_loop_L10_r4,1790334113.8684509,4878165.557186901,114.432,37,1410,1215,737047966726,0
matmul_tiny_loop_L10_r4,1790334113.918452,4878165.607188145,114.432,37,1410,1215,737047966726,0
matmul_tiny_loop_L10_r4,1790334113.9684584,4878165.657194638,113.293,37,1410,1215,737047978182,0
matmul_tiny_loop_L10_r4,1790334114.0184507,4878165.707186632,113.293,37,1410,1215,737047978182,0
matmul_tiny_loop_L10_r4,1790334114.0684521,4878165.757188115,114.432,37,1410,1215,737047989707,0
matmul_tiny_loop_L10_r4,1790334114.1184542,4878165.807190349,114.432,37,1410,1215,737047989707,0
matmul_tiny_loop_L10_r4,1790334114.1684515,4878165.857187763,114.432,37,1410,1215,737048001176,0
matmul_tiny_loop_L10_r4,1790334114.2184517,4878165.907187786,114.432,37,1410,1215,737048001176,0
matmul_tiny_loop_L10_r4,1790334114.268452,4878165.957188,113.293,37,1410,1215,737048012620,0
matmul_tiny_loop_L10_r4,1790334114.3184512,4878166.007187384,113.293,37,1410,1215,737048012620,0
matmul_tiny_loop_L10_r4,1790334114.3684516,4878166.057187747,114.432,37,1410,1215,737048024115,0
matmul_tiny_loop_L10_r4,1790334114.4184515,4878166.107187561,114.432,37,1410,1215,737048024115,0
matmul_tiny_loop_L10_r4,1790334114.4684513,4878166.157187415,113.293,37,1410,1215,737048035523,0
matmul_tiny_loop_L10_r4,1790334114.5184517,4878166.207187928,113.293,37,1410,1215,737048035523,0
matmul_tiny_loop_L10_r4,1790334114.5684526,4878166.257188762,113.293,37,1410,1215,737048046974,0
matmul_tiny_loop_L10_r4,1790334114.6184566,4878166.307192726,113.293,37,1410,1215,737048046974,0
matmul_tiny_loop_L10_r4,1790334114.6684532,4878166.357189119,114.273,37,1410,1215,737048058500,0
matmul_tiny_loop_L10_r4,1790334114.7184565,4878166.407192683,114.273,37,1410,1215,737048058500,0
matmul_tiny_loop_L10_r4,1790334114.7684526,4878166.457188697,114.432,37,1410,1215,737048069983,0
matmul_tiny_loop_L10_r4,1790334114.8184514,4878166.50718746,114.432,37,1410,1215,737048069983,0
matmul_tiny_loop_L10_r4,1790334114.868452,4878166.557188224,113.293,37,1410,1215,737048081423,0
matmul_tiny_loop_L10_r4,1790334114.9184546,4878166.607190748,113.293,37,1410,1215,737048081423,0
matmul_tiny_loop_L10_r4,1790334114.9684563,4878166.657192271,114.155,37,1410,1215,737048092924,0
matmul_tiny_loop_L10_r4,1790334115.0184522,4878166.707188255,114.155,37,1410,1215,737048092924,0
matmul_tiny_loop_L10_r4,1790334115.0684545,4878166.757190519,113.293,37,1410,1215,737048104348,0
matmul_tiny_loop_L10_r4,1790334115.1184516,4878166.807187892,113.293,37,1410,1215,737048104348,0
matmul_tiny_loop_L10_r4,1790334115.1684825,4878166.857218496,113.293,37,1410,1215,737048115788,0
matmul_tiny_loop_L10_r4,1790334115.2184544,4878166.90719044,113.293,37,1410,1215,737048115788,0
matmul_tiny_loop_L10_r4,1790334115.268452,4878166.957188013,114.155,37,1410,1215,737048127324,0
matmul_tiny_loop_L10_r4,1790334115.3184485,4878167.007184867,114.155,37,1410,1215,737048127324,0
matmul_tiny_loop_L10_r4,1790334115.3684525,4878167.057188791,114.432,37,1410,1215,737048138829,0
matmul_tiny_loop_L10_r4,1790334115.4184515,4878167.107187544,114.432,37,1410,1215,737048138829,0
matmul_tiny_loop_L10_r4,1790334115.468451,4878167.157187168,113.293,37,1410,1215,737048150282,0
matmul_tiny_loop_L10_r4,1790334115.5184517,4878167.207187752,113.293,37,1410,1215,737048150282,0
matmul_tiny_loop_L10_r4,1790334115.5684514,4878167.257187395,114.155,37,1410,1215,737048161807,0
matmul_tiny_loop_L10_r4,1790334115.6184516,4878167.307187769,114.155,37,1410,1215,737048161807,0
matmul_tiny_loop_L10_r4,1790334115.6684515,4878167.357187802,114.432,37,1410,1215,737048173312,0
matmul_tiny_loop_L10_r4,1790334115.7184513,4878167.407187406,114.432,37,1410,1215,737048173312,0
matmul_tiny_loop_L10_r4,1790334115.7684345,4878167.45717058,113.411,37,1410,1215,737048184774,0
matmul_tiny_loop_L10_r4,1790334115.8184168,4878167.507152784,113.411,37,1410,1215,737048184774,0
matmul_tiny_loop_L10_r4,1790334115.868413,4878167.557148808,114.273,37,1410,1215,737048196260,0
matmul_tiny_loop_L1_r2,1790334117.916644,4878169.605380098,113.293,37,1410,1215,737048425438,0
matmul_tiny_loop_L1_r2,1790334117.9667616,4878169.6554977,114.155,37,1410,1215,737048436954,0
matmul_tiny_loop_L1_r2,1790334118.016754,4878169.705489904,114.155,37,1410,1215,737048436954,0
matmul_tiny_loop_L1_r2,1790334118.0667658,4878169.755502067,114.432,37,1410,1215,737048436954,0
matmul_tiny_loop_L1_r2,1790334118.116768,4878169.805504221,114.432,37,1410,1215,737048448598,0
matmul_tiny_loop_L1_r2,1790334118.1667655,4878169.855501805,114.432,37,1410,1215,737048448598,0
matmul_tiny_loop_L1_r2,1790334118.2167656,4878169.905501848,114.432,37,1410,1215,737048459993,0
matmul_tiny_loop_L1_r2,1790334118.2667687,4878169.955504812,113.293,37,1410,1215,737048459993,0
matmul_tiny_loop_L1_r2,1790334118.3167655,4878170.005501446,113.293,37,1410,1215,737048471395,0
matmul_tiny_loop_L1_r2,1790334118.3667657,4878170.055501929,114.155,37,1410,1215,737048471395,0
matmul_tiny_loop_L1_r2,1790334118.416768,4878170.105504143,114.155,37,1410,1215,737048482934,0
matmul_tiny_loop_L1_r2,1790334118.4667652,4878170.155501237,114.432,37,1410,1215,737048482934,0
matmul_tiny_loop_L1_r2,1790334118.5167675,4878170.20550361,114.432,37,1410,1215,737048494413,0
matmul_tiny_loop_L1_r2,1790334118.56677,4878170.255506224,113.293,37,1410,1215,737048494413,0
matmul_tiny_loop_L1_r2,1790334118.616769,4878170.305505248,113.293,37,1410,1215,737048505828,0
matmul_tiny_loop_L1_r2,1790334118.6667671,4878170.355503281,113.411,37,1410,1215,737048505828,0
matmul_tiny_loop_L1_r2,1790334118.7167716,4878170.405507635,113.411,37,1410,1215,737048517258,0
matmul_tiny_loop_L1_r2,1790334118.766773,4878170.455509069,114.432,37,1410,1215,737048517258,0
matmul_tiny_loop_L1_r2,1790334118.8167698,4878170.505505992,114.432,37,1410,1215,737048528788,0
matmul_tiny_loop_L1_r2,1790334118.866765,4878170.555501136,114.432,37,1410,1215,737048528788,0
matmul_tiny_loop_L1_r2,1790334118.916768,4878170.60550415,114.432,37,1410,1215,737048540296,0
matmul_tiny_loop_L1_r2,1790334118.9667659,4878170.655501883,113.293,37,1410,1215,737048540296,0
matmul_tiny_loop_L0.5_r4,1790334120.999086,4878172.687821577,114.155,37,1410,1215,737048781813,0
matmul_tiny_loop_L0.5_r4,1790334121.0491996,4878172.737935899,114.432,37,1410,1215,737048781813,0
matmul_tiny_loop_L0.5_r4,1790334121.0991962,4878172.787932213,114.432,37,1410,1215,737048793339,0
matmul_tiny_loop_L0.5_r4,1790334121.1492107,4878172.837946746,114.432,37,1410,1215,737048793339,0
matmul_tiny_loop_L0.5_r4,1790334121.1992142,4878172.88795035,114.432,37,1410,1215,737048804879,0
matmul_tiny_loop_L0.5_r4,1790334121.2492077,4878172.937943944,114.432,37,1410,1215,737048804879,0
matmul_tiny_loop_L0.5_r4,1790334121.2992046,4878172.987940718,114.432,37,1410,1215,737048816405,0
matmul_tiny_loop_L0.5_r4,1790334121.3492088,4878173.037944911,114.432,37,1410,1215,737048816405,0
matmul_tiny_loop_L0.5_r4,1790334121.399211,4878173.087947235,114.432,37,1410,1215,737048827953,0
matmul_tiny_loop_L0.5_r4,1790334121.4492114,4878173.137947549,114.551,37,1410,1215,737048827953,0
matmul_tiny_loop_L0.5_r4,1790334121.4992108,4878173.187946842,114.551,37,1410,1215,737048839474,0
matmul_tiny_loop_L2_r3,1790334123.508465,4878175.197201052,114.273,37,1410,1215,737049057710,0
matmul_tiny_loop_L2_r3,1790334123.5585756,4878175.247311744,114.155,37,1410,1215,737049069242,0
matmul_tiny_loop_L2_r3,1790334123.6085792,4878175.297315168,114.155,37,1410,1215,737049069242,0
matmul_tiny_loop_L2_r3,1790334123.6585903,4878175.347326231,114.432,37,1410,1215,737049080776,0
matmul_tiny_loop_L2_r3,1790334123.708587,4878175.397323165,114.432,37,1410,1215,737049080776,0
matmul_tiny_loop_L2_r3,1790334123.7585897,4878175.447325789,113.293,37,1410,1215,737049092256,0
matmul_tiny_loop_L2_r3,1790334123.8085938,4878175.497329792,113.293,37,1410,1215,737049092256,0
matmul_tiny_loop_L2_r3,1790334123.8585916,4878175.547327656,113.293,37,1410,1215,737049103680,0
matmul_tiny_loop_L2_r3,1790334123.9085906,4878175.59732679,113.293,37,1410,1215,737049103680,0
matmul_tiny_loop_L2_r3,1790334123.9585905,4878175.647326603,113.293,37,1410,1215,737049115124,0
matmul_tiny_loop_L2_r3,1790334124.0085912,4878175.697327127,113.293,37,1410,1215,737049115124,0
matmul_tiny_loop_L2_r3,1790334124.0585885,4878175.747324421,114.432,37,1410,1215,737049126576,0
matmul_tiny_loop_L2_r3,1790334124.1085894,4878175.797325294,114.432,37,1410,1215,737049126576,0
matmul_tiny_loop_L2_r3,1790334124.1585896,4878175.847325758,114.432,37,1410,1215,737049138098,0
matmul_tiny_loop_L2_r3,1790334124.2085888,4878175.897324992,114.432,37,1410,1215,737049138098,0
matmul_tiny_loop_L2_r3,1790334124.2585864,4878175.947322495,113.293,37,1410,1215,737049149603,0
matmul_tiny_loop_L2_r3,1790334124.3085885,4878175.997324739,113.293,37,1410,1215,737049149603,0
matmul_tiny_loop_L2_r3,1790334124.3585906,4878176.047326852,113.293,37,1410,1215,737049161011,0
matmul_tiny_loop_L2_r3,1790334124.4086232,4878176.097359306,113.293,37,1410,1215,737049161011,0
matmul_tiny_loop_L2_r3,1790334124.4585881,4878176.14732438,114.551,37,1410,1215,737049172477,0
matmul_tiny_loop_L2_r3,1790334124.5085933,4878176.197329513,114.551,37,1410,1215,737049172477,0
matmul_tiny_loop_L2_r3,1790334124.5585876,4878176.247323797,113.411,37,1410,1215,737049183965,0
matmul_tiny_loop_L2_r3,1790334124.6085882,4878176.297324311,113.411,37,1410,1215,737049183965,0
matmul_tiny_loop_L2_r3,1790334124.6585882,4878176.347324254,114.551,37,1410,1215,737049195428,0
matmul_tiny_loop_L2_r3,1790334124.70859,4878176.397326298,114.551,37,1410,1215,737049195428,0
matmul_tiny_loop_L2_r3,1790334124.758588,4878176.447324202,113.293,37,1410,1215,737049206927,0
matmul_tiny_loop_L2_r3,1790334124.808589,4878176.497325175,113.293,37,1410,1215,737049206927,0
matmul_tiny_loop_L2_r3,1790334124.8586261,4878176.547362029,114.432,37,1410,1215,737049218392,0
matmul_tiny_loop_L2_r3,1790334124.9085915,4878176.597327683,114.432,37,1410,1215,737049218392,0
matmul_tiny_loop_L2_r3,1790334124.9585881,4878176.647324206,114.432,37,1410,1215,737049229914,0
matmul_tiny_loop_L2_r3,1790334125.0085871,4878176.69732315,114.432,37,1410,1215,737049229914,0
matmul_tiny_loop_L2_r3,1790334125.0585926,4878176.747328664,113.293,37,1410,1215,737049241430,0
matmul_tiny_loop_L2_r3,1790334125.108591,4878176.797327117,113.293,37,1410,1215,737049241430,0
matmul_tiny_loop_L2_r3,1790334125.1585898,4878176.847326101,113.293,37,1410,1215,737049252906,0
matmul_tiny_loop_L2_r3,1790334125.2085893,4878176.897325465,113.293,37,1410,1215,737049252906,0
matmul_tiny_loop_L2_r3,1790334125.2585924,4878176.947328448,113.293,37,1410,1215,737049264471,0
matmul_tiny_loop_L2_r3,1790334125.3085847,4878176.997320702,113.293,37,1410,1215,737049264471,0
matmul_tiny_loop_L2_r3,1790334125.3585901,4878177.047326426,114.432,37,1410,1215,737049275981,0
matmul_tiny_loop_L2_r3,1790334125.408589,4878177.097324799,114.432,37,1410,1215,737049275981,0
matmul_tiny_loop_L2_r3,1790334125.4585867,4878177.147322693,114.432,37,1410,1215,737049287476,0
matmul_tiny_loop_L2_r3,1790334125.508586,4878177.197322207,114.432,37,1410,1215,737049287476,0
matmul_tiny_loop_L0.5_r1,1790334127.5219493,4878179.210685119,114.432,37,1410,1215,737049517246,0
matmul_tiny_loop_L0.5_r1,1790334127.5720587,4878179.260795071,114.432,37,1410,1215,737049528744,0
matmul_tiny_loop_L0.5_r1,1790334127.62206,4878179.310795985,114.432,37,1410,1215,737049528744,0
matmul_tiny_loop_L0.5_r1,1790334127.6720748,4878179.360810928,113.293,37,1410,1215,737049540217,0
matmul_tiny_loop_L0.5_r1,1790334127.7220707,4878179.410806992,113.293,37,1410,1215,737049540217,0
matmul_tiny_loop_L0.5_r1,1790334127.7720737,4878179.460809876,114.432,37,1410,1215,737049551752,0
matmul_tiny_loop_L0.5_r1,1790334127.8220735,4878179.510809489,114.432,37,1410,1215,737049551752,0
matmul_tiny_loop_L0.5_r1,1790334127.8720734,4878179.560809473,114.432,37,1410,1215,737049563316,0
matmul_tiny_loop_L0.5_r1,1790334127.9220738,4878179.610810057,114.432,37,1410,1215,737049563316,0
matmul_tiny_loop_L0.5_r1,1790334127.9720767,4878179.66081272,114.432,37,1410,1215,737049574853,0
matmul_tiny_loop_L0.5_r1,1790334128.0220711,4878179.710807184,114.432,37,1410,1215,737049574853,0
matmul_tiny_loop_L2_r4,1790334130.0331154,4878181.721851353,114.432,37,1410,1215,737049805153,0
matmul_tiny_loop_L2_r4,1790334130.0832312,4878181.771967445,113.293,37,1410,1215,737049816631,0
matmul_tiny_loop_L2_r4,1790334130.1332264,4878181.821962579,114.551,37,1410,1215,737049816631,0
matmul_tiny_loop_L2_r4,1790334130.183231,4878181.871967413,114.551,37,1410,1215,737049828159,0
matmul_tiny_loop_L2_r4,1790334130.233226,4878181.921962046,114.432,37,1410,1215,737049828159,0
matmul_tiny_loop_L2_r4,1790334130.2832282,4878181.97196434,114.432,37,1410,1215,737049839683,0
matmul_tiny_loop_L2_r4,1790334130.3332283,4878182.021964254,114.432,37,1410,1215,737049839683,0
matmul_tiny_loop_L2_r4,1790334130.3832276,4878182.071963657,114.432,37,1410,1215,737049851216,0
matmul_tiny_loop_L2_r4,1790334130.4332287,4878182.121964881,114.432,37,1410,1215,737049851216,0
matmul_tiny_loop_L2_r4,1790334130.4832268,4878182.171963045,114.432,37,1410,1215,737049862762,0
matmul_tiny_loop_L2_r4,1790334130.5332263,4878182.221962348,114.432,37,1410,1215,737049862762,0
matmul_tiny_loop_L2_r4,1790334130.583223,4878182.271959172,114.432,37,1410,1215,737049874260,0
matmul_tiny_loop_L2_r4,1790334130.633232,4878182.321968056,113.293,37,1410,1215,737049874260,0
matmul_tiny_loop_L2_r4,1790334130.6832273,4878182.371963439,113.293,37,1410,1215,737049885695,0
matmul_tiny_loop_L2_r4,1790334130.7332296,4878182.421965573,113.293,37,1410,1215,737049885695,0
matmul_tiny_loop_L2_r4,1790334130.7832286,4878182.471964817,113.293,37,1410,1215,737049897137,0
matmul_tiny_loop_L2_r4,1790334130.8332248,4878182.52196089,114.432,37,1410,1215,737049897137,0
matmul_tiny_loop_L2_r4,1790334130.883226,4878182.571962044,114.432,37,1410,1215,737049908645,0
matmul_tiny_loop_L2_r4,1790334130.933228,4878182.621964057,113.293,37,1410,1215,737049908645,0
matmul_tiny_loop_L2_r4,1790334130.9832277,4878182.671963611,113.293,37,1410,1215,737049920120,0
matmul_tiny_loop_L2_r4,1790334131.0332258,4878182.721961665,114.432,37,1410,1215,737049920120,0
matmul_tiny_loop_L2_r4,1790334131.0832272,4878182.771963269,114.432,37,1410,1215,737049931643,0
matmul_tiny_loop_L2_r4,1790334131.1332283,4878182.821964272,114.432,37,1410,1215,737049931643,0
matmul_tiny_loop_L2_r4,1790334131.1832275,4878182.871963826,114.432,37,1410,1215,737049943129,0
matmul_tiny_loop_L2_r4,1790334131.2332258,4878182.921961689,113.293,37,1410,1215,737049943129,0
matmul_tiny_loop_L2_r4,1790334131.283226,4878182.971962153,113.293,37,1410,1215,737049954577,0
matmul_tiny_loop_L2_r4,1790334131.333237,4878183.021973037,114.432,37,1410,1215,737049954577,0
matmul_tiny_loop_L2_r4,1790334131.383237,4878183.07197307,114.432,37,1410,1215,737049966125,0
matmul_tiny_loop_L2_r4,1790334131.433243,4878183.121979214,114.432,37,1410,1215,737049966125,0
matmul_tiny_loop_L2_r4,1790334131.4832387,4878183.171974768,114.432,37,1410,1215,737049977601,0
matmul_tiny_loop_L2_r4,1790334131.5332375,4878183.221973491,113.293,37,1410,1215,737049977601,0
matmul_tiny_loop_L2_r4,1790334131.5832355,4878183.271971645,113.293,37,1410,1215,737049989078,0
matmul_tiny_loop_L2_r4,1790334131.633241,4878183.321976929,114.432,37,1410,1215,737049989078,0
matmul_tiny_loop_L2_r4,1790334131.6832376,4878183.371973772,114.432,37,1410,1215,737050000582,0
matmul_tiny_loop_L2_r4,1790334131.7332401,4878183.421976216,114.551,37,1410,1215,737050000582,0
matmul_tiny_loop_L2_r4,1790334131.7832398,4878183.47197616,114.551,37,1410,1215,737050012143,0
matmul_tiny_loop_L2_r4,1790334131.8332384,4878183.521974493,114.551,37,1410,1215,737050012143,0
matmul_tiny_loop_L2_r4,1790334131.8832374,4878183.571973577,114.551,37,1410,1215,737050023653,0
matmul_tiny_loop_L2_r4,1790334131.933238,4878183.621974111,114.551,37,1410,1215,737050023653,0
matmul_tiny_loop_L2_r4,1790334131.9832458,4878183.671981834,114.551,37,1410,1215,737050034948,0
matmul_tiny_loop_L2_r4,1790334132.0332403,4878183.721976538,114.432,37,1410,1215,737050034948,0
matmul_tiny_loop_L20_r2,1790334134.0578845,4878185.74662021,113.411,37,1410,1215,737050265009,0
matmul_tiny_loop_L20_r2,1790334134.1079972,4878185.796733272,113.411,37,1410,1215,737050276464,0
matmul_tiny_loop_L20_r2,1790334134.1579993,4878185.846735366,114.155,37,1410,1215,737050276464,0
matmul_tiny_loop_L20_r2,1790334134.2080066,4878185.89674268,114.155,37,1410,1215,737050288001,0
matmul_tiny_loop_L20_r2,1790334134.2580135,4878185.946749453,114.432,37,1410,1215,737050288001,0
matmul_tiny_loop_L20_r2,1790334134.308008,4878185.996744057,114.432,37,1410,1215,737050299531,0
matmul_tiny_loop_L20_r2,1790334134.35801,4878186.046746271,114.432,37,1410,1215,737050299531,0
matmul_tiny_loop_L20_r2,1790334134.4080057,4878186.096741804,114.432,37,1410,1215,737050311054,0
matmul_tiny_loop_L20_r2,1790334134.458009,4878186.146745298,114.432,37,1410,1215,737050311054,0
matmul_tiny_loop_L20_r2,1790334134.5080056,4878186.196741842,114.432,37,1410,1215,737050322557,0
matmul_tiny_loop_L20_r2,1790334134.558011,4878186.246747205,113.293,37,1410,1215,737050322557,0
matmul_tiny_loop_L20_r2,1790334134.608008,4878186.296744089,113.293,37,1410,1215,737050334006,0
matmul_tiny_loop_L20_r2,1790334134.6580064,4878186.346742582,114.432,37,1410,1215,737050334006,0
matmul_tiny_loop_L20_r2,1790334134.7080092,4878186.396745296,114.432,37,1410,1215,737050345549,0
matmul_tiny_loop_L20_r2,1790334134.7580087,4878186.44674475,114.432,37,1410,1215,737050345549,0
matmul_tiny_loop_L20_r2,1790334134.8080072,4878186.496743164,114.432,37,1410,1215,737050357037,0
matmul_tiny_loop_L20_r2,1790334134.858008,4878186.546744057,113.293,37,1410,1215,737050357037,0
matmul_tiny_loop_L20_r2,1790334134.9080093,4878186.596745421,113.293,37,1410,1215,737050368513,0
matmul_tiny_loop_L20_r2,1790334134.958009,4878186.646745004,114.432,37,1410,1215,737050368513,0
matmul_tiny_loop_L20_r2,1790334135.0080109,4878186.696747018,114.432,37,1410,1215,737050380007,0
matmul_tiny_loop_L20_r2,1790334135.0580068,4878186.746742862,113.293,37,1410,1215,737050380007,0
matmul_tiny_loop_L20_r2,1790334135.1080089,4878186.796745065,113.293,37,1410,1215,737050380007,0
matmul_tiny_loop_L20_r2,1790334135.1580071,4878186.846743099,114.155,37,1410,1215,737050391622,0
matmul_tiny_loop_L20_r2,1790334135.208007,4878186.896743413,114.155,37,1410,1215,737050391622,0
matmul_tiny_loop_L20_r2,1790334135.2580132,4878186.946749456,114.432,37,1410,1215,737050403054,0
matmul_tiny_loop_L20_r2,1790334135.3080056,4878186.99674172,114.432,37,1410,1215,737050403054,0
matmul_tiny_loop_L20_r2,1790334135.358007,4878187.046743084,114.155,37,1410,1215,737050414493,0
matmul_tiny_loop_L20_r2,1790334135.4080095,4878187.096745717,114.155,37,1410,1215,737050414493,0
matmul_tiny_loop_L20_r2,1790334135.45801,4878187.146746021,114.432,37,1410,1215,737050426017,0
matmul_tiny_loop_L20_r2,1790334135.5080059,4878187.196742105,114.432,37,1410,1215,737050426017,0
matmul_tiny_loop_L20_r2,1790334135.5580072,4878187.246743348,114.432,37,1410,1215,737050437549,0
matmul_tiny_loop_L20_r2,1790334135.608009,4878187.296745282,114.432,37,1410,1215,737050437549,0
matmul_tiny_loop_L20_r2,1790334135.6580098,4878187.346745976,114.432,37,1410,1215,737050449075,0
matmul_tiny_loop_L20_r2,1790334135.7080052,4878187.396741239,114.432,37,1410,1215,737050449075,0
matmul_tiny_loop_L20_r2,1790334135.7580085,4878187.446744623,114.432,37,1410,1215,737050460608,0
matmul_tiny_loop_L20_r2,1790334135.808009,4878187.496745177,114.432,37,1410,1215,737050460608,0
matmul_tiny_loop_L20_r2,1790334135.8580067,4878187.54674274,114.432,37,1410,1215,737050472134,0
matmul_tiny_loop_L20_r2,1790334135.9080095,4878187.596745484,114.432,37,1410,1215,737050472134,0
matmul_tiny_loop_L20_r2,1790334135.9580102,4878187.646746158,114.432,37,1410,1215,737050483652,0
matmul_tiny_loop_L20_r2,1790334136.008006,4878187.696742301,114.432,37,1410,1215,737050483652,0
matmul_tiny_loop_L20_r2,1790334136.0580137,4878187.746749695,114.155,37,1410,1215,737050495179,0
matmul_tiny_loop_L20_r2,1790334136.1080084,4878187.796744639,114.155,37,1410,1215,737050495179,0
matmul_tiny_loop_L20_r2,1790334136.158006,4878187.846742242,114.432,37,1410,1215,737050506695,0
matmul_tiny_loop_L20_r2,1790334136.2080126,4878187.896748686,114.432,37,1410,1215,737050506695,0
matmul_tiny_loop_L20_r2,1790334136.2580085,4878187.94674479,114.432,37,1410,1215,737050518222,0
matmul_tiny_loop_L20_r2,1790334136.3080058,4878187.996741943,114.432,37,1410,1215,737050518222,0
matmul_tiny_loop_L20_r2,1790334136.3580065,4878188.046742757,113.293,37,1410,1215,737050529709,0
matmul_tiny_loop_L20_r2,1790334136.4080167,4878188.09675267,113.293,37,1410,1215,737050529709,0
matmul_tiny_loop_L20_r2,1790334136.4580116,4878188.146747924,114.155,37,1410,1215,737050541154,0
matmul_tiny_loop_L20_r2,1790334136.5080063,4878188.196742458,114.155,37,1410,1215,737050541154,0
matmul_tiny_loop_L20_r2,1790334136.55801,4878188.246746131,114.155,37,1410,1215,737050552679,0
matmul_tiny_loop_L20_r2,1790334136.6080096,4878188.296745615,114.155,37,1410,1215,737050552679,0
matmul_tiny_loop_L20_r2,1790334136.6580079,4878188.346743979,114.432,37,1410,1215,737050564204,0
matmul_tiny_loop_L20_r2,1790334136.7080092,4878188.396745222,114.432,37,1410,1215,737050564204,0
matmul_tiny_loop_L20_r2,1790334136.7580113,4878188.446747456,114.432,37,1410,1215,737050575756,0
matmul_tiny_loop_L20_r2,1790334136.8079765,4878188.49671245,114.432,37,1410,1215,737050575756,0
matmul_tiny_loop_L20_r2,1790334136.8580105,4878188.546746983,114.273,37,1410,1215,737050587287,0
matmul_tiny_loop_L20_r2,1790334136.9080098,4878188.596745817,114.273,37,1410,1215,737050587287,0
matmul_tiny_loop_L20_r2,1790334136.9580069,4878188.646742911,114.155,37,1410,1215,737050598816,0
matmul_tiny_loop_L20_r2,1790334137.0080094,4878188.696745704,114.155,37,1410,1215,737050598816,0
matmul_tiny_loop_L20_r2,1790334137.0580125,4878188.746748438,114.432,37,1410,1215,737050610349,0
matmul_tiny_loop_L20_r2,1790334137.1080062,4878188.796742292,114.432,37,1410,1215,737050610349,0
matmul_tiny_loop_L20_r2,1790334137.1580153,4878188.846751275,114.432,37,1410,1215,737050621884,0
matmul_tiny_loop_L20_r2,1790334137.2080119,4878188.896747989,114.432,37,1410,1215,737050621884,0
matmul_tiny_loop_L20_r2,1790334137.2580376,4878188.946773512,114.432,37,1410,1215,737050633396,0
matmul_tiny_loop_L20_r2,1790334137.308009,4878188.996745156,114.432,37,1410,1215,737050633396,0
matmul_tiny_loop_L20_r2,1790334137.3580065,4878189.04674257,114.432,37,1410,1215,737050644944,0
matmul_tiny_loop_L20_r2,1790334137.4080055,4878189.096741534,114.432,37,1410,1215,737050644944,0
matmul_tiny_loop_L20_r2,1790334137.458006,4878189.146742097,114.551,37,1410,1215,737050656482,0
matmul_tiny_loop_L20_r2,1790334137.5080094,4878189.196745701,114.551,37,1410,1215,737050656482,0
matmul_tiny_loop_L20_r2,1790334137.5580094,4878189.246745445,114.551,37,1410,1215,737050668112,0
matmul_tiny_loop_L20_r2,1790334137.6080067,4878189.296742808,114.551,37,1410,1215,737050668112,0
matmul_tiny_loop_L20_r2,1790334137.6580148,4878189.346750832,114.432,37,1410,1215,737050679543,0
matmul_tiny_loop_L20_r2,1790334137.70801,4878189.396746145,114.432,37,1410,1215,737050679543,0
matmul_tiny_loop_L20_r2,1790334137.758007,4878189.446743189,114.155,37,1410,1215,737050691063,0
matmul_tiny_loop_L20_r2,1790334137.8080423,4878189.496778242,114.155,37,1410,1215,737050691063,0
matmul_tiny_loop_L20_r2,1790334137.8580098,4878189.546745897,114.432,37,1410,1215,737050702564,0
matmul_tiny_loop_L20_r2,1790334137.9080062,4878189.59674221,114.432,37,1410,1215,737050702564,0
matmul_tiny_loop_L20_r2,1790334137.9580107,4878189.646746684,113.411,37,1410,1215,737050713979,0
matmul_tiny_loop_L20_r2,1790334138.0080082,4878189.696744317,113.411,37,1410,1215,737050713979,0
matmul_tiny_loop_L20_r2,1790334138.0580063,4878189.746742281,114.273,37,1410,1215,737050725526,0
matmul_tiny_loop_L20_r2,1790334138.1080098,4878189.796745725,114.273,37,1410,1215,737050725526,0
matmul_tiny_loop_L20_r2,1790334138.1580086,4878189.846744808,114.432,37,1410,1215,737050737064,0
matmul_tiny_loop_L20_r2,1790334138.2080064,4878189.896742362,114.432,37,1410,1215,737050737064,0
matmul_tiny_loop_L20_r2,1790334138.2580078,4878189.946743736,114.432,37,1410,1215,737050748563,0
matmul_tiny_loop_L20_r2,1790334138.3080094,4878189.996745639,114.432,37,1410,1215,737050748563,0
matmul_tiny_loop_L20_r2,1790334138.3580072,4878190.046743533,113.293,37,1410,1215,737050759973,0
matmul_tiny_loop_L20_r2,1790334138.4080067,4878190.096742667,113.293,37,1410,1215,737050759973,0
matmul_tiny_loop_L20_r2,1790334138.4580104,4878190.14674658,113.293,37,1410,1215,737050771402,0
matmul_tiny_loop_L20_r2,1790334138.5080144,4878190.196750414,113.293,37,1410,1215,737050771402,0
matmul_tiny_loop_L20_r2,1790334138.5580115,4878190.246747658,114.155,37,1410,1215,737050782932,0
matmul_tiny_loop_L20_r2,1790334138.6080096,4878190.296745491,114.155,37,1410,1215,737050782932,0
matmul_tiny_loop_L20_r2,1790334138.6580098,4878190.346745915,114.155,37,1410,1215,737050794450,0
matmul_tiny_loop_L20_r2,1790334138.7080102,4878190.396746499,114.155,37,1410,1215,737050794450,0
matmul_tiny_loop_L20_r2,1790334138.758011,4878190.446747242,113.293,37,1410,1215,737050805835,0
matmul_tiny_loop_L20_r2,1790334138.80801,4878190.496746006,113.293,37,1410,1215,737050805835,0
matmul_tiny_loop_L20_r2,1790334138.8580084,4878190.54674449,113.293,37,1410,1215,737050817280,0
matmul_tiny_loop_L20_r2,1790334138.9080095,4878190.596745463,113.293,37,1410,1215,737050817280,0
matmul_tiny_loop_L20_r2,1790334138.9580102,4878190.646746197,114.273,37,1410,1215,737050828804,0
matmul_tiny_loop_L20_r2,1790334139.008006,4878190.696742161,114.273,37,1410,1215,737050828804,0
matmul_tiny_loop_L20_r2,1790334139.0580091,4878190.746745334,113.293,37,1410,1215,737050840216,0
matmul_tiny_loop_L20_r2,1790334139.108009,4878190.796745368,113.293,37,1410,1215,737050840216,0
matmul_tiny_loop_L20_r2,1790334139.1580064,4878190.846742582,113.293,37,1410,1215,737050851700,0
matmul_tiny_loop_L20_r2,1790334139.208009,4878190.896745185,113.293,37,1410,1215,737050851700,0
matmul_tiny_loop_L20_r2,1790334139.25801,4878190.946746059,114.273,37,1410,1215,737050863217,0
matmul_tiny_loop_L20_r2,1790334139.3080044,4878190.996740523,114.273,37,1410,1215,737050863217,0
matmul_tiny_loop_L20_r2,1790334139.3580072,4878191.046743386,114.432,37,1410,1215,737050874762,0
matmul_tiny_loop_L20_r2,1790334139.408012,4878191.09674813,114.432,37,1410,1215,737050874762,0
matmul_tiny_loop_L20_r2,1790334139.45801,4878191.146746094,113.411,37,1410,1215,737050886177,0
matmul_tiny_loop_L20_r2,1790334139.5080063,4878191.196742457,113.411,37,1410,1215,737050886177,0
matmul_tiny_loop_L20_r2,1790334139.55801,4878191.246746391,113.293,37,1410,1215,737050897630,0
matmul_tiny_loop_L20_r2,1790334139.60801,4878191.296746074,113.293,37,1410,1215,737050897630,0
matmul_tiny_loop_L20_r2,1790334139.6580071,4878191.346743288,114.155,37,1410,1215,737050909148,0
matmul_tiny_loop_L20_r2,1790334139.708009,4878191.396744982,114.155,37,1410,1215,737050909148,0
matmul_tiny_loop_L20_r2,1790334139.7580152,4878191.446751275,114.432,37,1410,1215,737050920678,0
matmul_tiny_loop_L20_r2,1790334139.808006,4878191.496742189,114.432,37,1410,1215,737050920678,0
matmul_tiny_loop_L20_r2,1790334139.858009,4878191.546745193,114.432,37,1410,1215,737050932197,0
matmul_tiny_loop_L20_r2,1790334139.9080083,4878191.596744586,114.432,37,1410,1215,737050932197,0
matmul_tiny_loop_L20_r2,1790334139.9580078,4878191.64674385,113.293,37,1410,1215,737050943611,0
matmul_tiny_loop_L20_r2,1790334140.008009,4878191.696745134,113.293,37,1410,1215,737050943611,0
matmul_tiny_loop_L20_r2,1790334140.0580146,4878191.746750797,112.962,37,1410,1215,737050955077,0
matmul_tiny_loop_L20_r2,1790334140.1080062,4878191.796742081,112.962,37,1410,1215,737050955077,0
matmul_tiny_loop_L20_r2,1790334140.1580107,4878191.846746655,114.155,37,1410,1215,737050966586,0
matmul_tiny_loop_L20_r2,1790334140.2080085,4878191.896744538,114.155,37,1410,1215,737050966586,0
matmul_tiny_loop_L20_r2,1790334140.2580073,4878191.946743342,114.551,37,1410,1215,737050978120,0
matmul_tiny_loop_L20_r2,1790334140.3080056,4878191.996741816,114.551,37,1410,1215,737050978120,0
matmul_tiny_loop_L20_r2,1790334140.35801,4878192.046746209,114.551,37,1410,1215,737050989643,0
matmul_tiny_loop_L20_r2,1790334140.408008,4878192.096744193,114.551,37,1410,1215,737050989643,0
matmul_tiny_loop_L20_r2,1790334140.458006,4878192.146742067,114.551,37,1410,1215,737051001139,0
matmul_tiny_loop_L20_r2,1790334140.5080087,4878192.19674466,114.551,37,1410,1215,737051001139,0
matmul_tiny_loop_L20_r2,1790334140.558012,4878192.246747924,113.293,37,1410,1215,737051012560,0
matmul_tiny_loop_L20_r2,1790334140.608007,4878192.296742918,113.293,37,1410,1215,737051012560,0
matmul_tiny_loop_L20_r2,1790334140.658011,4878192.346747011,113.079,37,1410,1215,737051023968,0
matmul_tiny_loop_L20_r2,1790334140.7080088,4878192.396744705,113.079,37,1410,1215,737051023968,0
matmul_tiny_loop_L20_r2,1790334140.758011,4878192.446747249,112.962,37,1410,1215,737051023968,0
matmul_tiny_loop_L20_r2,1790334140.8080091,4878192.496745252,112.962,37,1410,1215,737051035640,0
matmul_tiny_loop_L20_r2,1790334140.8580096,4878192.546745696,114.155,37,1410,1215,737051035640,0
matmul_tiny_loop_L20_r2,1790334140.9080358,4878192.596772079,114.155,37,1410,1215,737051047108,0
matmul_tiny_loop_L20_r2,1790334140.9580395,4878192.646775703,114.155,37,1410,1215,737051047108,0
matmul_tiny_loop_L20_r2,1790334141.0080094,4878192.696745637,114.155,37,1410,1215,737051058514,0
matmul_tiny_loop_L20_r2,1790334141.0580103,4878192.746746551,113.293,37,1410,1215,737051058514,0
matmul_tiny_loop_L20_r2,1790334141.1080399,4878192.796775884,113.293,37,1410,1215,737051069930,0
matmul_tiny_loop_L20_r2,1790334141.1580153,4878192.846751218,113.293,37,1410,1215,737051069930,0
matmul_tiny_loop_L20_r2,1790334141.208006,4878192.896742102,113.293,37,1410,1215,737051081403,0
matmul_tiny_loop_L20_r2,1790334141.258007,4878192.946743175,114.155,37,1410,1215,737051081403,0
matmul_tiny_loop_L20_r2,1790334141.308007,4878192.996742939,114.155,37,1410,1215,737051092904,0
matmul_tiny_loop_L20_r2,1790334141.3579984,4878193.046734503,114.432,37,1410,1215,737051092904,0
matmul_tiny_loop_L20_r2,1790334141.4079719,4878193.096707987,114.432,37,1410,1215,737051104451,0
matmul_tiny_loop_L20_r2,1790334141.4579918,4878193.14672796,113.293,37,1410,1215,737051104451,0
matmul_tiny_loop_L20_r2,1790334141.5079684,4878193.196704474,113.293,37,1410,1215,737051115856,0
matmul_tiny_loop_L20_r2,1790334141.5579655,4878193.246701428,113.293,37,1410,1215,737051115856,0
matmul_tiny_loop_L20_r2,1790334141.6079683,4878193.296704131,113.293,37,1410,1215,737051127311,0
matmul_tiny_loop_L20_r2,1790334141.6579685,4878193.346704545,114.155,37,1410,1215,737051127311,0
matmul_tiny_loop_L20_r2,1790334141.7079656,4878193.396701479,114.155,37,1410,1215,737051138806,0
matmul_tiny_loop_L20_r2,1790334141.7579691,4878193.446705052,114.432,37,1410,1215,737051138806,0
matmul_tiny_loop_L20_r2,1790334141.8079689,4878193.496704626,114.432,37,1410,1215,737051150328,0
matmul_tiny_loop_L20_r2,1790334141.8579655,4878193.54670164,114.432,37,1410,1215,737051150328,0
matmul_tiny_loop_L20_r2,1790334141.9079688,4878193.596704643,114.432,37,1410,1215,737051161834,0
matmul_tiny_loop_L20_r2,1790334141.9579685,4878193.646704267,114.155,37,1410,1215,737051161834,0
matmul_tiny_loop_L20_r2,1790334142.0079703,4878193.696706161,114.155,37,1410,1215,737051173347,0
matmul_tiny_loop_L20_r2,1790334142.0579643,4878193.746700184,114.273,37,1410,1215,737051173347,0
matmul_tiny_loop_L20_r2,1790334142.107968,4878193.796703778,114.273,37,1410,1215,737051184874,0
matmul_tiny_loop_L20_r2,1790334142.1579666,4878193.846702491,113.293,37,1410,1215,737051184874,0
matmul_tiny_loop_L20_r2,1790334142.2079659,4878193.896701895,113.293,37,1410,1215,737051196308,0
matmul_tiny_loop_L20_r2,1790334142.2579744,4878193.946710029,113.293,37,1410,1215,737051196308,0
matmul_tiny_loop_L20_r2,1790334142.3079689,4878193.996704672,113.293,37,1410,1215,737051207773,0
matmul_tiny_loop_L20_r2,1790334142.3579667,4878194.046702336,114.155,37,1410,1215,737051207773,0
matmul_tiny_loop_L20_r2,1790334142.4079688,4878194.09670484,114.155,37,1410,1215,737051219287,0
matmul_tiny_loop_L20_r2,1790334142.4579685,4878194.146704503,114.155,37,1410,1215,737051219287,0
matmul_tiny_loop_L20_r2,1790334142.507965,4878194.196701227,114.155,37,1410,1215,737051230804,0
matmul_tiny_loop_L20_r2,1790334142.5579696,4878194.246705741,114.432,37,1410,1215,737051230804,0
matmul_tiny_loop_L20_r2,1790334142.6079717,4878194.296707614,114.432,37,1410,1215,737051242323,0
matmul_tiny_loop_L20_r2,1790334142.6580014,4878194.346737418,114.432,37,1410,1215,737051242323,0
matmul_tiny_loop_L20_r2,1790334142.7080061,4878194.396742061,114.432,37,1410,1215,737051253855,0
matmul_tiny_loop_L20_r2,1790334142.7580094,4878194.446745565,114.432,37,1410,1215,737051253855,0
matmul_tiny_loop_L20_r2,1790334142.8080063,4878194.496742649,114.432,37,1410,1215,737051265392,0
matmul_tiny_loop_L20_r2,1790334142.8580093,4878194.546745492,114.432,37,1410,1215,737051265392,0
matmul_tiny_loop_L20_r2,1790334142.90801,4878194.596746016,114.432,37,1410,1215,737051276911,0
matmul_tiny_loop_L20_r2,1790334142.9580073,4878194.64674331,114.432,37,1410,1215,737051276911,0
matmul_tiny_loop_L20_r2,1790334143.0080085,4878194.696744623,114.432,37,1410,1215,737051288425,0
matmul_tiny_loop_L20_r2,1790334143.0580099,4878194.746745907,114.432,37,1410,1215,737051288425,0
matmul_tiny_loop_L20_r2,1790334143.1080074,4878194.79674367,114.432,37,1410,1215,737051299977,0
matmul_tiny_loop_L20_r2,1790334143.1580079,4878194.846743964,114.432,37,1410,1215,737051299977,0
matmul_tiny_loop_L20_r2,1790334143.2080135,4878194.896749798,114.432,37,1410,1215,737051311489,0
matmul_tiny_loop_L20_r2,1790334143.2580097,4878194.946745641,114.155,37,1410,1215,737051311489,0
matmul_tiny_loop_L20_r2,1790334143.3080034,4878194.996739475,114.155,37,1410,1215,737051323027,0
matmul_tiny_loop_L20_r2,1790334143.3580096,4878195.046745639,114.273,37,1410,1215,737051323027,0
matmul_tiny_loop_L20_r2,1790334143.4080102,4878195.096746312,114.273,37,1410,1215,737051334513,0
matmul_tiny_loop_L20_r2,1790334143.4580114,4878195.146747416,114.432,37,1410,1215,737051334513,0
matmul_tiny_loop_L20_r2,1790334143.5080092,4878195.19674533,114.432,37,1410,1215,737051346058,0
matmul_tiny_loop_L20_r2,1790334143.5580091,4878195.246745053,114.273,37,1410,1215,737051346058,0
matmul_tiny_loop_L20_r2,1790334143.6080055,4878195.296741717,114.273,37,1410,1215,737051357565,0
matmul_tiny_loop_L20_r2,1790334143.6580098,4878195.346745921,114.551,37,1410,1215,737051357565,0
matmul_tiny_loop_L20_r2,1790334143.708009,4878195.396745114,114.551,37,1410,1215,737051369109,0
matmul_tiny_loop_L20_r2,1790334143.758007,4878195.446743188,114.432,37,1410,1215,737051369109,0
matmul_tiny_loop_L20_r2,1790334143.8080087,4878195.496744712,114.432,37,1410,1215,737051380635,0
matmul_tiny_loop_L20_r2,1790334143.8580093,4878195.546745315,113.293,37,1410,1215,737051380635,0
matmul_tiny_loop_L20_r2,1790334143.908006,4878195.596742039,113.293,37,1410,1215,737051392112,0
matmul_tiny_loop_L20_r2,1790334143.9580073,4878195.646743423,114.155,37,1410,1215,737051392112,0
matmul_tiny_loop_L20_r2,1790334144.0080082,4878195.696744166,114.155,37,1410,1215,737051403600,0
matmul_tiny_loop_L20_r2,1790334144.058008,4878195.74674412,114.432,37,1410,1215,737051403600,0
matmul_tiny_loop_L20_r2,1790334144.1080062,4878195.796742324,114.432,37,1410,1215,737051415154,0
matmul_tiny_loop_L20_r2,1790334144.1580095,4878195.846745787,114.155,37,1410,1215,737051415154,0
matmul_tiny_loop_L20_r2,1790334144.2080076,4878195.896743851,114.155,37,1410,1215,737051426647,0
matmul_tiny_loop_L20_r2,1790334144.258006,4878195.946742025,114.432,37,1410,1215,737051426647,0
matmul_tiny_loop_L20_r2,1790334144.3080132,4878195.996749458,114.432,37,1410,1215,737051438215,0
matmul_tiny_loop_L20_r2,1790334144.3580098,4878196.046746042,114.432,37,1410,1215,737051438215,0
matmul_tiny_loop_L20_r2,1790334144.408011,4878196.096747206,114.432,37,1410,1215,737051449725,0
matmul_tiny_loop_L20_r2,1790334144.4580095,4878196.146745619,114.273,37,1410,1215,737051449725,0
matmul_tiny_loop_L20_r2,1790334144.5080094,4878196.196745603,114.273,37,1410,1215,737051461288,0
matmul_tiny_loop_L20_r2,1790334144.558009,4878196.246744867,114.432,37,1410,1215,737051461288,0
matmul_tiny_loop_L20_r2,1790334144.6080096,4878196.29674549,114.432,37,1410,1215,737051472803,0
matmul_tiny_loop_L20_r2,1790334144.6580093,4878196.346745434,114.432,37,1410,1215,737051472803,0
matmul_tiny_loop_L20_r2,1790334144.7080057,4878196.396741818,114.432,37,1410,1215,737051484374,0
matmul_tiny_loop_L20_r2,1790334144.7580097,4878196.446745781,114.551,37,1410,1215,737051484374,0
matmul_tiny_loop_L20_r2,1790334144.8080094,4878196.496745615,114.551,37,1410,1215,737051495887,0
matmul_tiny_loop_L20_r2,1790334144.8580065,4878196.546742539,114.432,37,1410,1215,737051495887,0
matmul_tiny_loop_L20_r2,1790334144.9080088,4878196.596744782,114.432,37,1410,1215,737051507427,0
matmul_tiny_loop_L20_r2,1790334144.9580095,4878196.646745716,114.155,37,1410,1215,737051507427,0
matmul_tiny_loop_L20_r2,1790334145.0080113,4878196.696747309,114.155,37,1410,1215,737051518898,0
matmul_tiny_loop_L20_r2,1790334145.0580063,4878196.746742323,114.273,37,1410,1215,737051518898,0
matmul_tiny_loop_L20_r2,1790334145.1080081,4878196.796744397,114.273,37,1410,1215,737051530456,0
matmul_tiny_loop_L20_r2,1790334145.1580098,4878196.84674605,114.432,37,1410,1215,737051530456,0
matmul_tiny_loop_L20_r2,1790334145.208007,4878196.896743334,114.432,37,1410,1215,737051541966,0
matmul_tiny_loop_L20_r2,1790334145.2580075,4878196.946743488,114.155,37,1410,1215,737051541966,0
matmul_tiny_loop_L20_r2,1790334145.3080137,4878196.996749621,114.155,37,1410,1215,737051553534,0
matmul_tiny_loop_L20_r2,1790334145.3580031,4878197.046739315,113.293,37,1410,1215,737051553534,0
matmul_tiny_loop_L20_r2,1790334145.408009,4878197.096745159,113.293,37,1410,1215,737051564911,0
matmul_tiny_loop_L20_r2,1790334145.4580083,4878197.146744392,112.962,37,1410,1215,737051564911,0
matmul_tiny_loop_L20_r2,1790334145.5080116,4878197.196747616,112.962,37,1410,1215,737051576430,0
matmul_tiny_loop_L20_r2,1790334145.55801,4878197.24674604,114.155,37,1410,1215,737051576430,0
matmul_tiny_loop_L20_r2,1790334145.6080084,4878197.296744453,114.155,37,1410,1215,737051587927,0
matmul_tiny_loop_L20_r2,1790334145.658008,4878197.346744177,114.432,37,1410,1215,737051587927,0
matmul_tiny_loop_L20_r2,1790334145.7080083,4878197.396744231,114.432,37,1410,1215,737051599467,0
matmul_tiny_loop_L20_r2,1790334145.7580097,4878197.446745664,113.293,37,1410,1215,737051599467,0
matmul_tiny_loop_L20_r2,1790334145.808006,4878197.496742288,113.293,37,1410,1215,737051610903,0
matmul_tiny_loop_L20_r2,1790334145.8580053,4878197.546741452,114.155,37,1410,1215,737051610903,0
matmul_tiny_loop_L20_r2,1790334145.9080431,4878197.596779415,114.155,37,1410,1215,737051622462,0
matmul_tiny_loop_L20_r2,1790334145.9580112,4878197.646747349,114.273,37,1410,1215,737051622462,0
matmul_tiny_loop_L20_r2,1790334146.008005,4878197.696740933,114.273,37,1410,1215,737051633953,0
matmul_tiny_loop_L20_r2,1790334146.0580127,4878197.746748766,114.432,37,1410,1215,737051633953,0
matmul_tiny_loop_L20_r2,1790334146.1080086,4878197.79674473,114.432,37,1410,1215,737051645530,0
matmul_tiny_loop_L20_r2,1790334146.1580057,4878197.846741754,114.432,37,1410,1215,737051645530,0
matmul_tiny_loop_L20_r2,1790334146.2080083,4878197.896744197,114.432,37,1410,1215,737051657011,0
matmul_tiny_loop_L20_r2,1790334146.2580142,4878197.946750301,114.432,37,1410,1215,737051657011,0
matmul_tiny_loop_L20_r2,1790334146.3080094,4878197.996745655,114.432,37,1410,1215,737051668596,0
matmul_tiny_loop_L20_r2,1790334146.358012,4878198.046747938,113.293,37,1410,1215,737051668596,0
matmul_tiny_loop_L20_r2,1790334146.408009,4878198.096745162,113.293,37,1410,1215,737051668596,0
matmul_tiny_loop_L20_r2,1790334146.458011,4878198.146747016,114.155,37,1410,1215,737051680118,0
matmul_tiny_loop_L20_r2,1790334146.5080094,4878198.196745559,114.155,37,1410,1215,737051680118,0
matmul_tiny_loop_L20_r2,1790334146.5580103,4878198.246746393,114.432,37,1410,1215,737051691549,0
matmul_tiny_loop_L20_r2,1790334146.6080072,4878198.296743266,114.432,37,1410,1215,737051691549,0
matmul_tiny_loop_L20_r2,1790334146.6580098,4878198.34674598,114.432,37,1410,1215,737051703036,0
matmul_tiny_loop_L20_r2,1790334146.7080102,4878198.396746464,114.432,37,1410,1215,737051703036,0
matmul_tiny_loop_L20_r2,1790334146.7580392,4878198.446775377,113.293,37,1410,1215,737051714619,0
matmul_tiny_loop_L20_r2,1790334146.8080096,4878198.496745791,113.293,37,1410,1215,737051714619,0
matmul_tiny_loop_L20_r2,1790334146.858014,4878198.546750235,114.155,37,1410,1215,737051726042,0
matmul_tiny_loop_L20_r2,1790334146.9080067,4878198.596742618,114.155,37,1410,1215,737051726042,0
matmul_tiny_loop_L20_r2,1790334146.9580107,4878198.646746802,114.432,37,1410,1215,737051737613,0
matmul_tiny_loop_L20_r2,1790334147.0080092,4878198.696745416,114.432,37,1410,1215,737051737613,0
matmul_tiny_loop_L20_r2,1790334147.05801,4878198.746746289,114.432,37,1410,1215,737051749068,0
matmul_tiny_loop_L20_r2,1790334147.1080096,4878198.796745703,114.432,37,1410,1215,737051749068,0
matmul_tiny_loop_L20_r2,1790334147.1580136,4878198.846749917,114.155,37,1410,1215,737051760637,0
matmul_tiny_loop_L20_r2,1790334147.208009,4878198.89674506,114.155,37,1410,1215,737051760637,0
matmul_tiny_loop_L20_r2,1790334147.258007,4878198.946743244,114.432,37,1410,1215,737051772113,0
matmul_tiny_loop_L20_r2,1790334147.3080072,4878198.996743258,114.432,37,1410,1215,737051772113,0
matmul_tiny_loop_L20_r2,1790334147.3580103,4878199.046746501,113.293,37,1410,1215,737051783665,0
matmul_tiny_loop_L20_r2,1790334147.408006,4878199.096742045,113.293,37,1410,1215,737051783665,0
matmul_tiny_loop_L20_r2,1790334147.4580092,4878199.146745419,114.155,37,1410,1215,737051795114,0
matmul_tiny_loop_L20_r2,1790334147.5080087,4878199.196745012,114.155,37,1410,1215,737051795114,0
matmul_tiny_loop_L20_r2,1790334147.5580065,4878199.246742666,114.551,37,1410,1215,737051806672,0
matmul_tiny_loop_L20_r2,1790334147.6080098,4878199.29674571,114.551,37,1410,1215,737051806672,0
matmul_tiny_loop_L20_r2,1790334147.6580105,4878199.346746353,113.293,37,1410,1215,737051818138,0
matmul_tiny_loop_L20_r2,1790334147.708006,4878199.396741977,113.293,37,1410,1215,737051818138,0
matmul_tiny_loop_L20_r2,1790334147.7580066,4878199.446742661,114.155,37,1410,1215,737051829617,0
matmul_tiny_loop_L20_r2,1790334147.808009,4878199.496745114,114.155,37,1410,1215,737051829617,0
matmul_tiny_loop_L20_r2,1790334147.85801,4878199.546746298,114.432,37,1410,1215,737051841110,0
matmul_tiny_loop_L20_r2,1790334147.908007,4878199.596742822,114.432,37,1410,1215,737051841110,0
matmul_tiny_loop_L20_r2,1790334147.9580107,4878199.646746715,114.432,37,1410,1215,737051852664,0
matmul_tiny_loop_L20_r2,1790334148.0080104,4878199.696746599,114.432,37,1410,1215,737051852664,0
matmul_tiny_loop_L20_r2,1790334148.0580072,4878199.746743282,114.432,37,1410,1215,737051864176,0
matmul_tiny_loop_L20_r2,1790334148.1080084,4878199.796744556,114.432,37,1410,1215,737051864176,0
matmul_tiny_loop_L20_r2,1790334148.1580098,4878199.84674594,114.432,37,1410,1215,737051875734,0
matmul_tiny_loop_L20_r2,1790334148.2080102,4878199.896746353,114.432,37,1410,1215,737051875734,0
matmul_tiny_loop_L20_r2,1790334148.25801,4878199.946745827,114.432,37,1410,1215,737051887260,0
matmul_tiny_loop_L20_r2,1790334148.3080132,4878199.996749311,114.432,37,1410,1215,737051887260,0
matmul_tiny_loop_L20_r2,1790334148.358008,4878200.046743765,114.432,37,1410,1215,737051898795,0
matmul_tiny_loop_L20_r2,1790334148.4080102,4878200.096746228,114.432,37,1410,1215,737051898795,0
matmul_tiny_loop_L20_r2,1790334148.4580102,4878200.146746242,114.273,37,1410,1215,737051910302,0
matmul_tiny_loop_L20_r2,1790334148.508006,4878200.196742295,114.273,37,1410,1215,737051910302,0
matmul_tiny_loop_L20_r2,1790334148.5580146,4878200.246750909,114.273,37,1410,1215,737051921887,0
matmul_tiny_loop_L20_r2,1790334148.608011,4878200.296747103,114.273,37,1410,1215,737051921887,0
matmul_tiny_loop_L20_r2,1790334148.658012,4878200.346748056,114.432,37,1410,1215,737051933386,0
matmul_tiny_loop_L20_r2,1790334148.7080095,4878200.3967456,114.432,37,1410,1215,737051933386,0
matmul_tiny_loop_L20_r2,1790334148.7580106,4878200.446746674,114.432,37,1410,1215,737051944998,0
matmul_tiny_loop_L20_r2,1790334148.808007,4878200.496743127,114.432,37,1410,1215,737051944998,0
matmul_tiny_loop_L20_r2,1790334148.8580077,4878200.546743591,114.273,37,1410,1215,737051956497,0
matmul_tiny_loop_L20_r2,1790334148.908009,4878200.596745065,114.273,37,1410,1215,737051956497,0
matmul_tiny_loop_L20_r2,1790334148.9580107,4878200.646746608,114.432,37,1410,1215,737051967972,0
matmul_tiny_loop_L20_r2,1790334149.0080075,4878200.696743392,114.432,37,1410,1215,737051967972,0
matmul_tiny_loop_L20_r2,1790334149.0580094,4878200.746745396,114.432,37,1410,1215,737051979507,0
matmul_tiny_loop_L20_r2,1790334149.1080098,4878200.796745689,114.432,37,1410,1215,737051979507,0
matmul_tiny_loop_L20_r2,1790334149.1580067,4878200.846742913,114.432,37,1410,1215,737051991030,0
matmul_tiny_loop_L20_r2,1790334149.20801,4878200.896746047,114.432,37,1410,1215,737051991030,0
matmul_tiny_loop_L20_r2,1790334149.2580101,4878200.94674615,114.432,37,1410,1215,737052002566,0
matmul_tiny_loop_L20_r2,1790334149.3080072,4878200.996743334,114.432,37,1410,1215,737052002566,0
matmul_tiny_loop_L20_r2,1790334149.3580096,4878201.046745728,114.432,37,1410,1215,737052014078,0
matmul_tiny_loop_L20_r2,1790334149.408009,4878201.096745101,114.432,37,1410,1215,737052014078,0
matmul_tiny_loop_L20_r2,1790334149.458006,4878201.146742025,114.432,37,1410,1215,737052025609,0
matmul_tiny_loop_L20_r2,1790334149.508008,4878201.196744029,114.432,37,1410,1215,737052025609,0
matmul_tiny_loop_L20_r2,1790334149.5580094,4878201.246745402,114.432,37,1410,1215,737052037142,0
matmul_tiny_loop_L20_r2,1790334149.6080065,4878201.296742556,114.432,37,1410,1215,737052037142,0
matmul_tiny_loop_L20_r2,1790334149.6580062,4878201.34674236,114.432,37,1410,1215,737052048668,0
matmul_tiny_loop_L20_r2,1790334149.7080097,4878201.396745723,114.432,37,1410,1215,737052048668,0
matmul_tiny_loop_L20_r2,1790334149.7580063,4878201.446742337,114.432,37,1410,1215,737052060192,0
matmul_tiny_loop_L20_r2,1790334149.808006,4878201.496742081,114.432,37,1410,1215,737052060192,0
matmul_tiny_loop_L20_r2,1790334149.858009,4878201.546745294,114.432,37,1410,1215,737052071711,0
matmul_tiny_loop_L20_r2,1790334149.9080083,4878201.596744618,114.432,37,1410,1215,737052071711,0
matmul_tiny_loop_L20_r2,1790334149.9580069,4878201.646742852,114.432,37,1410,1215,737052083235,0
matmul_tiny_loop_L20_r2,1790334150.0080063,4878201.696742635,114.432,37,1410,1215,737052083235,0
matmul_tiny_loop_L20_r2,1790334150.0580099,4878201.746745899,114.432,37,1410,1215,737052094769,0
matmul_tiny_loop_L20_r2,1790334150.1080067,4878201.796742832,114.432,37,1410,1215,737052094769,0
matmul_tiny_loop_L20_r2,1790334150.1580095,4878201.846745616,114.432,37,1410,1215,737052106302,0
matmul_tiny_loop_L20_r2,1790334150.2080095,4878201.89674551,114.432,37,1410,1215,737052106302,0
matmul_tiny_loop_L20_r2,1790334150.2580063,4878201.946742343,114.155,37,1410,1215,737052117831,0
matmul_tiny_loop_L20_r2,1790334150.3080106,4878201.996746617,114.155,37,1410,1215,737052117831,0
matmul_tiny_loop_L20_r2,1790334150.3580122,4878202.046748311,114.432,37,1410,1215,737052129322,0
matmul_tiny_loop_L20_r2,1790334150.4081063,4878202.096844933,114.432,37,1410,1215,737052129322,0
matmul_tiny_loop_L20_r2,1790334150.4580138,4878202.146749868,113.293,37,1410,1215,737052140784,0
matmul_tiny_loop_L20_r2,1790334150.5080068,4878202.196743032,113.293,37,1410,1215,737052140784,0
matmul_tiny_loop_L20_r2,1790334150.5580065,4878202.246742655,114.155,37,1410,1215,737052152298,0
matmul_tiny_loop_L20_r2,1790334150.6080098,4878202.296745779,114.155,37,1410,1215,737052152298,0
matmul_tiny_loop_L20_r2,1790334150.6580105,4878202.346746413,114.155,37,1410,1215,737052163817,0
matmul_tiny_loop_L20_r2,1790334150.7080112,4878202.396747446,114.155,37,1410,1215,737052163817,0
matmul_tiny_loop_L20_r2,1790334150.7580075,4878202.44674361,113.293,37,1410,1215,737052175297,0
matmul_tiny_loop_L20_r2,1790334150.8080208,4878202.496756753,113.293,37,1410,1215,737052175297,0
matmul_tiny_loop_L20_r2,1790334150.8580148,4878202.546750837,114.155,37,1410,1215,737052186820,0
matmul_tiny_loop_L20_r2,1790334150.908006,4878202.596741961,114.155,37,1410,1215,737052186820,0
matmul_tiny_loop_L20_r2,1790334150.9580116,4878202.646747785,114.432,37,1410,1215,737052198353,0
matmul_tiny_loop_L20_r2,1790334151.008009,4878202.696745058,114.432,37,1410,1215,737052198353,0
matmul_tiny_loop_L20_r2,1790334151.0580115,4878202.746747702,114.155,37,1410,1215,737052209866,0
matmul_tiny_loop_L20_r2,1790334151.108009,4878202.796745386,114.155,37,1410,1215,737052209866,0
matmul_tiny_loop_L20_r2,1790334151.1580088,4878202.846744959,113.293,37,1410,1215,737052221315,0
matmul_tiny_loop_L20_r2,1790334151.2080073,4878202.896743413,113.293,37,1410,1215,737052221315,0
matmul_tiny_loop_L20_r2,1790334151.258014,4878202.946749996,114.155,37,1410,1215,737052232846,0
matmul_tiny_loop_L20_r2,1790334151.3080103,4878202.99674639,114.155,37,1410,1215,737052232846,0
matmul_tiny_loop_L20_r2,1790334151.3580067,4878203.046743014,114.155,37,1410,1215,737052244336,0
matmul_tiny_loop_L20_r2,1790334151.408009,4878203.096745048,114.155,37,1410,1215,737052244336,0
matmul_tiny_loop_L20_r2,1790334151.4580095,4878203.146745751,113.411,37,1410,1215,737052255777,0
matmul_tiny_loop_L20_r2,1790334151.5080109,4878203.196746825,113.411,37,1410,1215,737052255777,0
matmul_tiny_loop_L20_r2,1790334151.5580063,4878203.246742368,114.155,37,1410,1215,737052267295,0
matmul_tiny_loop_L20_r2,1790334151.6080081,4878203.296744202,114.155,37,1410,1215,737052267295,0
matmul_tiny_loop_L20_r2,1790334151.6580107,4878203.346746616,114.155,37,1410,1215,737052278792,0
matmul_tiny_loop_L20_r2,1790334151.7080104,4878203.396746679,114.155,37,1410,1215,737052278792,0
matmul_tiny_loop_L20_r2,1790334151.7580094,4878203.446745473,113.293,37,1410,1215,737052290180,0
matmul_tiny_loop_L20_r2,1790334151.8080091,4878203.496745337,113.293,37,1410,1215,737052290180,0
matmul_tiny_loop_L20_r2,1790334151.8580062,4878203.546742321,113.293,37,1410,1215,737052301636,0
matmul_tiny_loop_L20_r2,1790334151.9080093,4878203.596745344,113.293,37,1410,1215,737052301636,0
matmul_tiny_loop_L20_r2,1790334151.9580116,4878203.646747748,114.155,37,1410,1215,737052301636,0
matmul_tiny_loop_L20_r2,1790334152.0080059,4878203.696741851,114.155,37,1410,1215,737052313298,0
matmul_tiny_loop_L20_r2,1790334152.0580122,4878203.746748175,113.293,37,1410,1215,737052313298,0
matmul_tiny_loop_L20_r2,1790334152.1080153,4878203.796751399,113.293,37,1410,1215,737052324602,0
matmul_tiny_loop_L20_r2,1790334152.1580064,4878203.846742602,114.155,37,1410,1215,737052324602,0
matmul_tiny_loop_L20_r2,1790334152.208013,4878203.896749166,114.155,37,1410,1215,737052336140,0
matmul_tiny_loop_L20_r2,1790334152.2580106,4878203.94674685,114.432,37,1410,1215,737052336140,0
matmul_tiny_loop_L20_r2,1790334152.3080068,4878203.996742573,114.432,37,1410,1215,737052347673,0
matmul_tiny_loop_L20_r2,1790334152.3580084,4878204.046744477,114.432,37,1410,1215,737052347673,0
matmul_tiny_loop_L20_r2,1790334152.4080095,4878204.096745671,114.432,37,1410,1215,737052359195,0
matmul_tiny_loop_L20_r2,1790334152.458006,4878204.146742174,114.432,37,1410,1215,737052359195,0
matmul_tiny_loop_L20_r2,1790334152.5080097,4878204.196745738,114.432,37,1410,1215,737052370741,0
matmul_tiny_loop_L20_r2,1790334152.5580115,4878204.246747772,114.432,37,1410,1215,737052370741,0
matmul_tiny_loop_L20_r2,1790334152.6080108,4878204.296746855,114.432,37,1410,1215,737052382247,0
matmul_tiny_loop_L20_r2,1790334152.6580071,4878204.346743249,114.551,37,1410,1215,737052382247,0
matmul_tiny_loop_L20_r2,1790334152.70801,4878204.396746103,114.551,37,1410,1215,737052393775,0
matmul_tiny_loop_L20_r2,1790334152.7580094,4878204.446745516,114.551,37,1410,1215,737052393775,0
matmul_tiny_loop_L20_r2,1790334152.8080058,4878204.49674194,114.551,37,1410,1215,737052405303,0
matmul_tiny_loop_L20_r2,1790334152.858015,4878204.546751033,114.432,37,1410,1215,737052405303,0
matmul_tiny_loop_L20_r2,1790334152.908008,4878204.596744227,114.432,37,1410,1215,737052416834,0
matmul_tiny_loop_L20_r2,1790334152.9580069,4878204.646742821,114.273,37,1410,1215,737052416834,0
matmul_tiny_loop_L20_r2,1790334153.0080094,4878204.696745645,114.273,37,1410,1215,737052428355,0
matmul_tiny_loop_L20_r2,1790334153.0580094,4878204.746745478,114.432,37,1410,1215,737052428355,0
matmul_tiny_loop_L20_r2,1790334153.1080077,4878204.796743732,114.432,37,1410,1215,737052439892,0
matmul_tiny_loop_L20_r2,1790334153.158011,4878204.846747015,114.432,37,1410,1215,737052439892,0
matmul_tiny_loop_L20_r2,1790334153.20801,4878204.896746229,114.432,37,1410,1215,737052451430,0
matmul_tiny_loop_L20_r2,1790334153.2580106,4878204.946746713,114.432,37,1410,1215,737052451430,0
matmul_tiny_loop_L20_r2,1790334153.308009,4878204.996745076,114.432,37,1410,1215,737052462963,0
matmul_tiny_loop_L20_r2,1790334153.3580058,4878205.04674188,114.432,37,1410,1215,737052462963,0
matmul_tiny_loop_L20_r2,1790334153.408006,4878205.096742014,114.432,37,1410,1215,737052474493,0
matmul_tiny_loop_L20_r2,1790334153.4580064,4878205.146742387,114.432,37,1410,1215,737052474493,0
matmul_tiny_loop_L20_r2,1790334153.5080094,4878205.196745641,114.432,37,1410,1215,737052486030,0
matmul_tiny_loop_L20_r2,1790334153.5580134,4878205.246749415,114.432,37,1410,1215,737052486030,0
matmul_tiny_loop_L20_r2,1790334153.6080065,4878205.296742458,114.432,37,1410,1215,737052497554,0
matmul_tiny_loop_L20_r2,1790334153.658009,4878205.346745272,114.432,37,1410,1215,737052497554,0
matmul_tiny_loop_L20_r2,1790334153.708009,4878205.396744916,114.432,37,1410,1215,737052509084,0
matmul_tiny_loop_L20_r2,1790334153.7580059,4878205.446741849,114.432,37,1410,1215,737052509084,0
matmul_tiny_loop_L20_r2,1790334153.8080077,4878205.496743793,114.432,37,1410,1215,737052520571,0
matmul_tiny_loop_L20_r2,1790334153.8580089,4878205.546744927,113.293,37,1410,1215,737052520571,0
matmul_tiny_loop_L20_r2,1790334153.908011,4878205.5967472,113.293,37,1410,1215,737052532020,0
matmul_tiny_loop_L20_r2,1790334153.95801,4878205.646746074,114.155,37,1410,1215,737052532020,0
matmul_tiny_loop_L20_r2,1790334154.0080125,4878205.696748668,114.155,37,1410,1215,737052543537,0
matmul_tiny_loop_L20_r2,1790334154.0580063,4878205.746742271,114.551,37,1410,1215,737052543537,0
matmul_tiny_loop_L20_r2,1790334154.1080096,4878205.796745645,114.551,37,1410,1215,737052555058,0
matmul_tiny_loop_L20_r2,1790334154.1580093,4878205.846745549,114.432,37,1410,1215,737052555058,0
matmul_tiny_loop_L20_r2,1790334154.208006,4878205.896742082,114.432,37,1410,1215,737052566573,0
matmul_tiny_loop_L20_r2,1790334154.2580137,4878205.946749696,114.432,37,1410,1215,737052566573,0
matmul_tiny_loop_L20_r2,1790334154.3080056,4878205.99674171,114.432,37,1410,1215,737052578105,0
matmul_tiny_loop_L20_r2,1790334154.358006,4878206.046742073,114.551,37,1410,1215,737052578105,0
matmul_tiny_loop_L20_r2,1790334154.4080093,4878206.096745307,114.551,37,1410,1215,737052589620,0
matmul_tiny_loop_L20_r2,1790334154.4580092,4878206.146745541,114.551,37,1410,1215,737052589620,0
matmul_tiny_loop_L20_r2,1790334154.5080137,4878206.196750014,114.551,37,1410,1215,737052601129,0
matmul_tiny_loop_L20_r2,1790334154.5580091,4878206.246745268,114.155,37,1410,1215,737052601129,0
matmul_tiny_loop_L20_r2,1790334154.6080086,4878206.296744772,114.155,37,1410,1215,737052612641,0
matmul_tiny_loop_L20_r2,1790334154.6580098,4878206.346745815,114.155,37,1410,1215,737052612641,0
matmul_tiny_loop_L20_r2,1790334154.7080069,4878206.396742959,114.155,37,1410,1215,737052624164,0
matmul_tiny_loop_L20_r2,1790334154.7580106,4878206.446746712,114.155,37,1410,1215,737052624164,0
matmul_tiny_loop_L20_r2,1790334154.8080137,4878206.496749656,114.155,37,1410,1215,737052635684,0
matmul_tiny_loop_L20_r2,1790334154.8580081,4878206.5467441,114.155,37,1410,1215,737052635684,0
matmul_tiny_loop_L20_r2,1790334154.908009,4878206.596744954,114.155,37,1410,1215,737052647223,0
matmul_tiny_loop_L20_r2,1790334154.9580104,4878206.646746357,114.432,37,1410,1215,737052647223,0
matmul_tiny_loop_L20_r2,1790334155.008006,4878206.696742291,114.432,37,1410,1215,737052658743,0
matmul_tiny_loop_L20_r2,1790334155.0580096,4878206.746745684,114.155,37,1410,1215,737052658743,0
matmul_tiny_loop_L20_r2,1790334155.1080089,4878206.796744958,114.155,37,1410,1215,737052670300,0
matmul_tiny_loop_L20_r2,1790334155.1580064,4878206.846742702,114.432,37,1410,1215,737052670300,0
matmul_tiny_loop_L20_r2,1790334155.2080102,4878206.896746215,114.432,37,1410,1215,737052681829,0
matmul_tiny_loop_L20_r2,1790334155.258008,4878206.946744269,114.155,37,1410,1215,737052681829,0
matmul_tiny_loop_L20_r2,1790334155.3080032,4878206.996739023,114.155,37,1410,1215,737052693321,0
matmul_tiny_loop_L20_r2,1790334155.358008,4878207.046743916,113.293,37,1410,1215,737052693321,0
matmul_tiny_loop_L20_r2,1790334155.408009,4878207.09674515,113.293,37,1410,1215,737052704752,0
matmul_tiny_loop_L20_r2,1790334155.4580078,4878207.146743914,113.293,37,1410,1215,737052704752,0
matmul_tiny_loop_L20_r2,1790334155.5080118,4878207.196748027,113.293,37,1410,1215,737052716204,0
matmul_tiny_loop_L20_r2,1790334155.5580094,4878207.246745381,114.273,37,1410,1215,737052716204,0
matmul_tiny_loop_L10_r1,1790334157.5871584,4878209.275894501,114.551,37,1410,1215,737052945749,0
matmul_tiny_loop_L10_r1,1790334157.6372867,4878209.326022933,114.551,37,1410,1215,737052957281,0
matmul_tiny_loop_L10_r1,1790334157.6872864,4878209.376022317,114.551,37,1410,1215,737052957281,0
matmul_tiny_loop_L10_r1,1790334157.7372968,4878209.426033111,114.432,37,1410,1215,737052968831,0
matmul_tiny_loop_L10_r1,1790334157.7872958,4878209.476031854,114.432,37,1410,1215,737052968831,0
matmul_tiny_loop_L10_r1,1790334157.8372958,4878209.526032068,114.432,37,1410,1215,737052980373,0
matmul_tiny_loop_L10_r1,1790334157.887296,4878209.576032112,114.432,37,1410,1215,737052980373,0
matmul_tiny_loop_L10_r1,1790334157.9372962,4878209.626032085,114.432,37,1410,1215,737052991902,0
matmul_tiny_loop_L10_r1,1790334157.9872952,4878209.676031239,114.432,37,1410,1215,737052991902,0
matmul_tiny_loop_L10_r1,1790334158.0372953,4878209.726031303,114.432,37,1410,1215,737053003439,0
matmul_tiny_loop_L10_r1,1790334158.0872982,4878209.776034296,114.432,37,1410,1215,737053003439,0
matmul_tiny_loop_L10_r1,1790334158.1372979,4878209.82603401,114.432,37,1410,1215,737053014978,0
matmul_tiny_loop_L10_r1,1790334158.1872983,4878209.876034404,114.432,37,1410,1215,737053014978,0
matmul_tiny_loop_L10_r1,1790334158.2372959,4878209.926031867,114.551,37,1410,1215,737053026538,0
matmul_tiny_loop_L10_r1,1790334158.2872953,4878209.976031261,114.551,37,1410,1215,737053026538,0
matmul_tiny_loop_L10_r1,1790334158.3372946,4878210.026030755,114.432,37,1410,1215,737053038069,0
matmul_tiny_loop_L10_r1,1790334158.3872962,4878210.076032288,114.432,37,1410,1215,737053038069,0
matmul_tiny_loop_L10_r1,1790334158.437297,4878210.126033242,114.432,37,1410,1215,737053049615,0
matmul_tiny_loop_L10_r1,1790334158.4872925,4878210.176028646,114.432,37,1410,1215,737053049615,0
matmul_tiny_loop_L10_r1,1790334158.537295,4878210.226031159,113.411,37,1410,1215,737053061114,0
matmul_tiny_loop_L10_r1,1790334158.5872982,4878210.276034103,113.411,37,1410,1215,737053061114,0
matmul_tiny_loop_L10_r1,1790334158.6373012,4878210.326037256,114.273,37,1410,1215,737053072578,0
matmul_tiny_loop_L10_r1,1790334158.687298,4878210.37603416,114.273,37,1410,1215,737053072578,0
matmul_tiny_loop_L10_r1,1790334158.7372954,4878210.426031484,114.432,37,1410,1215,737053084105,0
matmul_tiny_loop_L10_r1,1790334158.7872972,4878210.476033557,114.432,37,1410,1215,737053084105,0
matmul_tiny_loop_L10_r1,1790334158.837298,4878210.526034051,114.551,37,1410,1215,737053095641,0
matmul_tiny_loop_L10_r1,1790334158.8872945,4878210.576030715,114.551,37,1410,1215,737053095641,0
matmul_tiny_loop_L10_r1,1790334158.9372911,4878210.626027279,114.432,37,1410,1215,737053107152,0
matmul_tiny_loop_L10_r1,1790334158.9872916,4878210.676027652,114.432,37,1410,1215,737053107152,0
matmul_tiny_loop_L10_r1,1790334159.037294,4878210.726029826,114.432,37,1410,1215,737053118666,0
matmul_tiny_loop_L10_r1,1790334159.0872934,4878210.77602952,114.432,37,1410,1215,737053118666,0
matmul_tiny_loop_L10_r1,1790334159.137294,4878210.826029993,114.551,37,1410,1215,737053130197,0
matmul_tiny_loop_L10_r1,1790334159.1872923,4878210.876028587,114.551,37,1410,1215,737053130197,0
matmul_tiny_loop_L10_r1,1790334159.237295,4878210.92603085,114.155,37,1410,1215,737053141725,0
matmul_tiny_loop_L10_r1,1790334159.287291,4878210.976027164,114.155,37,1410,1215,737053141725,0
matmul_tiny_loop_L10_r1,1790334159.3372946,4878211.026030598,114.432,37,1410,1215,737053153252,0
matmul_tiny_loop_L10_r1,1790334159.3872945,4878211.076030571,114.432,37,1410,1215,737053153252,0
matmul_tiny_loop_L10_r1,1790334159.4372897,4878211.126025775,114.432,37,1410,1215,737053164769,0
matmul_tiny_loop_L10_r1,1790334159.4873266,4878211.176062708,114.432,37,1410,1215,737053164769,0
matmul_tiny_loop_L10_r1,1790334159.5372946,4878211.226030792,114.155,37,1410,1215,737053176298,0
matmul_tiny_loop_L10_r1,1790334159.5872922,4878211.276028096,114.155,37,1410,1215,737053176298,0
matmul_tiny_loop_L10_r1,1790334159.6372957,4878211.32603177,114.432,37,1410,1215,737053187817,0
matmul_tiny_loop_L10_r1,1790334159.6873007,4878211.376036703,114.432,37,1410,1215,737053187817,0
matmul_tiny_loop_L10_r1,1790334159.7372954,4878211.426031527,114.432,37,1410,1215,737053199336,0
matmul_tiny_loop_L10_r1,1790334159.7872977,4878211.476034011,114.432,37,1410,1215,737053199336,0
matmul_tiny_loop_L10_r1,1790334159.8373003,4878211.526036354,114.155,37,1410,1215,737053210893,0
matmul_tiny_loop_L10_r1,1790334159.8872983,4878211.576034538,114.155,37,1410,1215,737053210893,0
matmul_tiny_loop_L10_r1,1790334159.9372933,4878211.626029452,114.432,37,1410,1215,737053222405,0
matmul_tiny_loop_L10_r1,1790334159.9873269,4878211.676063085,114.432,37,1410,1215,737053222405,0
matmul_tiny_loop_L10_r1,1790334160.0372941,4878211.726030189,114.273,37,1410,1215,737053233923,0
matmul_tiny_loop_L10_r1,1790334160.0872967,4878211.776032823,114.273,37,1410,1215,737053233923,0
matmul_tiny_loop_L10_r1,1790334160.1372938,4878211.826029816,114.432,37,1410,1215,737053245437,0
matmul_tiny_loop_L10_r1,1790334160.1872988,4878211.87603479,114.432,37,1410,1215,737053245437,0
matmul_tiny_loop_L10_r1,1790334160.2372916,4878211.926027504,113.411,37,1410,1215,737053256975,0
matmul_tiny_loop_L10_r1,1790334160.2872972,4878211.976033397,113.411,37,1410,1215,737053256975,0
matmul_tiny_loop_L10_r1,1790334160.3372922,4878212.026028451,114.273,37,1410,1215,737053268402,0
matmul_tiny_loop_L10_r1,1790334160.387301,4878212.076036944,114.273,37,1410,1215,737053268402,0
matmul_tiny_loop_L10_r1,1790334160.4372938,4878212.126029808,114.273,37,1410,1215,737053280041,0
matmul_tiny_loop_L10_r1,1790334160.4872954,4878212.176031562,114.273,37,1410,1215,737053280041,0
matmul_tiny_loop_L10_r1,1790334160.5372937,4878212.226029646,114.432,37,1410,1215,737053291513,0
matmul_tiny_loop_L10_r1,1790334160.5873313,4878212.276067479,114.432,37,1410,1215,737053291513,0
matmul_tiny_loop_L10_r1,1790334160.6372943,4878212.326030303,114.432,37,1410,1215,737053303055,0
matmul_tiny_loop_L10_r1,1790334160.687298,4878212.376034046,114.432,37,1410,1215,737053303055,0
matmul_tiny_loop_L10_r1,1790334160.7372942,4878212.42603009,114.432,37,1410,1215,737053314541,0
matmul_tiny_loop_L10_r1,1790334160.7873025,4878212.476038484,114.432,37,1410,1215,737053314541,0
matmul_tiny_loop_L10_r1,1790334160.8372982,4878212.526034467,114.432,37,1410,1215,737053326097,0
matmul_tiny_loop_L10_r1,1790334160.8872957,4878212.576031731,114.432,37,1410,1215,737053326097,0
matmul_tiny_loop_L10_r1,1790334160.937294,4878212.626030185,114.432,37,1410,1215,737053337585,0
matmul_tiny_loop_L10_r1,1790334160.9872963,4878212.676032378,114.432,37,1410,1215,737053337585,0
matmul_tiny_loop_L10_r1,1790334161.0372941,4878212.726030132,114.432,37,1410,1215,737053349089,0
matmul_tiny_loop_L10_r1,1790334161.0873275,4878212.776063725,114.432,37,1410,1215,737053349089,0
matmul_tiny_loop_L10_r1,1790334161.1372921,4878212.826027999,114.432,37,1410,1215,737053360618,0
matmul_tiny_loop_L10_r1,1790334161.1872976,4878212.876033593,114.432,37,1410,1215,737053360618,0
matmul_tiny_loop_L10_r1,1790334161.2372916,4878212.926027667,114.432,37,1410,1215,737053360618,0
matmul_tiny_loop_L10_r1,1790334161.2872977,4878212.97603388,114.432,37,1410,1215,737053372271,0
matmul_tiny_loop_L10_r1,1790334161.3372881,4878213.026024294,113.411,37,1410,1215,737053372271,0
matmul_tiny_loop_L10_r1,1790334161.3872914,4878213.076027548,113.411,37,1410,1215,737053383628,0
matmul_tiny_loop_L10_r1,1790334161.437294,4878213.126030021,114.273,37,1410,1215,737053383628,0
matmul_tiny_loop_L10_r1,1790334161.4872975,4878213.176033455,114.273,37,1410,1215,737053395101,0
matmul_tiny_loop_L10_r1,1790334161.537292,4878213.226028039,114.432,37,1410,1215,737053395101,0
matmul_tiny_loop_L10_r1,1790334161.5872948,4878213.276030852,114.432,37,1410,1215,737053406609,0
matmul_tiny_loop_L10_r1,1790334161.6372921,4878213.326028046,114.432,37,1410,1215,737053406609,0
matmul_tiny_loop_L10_r1,1790334161.6872952,4878213.37603124,114.432,37,1410,1215,737053418125,0
matmul_tiny_loop_L10_r1,1790334161.7372916,4878213.426027753,114.432,37,1410,1215,737053418125,0
matmul_tiny_loop_L10_r1,1790334161.787296,4878213.476032157,114.432,37,1410,1215,737053429606,0
matmul_tiny_loop_L10_r1,1790334161.8372984,4878213.526034551,113.293,37,1410,1215,737053429606,0
matmul_tiny_loop_L10_r1,1790334161.8872955,4878213.576031584,113.293,37,1410,1215,737053441082,0
matmul_tiny_loop_L10_r1,1790334161.9372945,4878213.626030558,114.432,37,1410,1215,737053441082,0
matmul_tiny_loop_L10_r1,1790334161.9873023,4878213.676038481,114.432,37,1410,1215,737053452603,0
matmul_tiny_loop_L10_r1,1790334162.0372946,4878213.726030645,114.432,37,1410,1215,737053452603,0
matmul_tiny_loop_L10_r1,1790334162.087295,4878213.776031099,114.432,37,1410,1215,737053464149,0
matmul_tiny_loop_L10_r1,1790334162.1372902,4878213.826026363,114.432,37,1410,1215,737053464149,0
matmul_tiny_loop_L10_r1,1790334162.1872976,4878213.876033486,114.432,37,1410,1215,737053475652,0
matmul_tiny_loop_L10_r1,1790334162.2372918,4878213.92602793,114.432,37,1410,1215,737053475652,0
matmul_tiny_loop_L10_r1,1790334162.287291,4878213.976027163,114.432,37,1410,1215,737053487191,0
matmul_tiny_loop_L10_r1,1790334162.3372934,4878214.026029417,114.432,37,1410,1215,737053487191,0
matmul_tiny_loop_L10_r1,1790334162.38729,4878214.076026081,114.432,37,1410,1215,737053498722,0
matmul_tiny_loop_L10_r1,1790334162.437291,4878214.126027255,114.432,37,1410,1215,737053498722,0
matmul_tiny_loop_L10_r1,1790334162.4872956,4878214.176031928,114.432,37,1410,1215,737053510252,0
matmul_tiny_loop_L10_r1,1790334162.5372949,4878214.226030932,114.432,37,1410,1215,737053510252,0
matmul_tiny_loop_L10_r1,1790334162.5872915,4878214.276027565,114.432,37,1410,1215,737053521754,0
matmul_tiny_loop_L10_r1,1790334162.6372924,4878214.326028509,113.293,37,1410,1215,737053521754,0
matmul_tiny_loop_L10_r1,1790334162.6872942,4878214.376030363,113.293,37,1410,1215,737053533213,0
matmul_tiny_loop_L10_r1,1790334162.7372928,4878214.426028846,114.155,37,1410,1215,737053533213,0
matmul_tiny_loop_L10_r1,1790334162.787292,4878214.47602786,114.155,37,1410,1215,737053544703,0
matmul_tiny_loop_L10_r1,1790334162.8372986,4878214.526034724,113.293,37,1410,1215,737053544703,0
matmul_tiny_loop_L10_r1,1790334162.8872936,4878214.576029787,113.293,37,1410,1215,737053556119,0
matmul_tiny_loop_L10_r1,1790334162.937293,4878214.626029011,113.293,37,1410,1215,737053556119,0
matmul_tiny_loop_L10_r1,1790334162.9872944,4878214.676030505,113.293,37,1410,1215,737053567556,0
matmul_tiny_loop_L10_r1,1790334163.0372918,4878214.726027868,114.155,37,1410,1215,737053567556,0
matmul_tiny_loop_L10_r1,1790334163.08729,4878214.776026272,114.155,37,1410,1215,737053579029,0
matmul_tiny_loop_L10_r1,1790334163.1372945,4878214.826030716,113.293,37,1410,1215,737053579029,0
matmul_tiny_loop_L10_r1,1790334163.1872926,4878214.876028819,113.293,37,1410,1215,737053590456,0
matmul_tiny_loop_L10_r1,1790334163.23729,4878214.926026023,113.293,37,1410,1215,737053590456,0
matmul_tiny_loop_L10_r1,1790334163.2872944,4878214.976030717,113.293,37,1410,1215,737053601921,0
matmul_tiny_loop_L10_r1,1790334163.33729,4878215.02602603,113.293,37,1410,1215,737053601921,0
matmul_tiny_loop_L10_r1,1790334163.3872948,4878215.076030764,113.293,37,1410,1215,737053613321,0
matmul_tiny_loop_L10_r1,1790334163.4372919,4878215.126027768,113.293,37,1410,1215,737053613321,0
matmul_tiny_loop_L10_r1,1790334163.487294,4878215.176030161,113.293,37,1410,1215,737053624753,0
matmul_tiny_loop_L10_r1,1790334163.5372941,4878215.226030115,114.155,37,1410,1215,737053624753,0
matmul_tiny_loop_L10_r1,1790334163.5872984,4878215.276034419,114.155,37,1410,1215,737053636222,0
matmul_tiny_loop_L10_r1,1790334163.6372929,4878215.326029002,113.293,37,1410,1215,737053636222,0
matmul_tiny_loop_L10_r1,1790334163.6872919,4878215.376028036,113.293,37,1410,1215,737053647623,0
matmul_tiny_loop_L10_r1,1790334163.737292,4878215.4260282,112.962,37,1410,1215,737053647623,0
matmul_tiny_loop_L10_r1,1790334163.7872958,4878215.476031793,112.962,37,1410,1215,737053659018,0
matmul_tiny_loop_L10_r1,1790334163.8372943,4878215.526030397,113.293,37,1410,1215,737053659018,0
matmul_tiny_loop_L10_r1,1790334163.8872933,4878215.57602954,113.293,37,1410,1215,737053670425,0
matmul_tiny_loop_L10_r1,1790334163.937299,4878215.626035104,113.293,37,1410,1215,737053670425,0
matmul_tiny_loop_L10_r1,1790334163.9872937,4878215.676029818,113.293,37,1410,1215,737053681873,0
matmul_tiny_loop_L10_r1,1790334164.0372896,4878215.726025682,114.155,37,1410,1215,737053681873,0
matmul_tiny_loop_L10_r1,1790334164.087296,4878215.776032095,114.155,37,1410,1215,737053693363,0
matmul_tiny_loop_L10_r1,1790334164.1372933,4878215.826029469,113.293,37,1410,1215,737053693363,0
matmul_tiny_loop_L10_r1,1790334164.187302,4878215.876038132,113.293,37,1410,1215,737053704773,0
matmul_tiny_loop_L10_r1,1790334164.2372968,4878215.926033096,113.293,37,1410,1215,737053704773,0
matmul_tiny_loop_L10_r1,1790334164.2872937,4878215.97602985,113.293,37,1410,1215,737053716196,0
matmul_tiny_loop_L10_r1,1790334164.3372948,4878216.026030813,113.293,37,1410,1215,737053716196,0
matmul_tiny_loop_L10_r1,1790334164.3872957,4878216.076031887,113.293,37,1410,1215,737053727651,0
matmul_tiny_loop_L10_r1,1790334164.4372935,4878216.126029511,114.155,37,1410,1215,737053727651,0
matmul_tiny_loop_L10_r1,1790334164.4872942,4878216.176030284,114.155,37,1410,1215,737053739129,0
matmul_tiny_loop_L10_r1,1790334164.5372922,4878216.226028378,113.293,37,1410,1215,737053739129,0
matmul_tiny_loop_L10_r1,1790334164.5872934,4878216.276029562,113.293,37,1410,1215,737053750549,0
matmul_tiny_loop_L10_r1,1790334164.6372936,4878216.326029575,113.411,37,1410,1215,737053750549,0
matmul_tiny_loop_L10_r1,1790334164.6872976,4878216.376033689,113.411,37,1410,1215,737053761972,0
matmul_tiny_loop_L10_r1,1790334164.7372944,4878216.426030283,113.293,37,1410,1215,737053761972,0
matmul_tiny_loop_L10_r1,1790334164.7872975,4878216.476033696,113.293,37,1410,1215,737053773391,0
matmul_tiny_loop_L10_r1,1790334164.837293,4878216.52602892,113.293,37,1410,1215,737053773391,0
matmul_tiny_loop_L10_r1,1790334164.8872979,4878216.576033894,113.293,37,1410,1215,737053784799,0
matmul_tiny_loop_L10_r1,1790334164.9372964,4878216.626032427,113.293,37,1410,1215,737053784799,0
matmul_tiny_loop_L10_r1,1790334164.987326,4878216.676062011,113.293,37,1410,1215,737053796205,0
matmul_tiny_loop_L10_r1,1790334165.0372925,4878216.726028715,113.293,37,1410,1215,737053796205,0
matmul_tiny_loop_L10_r1,1790334165.0872953,4878216.776031358,113.293,37,1410,1215,737053807610,0
matmul_tiny_loop_L10_r1,1790334165.137296,4878216.826031932,113.293,37,1410,1215,737053807610,0
matmul_tiny_loop_L10_r1,1790334165.1872942,4878216.876030346,113.293,37,1410,1215,737053819060,0
matmul_tiny_loop_L10_r1,1790334165.237293,4878216.926029119,114.273,37,1410,1215,737053819060,0
matmul_tiny_loop_L10_r1,1790334165.2873955,4878216.976131602,114.273,37,1410,1215,737053830562,0
matmul_tiny_loop_L10_r1,1790334165.3372982,4878217.026034127,113.293,37,1410,1215,737053830562,0
matmul_tiny_loop_L10_r1,1790334165.3872917,4878217.07602776,113.293,37,1410,1215,737053841958,0
matmul_tiny_loop_L10_r1,1790334165.4372919,4878217.126027844,113.293,37,1410,1215,737053841958,0
matmul_tiny_loop_L10_r1,1790334165.487291,4878217.176027318,113.293,37,1410,1215,737053853405,0
matmul_tiny_loop_L10_r1,1790334165.5372908,4878217.226026761,114.155,37,1410,1215,737053853405,0
matmul_tiny_loop_L10_r1,1790334165.5872953,4878217.276031285,114.155,37,1410,1215,737053864910,0
matmul_tiny_loop_L10_r1,1790334165.6372933,4878217.326029409,113.293,37,1410,1215,737053864910,0
matmul_tiny_loop_L10_r1,1790334165.6872942,4878217.376030232,113.293,37,1410,1215,737053876331,0
matmul_tiny_loop_L10_r1,1790334165.7372959,4878217.426031896,113.293,37,1410,1215,737053876331,0
matmul_tiny_loop_L10_r1,1790334165.7872918,4878217.476027739,113.293,37,1410,1215,737053887746,0
matmul_tiny_loop_L10_r1,1790334165.8372967,4878217.526032773,112.962,37,1410,1215,737053887746,0
matmul_tiny_loop_L10_r1,1790334165.8872921,4878217.576028157,112.962,37,1410,1215,737053899160,0
matmul_tiny_loop_L10_r1,1790334165.9373,4878217.62603629,113.293,37,1410,1215,737053899160,0
matmul_tiny_loop_L10_r1,1790334165.9872887,4878217.676024954,113.293,37,1410,1215,737053910594,0
matmul_tiny_loop_L10_r1,1790334166.0372953,4878217.726031498,114.155,37,1410,1215,737053910594,0
matmul_tiny_loop_L10_r1,1790334166.0872917,4878217.776027711,114.155,37,1410,1215,737053922074,0
matmul_tiny_loop_L10_r1,1790334166.1372898,4878217.826025885,113.411,37,1410,1215,737053922074,0
matmul_tiny_loop_L10_r1,1790334166.1872926,4878217.876028599,113.411,37,1410,1215,737053933480,0
matmul_tiny_loop_L10_r1,1790334166.237291,4878217.926027192,112.962,37,1410,1215,737053933480,0
matmul_tiny_loop_L10_r1,1790334166.2873235,4878217.976059546,112.962,37,1410,1215,737053944928,0
matmul_tiny_loop_L10_r1,1790334166.3372939,4878218.02602984,114.273,37,1410,1215,737053944928,0
matmul_tiny_loop_L10_r1,1790334166.3872945,4878218.076030573,114.273,37,1410,1215,737053956407,0
matmul_tiny_loop_L10_r1,1790334166.4372935,4878218.126029637,113.293,37,1410,1215,737053956407,0
matmul_tiny_loop_L10_r1,1790334166.487292,4878218.176028221,113.293,37,1410,1215,737053967838,0
matmul_tiny_loop_L10_r1,1790334166.5372894,4878218.226025554,113.411,37,1410,1215,737053967838,0
matmul_tiny_loop_L10_r1,1790334166.587294,4878218.276030328,113.411,37,1410,1215,737053979253,0
matmul_tiny_loop_L10_r1,1790334166.637293,4878218.326029232,113.293,37,1410,1215,737053979253,0
matmul_tiny_loop_L10_r1,1790334166.6872914,4878218.376027535,113.293,37,1410,1215,737053990669,0
matmul_tiny_loop_L10_r1,1790334166.7372918,4878218.426027959,112.962,37,1410,1215,737053990669,0
matmul_tiny_loop_L10_r1,1790334166.7872932,4878218.476029293,112.962,37,1410,1215,737054002074,0
matmul_tiny_loop_L10_r1,1790334166.8372912,4878218.526027326,113.293,37,1410,1215,737054002074,0
matmul_tiny_loop_L10_r1,1790334166.887409,4878218.576144909,113.293,37,1410,1215,737054013492,0
matmul_tiny_loop_L10_r1,1790334166.9372938,4878218.626029944,112.962,37,1410,1215,737054013492,0
matmul_tiny_loop_L10_r1,1790334166.9872634,4878218.675999578,112.962,37,1410,1215,737054024900,0
matmul_tiny_loop_L10_r1,1790334167.0372486,4878218.725984471,113.293,37,1410,1215,737054024900,0
matmul_tiny_loop_L10_r1,1790334167.087243,4878218.775979015,113.293,37,1410,1215,737054036311,0
matmul_tiny_loop_L10_r1,1790334167.137243,4878218.825979139,112.962,37,1410,1215,737054036311,0
matmul_tiny_loop_L10_r1,1790334167.1872427,4878218.875978832,112.962,37,1410,1215,737054036311,0
matmul_tiny_loop_L10_r1,1790334167.2372437,4878218.925979416,113.293,37,1410,1215,737054047822,0
matmul_tiny_loop_L10_r1,1790334167.287262,4878218.9759977,113.293,37,1410,1215,737054047822,0
matmul_tiny_loop_L10_r1,1790334167.3372438,4878219.025979723,113.079,37,1410,1215,737054059151,0
matmul_tiny_loop_L10_r1,1790334167.3872404,4878219.075976387,113.079,37,1410,1215,737054059151,0
matmul_tiny_loop_L10_r1,1790334167.437244,4878219.125979641,114.273,37,1410,1215,737054070578,0
matmul_tiny_loop_L10_r1,1790334167.4872427,4878219.175978804,114.273,37,1410,1215,737054070578,0
matmul_tiny_loop_L10_r1,1790334167.5372417,4878219.225977448,114.551,37,1410,1215,737054082121,0
matmul_tiny_loop_L10_r1,1790334167.5872426,4878219.275978512,114.551,37,1410,1215,737054082121,0
matmul_tiny_loop_L10_r1,1790334167.637263,4878219.325998765,113.293,37,1410,1215,737054093616,0
matmul_tiny_loop_L10_r1,1790334167.6872416,4878219.375977599,113.293,37,1410,1215,737054093616,0
matmul_tiny_loop_L10_r1,1790334167.737243,4878219.425978543,114.155,37,1410,1215,737054105098,0
matmul_tiny_loop_L10_r1,1790334167.7872756,4878219.476011466,114.155,37,1410,1215,737054105098,0
matmul_tiny_loop_L10_r1,1790334167.8372426,4878219.52597866,114.155,37,1410,1215,737054116598,0
matmul_tiny_loop_L10_r1,1790334167.8872404,4878219.575976524,114.155,37,1410,1215,737054116598,0
matmul_tiny_loop_L10_r1,1790334167.937244,4878219.625979907,114.155,37,1410,1215,737054128119,0
matmul_tiny_loop_L10_r1,1790334167.9872482,4878219.675984021,114.155,37,1410,1215,737054128119,0
matmul_tiny_loop_L10_r1,1790334168.037242,4878219.725977815,114.432,37,1410,1215,737054139641,0
matmul_tiny_loop_L10_r1,1790334168.0872438,4878219.775979908,114.432,37,1410,1215,737054139641,0
matmul_tiny_loop_L10_r1,1790334168.1372435,4878219.825979082,113.293,37,1410,1215,737054151119,0
matmul_tiny_loop_L10_r1,1790334168.1872418,4878219.875977606,113.293,37,1410,1215,737054151119,0
matmul_tiny_loop_L10_r1,1790334168.2372868,4878219.926022839,114.155,37,1410,1215,737054162552,0
