window,t_wall,t_perf,power_w,temp_c,sm_clock_mhz,mem_clock_mhz,energy_mj,throttle_mask
matmul_large_L2_r1,1790333311.6243806,4877363.313116591,387.198,69,1410,1215,736823558198,0
matmul_large_L2_r1,1790333311.6744967,4877363.363232866,400.568,69,1410,1215,736823597744,0
matmul_large_L2_r1,1790333311.7244883,4877363.413224201,400.568,69,1410,1215,736823597744,0
matmul_large_L2_r1,1790333311.7744932,4877363.463229136,388.936,69,1410,1215,736823637954,0
matmul_large_L2_r1,1790333311.8245015,4877363.513237681,388.936,69,1410,1215,736823637954,0
matmul_large_L2_r1,1790333311.8744955,4877363.563231537,399.707,69,1410,1215,736823678311,0
matmul_large_L2_r1,1790333311.9244998,4877363.613235802,399.707,69,1410,1215,736823678311,0
matmul_large_L2_r1,1790333311.974496,4877363.663232197,399.707,69,1410,1215,736823718652,0
matmul_large_L2_r1,1790333312.0245008,4877363.713236853,399.707,69,1410,1215,736823718652,0
matmul_large_L2_r1,1790333312.0744956,4877363.763231638,400.03,69,1410,1215,736823759047,0
matmul_large_L2_r1,1790333312.124499,4877363.813235353,400.03,69,1410,1215,736823759047,0
matmul_large_L2_r1,1790333312.1744957,4877363.863231789,400.03,69,1410,1215,736823799382,0
matmul_large_L2_r1,1790333312.2245023,4877363.913238414,400.03,69,1410,1215,736823799382,0
matmul_large_L2_r1,1790333312.2744956,4877363.963231649,400.299,69,1410,1215,736823839681,0
matmul_large_L2_r1,1790333312.3244994,4877364.013235525,400.299,69,1410,1215,736823839681,0
matmul_large_L2_r1,1790333312.374496,4877364.06323208,400.568,69,1410,1215,736823880034,0
matmul_large_L2_r1,1790333312.4244995,4877364.113235415,400.568,69,1410,1215,736823880034,0
matmul_large_L2_r1,1790333312.4744952,4877364.163231411,400.151,69,1410,1215,736823920486,0
matmul_large_L2_r1,1790333312.524499,4877364.213235056,400.151,69,1410,1215,736823920486,0
matmul_large_L2_r1,1790333312.574471,4877364.263206872,400.568,69,1395,1215,736823960052,4
matmul_large_L2_r1,1790333312.6244988,4877364.313235007,400.568,69,1395,1215,736823960052,4
matmul_large_L2_r1,1790333312.6744642,4877364.363200262,381.955,69,1410,1215,736823999477,0
matmul_large_L2_r1,1790333312.7245004,4877364.413236617,381.955,69,1410,1215,736823999477,0
matmul_large_L2_r1,1790333312.7744634,4877364.463199503,400.03,69,1410,1215,736824039830,0
matmul_large_L2_r1,1790333312.8245018,4877364.513237908,400.03,69,1410,1215,736824039830,0
matmul_large_L2_r1,1790333312.874464,4877364.563200004,400.898,69,1410,1215,736824080195,0
matmul_large_L2_r1,1790333312.9244995,4877364.613235459,400.898,69,1410,1215,736824080195,0
matmul_large_L2_r1,1790333312.9744637,4877364.663199884,401.168,69,1410,1215,736824120524,0
matmul_large_L2_r1,1790333313.0244992,4877364.713235179,401.168,69,1410,1215,736824120524,0
matmul_large_L2_r1,1790333313.0744631,4877364.763199295,400.898,69,1410,1215,736824160949,0
matmul_large_L2_r1,1790333313.1244988,4877364.81323489,400.898,69,1410,1215,736824160949,0
matmul_large_L2_r1,1790333313.1744635,4877364.863199536,400.568,69,1410,1215,736824201310,0
matmul_large_L2_r1,1790333313.2244992,4877364.913235161,400.568,69,1410,1215,736824201310,0
matmul_large_L2_r1,1790333313.2745063,4877364.963242226,400.299,69,1410,1215,736824241748,0
matmul_large_L2_r1,1790333313.3244991,4877365.013235191,400.299,69,1410,1215,736824241748,0
matmul_large_L2_r1,1790333313.374499,4877365.063235097,400.568,69,1410,1215,736824282170,0
matmul_large_L2_r1,1790333313.4245005,4877365.113236522,400.568,69,1410,1215,736824282170,0
matmul_large_L2_r1,1790333313.4744997,4877365.163235707,400.299,69,1410,1215,736824322546,0
matmul_large_L2_r1,1790333313.524501,4877365.213237013,400.299,69,1410,1215,736824322546,0
matmul_large_L2_r1,1790333313.574499,4877365.263234918,400.568,69,1395,1215,736824361830,4
matmul_large_L2_r1,1790333313.6245005,4877365.313236463,400.568,69,1395,1215,736824361830,4
matmul_large_L20_r4,1790333323.0280921,4877374.716828034,401.168,69,1410,1215,736828097389,0
matmul_large_L20_r4,1790333323.0782063,4877374.766942358,401.437,69,1410,1215,736828136631,0
matmul_large_L20_r4,1790333323.1282132,4877374.816949343,401.437,69,1410,1215,736828136631,0
matmul_large_L20_r4,1790333323.1782022,4877374.866937999,389.259,69,1410,1215,736828177042,0
matmul_large_L20_r4,1790333323.2282116,4877374.916947884,389.259,69,1410,1215,736828177042,0
matmul_large_L20_r4,1790333323.2782118,4877374.966947789,401.437,69,1410,1215,736828217618,0
matmul_large_L20_r4,1790333323.3282113,4877375.016947235,401.437,69,1410,1215,736828217618,0
matmul_large_L20_r4,1790333323.3782113,4877375.06694744,401.437,69,1410,1215,736828257916,0
matmul_large_L20_r4,1790333323.4282148,4877375.116950766,401.437,69,1410,1215,736828257916,0
matmul_large_L20_r4,1790333323.4782166,4877375.166952751,401.437,69,1410,1215,736828298253,0
matmul_large_L20_r4,1790333323.5282145,4877375.216950496,401.437,69,1410,1215,736828298253,0
matmul_large_L20_r4,1790333323.5782144,4877375.266950371,401.437,69,1410,1215,736828338670,0
matmul_large_L20_r4,1790333323.628211,4877375.316946947,401.437,69,1410,1215,736828338670,0
matmul_large_L20_r4,1790333323.6782117,4877375.366947742,401.76,69,1410,1215,736828379088,0
matmul_large_L20_r4,1790333323.7282178,4877375.416953837,401.76,69,1410,1215,736828379088,0
matmul_large_L20_r4,1790333323.7782176,4877375.466953513,401.437,69,1410,1215,736828419531,0
matmul_large_L20_r4,1790333323.8282206,4877375.516956728,401.437,69,1410,1215,736828419531,0
matmul_large_L20_r4,1790333323.8782172,4877375.566953293,401.019,69,1410,1215,736828459948,0
matmul_large_L20_r4,1790333323.928216,4877375.616952089,401.019,69,1410,1215,736828459948,0
matmul_large_L20_r4,1790333323.9782138,4877375.666949894,401.168,69,1395,1215,736828499731,4
matmul_large_L20_r4,1790333324.0282135,4877375.716949609,401.168,69,1395,1215,736828499731,4
matmul_large_L20_r4,1790333324.0782146,4877375.766950615,386.929,69,1410,1215,736828538931,0
matmul_large_L20_r4,1790333324.1282117,4877375.81694779,386.929,69,1410,1215,736828538931,0
matmul_large_L20_r4,1790333324.1782143,4877375.866950405,397.377,69,1410,1215,736828578450,0
matmul_large_L20_r4,1790333324.2282138,4877375.916949891,397.377,69,1410,1215,736828578450,0
matmul_large_L20_r4,1790333324.2782154,4877375.966951396,400.481,69,1410,1215,736828618789,0
matmul_large_L20_r4,1790333324.3282146,4877376.016950501,400.481,69,1410,1215,736828618789,0
matmul_large_L20_r4,1790333324.3782122,4877376.066948047,400.481,69,1410,1215,736828659215,0
matmul_large_L20_r4,1790333324.4282157,4877376.116951772,400.481,69,1410,1215,736828659215,0
matmul_large_L20_r4,1790333324.4782138,4877376.166949927,400.568,69,1410,1215,736828699537,0
matmul_large_L20_r4,1790333324.528215,4877376.216951043,400.568,69,1410,1215,736828699537,0
matmul_large_L20_r4,1790333324.5782125,4877376.266948608,401.168,69,1410,1215,736828739985,0
matmul_large_L20_r4,1790333324.6282144,4877376.316950343,401.168,69,1410,1215,736828739985,0
matmul_large_L20_r4,1790333324.6782122,4877376.366948259,401.168,69,1410,1215,736828780345,0
matmul_large_L20_r4,1790333324.7282116,4877376.416947854,401.168,69,1410,1215,736828780345,0
matmul_large_L20_r4,1790333324.7782145,4877376.466950559,401.168,69,1410,1215,736828820784,0
matmul_large_L20_r4,1790333324.8282146,4877376.516950465,401.168,69,1410,1215,736828820784,0
matmul_large_L20_r4,1790333324.8782141,4877376.56695025,402.029,69,1410,1215,736828861139,0
matmul_large_L20_r4,1790333324.928212,4877376.616948065,402.029,69,1410,1215,736828861139,0
matmul_large_L20_r4,1790333324.9782112,4877376.666947161,402.029,69,1395,1215,736828900264,4
matmul_large_L20_r4,1790333325.0282145,4877376.716950676,402.029,69,1395,1215,736828900264,4
matmul_large_L20_r4,1790333325.0782137,4877376.766949801,381.955,69,1410,1215,736828939625,0
matmul_large_L20_r4,1790333325.1282156,4877376.816951557,381.955,69,1410,1215,736828939625,0
matmul_large_L20_r4,1790333325.1782157,4877376.866951722,400.568,69,1410,1215,736828980025,0
matmul_large_L20_r4,1790333325.2282152,4877376.916951447,400.568,69,1410,1215,736828980025,0
matmul_large_L20_r4,1790333325.2782142,4877376.966950193,401.437,69,1410,1215,736829020402,0
matmul_large_L20_r4,1790333325.3282151,4877377.016951128,401.437,69,1410,1215,736829020402,0
matmul_large_L20_r4,1790333325.3782136,4877377.066949653,401.341,69,1410,1215,736829060758,0
matmul_large_L20_r4,1790333325.4282112,4877377.116947129,401.341,69,1410,1215,736829060758,0
matmul_large_L20_r4,1790333325.4782126,4877377.166948714,401.76,69,1410,1215,736829101153,0
matmul_large_L20_r4,1790333325.528215,4877377.216950969,401.76,69,1410,1215,736829101153,0
matmul_large_L20_r4,1790333325.578215,4877377.266951015,401.437,69,1410,1215,736829141600,0
matmul_large_L20_r4,1790333325.6282144,4877377.31695037,401.437,69,1410,1215,736829141600,0
matmul_large_L20_r4,1790333325.6782138,4877377.366950065,401.76,69,1410,1215,736829182046,0
matmul_large_L20_r4,1790333325.728212,4877377.416948381,401.76,69,1410,1215,736829182046,0
matmul_large_L20_r4,1790333325.7782142,4877377.466950206,401.341,69,1410,1215,736829222510,0
matmul_large_L20_r4,1790333325.828214,4877377.516950101,401.341,69,1410,1215,736829222510,0
matmul_large_L20_r4,1790333325.8782134,4877377.566949497,401.437,69,1410,1215,736829262769,0
matmul_large_L20_r4,1790333325.9282117,4877377.616947892,401.437,69,1410,1215,736829262769,0
matmul_large_L20_r4,1790333325.9782114,4877377.666947277,391.857,69,1395,1215,736829301757,4
matmul_large_L20_r4,1790333326.028221,4877377.716957033,391.857,69,1395,1215,736829301757,4
matmul_large_L20_r4,1790333326.0782144,4877377.766950418,380.817,69,1410,1215,736829340931,0
matmul_large_L20_r4,1790333326.128216,4877377.816952013,380.817,69,1410,1215,736829340931,0
matmul_large_L20_r4,1790333326.1782138,4877377.866949989,399.43,69,1410,1215,736829381298,0
matmul_large_L20_r4,1790333326.228215,4877377.916951144,399.43,69,1410,1215,736829381298,0
matmul_large_L20_r4,1790333326.2782145,4877377.966950499,400.568,69,1410,1215,736829421632,0
matmul_large_L20_r4,1790333326.3282168,4877378.016952885,400.568,69,1410,1215,736829421632,0
matmul_large_L20_r4,1790333326.3782148,4877378.06695091,400.481,69,1410,1215,736829462034,0
matmul_large_L20_r4,1790333326.4282146,4877378.116950475,400.481,69,1410,1215,736829462034,0
matmul_large_L20_r4,1790333326.4782155,4877378.166951431,401.168,69,1410,1215,736829502380,0
matmul_large_L20_r4,1790333326.528216,4877378.216951946,401.168,69,1410,1215,736829502380,0
matmul_large_L20_r4,1790333326.5782151,4877378.266951311,400.568,69,1410,1215,736829542784,0
matmul_large_L20_r4,1790333326.6282127,4877378.316948747,400.568,69,1410,1215,736829542784,0
matmul_large_L20_r4,1790333326.678216,4877378.366951952,400.898,69,1410,1215,736829583182,0
matmul_large_L20_r4,1790333326.7282143,4877378.416950387,400.898,69,1410,1215,736829583182,0
matmul_large_L20_r4,1790333326.778215,4877378.466950933,401.168,69,1410,1215,736829583182,0
matmul_large_L20_r4,1790333326.828212,4877378.516947938,401.168,69,1410,1215,736829624102,0
matmul_large_L20_r4,1790333326.8782153,4877378.566951393,400.481,69,1410,1215,736829624102,0
matmul_large_L20_r4,1790333326.928209,4877378.616945299,400.481,69,1410,1215,736829664050,0
matmul_large_L20_r4,1790333326.978215,4877378.666951054,391.588,69,1395,1215,736829664050,4
matmul_large_L20_r4,1790333327.0282254,4877378.716961609,391.588,69,1395,1215,736829702963,4
matmul_large_L20_r4,1790333327.0782144,4877378.766950505,381.678,69,1410,1215,736829702963,0
matmul_large_L20_r4,1790333327.128215,4877378.81695102,381.678,69,1410,1215,736829742712,0
matmul_large_L20_r4,1790333327.1782117,4877378.866947535,400.568,69,1410,1215,736829742712,0
matmul_large_L20_r4,1790333327.2282143,4877378.916950361,400.568,69,1410,1215,736829783215,0
matmul_large_L20_r4,1790333327.2782147,4877378.966950716,401.168,69,1410,1215,736829783215,0
matmul_large_L20_r4,1790333327.3282151,4877379.016951191,401.168,69,1410,1215,736829823619,0
matmul_large_L20_r4,1790333327.3782136,4877379.066949687,402.359,69,1410,1215,736829823619,0
matmul_large_L20_r4,1790333327.4282138,4877379.116949922,402.359,69,1410,1215,736829864109,0
matmul_large_L20_r4,1790333327.478214,4877379.166950247,402.359,69,1410,1215,736829864109,0
matmul_large_L20_r4,1790333327.5282156,4877379.216951502,402.359,69,1410,1215,736829904497,0
matmul_large_L20_r4,1790333327.5782146,4877379.266950668,402.029,69,1410,1215,736829904497,0
matmul_large_L20_r4,1790333327.6282122,4877379.316948383,402.029,69,1410,1215,736829944958,0
matmul_large_L20_r4,1790333327.6782117,4877379.366947529,402.029,69,1410,1215,736829944958,0
matmul_large_L20_r4,1790333327.7282164,4877379.416952394,402.029,69,1410,1215,736829985396,0
matmul_large_L20_r4,1790333327.7782125,4877379.466948699,401.76,69,1410,1215,736829985396,0
matmul_large_L20_r4,1790333327.828214,4877379.516950165,401.76,69,1410,1215,736830025889,0
matmul_large_L20_r4,1790333327.8782127,4877379.56694868,401.76,69,1410,1215,736830025889,0
matmul_large_L20_r4,1790333327.9282115,4877379.616947415,401.76,69,1410,1215,736830065845,0
matmul_large_L20_r4,1790333327.9782119,4877379.666947871,388.667,69,1395,1215,736830065845,4
matmul_large_L20_r4,1790333328.0282254,4877379.716961716,388.667,69,1395,1215,736830104975,4
matmul_large_L20_r4,1790333328.07822,4877379.766955931,386.068,69,1410,1215,736830104975,0
matmul_large_L20_r4,1790333328.1282134,4877379.816949587,386.068,69,1410,1215,736830145076,0
matmul_large_L20_r4,1790333328.1782146,4877379.866950842,394.779,69,1410,1215,736830145076,0
matmul_large_L20_r4,1790333328.2282147,4877379.916950947,394.779,69,1410,1215,736830185149,0
matmul_large_L20_r4,1790333328.2782156,4877379.966951843,400.299,69,1410,1215,736830185149,0
matmul_large_L20_r4,1790333328.328214,4877380.016949998,400.299,69,1410,1215,736830225544,0
matmul_large_L20_r4,1790333328.3782113,4877380.066947313,400.898,69,1410,1215,736830225544,0
matmul_large_L20_r4,1790333328.428215,4877380.116951118,400.898,69,1410,1215,736830265968,0
matmul_large_L20_r4,1790333328.4782112,4877380.166947214,400.299,69,1410,1215,736830265968,0
matmul_large_L20_r4,1790333328.528211,4877380.216947129,400.299,69,1410,1215,736830306350,0
matmul_large_L20_r4,1790333328.578214,4877380.266949925,400.568,69,1410,1215,736830306350,0
matmul_large_L20_r4,1790333328.628209,4877380.31694518,400.568,69,1410,1215,736830346803,0
matmul_large_L20_r4,1790333328.6782124,4877380.366948425,400.568,69,1410,1215,736830346803,0
matmul_large_L20_r4,1790333328.7282114,4877380.416947391,400.568,69,1410,1215,736830387238,0
matmul_large_L20_r4,1790333328.7782109,4877380.466946876,400.568,69,1410,1215,736830387238,0
matmul_large_L20_r4,1790333328.8282146,4877380.516950591,400.568,69,1410,1215,736830427735,0
matmul_large_L20_r4,1790333328.8782125,4877380.566948356,400.03,69,1410,1215,736830427735,0
matmul_large_L20_r4,1790333328.9282143,4877380.616950382,400.03,69,1410,1215,736830467731,0
matmul_large_L20_r4,1790333328.9782128,4877380.666948817,387.798,69,1395,1215,736830467731,4
matmul_large_L20_r4,1790333329.0282135,4877380.716949592,387.798,69,1395,1215,736830507028,4
matmul_large_L20_r4,1790333329.0782144,4877380.766950358,390.397,69,1410,1215,736830507028,0
matmul_large_L20_r4,1790333329.1282082,4877380.816944203,390.397,69,1410,1215,736830546982,0
matmul_large_L20_r4,1790333329.178214,4877380.866950169,399.707,69,1410,1215,736830546982,0
matmul_large_L20_r4,1790333329.2282157,4877380.916951734,399.707,69,1410,1215,736830587445,0
matmul_large_L20_r4,1790333329.2782114,4877380.966947369,400.299,69,1410,1215,736830587445,0
matmul_large_L20_r4,1790333329.3282118,4877381.016947744,400.299,69,1410,1215,736830627828,0
matmul_large_L20_r4,1790333329.3782146,4877381.06695065,400.568,69,1410,1215,736830627828,0
matmul_large_L20_r4,1790333329.428212,4877381.116947965,400.568,69,1410,1215,736830668317,0
matmul_large_L20_r4,1790333329.4782133,4877381.16694949,400.568,69,1410,1215,736830668317,0
matmul_large_L20_r4,1790333329.5282116,4877381.216947896,400.568,69,1410,1215,736830708745,0
matmul_large_L20_r4,1790333329.5782135,4877381.266949541,400.898,69,1410,1215,736830708745,0
matmul_large_L20_r4,1790333329.6282127,4877381.316948737,400.898,69,1410,1215,736830749276,0
matmul_large_L20_r4,1790333329.6782131,4877381.366949102,400.898,69,1410,1215,736830749276,0
matmul_large_L20_r4,1790333329.7282119,4877381.416948227,400.898,69,1410,1215,736830789731,0
matmul_large_L20_r4,1790333329.7782116,4877381.466947612,400.481,69,1410,1215,736830789731,0
matmul_large_L20_r4,1790333329.8282118,4877381.516947658,400.481,69,1410,1215,736830830205,0
matmul_large_L20_r4,1790333329.8782146,4877381.566950803,400.898,69,1395,1215,736830830205,4
matmul_large_L20_r4,1790333329.9282138,4877381.616949828,400.898,69,1395,1215,736830869750,4
matmul_large_L20_r4,1790333329.9782145,4877381.666950564,381.678,69,1410,1215,736830869750,0
matmul_large_L20_r4,1790333330.028212,4877381.716948129,381.678,69,1410,1215,736830909353,0
matmul_large_L20_r4,1790333330.0782123,4877381.766948514,399.43,69,1410,1215,736830909353,0
matmul_large_L20_r4,1790333330.1282113,4877381.81694722,399.43,69,1410,1215,736830949737,0
matmul_large_L20_r4,1790333330.1782153,4877381.866951095,401.168,69,1410,1215,736830949737,0
matmul_large_L20_r4,1790333330.2282093,4877381.91694533,401.168,69,1410,1215,736830990210,0
matmul_large_L20_r4,1790333330.2782114,4877381.966947386,401.437,69,1410,1215,736830990210,0
matmul_large_L20_r4,1790333330.3282087,4877382.016944811,401.437,69,1410,1215,736831030585,0
matmul_large_L20_r4,1790333330.3782098,4877382.066945886,401.437,69,1410,1215,736831030585,0
matmul_large_L20_r4,1790333330.4282143,4877382.116950402,401.437,69,1410,1215,736831071080,0
matmul_large_L20_r4,1790333330.478215,4877382.166950877,401.437,69,1410,1215,736831071080,0
matmul_large_L20_r4,1790333330.5282097,4877382.216945613,401.437,69,1410,1215,736831111582,0
matmul_large_L20_r4,1790333330.5782113,4877382.266947248,401.437,69,1410,1215,736831111582,0
matmul_large_L20_r4,1790333330.6282113,4877382.316947293,401.437,69,1410,1215,736831152114,0
matmul_large_L20_r4,1790333330.6782105,4877382.366946598,401.437,69,1410,1215,736831152114,0
matmul_large_L20_r4,1790333330.7282157,4877382.416951954,401.437,69,1410,1215,736831192598,0
matmul_large_L20_r4,1790333330.778214,4877382.466950069,401.168,69,1410,1215,736831192598,0
matmul_large_L20_r4,1790333330.8282125,4877382.516948534,401.168,69,1410,1215,736831232777,0
matmul_large_L20_r4,1790333330.8782122,4877382.56694806,388.667,69,1395,1215,736831232777,4
matmul_large_L20_r4,1790333330.928212,4877382.616948205,388.667,69,1395,1215,736831271751,4
matmul_large_L20_r4,1790333330.9782133,4877382.66694939,381.955,69,1395,1215,736831271751,0
matmul_large_L20_r4,1790333331.0282133,4877382.716949306,381.955,69,1395,1215,736831311228,0
matmul_large_L20_r4,1790333331.0782132,4877382.766949151,395.048,69,1410,1215,736831311228,0
matmul_large_L20_r4,1790333331.1282144,4877382.816950306,395.048,69,1410,1215,736831351353,0
matmul_large_L20_r4,1790333331.1782117,4877382.866947602,400.898,69,1410,1215,736831351353,0
matmul_large_L20_r4,1790333331.2282166,4877382.916952657,400.898,69,1410,1215,736831391777,0
matmul_large_L20_r4,1790333331.2782116,4877382.966947722,401.019,69,1410,1215,736831391777,0
matmul_large_L20_r4,1790333331.3282115,4877383.016947548,401.019,69,1410,1215,736831432161,0
matmul_large_L20_r4,1790333331.3782148,4877383.066950883,401.168,69,1410,1215,736831432161,0
matmul_large_L20_r4,1790333331.4282098,4877383.116945628,401.168,69,1410,1215,736831472616,0
matmul_large_L20_r4,1790333331.4782124,4877383.166948514,400.898,69,1410,1215,736831472616,0
matmul_large_L20_r4,1790333331.5282085,4877383.216944459,400.898,69,1410,1215,736831513000,0
matmul_large_L20_r4,1790333331.578214,4877383.266949844,401.168,69,1410,1215,736831513000,0
matmul_large_L20_r4,1790333331.628209,4877383.31694515,401.168,69,1410,1215,736831553414,0
matmul_large_L20_r4,1790333331.6782138,4877383.366949835,400.898,69,1410,1215,736831553414,0
matmul_large_L20_r4,1790333331.7282116,4877383.41694766,400.898,69,1410,1215,736831593850,0
matmul_large_L20_r4,1790333331.778215,4877383.466950926,400.568,69,1410,1215,736831593850,0
matmul_large_L20_r4,1790333331.8282137,4877383.516949891,400.568,69,1410,1215,736831634258,0
matmul_large_L20_r4,1790333331.8782136,4877383.566949716,391.588,69,1395,1215,736831634258,4
matmul_large_L20_r4,1790333331.928213,4877383.616949132,391.588,69,1395,1215,736831673809,4
matmul_large_L20_r4,1790333331.9782116,4877383.666947617,398.838,69,1410,1215,736831673809,0
matmul_large_L20_r4,1790333332.0282094,4877383.716945412,398.838,69,1410,1215,736831673809,0
matmul_large_L20_r4,1790333332.078214,4877383.766949888,400.898,69,1410,1215,736831714666,0
matmul_large_L20_r4,1790333332.1282089,4877383.816944993,400.898,69,1410,1215,736831714666,0
matmul_large_L20_r4,1790333332.1782162,4877383.866952348,400.898,69,1410,1215,736831754725,0
matmul_large_L20_r4,1790333332.2282085,4877383.916944584,400.898,69,1410,1215,736831754725,0
matmul_large_L20_r4,1790333332.2782147,4877383.966950699,391.588,69,1395,1215,736831795035,4
matmul_large_L20_r4,1790333332.3282118,4877384.016947654,391.588,69,1395,1215,736831795035,4
matmul_large_L20_r4,1790333332.3782108,4877384.06694696,393.318,69,1410,1215,736831834546,0
matmul_large_L20_r4,1790333332.4282153,4877384.116951425,393.318,69,1410,1215,736831834546,0
matmul_large_L20_r4,1790333332.478211,4877384.16694691,400.568,69,1410,1215,736831874542,0
matmul_large_L20_r4,1790333332.5282154,4877384.216951236,400.568,69,1410,1215,736831874542,0
matmul_large_L20_r4,1790333332.578211,4877384.266947071,400.898,69,1410,1215,736831914857,0
matmul_large_L20_r4,1790333332.628212,4877384.316947946,400.898,69,1410,1215,736831914857,0
matmul_large_L20_r4,1790333332.678212,4877384.366947912,400.898,69,1410,1215,736831955292,0
matmul_large_L20_r4,1790333332.7282147,4877384.416950787,400.898,69,1410,1215,736831955292,0
matmul_large_L20_r4,1790333332.7782116,4877384.466947582,400.898,69,1410,1215,736831995753,0
matmul_large_L20_r4,1790333332.828213,4877384.516949068,400.898,69,1410,1215,736831995753,0
matmul_large_L20_r4,1790333332.8782098,4877384.566945853,400.898,69,1410,1215,736832036233,0
matmul_large_L20_r4,1790333332.9282103,4877384.616946138,400.898,69,1410,1215,736832036233,0
matmul_large_L20_r4,1790333332.9782124,4877384.666948314,401.168,69,1410,1215,736832076686,0
matmul_large_L20_r4,1790333333.028209,4877384.716945039,401.168,69,1410,1215,736832076686,0
matmul_large_L20_r4,1790333333.078211,4877384.766947234,400.898,69,1410,1215,736832117175,0
matmul_large_L20_r4,1790333333.1282089,4877384.81694495,400.898,69,1410,1215,736832117175,0
matmul_large_L20_r4,1790333333.1782117,4877384.866947695,400.568,69,1410,1215,736832157600,4
matmul_large_L20_r4,1790333333.2282093,4877384.91694531,400.568,69,1410,1215,736832157600,4
matmul_large_L20_r4,1790333333.2782118,4877384.966947886,387.198,69,1395,1215,736832197062,4
matmul_large_L20_r4,1790333333.3282247,4877385.016960891,387.198,69,1395,1215,736832197062,4
matmul_large_L20_r4,1790333333.3782141,4877385.066950226,394.456,69,1410,1215,736832236843,0
matmul_large_L20_r4,1790333333.4282093,4877385.116945452,394.456,69,1410,1215,736832236843,0
matmul_large_L20_r4,1790333333.478211,4877385.166946957,394.779,69,1410,1215,736832276693,0
matmul_large_L20_r4,1790333333.5282142,4877385.216950312,394.779,69,1410,1215,736832276693,0
matmul_large_L20_r4,1790333333.5782108,4877385.266946798,394.779,69,1410,1215,736832317050,0
matmul_large_L20_r4,1790333333.628211,4877385.316946883,394.779,69,1410,1215,736832317050,0
matmul_large_L20_r4,1790333333.6782107,4877385.366946738,399.707,69,1410,1215,736832357313,0
matmul_large_L20_r4,1790333333.7282119,4877385.416948144,399.707,69,1410,1215,736832357313,0
matmul_large_L20_r4,1790333333.7782125,4877385.466948539,400.481,69,1410,1215,736832397879,0
matmul_large_L20_r4,1790333333.828213,4877385.516949004,400.481,69,1410,1215,736832397879,0
matmul_large_L20_r4,1790333333.8782125,4877385.56694843,400.568,69,1410,1215,736832438185,0
matmul_large_L20_r4,1790333333.9282093,4877385.616945335,400.568,69,1410,1215,736832438185,0
matmul_large_L20_r4,1790333333.9782124,4877385.66694844,402.029,69,1410,1215,736832478662,0
matmul_large_L20_r4,1790333334.0282094,4877385.716945436,402.029,69,1410,1215,736832478662,0
matmul_large_L20_r4,1790333334.0782137,4877385.766949581,402.029,69,1410,1215,736832519066,0
matmul_large_L20_r4,1790333334.1282105,4877385.816946356,402.029,69,1410,1215,736832519066,0
matmul_large_L20_r4,1790333334.1782131,4877385.866949261,401.94,69,1410,1215,736832559502,0
matmul_large_L20_r4,1790333334.2282085,4877385.916944597,401.94,69,1410,1215,736832559502,0
matmul_large_L20_r4,1790333334.2782114,4877385.966947422,401.76,69,1395,1215,736832599579,4
matmul_large_L20_r4,1790333334.32821,4877386.016946308,401.76,69,1395,1215,736832599579,4
matmul_large_L20_r4,1790333334.3782108,4877386.066946753,388.067,69,1410,1215,736832639691,0
matmul_large_L20_r4,1790333334.4282124,4877386.116948538,388.067,69,1410,1215,736832639691,0
matmul_large_L20_r4,1790333334.4782145,4877386.166950474,396.509,69,1410,1215,736832679574,0
matmul_large_L20_r4,1790333334.5282145,4877386.216950649,396.509,69,1410,1215,736832679574,0
matmul_large_L20_r4,1790333334.5782113,4877386.266947354,396.509,69,1410,1215,736832719724,0
matmul_large_L20_r4,1790333334.6282141,4877386.316950109,396.509,69,1410,1215,736832719724,0
matmul_large_L20_r4,1790333334.678211,4877386.366947165,401.437,69,1410,1215,736832760157,0
matmul_large_L20_r4,1790333334.7282126,4877386.41694865,401.437,69,1410,1215,736832760157,0
matmul_large_L20_r4,1790333334.778211,4877386.466947206,402.029,69,1410,1215,736832800586,0
matmul_large_L20_r4,1790333334.828215,4877386.516950921,402.029,69,1410,1215,736832800586,0
matmul_large_L20_r4,1790333334.8782115,4877386.566947526,401.76,69,1410,1215,736832841090,0
matmul_large_L20_r4,1790333334.9282107,4877386.616946682,401.76,69,1410,1215,736832841090,0
matmul_large_L20_r4,1790333334.9782138,4877386.666950007,402.029,69,1410,1215,736832881593,0
matmul_large_L20_r4,1790333335.0282092,4877386.716945412,402.029,69,1410,1215,736832881593,0
matmul_large_L20_r4,1790333335.0782115,4877386.766947717,402.029,69,1410,1215,736832922108,0
matmul_large_L20_r4,1790333335.1282089,4877386.816944993,402.029,69,1410,1215,736832922108,0
matmul_large_L20_r4,1790333335.1782134,4877386.866949348,402.029,69,1410,1215,736832962531,0
matmul_large_L20_r4,1790333335.2282083,4877386.916944484,402.029,69,1410,1215,736832962531,0
matmul_large_L20_r4,1790333335.2782137,4877386.966949789,401.76,69,1395,1215,736833002777,4
matmul_large_L20_r4,1790333335.3282082,4877387.016944284,401.76,69,1395,1215,736833002777,4
matmul_large_L20_r4,1790333335.3782113,4877387.06694732,388.936,69,1410,1215,736833042682,0
matmul_large_L20_r4,1790333335.428208,4877387.116944195,388.936,69,1410,1215,736833042682,0
matmul_large_L20_r4,1790333335.478177,4877387.166912981,401.168,69,1395,1215,736833082788,4
matmul_large_L20_r4,1790333335.5282092,4877387.216945236,401.168,69,1395,1215,736833082788,4
matmul_large_L20_r4,1790333335.5781796,4877387.266915291,387.198,69,1410,1215,736833122902,0
matmul_large_L20_r4,1790333335.6282096,4877387.316945796,387.198,69,1410,1215,736833122902,0
matmul_large_L20_r4,1790333335.678212,4877387.366947941,396.24,69,1410,1215,736833162847,0
matmul_large_L20_r4,1790333335.728211,4877387.416947037,396.24,69,1410,1215,736833162847,0
matmul_large_L20_r4,1790333335.7782114,4877387.466947262,395.917,69,1410,1215,736833202668,0
matmul_large_L20_r4,1790333335.8282106,4877387.516946828,395.917,69,1410,1215,736833202668,0
matmul_large_L20_r4,1790333335.878211,4877387.566947203,395.648,69,1410,1215,736833242485,0
matmul_large_L20_r4,1790333335.9282134,4877387.616949258,395.648,69,1410,1215,736833242485,0
matmul_large_L20_r4,1790333335.9782112,4877387.666947034,395.648,69,1410,1215,736833282349,0
matmul_large_L20_r4,1790333336.028209,4877387.716944919,395.648,69,1410,1215,736833282349,0
matmul_large_L20_r4,1790333336.0782146,4877387.766950784,395.371,69,1410,1215,736833322322,0
matmul_large_L20_r4,1790333336.1282084,4877387.816944359,395.371,69,1410,1215,736833322322,0
matmul_large_L20_r4,1790333336.1782138,4877387.866949845,395.048,69,1410,1215,736833362069,0
matmul_large_L20_r4,1790333336.2282078,4877387.91694398,395.048,69,1410,1215,736833362069,0
matmul_large_L20_r4,1790333336.2782128,4877387.966949085,394.779,69,1410,1215,736833401935,0
matmul_large_L20_r4,1790333336.3282084,4877388.016944531,394.779,69,1410,1215,736833401935,0
matmul_large_L20_r4,1790333336.3782141,4877388.066950296,394.456,69,1410,1215,736833441730,0
matmul_large_L20_r4,1790333336.4282086,4877388.116944592,394.456,69,1410,1215,736833441730,0
matmul_large_L20_r4,1790333336.4782112,4877388.166947067,393.91,69,1410,1215,736833481566,0
matmul_large_L20_r4,1790333336.5282147,4877388.216950812,393.91,69,1410,1215,736833481566,0
matmul_large_L20_r4,1790333336.5782084,4877388.266944537,394.187,69,1410,1215,736833521445,0
matmul_large_L20_r4,1790333336.6282113,4877388.316947253,394.187,69,1410,1215,736833521445,0
matmul_large_L20_r4,1790333336.6782117,4877388.366947628,394.779,69,1410,1215,736833561324,0
matmul_large_L20_r4,1790333336.728214,4877388.416950033,394.779,69,1410,1215,736833561324,0
matmul_large_L20_r4,1790333336.778211,4877388.466947119,394.779,69,1410,1215,736833601431,0
matmul_large_L20_r4,1790333336.8282082,4877388.516944214,394.779,69,1410,1215,736833601431,0
matmul_large_L20_r4,1790333336.8782115,4877388.5669476,400.299,69,1410,1215,736833641833,0
matmul_large_L20_r4,1790333336.928208,4877388.616944055,400.299,69,1410,1215,736833641833,0
matmul_large_L20_r4,1790333336.9782114,4877388.66694731,401.168,69,1410,1215,736833682234,0
matmul_large_L20_r4,1790333337.028214,4877388.716950195,401.168,69,1410,1215,736833682234,0
matmul_large_L20_r4,1790333337.0782146,4877388.766950691,400.898,69,1410,1215,736833682234,0
matmul_large_L20_r4,1790333337.128209,4877388.816945246,400.898,69,1410,1215,736833723269,0
matmul_large_L20_r4,1790333337.178213,4877388.866948871,401.168,69,1410,1215,736833723269,0
matmul_large_L20_r4,1790333337.228213,4877388.916949037,401.168,69,1410,1215,736833763381,0
matmul_large_L20_r4,1790333337.2782116,4877388.966947552,401.168,69,1410,1215,736833763381,0
matmul_large_L20_r4,1790333337.3282082,4877389.016944058,401.168,69,1410,1215,736833803613,0
matmul_large_L20_r4,1790333337.3782134,4877389.066949363,400.568,69,1410,1215,736833803613,0
matmul_large_L20_r4,1790333337.428208,4877389.116944198,400.568,69,1410,1215,736833844062,0
matmul_large_L20_r4,1790333337.478213,4877389.166949203,400.568,69,1395,1215,736833844062,4
matmul_large_L20_r4,1790333337.5282235,4877389.216959649,400.568,69,1395,1215,736833884111,4
matmul_large_L20_r4,1790333337.5782132,4877389.266949174,386.929,69,1410,1215,736833884111,0
matmul_large_L20_r4,1790333337.6282144,4877389.316950409,386.929,69,1410,1215,736833924196,0
matmul_large_L20_r4,1790333337.6782138,4877389.366950065,400.299,69,1395,1215,736833924196,4
matmul_large_L20_r4,1790333337.72821,4877389.41694606,400.299,69,1395,1215,736833963648,4
matmul_large_L20_r4,1790333337.778214,4877389.466949825,394.779,69,1410,1215,736833963648,0
matmul_large_L20_r4,1790333337.8282132,4877389.516949301,394.779,69,1410,1215,736834004007,0
matmul_large_L20_r4,1790333337.8782113,4877389.566947406,395.048,69,1410,1215,736834004007,0
matmul_large_L20_r4,1790333337.928213,4877389.616949061,395.048,69,1410,1215,736834043863,0
matmul_large_L20_r4,1790333337.978212,4877389.666948237,395.371,69,1410,1215,736834043863,0
matmul_large_L20_r4,1790333338.028211,4877389.716947222,395.371,69,1410,1215,736834083681,0
matmul_large_L20_r4,1790333338.0782108,4877389.766946757,396.24,69,1410,1215,736834083681,0
matmul_large_L20_r4,1790333338.1282132,4877389.816949273,396.24,69,1410,1215,736834123515,0
matmul_large_L20_r4,1790333338.178214,4877389.866950238,396.24,69,1410,1215,736834123515,0
matmul_large_L20_r4,1790333338.2282143,4877389.916950323,396.24,69,1410,1215,736834163610,0
matmul_large_L20_r4,1790333338.2782142,4877389.966950119,401.76,69,1410,1215,736834163610,0
matmul_large_L20_r4,1790333338.3282094,4877390.016945354,401.76,69,1410,1215,736834204047,0
matmul_large_L20_r4,1790333338.3782122,4877390.066948039,402.029,69,1410,1215,736834204047,0
matmul_large_L20_r4,1790333338.4282134,4877390.116949175,402.029,69,1410,1215,736834244434,0
matmul_large_L20_r4,1790333338.4782135,4877390.16694959,402.359,69,1410,1215,736834244434,0
matmul_large_L20_r4,1790333338.5282137,4877390.216949685,402.359,69,1410,1215,736834284862,0
matmul_large_L20_r4,1790333338.5782113,4877390.266947401,402.359,69,1410,1215,736834284862,0
matmul_large_L20_r4,1790333338.6282113,4877390.316947146,402.359,69,1410,1215,736834325234,0
matmul_large_L20_r4,1790333338.678214,4877390.366950121,402.359,69,1410,1215,736834325234,0
matmul_large_L20_r4,1790333338.7282093,4877390.416945137,402.359,69,1410,1215,736834365751,0
matmul_large_L20_r4,1790333338.7782114,4877390.466947262,402.359,69,1410,1215,736834365751,0
matmul_large_L20_r4,1790333338.8282092,4877390.516945307,402.359,69,1410,1215,736834406253,0
matmul_large_L20_r4,1790333338.8782117,4877390.566947883,402.359,69,1395,1215,736834406253,4
matmul_large_L20_r4,1790333338.928208,4877390.616944238,402.359,69,1395,1215,736834446170,4
matmul_large_L20_r4,1790333338.9782133,4877390.666949523,386.929,69,1410,1215,736834446170,0
matmul_large_L20_r4,1790333339.0282078,4877390.716944039,386.929,69,1410,1215,736834485998,0
matmul_large_L20_r4,1790333339.0782123,4877390.766948324,396.24,69,1410,1215,736834485998,0
matmul_large_L20_r4,1790333339.128208,4877390.816943869,396.24,69,1410,1215,736834525851,0
matmul_large_L20_r4,1790333339.1782153,4877390.866951135,395.648,69,1410,1215,736834525851,0
matmul_large_L20_r4,1790333339.228208,4877390.91694408,395.648,69,1410,1215,736834565680,0
matmul_large_L20_r4,1790333339.2782137,4877390.966949775,395.048,69,1410,1215,736834565680,0
matmul_large_L20_r4,1790333339.3282094,4877391.016945411,395.048,69,1410,1215,736834605508,0
matmul_large_L20_r4,1790333339.3782134,4877391.066949496,394.456,69,1410,1215,736834605508,0
matmul_large_L20_r4,1790333339.4282136,4877391.116949591,394.456,69,1410,1215,736834645326,0
matmul_large_L20_r4,1790333339.4782145,4877391.166950567,394.187,69,1410,1215,736834645326,0
matmul_large_L20_r4,1790333339.528208,4877391.216944132,394.187,69,1410,1215,736834685495,0
matmul_large_L20_r4,1790333339.5782106,4877391.266946697,399.707,69,1410,1215,736834685495,0
matmul_large_L20_r4,1790333339.6282096,4877391.316945753,399.707,69,1410,1215,736834726071,0
matmul_large_L20_r4,1790333339.6782107,4877391.366946768,400.299,69,1410,1215,736834726071,0
matmul_large_L20_r4,1790333339.7282133,4877391.416949263,400.299,69,1410,1215,736834766459,0
matmul_large_L20_r4,1790333339.778213,4877391.466949279,400.568,69,1410,1215,736834766459,0
matmul_large_L20_r4,1790333339.8282113,4877391.516947184,400.568,69,1410,1215,736834806986,0
matmul_large_L20_r4,1790333339.8782122,4877391.566948109,400.568,69,1410,1215,736834806986,0
matmul_large_L20_r4,1790333339.9282105,4877391.616946425,400.568,69,1410,1215,736834847574,0
matmul_large_L20_r4,1790333339.9782133,4877391.66694934,400.898,69,1410,1215,736834847574,0
matmul_large_L20_r4,1790333340.0282145,4877391.716950455,400.898,69,1410,1215,736834888063,0
matmul_large_L20_r4,1790333340.0782144,4877391.766950491,400.481,69,1410,1215,736834888063,0
matmul_large_L20_r4,1790333340.1282144,4877391.816950426,400.481,69,1410,1215,736834928570,0
matmul_large_L20_r4,1790333340.1782122,4877391.866948121,401.168,69,1395,1215,736834928570,4
matmul_large_L20_r4,1790333340.2282114,4877391.916947567,401.168,69,1395,1215,736834968279,4
matmul_large_L20_r4,1790333340.2782114,4877391.966947282,386.606,69,1410,1215,736834968279,0
matmul_large_L20_r4,1790333340.3282115,4877392.016947617,386.606,69,1410,1215,736835008375,0
matmul_large_L20_r4,1790333340.3782125,4877392.066948373,394.456,69,1410,1215,736835008375,0
matmul_large_L20_r4,1790333340.4282074,4877392.116943328,394.456,69,1410,1215,736835048173,0
matmul_large_L20_r4,1790333340.4782112,4877392.166947153,394.187,69,1410,1215,736835048173,0
matmul_large_L20_r4,1790333340.5282087,4877392.216944599,394.187,69,1410,1215,736835088042,0
matmul_large_L20_r4,1790333340.5782137,4877392.266949774,394.187,69,1410,1215,736835088042,0
matmul_large_L20_r4,1790333340.628209,4877392.316945099,394.187,69,1410,1215,736835127859,0
matmul_large_L20_r4,1790333340.6782138,4877392.366950035,394.779,69,1410,1215,736835127859,0
matmul_large_L20_r4,1790333340.7282083,4877392.41694435,394.779,69,1410,1215,736835167709,0
matmul_large_L20_r4,1790333340.778211,4877392.466947085,394.779,69,1410,1215,736835167709,0
matmul_large_L20_r4,1790333340.8282092,4877392.516945111,394.779,69,1410,1215,736835207531,0
matmul_large_L20_r4,1790333340.8782127,4877392.566948626,395.048,69,1410,1215,736835207531,0
matmul_large_L20_r4,1790333340.928208,4877392.616944141,395.048,69,1410,1215,736835247390,0
matmul_large_L20_r4,1790333340.9782116,4877392.666947717,395.048,69,1410,1215,736835247390,0
matmul_large_L20_r4,1790333341.028208,4877392.716944162,395.048,69,1410,1215,736835287219,0
matmul_large_L20_r4,1790333341.078212,4877392.766948167,395.371,69,1410,1215,736835287219,0
matmul_large_L20_r4,1790333341.1282136,4877392.816949873,395.371,69,1410,1215,736835327084,0
matmul_large_L20_r4,1790333341.1782138,4877392.866950058,395.048,69,1410,1215,736835327084,0
matmul_large_L20_r4,1790333341.228214,4877392.916950023,395.048,69,1410,1215,736835366919,0
matmul_large_L20_r4,1790333341.2782123,4877392.966948409,394.779,69,1410,1215,736835366919,0
matmul_large_L20_r4,1790333341.3282087,4877393.016944664,394.779,69,1410,1215,736835406794,0
matmul_large_L20_r4,1790333341.3782117,4877393.066947819,394.456,69,1410,1215,736835406794,0
matmul_large_L20_r4,1790333341.4282084,4877393.116944485,394.456,69,1410,1215,736835446644,0
matmul_large_L20_r4,1790333341.4782112,4877393.16694714,394.456,69,1410,1215,736835446644,0
matmul_large_L20_r4,1790333341.5282135,4877393.216949565,394.456,69,1410,1215,736835486514,0
matmul_large_L20_r4,1790333341.5782106,4877393.266946731,395.648,69,1410,1215,736835486514,0
matmul_large_L20_r4,1790333341.6282086,4877393.316944766,395.648,69,1410,1215,736835526404,0
matmul_large_L20_r4,1790333341.678211,4877393.366947011,395.917,69,1410,1215,736835526404,0
matmul_large_L20_r4,1790333341.7282093,4877393.416945267,395.917,69,1410,1215,736835566319,0
matmul_large_L20_r4,1790333341.7782104,4877393.466946462,395.917,69,1410,1215,736835566319,0
matmul_large_L20_r4,1790333341.8282082,4877393.516944217,395.917,69,1410,1215,736835606265,0
matmul_large_L20_r4,1790333341.8782113,4877393.566947502,396.24,69,1410,1215,736835606265,0
matmul_large_L20_r4,1790333341.928208,4877393.616944258,396.24,69,1410,1215,736835646218,0
matmul_large_L20_r4,1790333341.9782116,4877393.666947723,396.24,69,1410,1215,736835646218,0
matmul_large_L20_r4,1790333342.0282087,4877393.716944579,396.24,69,1410,1215,736835686033,0
matmul_large_L20_r4,1790333342.0782115,4877393.766947654,396.509,69,1410,1215,736835686033,0
matmul_large_L20_r4,1790333342.1282113,4877393.816947269,396.509,69,1410,1215,736835725887,0
matmul_large_L20_r4,1790333342.1782107,4877393.866946975,396.24,69,1410,1215,736835725887,0
matmul_large_L20_r4,1790333342.228208,4877393.91694421,396.24,69,1410,1215,736835765696,0
matmul_large_L20_r4,1790333342.2782118,4877393.966947805,395.648,69,1410,1215,736835765696,0
matmul_large_L20_r4,1790333342.3282096,4877394.01694578,395.648,69,1410,1215,736835805637,0
matmul_large_L20_r4,1790333342.378211,4877394.066947246,395.648,69,1410,1215,736835805637,0
matmul_large_L20_r4,1790333342.4282084,4877394.116944511,395.648,69,1410,1215,736835845422,0
matmul_large_L20_r4,1790333342.4782119,4877394.166947786,395.371,69,1410,1215,736835845422,0
matmul_large_L20_r4,1790333342.528208,4877394.216944242,395.371,69,1410,1215,736835845422,0
matmul_large_L20_r4,1790333342.5782108,4877394.266946897,395.236,69,1410,1215,736835885781,0
matmul_large_L20_r4,1790333342.628209,4877394.316945093,395.236,69,1410,1215,736835885781,0
matmul_large_L20_r4,1790333342.6782107,4877394.366946918,394.779,69,1410,1215,736835925298,0
matmul_large_L20_r4,1790333342.7282078,4877394.416943983,394.779,69,1410,1215,736835925298,0
matmul_large_L20_r4,1790333342.778211,4877394.466947038,394.779,69,1410,1215,736835965008,0
matmul_large_L20_r4,1790333342.8282087,4877394.516944784,394.779,69,1410,1215,736835965008,0
matmul_large_L20_r4,1790333342.8782141,4877394.566950209,395.371,69,1410,1215,736836004872,0
matmul_large_L20_r4,1790333342.928212,4877394.616948014,395.371,69,1410,1215,736836004872,0
matmul_large_L20_r4,1790333342.9782145,4877394.66695049,395.371,69,1410,1215,736836044729,0
matmul_large_L20_r4,1790333343.028208,4877394.716944305,395.371,69,1410,1215,736836044729,0
matmul_large_L0.5_r3,1790333352.4561813,4877404.144917236,387.198,69,1410,1215,736839803832,0
matmul_large_L0.5_r3,1790333352.506293,4877404.19502897,387.198,69,1410,1215,736839803832,0
matmul_large_L0.5_r3,1790333352.5563004,4877404.245036295,393.049,69,1410,1215,736839842850,0
matmul_large_L0.5_r3,1790333352.6062896,4877404.295025601,393.049,69,1410,1215,736839842850,0
matmul_large_L0.5_r3,1790333352.6562965,4877404.345032416,394.187,69,1410,1215,736839882792,0
matmul_large_L0.5_r3,1790333352.7062993,4877404.395035551,394.187,69,1410,1215,736839882792,0
matmul_large_L0.5_r3,1790333352.756302,4877404.445038006,393.91,69,1410,1215,736839922673,0
matmul_large_L0.5_r3,1790333352.8063016,4877404.495037822,393.91,69,1410,1215,736839922673,0
matmul_large_L0.5_r3,1790333352.8563,4877404.545036197,394.456,69,1410,1215,736839962510,0
matmul_large_L0.5_r3,1790333352.906303,4877404.595039092,394.456,69,1410,1215,736839962510,0
matmul_large_L0.5_r3,1790333352.9562967,4877404.645032878,395.371,69,1410,1215,736840002392,0
matmul_large_L10_r3,1790333362.3527856,4877414.04152155,400.568,69,1410,1215,736843723981,0
matmul_large_L10_r3,1790333362.4028974,4877414.091633614,400.568,69,1410,1215,736843763782,0
matmul_large_L10_r3,1790333362.452896,4877414.14163185,398.569,69,1410,1215,736843763782,0
matmul_large_L10_r3,1790333362.502896,4877414.191632065,398.569,69,1410,1215,736843804313,0
matmul_large_L10_r3,1790333362.5529037,4877414.24163977,400.568,69,1410,1215,736843804313,0
matmul_large_L10_r3,1790333362.6029046,4877414.291640636,400.568,69,1410,1215,736843844800,0
matmul_large_L10_r3,1790333362.6529062,4877414.341642391,400.898,69,1410,1215,736843844800,0
matmul_large_L10_r3,1790333362.7029045,4877414.391640576,400.898,69,1410,1215,736843885276,0
matmul_large_L10_r3,1790333362.7529175,4877414.441653602,400.75,70,1410,1215,736843885276,0
matmul_large_L10_r3,1790333362.802907,4877414.491642807,400.75,70,1410,1215,736843925737,0
matmul_large_L10_r3,1790333362.8529072,4877414.541643402,400.568,70,1410,1215,736843925737,0
matmul_large_L10_r3,1790333362.9029062,4877414.591642128,400.568,70,1410,1215,736843925737,0
matmul_large_L10_r3,1790333362.9529076,4877414.641643463,401.168,70,1410,1215,736843966666,0
matmul_large_L10_r3,1790333363.0029066,4877414.691642658,401.168,70,1410,1215,736843966666,0
matmul_large_L10_r3,1790333363.0529082,4877414.741644214,400.898,69,1395,1215,736844006809,4
matmul_large_L10_r3,1790333363.1029036,4877414.791639589,400.898,69,1395,1215,736844006809,4
matmul_large_L10_r3,1790333363.1529045,4877414.841640394,384.008,69,1410,1215,736844045901,0
matmul_large_L10_r3,1790333363.2029066,4877414.89164262,384.008,69,1410,1215,736844045901,0
matmul_large_L10_r3,1790333363.2529075,4877414.941643465,399.707,69,1410,1215,736844085932,0
matmul_large_L10_r3,1790333363.3029041,4877414.99164019,399.707,69,1410,1215,736844085932,0
matmul_large_L10_r3,1790333363.3529067,4877415.041642676,400.299,69,1410,1215,736844126456,0
matmul_large_L10_r3,1790333363.4029076,4877415.091643751,400.299,69,1410,1215,736844126456,0
matmul_large_L10_r3,1790333363.4529076,4877415.141643586,400.299,69,1410,1215,736844166909,0
matmul_large_L10_r3,1790333363.502907,4877415.191643292,400.299,69,1410,1215,736844166909,0
matmul_large_L10_r3,1790333363.552907,4877415.241643017,400.299,70,1410,1215,736844207413,0
matmul_large_L10_r3,1790333363.602908,4877415.291643882,400.299,70,1410,1215,736844207413,0
matmul_large_L10_r3,1790333363.6529047,4877415.341640668,400.568,70,1410,1215,736844247866,0
matmul_large_L10_r3,1790333363.7029042,4877415.391640453,400.568,70,1410,1215,736844247866,0
matmul_large_L10_r3,1790333363.7529044,4877415.441640528,400.568,70,1410,1215,736844288380,0
matmul_large_L10_r3,1790333363.8029077,4877415.491643794,400.568,70,1410,1215,736844288380,0
matmul_large_L10_r3,1790333363.852904,4877415.541640239,400.898,70,1410,1215,736844328893,0
matmul_large_L10_r3,1790333363.9029064,4877415.591642364,400.898,70,1410,1215,736844328893,0
matmul_large_L10_r3,1790333363.9529073,4877415.6416432,401.168,69,1395,1215,736844369384,4
matmul_large_L10_r3,1790333364.002907,4877415.691643095,401.168,69,1395,1215,736844369384,4
matmul_large_L10_r3,1790333364.052906,4877415.7416422,387.798,69,1395,1215,736844408807,4
matmul_large_L10_r3,1790333364.1029077,4877415.791643616,387.798,69,1395,1215,736844408807,4
matmul_large_L10_r3,1790333364.1529076,4877415.841643541,390.72,69,1410,1215,736844447852,0
matmul_large_L10_r3,1790333364.2029066,4877415.891642696,390.72,69,1410,1215,736844447852,0
matmul_large_L10_r3,1790333364.2529063,4877415.941642282,396.785,69,1410,1215,736844488036,0
matmul_large_L10_r3,1790333364.3029075,4877415.991643327,396.785,69,1410,1215,736844488036,0
matmul_large_L10_r3,1790333364.3529048,4877416.041640682,396.509,69,1410,1215,736844528001,0
matmul_large_L10_r3,1790333364.4029064,4877416.091642418,396.509,69,1410,1215,736844528001,0
matmul_large_L10_r3,1790333364.4529076,4877416.141643643,396.24,69,1410,1215,736844567888,0
matmul_large_L10_r3,1790333364.5029066,4877416.191642558,396.24,69,1410,1215,736844567888,0
matmul_large_L10_r3,1790333364.552908,4877416.241644124,396.509,69,1410,1215,736844607818,0
matmul_large_L10_r3,1790333364.6029072,4877416.291643299,396.509,69,1410,1215,736844607818,0
matmul_large_L10_r3,1790333364.6529064,4877416.341642614,395.917,69,1410,1215,736844647704,0
matmul_large_L10_r3,1790333364.702906,4877416.391641999,395.917,69,1410,1215,736844647704,0
matmul_large_L10_r3,1790333364.752907,4877416.441642945,401.019,69,1410,1215,736844687823,0
matmul_large_L10_r3,1790333364.802905,4877416.49164105,401.019,69,1410,1215,736844687823,0
matmul_large_L10_r3,1790333364.8529086,4877416.541644636,401.76,69,1410,1215,736844728318,0
matmul_large_L10_r3,1790333364.9029043,4877416.591640351,401.76,69,1410,1215,736844728318,0
matmul_large_L10_r3,1790333364.9529042,4877416.641640246,402.029,69,1410,1215,736844768840,0
matmul_large_L10_r3,1790333365.0029056,4877416.691641572,402.029,69,1410,1215,736844768840,0
matmul_large_L10_r3,1790333365.0529056,4877416.741641407,402.029,70,1410,1215,736844809377,0
matmul_large_L10_r3,1790333365.102901,4877416.791637162,402.029,70,1410,1215,736844809377,0
matmul_large_L10_r3,1790333365.152905,4877416.841640947,402.359,70,1410,1215,736844849905,0
matmul_large_L10_r3,1790333365.2029064,4877416.891642423,402.359,70,1410,1215,736844849905,0
matmul_large_L10_r3,1790333365.2529066,4877416.941642448,402.359,70,1410,1215,736844890396,0
matmul_large_L10_r3,1790333365.302905,4877416.991641184,402.359,70,1410,1215,736844890396,0
matmul_large_L10_r3,1790333365.3529067,4877417.041642769,386.929,69,1395,1215,736844930465,4
matmul_large_L10_r3,1790333365.4029036,4877417.091639544,386.929,69,1395,1215,736844930465,4
matmul_large_L10_r3,1790333365.4529057,4877417.14164181,395.917,69,1410,1215,736844970149,0
matmul_large_L10_r3,1790333365.5029073,4877417.191643545,395.917,69,1410,1215,736844970149,0
matmul_large_L10_r3,1790333365.5529044,4877417.24164062,395.371,69,1410,1215,736845010119,0
matmul_large_L10_r3,1790333365.6029058,4877417.291642015,395.371,69,1410,1215,736845010119,0
matmul_large_L10_r3,1790333365.6529052,4877417.341641181,394.637,69,1410,1215,736845049992,0
matmul_large_L10_r3,1790333365.7029076,4877417.391643676,394.637,69,1410,1215,736845049992,0
matmul_large_L10_r3,1790333365.7529027,4877417.441638792,399.882,69,1410,1215,736845090148,0
matmul_large_L10_r3,1790333365.802907,4877417.491642977,399.882,69,1410,1215,736845090148,0
matmul_large_L10_r3,1790333365.8529065,4877417.541642702,401.168,69,1410,1215,736845130734,0
matmul_large_L10_r3,1790333365.9029038,4877417.591639848,401.168,69,1410,1215,736845130734,0
matmul_large_L10_r3,1790333365.952907,4877417.641642933,401.437,70,1410,1215,736845171171,0
matmul_large_L10_r3,1790333366.0029058,4877417.691642028,401.437,70,1410,1215,736845171171,0
matmul_large_L10_r3,1790333366.0529063,4877417.741642273,401.437,70,1410,1215,736845211686,0
matmul_large_L10_r3,1790333366.1029065,4877417.791642309,401.437,70,1410,1215,736845211686,0
matmul_large_L10_r3,1790333366.1529078,4877417.841643744,401.76,70,1410,1215,736845252234,0
matmul_large_L10_r3,1790333366.202906,4877417.891641779,401.76,70,1410,1215,736845252234,0
matmul_large_L10_r3,1790333366.2529051,4877417.941641205,401.437,70,1410,1215,736845292728,0
matmul_large_L10_r3,1790333366.302906,4877417.99164207,401.437,70,1410,1215,736845292728,4
matmul_large_L10_r3,1790333366.3529036,4877418.041639666,387.198,69,1395,1215,736845332551,4
matmul_large_L10_r3,1790333366.4029045,4877418.091640631,387.198,69,1395,1215,736845332551,4
matmul_large_L10_r3,1790333366.4529052,4877418.141641206,395.648,69,1410,1215,736845372306,0
matmul_large_L10_r3,1790333366.5029066,4877418.191642691,395.648,69,1410,1215,736845372306,0
matmul_large_L10_r3,1790333366.5529034,4877418.241639587,401.168,69,1410,1215,736845412364,0
matmul_large_L10_r3,1790333366.6029074,4877418.291643382,401.168,69,1410,1215,736845412364,0
matmul_large_L10_r3,1790333366.652907,4877418.341642997,401.437,69,1410,1215,736845452747,0
matmul_large_L10_r3,1790333366.7029066,4877418.391642693,401.437,69,1410,1215,736845452747,0
matmul_large_L10_r3,1790333366.7529042,4877418.441640138,401.168,70,1410,1215,736845493468,0
matmul_large_L10_r3,1790333366.8029041,4877418.491640013,401.168,70,1410,1215,736845493468,0
matmul_large_L10_r3,1790333366.8529074,4877418.541643609,402.628,70,1410,1215,736845533855,0
matmul_large_L10_r3,1790333366.9029067,4877418.591642624,402.628,70,1410,1215,736845533855,0
matmul_large_L10_r3,1790333366.9529068,4877418.641642679,402.359,70,1410,1215,736845574299,0
matmul_large_L10_r3,1790333367.0029042,4877418.691640145,402.359,70,1410,1215,736845574299,0
matmul_large_L10_r3,1790333367.0529068,4877418.74164275,402.359,70,1410,1215,736845614854,0
matmul_large_L10_r3,1790333367.1029058,4877418.791642005,402.359,70,1410,1215,736845614854,0
matmul_large_L10_r3,1790333367.1529047,4877418.841640691,402.359,70,1410,1215,736845655380,0
matmul_large_L10_r3,1790333367.2029033,4877418.891639326,402.359,70,1410,1215,736845655380,0
matmul_large_L10_r3,1790333367.2529063,4877418.941642361,387.798,69,1395,1215,736845695089,4
matmul_large_L10_r3,1790333367.3029044,4877418.991640477,387.798,69,1395,1215,736845695089,4
matmul_large_L10_r3,1790333367.3529065,4877419.041642652,388.667,69,1410,1215,736845734134,0
matmul_large_L10_r3,1790333367.402903,4877419.091638987,388.667,69,1410,1215,736845734134,0
matmul_large_L10_r3,1790333367.452907,4877419.141643093,396.24,69,1410,1215,736845774444,0
matmul_large_L10_r3,1790333367.5029032,4877419.191639228,396.24,69,1410,1215,736845774444,0
matmul_large_L10_r3,1790333367.552907,4877419.241643183,395.917,69,1410,1215,736845814352,0
matmul_large_L10_r3,1790333367.602907,4877419.291642909,395.917,69,1410,1215,736845814352,0
matmul_large_L10_r3,1790333367.6529064,4877419.341642514,401.437,69,1410,1215,736845854463,0
matmul_large_L10_r3,1790333367.702903,4877419.391639139,401.437,69,1410,1215,736845854463,0
matmul_large_L10_r3,1790333367.7529063,4877419.441642255,401.437,70,1410,1215,736845894957,0
matmul_large_L10_r3,1790333367.802903,4877419.49163915,401.437,70,1410,1215,736845894957,0
matmul_large_L10_r3,1790333367.852905,4877419.541640995,402.029,70,1410,1215,736845935504,0
matmul_large_L10_r3,1790333367.9029038,4877419.591639801,402.029,70,1410,1215,736845935504,0
matmul_large_L10_r3,1790333367.952906,4877419.641641966,402.359,70,1410,1215,736845976107,0
matmul_large_L10_r3,1790333368.0029032,4877419.691639321,402.359,70,1410,1215,736845976107,0
matmul_large_L10_r3,1790333368.052904,4877419.741640087,402.029,70,1410,1215,736846016463,0
matmul_large_L10_r3,1790333368.1029067,4877419.791642662,402.029,70,1410,1215,736846016463,0
matmul_large_L10_r3,1790333368.1529064,4877419.841642507,401.76,70,1410,1215,736846057696,0
matmul_large_L10_r3,1790333368.202907,4877419.891643093,401.76,70,1410,1215,736846057696,0
matmul_large_L10_r3,1790333368.2529073,4877419.941643358,406.418,69,1395,1215,736846057696,4
matmul_large_L10_r3,1790333368.302908,4877419.991644023,406.418,69,1395,1215,736846097578,4
matmul_large_L10_r3,1790333368.3529077,4877420.041643719,382.547,69,1410,1215,736846097578,0
matmul_large_L10_r3,1790333368.4029067,4877420.091642604,382.547,69,1410,1215,736846136196,0
matmul_large_L10_r3,1790333368.4529045,4877420.141640489,402.359,70,1410,1215,736846136196,0
matmul_large_L10_r3,1790333368.5029068,4877420.191642785,402.359,70,1410,1215,736846177726,0
matmul_large_L10_r3,1790333368.5529044,4877420.24164059,402.897,69,1395,1215,736846177726,4
matmul_large_L10_r3,1790333368.6029062,4877420.291642095,402.897,69,1395,1215,736846216115,4
matmul_large_L10_r3,1790333368.6529076,4877420.341643641,380.218,69,1410,1215,736846216115,0
matmul_large_L10_r3,1790333368.702907,4877420.391643266,380.218,69,1410,1215,736846256126,0
matmul_large_L10_r3,1790333368.7529044,4877420.441640511,401.437,70,1410,1215,736846256126,0
matmul_large_L10_r3,1790333368.8029065,4877420.491642747,401.437,70,1410,1215,736846296805,0
matmul_large_L10_r3,1790333368.8529038,4877420.541640082,407.01,70,1410,1215,736846296805,0
matmul_large_L10_r3,1790333368.9029028,4877420.591638757,407.01,70,1410,1215,736846337870,0
matmul_large_L10_r3,1790333368.9529045,4877420.641640463,408.148,70,1410,1215,736846337870,0
matmul_large_L10_r3,1790333369.0029032,4877420.691639238,408.148,70,1410,1215,736846378990,0
matmul_large_L10_r3,1790333369.052904,4877420.741639853,408.417,69,1395,1215,736846378990,4
matmul_large_L10_r3,1790333369.1029062,4877420.791642319,408.417,69,1395,1215,736846418787,4
matmul_large_L10_r3,1790333369.1529043,4877420.841640344,390.989,70,1395,1215,736846418787,4
matmul_large_L10_r3,1790333369.2029045,4877420.891640619,390.989,70,1395,1215,736846459483,4
matmul_large_L10_r3,1790333369.252904,4877420.941640035,391.857,69,1395,1215,736846459483,4
matmul_large_L10_r3,1790333369.3029048,4877420.99164084,391.857,69,1395,1215,736846498350,4
matmul_large_L10_r3,1790333369.3529074,4877421.041643615,381.409,69,1410,1215,736846498350,0
matmul_large_L10_r3,1790333369.402908,4877421.091644301,381.409,69,1410,1215,736846538037,0
matmul_large_L10_r3,1790333369.4529145,4877421.141650586,407.01,69,1395,1215,736846538037,4
matmul_large_L10_r3,1790333369.5029128,4877421.191648921,407.01,69,1395,1215,736846578346,4
matmul_large_L10_r3,1790333369.5529082,4877421.241644347,388.067,69,1395,1215,736846578346,4
matmul_large_L10_r3,1790333369.6029067,4877421.291642602,388.067,69,1395,1215,736846617532,4
matmul_large_L10_r3,1790333369.652906,4877421.341642137,389.528,70,1410,1215,736846617532,0
matmul_large_L10_r3,1790333369.702903,4877421.391638983,389.528,70,1410,1215,736846658465,0
matmul_large_L10_r3,1790333369.7529035,4877421.441639568,407.549,70,1410,1215,736846658465,0
matmul_large_L10_r3,1790333369.8029063,4877421.491642333,407.549,70,1410,1215,736846699639,0
matmul_large_L10_r3,1790333369.8528879,4877421.541623759,408.417,70,1410,1215,736846699639,0
matmul_large_L10_r3,1790333369.902905,4877421.591641124,408.417,70,1410,1215,736846740733,0
matmul_large_L10_r3,1790333369.9529068,4877421.641642679,408.148,69,1395,1215,736846740733,4
matmul_large_L10_r3,1790333370.0029008,4877421.691636735,408.148,69,1395,1215,736846780747,4
matmul_large_L10_r3,1790333370.0529034,4877421.74163955,381.678,69,1410,1215,736846780747,0
matmul_large_L10_r3,1790333370.1029072,4877421.791643115,381.678,69,1410,1215,736846820558,0
matmul_large_L10_r3,1790333370.1529086,4877421.841644691,405.55,69,1395,1215,736846820558,4
matmul_large_L10_r3,1790333370.2029037,4877421.891639836,405.55,69,1395,1215,736846860336,4
matmul_large_L10_r3,1790333370.2529068,4877421.941642891,381.678,69,1395,1215,736846860336,4
matmul_large_L10_r3,1790333370.3028836,4877421.991619597,381.678,69,1395,1215,736846898981,4
matmul_large_L10_r3,1790333370.3528728,4877422.041608882,388.067,69,1410,1215,736846898981,0
matmul_large_L10_r3,1790333370.4028645,4877422.091599958,388.067,69,1410,1215,736846939874,0
matmul_large_L10_r3,1790333370.4528658,4877422.141601393,406.688,69,1395,1215,736846939874,4
matmul_large_L10_r3,1790333370.502863,4877422.191598468,406.688,69,1395,1215,736846979419,4
matmul_large_L10_r3,1790333370.5528638,4877422.241599584,387.198,69,1410,1215,736846979419,0
matmul_large_L10_r3,1790333370.602863,4877422.291598689,387.198,69,1410,1215,736847019502,0
matmul_large_L10_r3,1790333370.6528645,4877422.341600304,402.029,69,1410,1215,736847019502,0
matmul_large_L10_r3,1790333370.7028637,4877422.3915994,402.029,69,1410,1215,736847060180,0
matmul_large_L10_r3,1790333370.752865,4877422.441600695,407.01,70,1410,1215,736847060180,0
matmul_large_L10_r3,1790333370.8028657,4877422.49160133,407.01,70,1410,1215,736847101280,0
matmul_large_L10_r3,1790333370.8528633,4877422.541598776,408.148,70,1410,1215,736847101280,0
matmul_large_L10_r3,1790333370.9028623,4877422.591598011,408.148,70,1410,1215,736847142378,0
matmul_large_L10_r3,1790333370.952866,4877422.641601706,405.996,69,1395,1215,736847142378,4
matmul_large_L10_r3,1790333371.0028656,4877422.691601392,405.996,69,1395,1215,736847181458,4
matmul_large_L10_r3,1790333371.0528657,4877422.741601587,383.416,69,1410,1215,736847181458,0
matmul_large_L10_r3,1790333371.102866,4877422.791601652,383.416,69,1410,1215,736847221973,0
matmul_large_L10_r3,1790333371.152865,4877422.841600828,406.688,69,1395,1215,736847221973,4
matmul_large_L10_r3,1790333371.202865,4877422.891600633,406.688,69,1395,1215,736847261688,4
matmul_large_L10_r3,1790333371.2528636,4877422.941599468,386.068,69,1410,1215,736847261688,0
matmul_large_L10_r3,1790333371.302867,4877422.991602674,386.068,69,1410,1215,736847301227,0
matmul_large_L10_r3,1790333371.352864,4877423.041599779,399.43,69,1410,1215,736847301227,0
matmul_large_L10_r3,1790333371.4028647,4877423.091600464,399.43,69,1410,1215,736847342118,0
matmul_large_L10_r3,1790333371.4528658,4877423.14160162,404.089,69,1395,1215,736847342118,4
matmul_large_L10_r3,1790333371.502864,4877423.191599605,404.089,69,1395,1215,736847381000,4
matmul_large_L10_r3,1790333371.5528638,4877423.24159936,381.409,69,1410,1215,736847381000,0
matmul_large_L10_r3,1790333371.6029,4877423.291636055,381.409,69,1410,1215,736847421085,0
matmul_large_L10_r3,1790333371.652907,4877423.341643141,400.03,69,1410,1215,736847421085,0
matmul_large_L10_r3,1790333371.7029033,4877423.391639256,400.03,69,1410,1215,736847461751,0
matmul_large_L10_r3,1790333371.7529066,4877423.441642551,406.088,70,1410,1215,736847461751,0
matmul_large_L10_r3,1790333371.802903,4877423.491639067,406.088,70,1410,1215,736847502867,0
matmul_large_L10_r3,1790333371.8529053,4877423.541641342,406.264,70,1410,1215,736847502867,0
matmul_large_L10_r3,1790333371.902907,4877423.591642987,406.264,70,1410,1215,736847543885,0
matmul_large_L10_r3,1790333371.9529042,4877423.641640112,407.549,70,1395,1215,736847543885,4
matmul_large_L10_r3,1790333372.002907,4877423.691643168,407.549,70,1395,1215,736847583811,4
matmul_large_L10_r3,1790333372.0529048,4877423.741641053,387.475,69,1410,1215,736847583811,0
matmul_large_L10_r3,1790333372.102907,4877423.791642829,387.475,69,1410,1215,736847624521,0
matmul_large_L10_r3,1790333372.1529052,4877423.841641364,405.227,69,1395,1215,736847624521,0
matmul_large_L10_r3,1790333372.2029052,4877423.891641199,405.227,69,1395,1215,736847663570,4
matmul_large_L10_r3,1790333372.2529058,4877423.941641775,384.877,69,1410,1215,736847663570,0
matmul_large_L10_r3,1790333372.3029072,4877423.99164324,384.877,69,1410,1215,736847703904,0
matmul_large_L10_r3,1790333372.3529067,4877424.041642775,407.879,69,1395,1215,736847703904,4
matmul_large_L10_r0,1790333381.7996619,4877433.4883977,407.549,70,1410,1215,736851479854,0
matmul_large_L10_r0,1790333381.8497877,4877433.538524024,407.549,70,1410,1215,736851479854,0
matmul_large_L10_r0,1790333381.8997786,4877433.588514689,393.049,69,1395,1215,736851518373,4
matmul_large_L10_r0,1790333381.949777,4877433.638512945,393.049,69,1410,1215,736851518373,4
matmul_large_L10_r0,1790333381.9997783,4877433.68851433,401.76,70,1410,1215,736851559260,0
matmul_large_L10_r0,1790333382.0497785,4877433.738514435,401.76,70,1395,1215,736851559260,0
matmul_large_L10_r0,1790333382.099777,4877433.788513081,401.76,69,1395,1215,736851599087,4
matmul_large_L10_r0,1790333382.1497788,4877433.838515066,386.606,69,1410,1215,736851599087,4
matmul_large_L10_r0,1790333382.1997805,4877433.888516481,386.606,70,1410,1215,736851639553,0
matmul_large_L10_r0,1790333382.2497804,4877433.938516447,386.606,70,1410,1215,736851639553,0
matmul_large_L10_r0,1790333382.2997463,4877433.988482282,407.549,70,1395,1215,736851680156,4
matmul_large_L10_r0,1790333382.3497746,4877434.038510677,407.549,70,1395,1215,736851680156,4
matmul_large_L10_r0,1790333382.3997805,4877434.088516593,388.39,69,1395,1215,736851719746,4
matmul_large_L10_r0,1790333382.449749,4877434.138485088,388.39,69,1410,1215,736851719746,4
matmul_large_L10_r0,1790333382.4997609,4877434.188497043,385.738,70,1410,1215,736851760235,0
matmul_large_L10_r0,1790333382.5497487,4877434.238484719,385.738,70,1410,1215,736851760235,0
matmul_large_L10_r0,1790333382.5997772,4877434.288513474,406.418,70,1410,1215,736851801342,0
matmul_large_L10_r0,1790333382.6497788,4877434.338514979,406.688,70,1410,1215,736851801342,0
matmul_large_L10_r0,1790333382.699784,4877434.388519954,406.688,70,1410,1215,736851842232,0
matmul_large_L10_r0,1790333382.7497804,4877434.43851646,392.449,70,1395,1215,736851842232,0
matmul_large_L10_r0,1790333382.7997787,4877434.488514865,392.449,69,1395,1215,736851881594,4
matmul_large_L10_r0,1790333382.8497822,4877434.538518421,381.955,69,1395,1215,736851881594,4
matmul_large_L10_r0,1790333382.8997488,4877434.588484956,381.955,69,1395,1215,736851920643,0
matmul_large_L10_r0,1790333382.9497795,4877434.638515481,406.088,69,1410,1215,736851920643,0
matmul_large_L10_r0,1790333382.9997792,4877434.688515366,406.088,70,1410,1215,736851961067,0
matmul_large_L10_r0,1790333383.0497823,4877434.738518412,388.936,70,1395,1215,736851961067,0
matmul_large_L10_r0,1790333383.0997815,4877434.788517797,388.936,69,1395,1215,736852000537,4
matmul_large_L10_r0,1790333383.1497796,4877434.838515522,402.897,69,1410,1215,736852000537,4
matmul_large_L10_r0,1790333383.1997797,4877434.888515868,402.897,70,1410,1215,736852041630,0
matmul_large_L10_r0,1790333383.2497802,4877434.938516283,407.992,70,1395,1215,736852041630,0
matmul_large_L10_r0,1790333383.2997813,4877434.988517519,407.992,70,1395,1215,736852081958,4
matmul_large_L10_r0,1790333383.3497806,4877435.038516434,382.816,70,1410,1215,736852081958,4
matmul_large_L10_r0,1790333383.399782,4877435.088517929,382.816,69,1410,1215,736852121300,0
matmul_large_L10_r0,1790333383.4497828,4877435.138518804,407.279,69,1410,1215,736852121300,0
matmul_large_L10_r0,1790333383.499782,4877435.18851812,407.279,70,1410,1215,736852162431,0
matmul_large_L10_r0,1790333383.5497816,4877435.238517645,408.417,70,1410,1215,736852162431,0
matmul_large_L10_r0,1790333383.599781,4877435.28851725,408.417,70,1410,1215,736852162431,0
matmul_large_L10_r0,1790333383.649781,4877435.338517006,408.914,70,1395,1215,736852204079,0
matmul_large_L10_r0,1790333383.6997797,4877435.388515841,408.914,70,1395,1215,736852204079,4
matmul_large_L10_r0,1790333383.7497823,4877435.438518376,382.816,70,1395,1215,736852244523,4
matmul_large_L10_r0,1790333383.7997777,4877435.488513892,382.816,69,1395,1215,736852244523,4
matmul_large_L10_r0,1790333383.849779,4877435.538515077,400.299,69,1410,1215,736852283148,4
matmul_large_L10_r0,1790333383.899776,4877435.588512093,400.299,69,1410,1215,736852283148,0
matmul_large_L10_r0,1790333383.9497788,4877435.638514638,407.879,69,1395,1215,736852324262,0
matmul_large_L10_r0,1790333383.999779,4877435.688515063,407.879,69,1395,1215,736852324262,4
matmul_large_L10_r0,1790333384.0497782,4877435.738514168,381.955,69,1410,1215,736852363025,4
matmul_large_L10_r0,1790333384.0997806,4877435.788516664,381.955,69,1410,1215,736852363025,0
matmul_large_L10_r0,1790333384.1497815,4877435.838517439,405.819,69,1410,1215,736852402708,0
matmul_large_L10_r0,1790333384.1997797,4877435.888515844,405.819,70,1410,1215,736852402708,0
matmul_large_L10_r0,1790333384.249782,4877435.93851816,405.819,70,1395,1215,736852443554,0
matmul_large_L10_r0,1790333384.2997787,4877435.988514885,391.258,69,1395,1215,736852443554,4
matmul_large_L10_r0,1790333384.349781,4877436.038517051,381.955,69,1410,1215,736852483167,4
matmul_large_L10_r0,1790333384.399778,4877436.088513906,381.955,69,1410,1215,736852483167,0
matmul_large_L10_r0,1790333384.4497821,4877436.138518201,381.955,69,1410,1215,736852523048,0
matmul_large_L10_r0,1790333384.499778,4877436.188514136,408.148,70,1410,1215,736852523048,0
matmul_large_L10_r0,1790333384.5497808,4877436.238516792,408.148,70,1410,1215,736852564244,0
matmul_large_L10_r0,1790333384.599781,4877436.288517067,409.34,70,1410,1215,736852564244,0
matmul_large_L10_r0,1790333384.6497781,4877436.338514312,407.992,70,1395,1215,736852606083,0
matmul_large_L10_r0,1790333384.699778,4877436.388514148,407.992,70,1395,1215,736852606083,4
matmul_large_L10_r0,1790333384.749782,4877436.438518103,383.139,70,1395,1215,736852645204,4
matmul_large_L10_r0,1790333384.799778,4877436.488514209,383.139,69,1395,1215,736852645204,0
matmul_large_L10_r0,1790333384.849781,4877436.538517064,407.549,69,1410,1215,736852684535,0
matmul_large_L10_r0,1790333384.8997796,4877436.588515729,407.549,70,1410,1215,736852684535,0
matmul_large_L10_r0,1790333384.9497862,4877436.638522294,388.667,70,1395,1215,736852725071,0
matmul_large_L10_r0,1790333384.9997776,4877436.68851347,388.667,69,1395,1215,736852725071,4
matmul_large_L10_r0,1790333385.0497792,4877436.738515335,401.437,69,1410,1215,736852764341,4
matmul_large_L10_r0,1790333385.0997634,4877436.788499371,401.437,69,1410,1215,736852764341,0
matmul_large_L10_r0,1790333385.1497538,4877436.838489906,401.437,69,1410,1215,736852805168,0
matmul_large_L10_r0,1790333385.199744,4877436.888479761,401.437,70,1410,1215,736852805168,0
matmul_large_L10_r0,1790333385.2497773,4877436.938513527,382.278,70,1395,1215,736852845298,0
matmul_large_L10_r0,1790333385.299781,4877436.988517182,382.278,69,1395,1215,736852845298,4
matmul_large_L10_r0,1790333385.349781,4877437.038517147,399.107,69,1410,1215,736852883914,4
matmul_large_L10_r0,1790333385.3997781,4877437.088513992,399.107,69,1410,1215,736852883914,0
matmul_large_L10_r0,1790333385.4497788,4877437.138514868,407.01,69,1410,1215,736852924566,0
matmul_large_L10_r0,1790333385.499779,4877437.188515073,407.01,70,1410,1215,736852924566,0
matmul_large_L10_r0,1790333385.5497787,4877437.238514688,407.549,70,1410,1215,736852965775,0
matmul_large_L10_r0,1790333385.5997794,4877437.288515354,407.549,70,1410,1215,736852965775,0
matmul_large_L10_r0,1790333385.6497815,4877437.338517609,407.549,70,1395,1215,736853007588,0
matmul_large_L10_r0,1790333385.6997814,4877437.388517424,407.549,70,1395,1215,736853007588,4
matmul_large_L10_r0,1790333385.7497816,4877437.43851762,407.549,70,1410,1215,736853046829,4
matmul_large_L10_r0,1790333385.7997797,4877437.488515705,386.337,69,1410,1215,736853046829,0
matmul_large_L10_r0,1790333385.849779,4877437.53851498,386.337,69,1410,1215,736853086751,0
matmul_large_L10_r0,1790333385.8997815,4877437.588517416,401.76,70,1395,1215,736853086751,4
matmul_large_L10_r0,1790333385.9497788,4877437.638514691,401.76,70,1395,1215,736853126641,4
matmul_large_L10_r0,1790333385.99978,4877437.688516006,386.606,69,1410,1215,736853126641,0
matmul_large_L10_r0,1790333386.0497785,4877437.738514392,401.76,69,1410,1215,736853166475,0
matmul_large_L10_r0,1790333386.0997796,4877437.788515517,401.76,70,1410,1215,736853166475,0
matmul_large_L10_r0,1790333386.1497812,4877437.838517182,401.76,70,1395,1215,736853208062,0
matmul_large_L10_r0,1790333386.1997778,4877437.888513858,406.688,70,1395,1215,736853208062,4
matmul_large_L10_r0,1790333386.2497785,4877437.938514563,406.688,70,1395,1215,736853246961,4
matmul_large_L10_r0,1790333386.2997785,4877437.988514668,380.487,69,1395,1215,736853246961,4
matmul_large_L10_r0,1790333386.3497794,4877438.038515614,380.487,69,1410,1215,736853286258,4
matmul_large_L10_r0,1790333386.3997815,4877438.088517289,407.549,70,1410,1215,736853286258,0
matmul_large_L10_r0,1790333386.4497817,4877438.138517824,408.315,70,1410,1215,736853327333,0
matmul_large_L10_r0,1790333386.4997778,4877438.18851373,408.315,70,1410,1215,736853327333,0
matmul_large_L10_r0,1790333386.5497792,4877438.238515145,408.74,70,1410,1215,736853368494,0
matmul_large_L10_r0,1790333386.5997791,4877438.28851502,408.74,70,1410,1215,736853368494,0
matmul_large_L10_r0,1790333386.6497788,4877438.338514896,388.936,70,1395,1215,736853409105,0
matmul_large_L10_r0,1790333386.6997778,4877438.388513761,388.936,69,1395,1215,736853409105,4
matmul_large_L10_r0,1790333386.7497828,4877438.438518926,402.359,69,1410,1215,736853448517,4
matmul_large_L10_r0,1790333386.7997775,4877438.488513662,402.359,69,1410,1215,736853448517,0
matmul_large_L10_r0,1790333386.8497794,4877438.538515387,388.067,69,1395,1215,736853489096,0
matmul_large_L10_r0,1790333386.8997824,4877438.588518382,388.067,69,1395,1215,736853489096,4
matmul_large_L10_r0,1790333386.9497788,4877438.638514638,402.029,69,1410,1215,736853528640,4
matmul_large_L10_r0,1790333386.999782,4877438.688518173,402.029,70,1410,1215,736853528640,0
matmul_large_L10_r0,1790333387.0497782,4877438.738514298,407.879,70,1410,1215,736853569403,0
matmul_large_L10_r0,1790333387.0997791,4877438.788515014,407.879,70,1410,1215,736853569403,0
matmul_large_L10_r0,1790333387.1497784,4877438.838514419,387.798,70,1395,1215,736853609299,0
matmul_large_L10_r0,1790333387.1997788,4877438.888514794,387.798,69,1395,1215,736853609299,4
matmul_large_L10_r0,1790333387.2497787,4877438.93851475,387.198,69,1395,1215,736853649057,4
matmul_large_L10_r0,1790333387.2997792,4877438.988515155,387.198,69,1395,1215,736853649057,4
matmul_large_L10_r0,1790333387.349776,4877439.03851215,407.549,69,1410,1215,736853688768,4
matmul_large_L10_r0,1790333387.3997805,4877439.088516666,407.549,70,1410,1215,736853688768,0
matmul_large_L10_r0,1790333387.4497783,4877439.138514411,408.148,70,1410,1215,736853729908,0
matmul_large_L10_r0,1790333387.4997811,4877439.188517036,408.148,70,1410,1215,736853729908,0
matmul_large_L10_r0,1790333387.5497787,4877439.238514672,408.148,70,1410,1215,736853771048,0
matmul_large_L10_r0,1790333387.5997815,4877439.288517797,408.148,70,1410,1215,736853771048,0
matmul_large_L10_r0,1790333387.649779,4877439.338515142,381.955,70,1395,1215,736853811080,0
matmul_large_L10_r0,1790333387.6997812,4877439.388517058,381.955,69,1395,1215,736853811080,4
matmul_large_L10_r0,1790333387.7497804,4877439.438516643,406.688,69,1410,1215,736853850733,4
matmul_large_L10_r0,1790333387.7997785,4877439.488514578,406.688,70,1410,1215,736853850733,0
matmul_large_L10_r0,1790333387.8497813,4877439.538517384,406.688,70,1395,1215,736853890970,0
matmul_large_L10_r0,1790333387.899777,4877439.588512979,381.955,69,1395,1215,736853890970,4
matmul_large_L10_r0,1790333387.949779,4877439.638514924,381.955,69,1410,1215,736853930617,4
matmul_large_L10_r0,1790333387.999779,4877439.68851513,406.688,70,1410,1215,736853930617,0
matmul_large_L10_r0,1790333388.049779,4877439.738514915,406.688,70,1395,1215,736853971684,0
matmul_large_L10_r0,1790333388.099782,4877439.78851798,393.049,70,1395,1215,736853971684,4
matmul_large_L10_r0,1790333388.1497798,4877439.838515756,393.049,70,1395,1215,736854011085,4
matmul_large_L10_r0,1790333388.19978,4877439.888516211,381.955,69,1395,1215,736854011085,4
matmul_large_L10_r0,1790333388.2497783,4877439.938514346,381.955,69,1410,1215,736854049430,4
matmul_large_L10_r0,1790333388.2997808,4877439.988516912,401.76,69,1410,1215,736854049430,0
matmul_large_L10_r0,1790333388.3497782,4877440.038514127,401.76,69,1410,1215,736854090754,0
matmul_large_L10_r0,1790333388.399779,4877440.088515032,401.76,70,1410,1215,736854090754,0
matmul_large_L10_r0,1790333388.4497776,4877440.138513608,407.879,70,1410,1215,736854131596,0
matmul_large_L10_r0,1790333388.4997785,4877440.188514693,407.879,70,1410,1215,736854131596,0
matmul_large_L10_r0,1790333388.5497787,4877440.238514848,407.879,70,1395,1215,736854131596,0
matmul_large_L10_r0,1790333388.5997763,4877440.288512264,408.148,70,1395,1215,736854174061,4
matmul_large_L10_r0,1790333388.6497786,4877440.338514639,390.72,70,1410,1215,736854174061,4
matmul_large_L10_r0,1790333388.6997812,4877440.388517064,390.72,69,1410,1215,736854212785,0
matmul_large_L10_r0,1790333388.7497766,4877440.43851257,401.168,69,1395,1215,736854212785,0
matmul_large_L10_r0,1790333388.7997797,4877440.488515585,401.168,69,1395,1215,736854253586,4
matmul_large_L10_r0,1790333388.8497784,4877440.53851459,388.936,69,1410,1215,736854253586,4
matmul_large_L10_r0,1790333388.8997812,4877440.588517245,388.936,69,1410,1215,736854291850,0
matmul_large_L10_r0,1790333388.9497762,4877440.638512151,402.359,69,1410,1215,736854291850,0
matmul_large_L10_r0,1790333388.9997797,4877440.688515706,402.359,70,1410,1215,736854333086,0
matmul_large_L10_r0,1790333389.049779,4877440.738514992,408.417,70,1395,1215,736854333086,0
matmul_large_L10_r0,1790333389.099776,4877440.788512107,408.417,69,1395,1215,736854373078,4
matmul_large_L10_r0,1790333389.149782,4877440.838517992,382.278,69,1395,1215,736854373078,4
matmul_large_L10_r0,1790333389.199778,4877440.888514138,382.278,69,1395,1215,736854411843,4
matmul_large_L10_r0,1790333389.2497787,4877440.938514833,386.068,69,1410,1215,736854411843,4
matmul_large_L10_r0,1790333389.2997808,4877440.988516898,386.068,69,1410,1215,736854451898,0
matmul_large_L10_r0,1790333389.3497813,4877441.038517373,407.01,69,1410,1215,736854451898,0
matmul_large_L10_r0,1790333389.3997781,4877441.088514109,407.01,70,1410,1215,736854493087,0
matmul_large_L10_r0,1790333389.4497805,4877441.138516414,407.279,70,1410,1215,736854493087,0
matmul_large_L10_r0,1790333389.4997776,4877441.1885137,407.279,70,1410,1215,736854534200,0
matmul_large_L10_r0,1790333389.549779,4877441.238515055,407.279,70,1395,1215,736854534200,0
matmul_large_L10_r0,1790333389.5997813,4877441.28851753,407.549,70,1395,1215,736854574965,4
matmul_large_L10_r0,1790333389.649778,4877441.338514056,382.278,70,1410,1215,736854574965,4
matmul_large_L10_r0,1790333389.6997814,4877441.388517371,382.278,69,1410,1215,736854614265,0
matmul_large_L10_r0,1790333389.7497756,4877441.438511666,382.278,69,1395,1215,736854614265,0
matmul_large_L10_r0,1790333389.7997785,4877441.488514731,408.148,69,1395,1215,736854654382,4
matmul_large_L10_r0,1790333389.849781,4877441.538517007,383.139,69,1410,1215,736854654382,4
matmul_large_L10_r0,1790333389.8997803,4877441.588516472,383.139,69,1410,1215,736854693625,0
matmul_large_L10_r0,1790333389.9497776,4877441.638513668,383.139,69,1410,1215,736854693625,0
matmul_large_L10_r0,1790333389.9997773,4877441.688513253,406.688,70,1410,1215,736854735532,0
matmul_large_L10_r0,1790333390.0497787,4877441.738514718,406.688,70,1395,1215,736854735532,0
matmul_large_L10_r0,1790333390.0997791,4877441.788515074,408.417,69,1395,1215,736854774512,4
matmul_large_L10_r0,1790333390.1497788,4877441.838515039,408.417,69,1395,1215,736854774512,4
matmul_large_L10_r0,1790333390.1997788,4877441.888514904,382.547,69,1395,1215,736854813066,0
matmul_large_L10_r0,1790333390.2497795,4877441.938515589,382.547,69,1410,1215,736854813066,0
matmul_large_L10_r0,1790333390.2997756,4877441.988511605,401.76,70,1410,1215,736854854092,0
matmul_large_L10_r0,1790333390.3497791,4877442.03851517,401.76,70,1410,1215,736854854092,0
matmul_large_L10_r0,1790333390.3997831,4877442.088519375,408.417,70,1410,1215,736854895306,0
matmul_large_L10_r0,1790333390.4497788,4877442.138514841,408.417,70,1410,1215,736854895306,0
matmul_large_L10_r0,1790333390.499781,4877442.188516876,408.417,70,1410,1215,736854937151,0
matmul_large_L10_r0,1790333390.5497782,4877442.238514162,408.417,70,1395,1215,736854937151,0
matmul_large_L10_r0,1790333390.5997767,4877442.288512777,409.34,69,1395,1215,736854976288,4
matmul_large_L10_r0,1790333390.6497812,4877442.338517362,382.547,69,1410,1215,736854976288,4
matmul_large_L10_r0,1790333390.699778,4877442.388514047,382.547,69,1410,1215,736855015705,0
matmul_large_L10_r0,1790333390.749781,4877442.438516993,382.547,69,1395,1215,736855015705,0
matmul_large_L10_r0,1790333390.7997758,4877442.488511688,400.299,69,1395,1215,736855055982,4
matmul_large_L10_r0,1790333390.8497782,4877442.538514143,400.299,69,1410,1215,736855055982,4
matmul_large_L10_r0,1790333390.8997784,4877442.588514349,386.337,70,1410,1215,736855096135,0
matmul_large_L10_r0,1790333390.9497795,4877442.638515394,386.337,70,1395,1215,736855096135,0
matmul_large_L10_r0,1790333390.999776,4877442.6885121,407.01,70,1395,1215,736855136783,4
matmul_large_L10_r0,1790333391.0497816,4877442.738517445,407.01,70,1395,1215,736855136783,4
matmul_large_L10_r0,1790333391.0997803,4877442.78851628,388.936,69,1395,1215,736855176294,4
matmul_large_L10_r0,1790333391.149781,4877442.838517075,388.936,69,1410,1215,736855176294,4
matmul_large_L10_r0,1790333391.199778,4877442.888513981,380.487,69,1410,1215,736855215688,0
matmul_large_L10_r0,1790333391.2497818,4877442.938517846,380.487,69,1410,1215,736855215688,0
matmul_large_L10_r0,1790333391.2997792,4877442.988515031,402.628,70,1410,1215,736855256370,0
matmul_large_L10_r0,1790333391.349781,4877443.038517057,402.628,70,1410,1215,736855256370,0
matmul_large_L10_r0,1790333391.3997815,4877443.088517392,409.017,70,1410,1215,736855297579,0
matmul_large_L10_r0,1790333391.4497778,4877443.138513857,409.017,70,1410,1215,736855297579,0
matmul_large_L10_r0,1790333391.4997814,4877443.188517503,409.34,70,1410,1215,736855337597,0
matmul_large_L10_r0,1790333391.5497823,4877443.238518418,409.34,70,1395,1215,736855337597,0
matmul_large_L10_r0,1790333391.5997763,4877443.288512203,394.779,69,1395,1215,736855376679,4
matmul_large_L10_r0,1790333391.6497788,4877443.338515049,394.779,69,1395,1215,736855376679,4
matmul_large_L10_r0,1790333391.6997814,4877443.388517444,381.955,69,1410,1215,736855416320,0
matmul_large_L10_r0,1790333391.7497807,4877443.438516759,381.955,69,1410,1215,736855416320,0
matmul_large_L10_r0,1790333391.7997777,4877443.488513845,406.688,70,1410,1215,736855457503,0
matmul_large_L5_r4,1790333401.2690296,4877452.957765571,382.278,69,1410,1215,736859194449,0
matmul_large_L5_r4,1790333401.319145,4877453.007881255,382.278,69,1410,1215,736859233649,0
matmul_large_L5_r4,1790333401.3691387,4877453.05787453,377.619,70,1410,1215,736859233649,0
matmul_large_L5_r4,1790333401.4191387,4877453.107874396,377.619,70,1410,1215,736859274558,0
matmul_large_L5_r4,1790333401.469147,4877453.157882951,407.549,69,1395,1215,736859274558,4
matmul_large_L5_r4,1790333401.5191483,4877453.207884226,407.549,69,1395,1215,736859313936,4
matmul_large_L5_r4,1790333401.5691502,4877453.257886312,382.278,69,1395,1215,736859313936,4
matmul_large_L5_r4,1790333401.6191509,4877453.307886967,382.278,69,1395,1215,736859352436,4
matmul_large_L5_r4,1790333401.6691473,4877453.357883302,381.086,69,1410,1215,736859352436,0
matmul_large_L5_r4,1790333401.7191484,4877453.407884348,381.086,69,1410,1215,736859391596,0
matmul_large_L5_r4,1790333401.769147,4877453.457882973,402.897,70,1410,1215,736859391596,0
matmul_large_L5_r4,1790333401.819151,4877453.507886968,402.897,70,1410,1215,736859432822,0
matmul_large_L5_r4,1790333401.869147,4877453.557883204,407.01,70,1410,1215,736859432822,0
matmul_large_L5_r4,1790333401.9191475,4877453.607883679,407.01,70,1410,1215,736859473984,0
matmul_large_L5_r4,1790333401.9691503,4877453.657886234,407.879,70,1410,1215,736859473984,0
matmul_large_L5_r4,1790333402.019148,4877453.70788416,407.879,70,1410,1215,736859515087,0
matmul_large_L5_r4,1790333402.0691483,4877453.757884345,408.148,70,1410,1215,736859515087,0
matmul_large_L5_r4,1790333402.119151,4877453.80788705,408.148,70,1410,1215,736859556090,0
matmul_large_L5_r4,1790333402.1691468,4877453.857882906,395.917,69,1395,1215,736859556090,4
matmul_large_L5_r4,1790333402.2191489,4877453.907884881,395.917,69,1395,1215,736859595445,4
matmul_large_L5_r4,1790333402.2691472,4877453.957883296,388.067,70,1410,1215,736859595445,0
matmul_large_L5_r4,1790333402.3191507,4877454.007886592,388.067,70,1410,1215,736859636323,0
matmul_large_L5_r4,1790333402.3691506,4877454.057886647,403.489,70,1395,1215,736859636323,4
matmul_large_L5_r4,1790333402.4191473,4877454.107883422,403.489,70,1395,1215,736859676208,4
matmul_large_L5_r4,1790333402.4691477,4877454.157883808,387.798,69,1395,1215,736859676208,4
matmul_large_L5_r4,1790333402.5191483,4877454.207884293,387.798,69,1395,1215,736859715234,4
matmul_large_L5_r4,1790333402.5691457,4877454.257881698,387.798,69,1395,1215,736859715234,4
matmul_large_L5_r4,1790333402.6191483,4877454.307884294,387.798,69,1395,1215,736859754283,4
matmul_large_L5_r4,1790333402.6691468,4877454.357882929,387.798,69,1395,1215,736859754283,4
matmul_large_L5_r4,1790333402.719148,4877454.407884134,387.798,69,1395,1215,736859793595,4
matmul_large_L5_r4,1790333402.7691474,4877454.45788347,397.969,70,1410,1215,736859793595,0
matmul_large_L5_r4,1790333402.8191488,4877454.507884805,397.969,70,1410,1215,736859834696,0
matmul_large_L5_r4,1790333402.8691475,4877454.55788369,401.76,70,1410,1215,736859834696,0
matmul_large_L5_r4,1790333402.9191506,4877454.607886755,401.76,70,1410,1215,736859875514,0
matmul_large_L5_r4,1790333402.969149,4877454.657885241,407.279,70,1410,1215,736859875514,0
matmul_large_L5_r4,1790333403.0191483,4877454.707884466,407.279,70,1410,1215,736859916627,0
matmul_large_L5_r4,1790333403.069147,4877454.757883072,407.724,70,1410,1215,736859916627,0
matmul_large_L5_r4,1790333403.11915,4877454.807885727,407.724,70,1410,1215,736859957779,0
matmul_large_L5_r4,1790333403.1691465,4877454.857882722,407.879,70,1395,1215,736859957779,4
matmul_large_L5_r4,1790333403.2191486,4877454.907884818,407.879,70,1395,1215,736859997424,4
matmul_large_L5_r4,1790333403.2691503,4877454.957886253,393.049,70,1410,1215,736859997424,0
matmul_large_L5_r4,1790333403.3191473,4877455.007883208,393.049,70,1410,1215,736860038196,0
matmul_large_L5_r4,1790333403.3691475,4877455.057883574,406.418,70,1395,1215,736860038196,4
matmul_large_L5_r4,1790333403.4191473,4877455.107883429,406.418,70,1395,1215,736860077549,4
matmul_large_L5_r4,1790333403.4691505,4877455.157886574,381.086,69,1395,1215,736860077549,4
matmul_large_L5_r4,1790333403.5191503,4877455.20788641,381.086,69,1395,1215,736860116673,4
matmul_large_L5_r4,1790333403.5691497,4877455.257885855,398.838,69,1395,1215,736860116673,4
matmul_large_L5_r4,1790333403.6191132,4877455.307848941,398.838,69,1395,1215,736860156011,4
matmul_large_L5_r4,1790333403.6691442,4877455.357880236,386.068,69,1410,1215,736860156011,0
matmul_large_L5_r4,1790333403.7191157,4877455.407851631,386.068,69,1410,1215,736860196594,0
matmul_large_L5_r4,1790333403.7691467,4877455.457882656,407.879,70,1410,1215,736860196594,0
matmul_large_L5_r4,1790333403.8191483,4877455.507884281,407.879,70,1410,1215,736860237681,0
matmul_large_L5_r4,1790333403.8691502,4877455.557886157,409.34,70,1410,1215,736860237681,0
matmul_large_L5_r4,1790333403.9191506,4877455.607886592,409.34,70,1410,1215,736860278903,0
matmul_large_L5_r4,1790333403.9691474,4877455.657883498,409.183,70,1410,1215,736860278903,0
matmul_large_L5_r4,1790333404.0191479,4877455.707883753,409.183,70,1410,1215,736860320102,0
matmul_large_L5_r4,1790333404.06915,4877455.757886108,409.878,70,1395,1215,736860320102,4
matmul_large_L5_r4,1790333404.119148,4877455.807884134,409.878,70,1395,1215,736860360122,4
matmul_large_L5_r4,1790333404.1691453,4877455.857881299,388.936,69,1410,1215,736860360122,0
matmul_large_L5_r4,1790333404.2191496,4877455.907885634,388.936,69,1410,1215,736860400664,0
matmul_large_L5_r4,1790333404.2691524,4877455.957888489,403.22,70,1395,1215,736860400664,4
matmul_large_L5_r4,1790333404.3191457,4877456.007881715,403.22,70,1395,1215,736860440206,4
matmul_large_L5_r4,1790333404.3691533,4877456.05788944,388.067,69,1395,1215,736860440206,4
matmul_large_L5_r4,1790333404.419156,4877456.107892075,388.067,69,1395,1215,736860479193,4
matmul_large_L5_r4,1790333404.4691477,4877456.157883621,386.929,69,1395,1215,736860479193,4
matmul_large_L5_r4,1790333404.5191483,4877456.207884206,386.929,69,1395,1215,736860518953,4
matmul_large_L5_r4,1790333404.5691497,4877456.257885762,389.259,69,1395,1215,736860518953,4
matmul_large_L5_r4,1790333404.619151,4877456.307887147,389.259,69,1395,1215,736860558042,4
matmul_large_L5_r4,1790333404.6691463,4877456.357882392,398.569,69,1410,1215,736860558042,0
matmul_large_L5_r4,1790333404.7191503,4877456.407886397,398.569,69,1410,1215,736860599162,0
matmul_large_L5_r4,1790333404.7691498,4877456.457885633,402.628,70,1410,1215,736860599162,0
matmul_large_L5_r4,1790333404.8191478,4877456.507883928,402.628,70,1410,1215,736860640094,0
matmul_large_L5_r4,1790333404.8691466,4877456.557882753,408.148,70,1410,1215,736860640094,0
matmul_large_L5_r4,1790333404.9191508,4877456.607886879,408.148,70,1410,1215,736860640094,0
matmul_large_L5_r4,1790333404.9691453,4877456.657881324,409.017,70,1410,1215,736860681747,0
matmul_large_L5_r4,1790333405.0191488,4877456.70788494,409.017,70,1410,1215,736860681747,0
matmul_large_L5_r4,1790333405.0691464,4877456.757882375,408.417,70,1410,1215,736860722569,0
matmul_large_L5_r4,1790333405.1191506,4877456.80788662,408.417,70,1410,1215,736860722569,0
matmul_large_L5_r4,1790333405.169151,4877456.857887115,408.74,70,1395,1215,736860763588,4
matmul_large_L5_r4,1790333405.2191498,4877456.907885941,408.74,70,1395,1215,736860763588,4
matmul_large_L5_r4,1790333405.26915,4877456.957885886,382.816,69,1395,1215,736860802879,4
matmul_large_L5_r4,1790333405.319147,4877457.007882971,382.816,69,1395,1215,736860802879,4
matmul_large_L5_r4,1790333405.3691492,4877457.057885227,381.409,69,1395,1215,736860841501,4
matmul_large_L5_r4,1790333405.419151,4877457.107887282,381.409,69,1395,1215,736860841501,4
matmul_large_L5_r4,1790333405.4691472,4877457.157883277,396.785,69,1410,1215,736860880460,0
matmul_large_L5_r4,1790333405.5191479,4877457.207883873,396.785,69,1410,1215,736860880460,0
matmul_large_L5_r4,1790333405.5691497,4877457.257885788,388.067,69,1395,1215,736860920766,4
matmul_large_L5_r4,1790333405.6191509,4877457.307886773,388.067,69,1395,1215,736860920766,4
matmul_large_L5_r4,1790333405.6691477,4877457.357883699,406.088,70,1410,1215,736860960437,0
matmul_large_L5_r4,1790333405.7191474,4877457.407883694,406.088,70,1410,1215,736860960437,0
matmul_large_L5_r4,1790333405.7691474,4877457.457883369,408.591,70,1410,1215,736861001657,0
matmul_large_L5_r4,1790333405.819147,4877457.507883115,408.591,70,1410,1215,736861001657,0
matmul_large_L5_r4,1790333405.8691497,4877457.55788572,409.34,70,1410,1215,736861042871,0
matmul_large_L5_r4,1790333405.9191508,4877457.607886815,409.34,70,1410,1215,736861042871,0
matmul_large_L5_r4,1790333405.9691482,4877457.657884091,409.609,70,1410,1215,736861084060,0
matmul_large_L5_r4,1790333406.019148,4877457.707884016,409.609,70,1410,1215,736861084060,0
matmul_large_L5_r4,1790333406.0691476,4877457.757883631,409.34,70,1410,1215,736861125287,0
matmul_large_L5_r4,1790333406.1191473,4877457.807883407,409.34,70,1410,1215,736861125287,0
matmul_large_L5_r4,1790333406.1691494,4877457.857885362,388.936,70,1395,1215,736861165593,4
matmul_large_L5_r4,1790333406.2191489,4877457.907884847,388.936,70,1395,1215,736861165593,4
matmul_large_L5_r4,1790333406.2691474,4877457.957883433,383.416,69,1395,1215,736861204566,4
matmul_large_L1_r2,1790333415.7157316,4877467.40446765,401.437,70,1410,1215,736864939215,0
matmul_large_L1_r2,1790333415.765853,4877467.454589004,356.354,70,1410,1215,736864979265,0
matmul_large_L1_r2,1790333415.8158422,4877467.504578029,356.354,70,1410,1215,736864979265,0
matmul_large_L1_r2,1790333415.86585,4877467.554585814,402.628,70,1410,1215,736865019486,0
matmul_large_L1_r2,1790333415.9158502,4877467.604586279,402.628,70,1410,1215,736865019486,0
matmul_large_L1_r2,1790333415.9658494,4877467.654585485,402.897,70,1395,1215,736865060035,4
matmul_large_L1_r2,1790333416.01585,4877467.70458613,402.897,70,1395,1215,736865060035,4
matmul_large_L1_r2,1790333416.065853,4877467.754589315,387.475,69,1395,1215,736865099168,4
matmul_large_L1_r2,1790333416.1158512,4877467.804587231,387.475,69,1395,1215,736865099168,4
matmul_large_L1_r2,1790333416.1658523,4877467.854588416,381.086,69,1395,1215,736865137982,4
matmul_large_L1_r2,1790333416.215853,4877467.904589091,381.086,69,1395,1215,736865137982,4
matmul_large_L1_r2,1790333416.2658525,4877467.954588587,400.898,69,1410,1215,736865177426,0
matmul_large_L1_r2,1790333416.3158514,4877468.004587602,400.898,69,1410,1215,736865177426,0
matmul_large_L1_r2,1790333416.365851,4877468.054586997,401.76,70,1410,1215,736865217905,0
matmul_large_L1_r2,1790333416.4158537,4877468.104589903,401.76,70,1410,1215,736865217905,0
matmul_large_L1_r2,1790333416.465849,4877468.154584968,401.437,70,1410,1215,736865258511,0
matmul_large_L1_r2,1790333416.515854,4877468.204589973,401.437,70,1410,1215,736865258511,0
matmul_large_L1_r2,1790333416.5658476,4877468.254583709,402.628,70,1410,1215,736865298999,0
matmul_large_L1_r2,1790333416.615853,4877468.304589154,402.628,70,1410,1215,736865298999,0
matmul_large_L1_r2,1790333416.665847,4877468.35458301,402.897,70,1410,1215,736865339583,0
matmul_large_L1_r2,1790333416.715854,4877468.404589945,402.897,70,1410,1215,736865339583,0
matmul_large_L0.5_r2,1790333426.1381547,4877477.826890691,402.897,70,1410,1215,736869116967,0
matmul_large_L0.5_r2,1790333426.1882887,4877477.877024894,387.198,69,1395,1215,736869116967,4
matmul_large_L0.5_r2,1790333426.2382817,4877477.92701781,387.198,69,1395,1215,736869155977,4
matmul_large_L0.5_r2,1790333426.288286,4877477.977021965,402.029,70,1410,1215,736869155977,0
matmul_large_L0.5_r2,1790333426.3382938,4877478.02702991,402.029,70,1410,1215,736869196759,0
matmul_large_L0.5_r2,1790333426.3882864,4877478.077022626,408.74,70,1410,1215,736869196759,0
matmul_large_L0.5_r2,1790333426.4382918,4877478.127027731,408.74,70,1410,1215,736869237948,0
matmul_large_L0.5_r2,1790333426.4882898,4877478.177025956,409.017,70,1410,1215,736869237948,0
matmul_large_L0.5_r2,1790333426.538295,4877478.227030992,409.017,70,1410,1215,736869278489,0
matmul_large_L0.5_r2,1790333426.5882893,4877478.277025277,386.929,69,1395,1215,736869278489,4
matmul_large_L0.5_r2,1790333426.638292,4877478.327028022,386.929,69,1395,1215,736869317791,4
matmul_large_L2_r3,1790333436.060965,4877487.749700974,406.688,70,1410,1215,736873055278,0
matmul_large_L2_r3,1790333436.111088,4877487.799824188,401.61,69,1410,1215,736873094711,0
matmul_large_L2_r3,1790333436.1610737,4877487.849809623,399.43,69,1410,1215,736873094711,0
matmul_large_L2_r3,1790333436.2110825,4877487.899818499,399.43,70,1410,1215,736873135526,0
matmul_large_L2_r3,1790333436.2610843,4877487.949820474,407.279,70,1410,1215,736873135526,0
matmul_large_L2_r3,1790333436.3110838,4877487.999819909,407.279,70,1410,1215,736873176121,0
matmul_large_L2_r3,1790333436.3610854,4877488.049821394,386.068,70,1395,1215,736873176121,0
matmul_large_L2_r3,1790333436.4110847,4877488.09982049,386.068,69,1395,1215,736873215193,4
matmul_large_L2_r3,1790333436.461084,4877488.149819915,398.569,69,1410,1215,736873215193,0
matmul_large_L2_r3,1790333436.5110812,4877488.199817301,398.569,70,1410,1215,736873255907,0
matmul_large_L2_r3,1790333436.5610843,4877488.249820216,407.879,70,1410,1215,736873255907,0
matmul_large_L2_r3,1790333436.6110835,4877488.299819501,407.879,70,1410,1215,736873255907,0
matmul_large_L2_r3,1790333436.6610868,4877488.349822887,391.588,70,1395,1215,736873297075,0
matmul_large_L2_r3,1790333436.711084,4877488.399819802,391.588,70,1395,1215,736873297075,4
matmul_large_L2_r3,1790333436.761084,4877488.449820147,398.569,70,1395,1215,736873336197,4
matmul_large_L2_r3,1790333436.8110874,4877488.499823472,398.569,70,1395,1215,736873336197,4
matmul_large_L2_r3,1790333436.8610873,4877488.549823288,388.067,69,1410,1215,736873376003,0
matmul_large_L2_r3,1790333436.9110837,4877488.599819713,388.067,69,1410,1215,736873376003,0
matmul_large_L2_r3,1790333436.9610837,4877488.649819729,409.017,69,1395,1215,736873416698,0
matmul_large_L2_r3,1790333437.0110815,4877488.699817424,409.017,70,1395,1215,736873416698,4
matmul_large_L2_r3,1790333437.061083,4877488.749819159,383.416,70,1410,1215,736873456274,4
matmul_large_L2_r3,1790333437.111083,4877488.799819145,383.416,69,1410,1215,736873456274,0
matmul_large_L2_r3,1790333437.1610868,4877488.84982269,408.74,69,1410,1215,736873496618,0
matmul_large_L2_r3,1790333437.211084,4877488.899819815,408.74,70,1410,1215,736873496618,0
matmul_large_L2_r3,1790333437.2610867,4877488.94982264,409.34,70,1395,1215,736873537899,0
matmul_large_L2_r3,1790333437.3110833,4877488.999819376,409.34,70,1395,1215,736873537899,4
matmul_large_L2_r3,1790333437.361087,4877489.049823031,382.816,70,1410,1215,736873577320,4
matmul_large_L2_r3,1790333437.4110827,4877489.099818876,382.816,69,1410,1215,736873577320,0
matmul_large_L2_r3,1790333437.461087,4877489.149823042,408.417,69,1410,1215,736873617621,0
matmul_large_L2_r3,1790333437.5110834,4877489.199819317,408.417,70,1410,1215,736873617621,0
matmul_large_L2_r3,1790333437.5610836,4877489.249819613,408.417,70,1410,1215,736873658727,0
matmul_large_L2_r3,1790333437.6110837,4877489.299819728,409.609,70,1410,1215,736873658727,4
matmul_large_L2_r3,1790333437.6610844,4877489.349820593,409.609,70,1395,1215,736873698864,4
matmul_large_L2_r3,1790333437.711084,4877489.399819718,383.139,69,1395,1215,736873698864,4
matmul_large_L2_r3,1790333437.7610867,4877489.449822864,383.139,69,1410,1215,736873738302,4
matmul_large_L2_r3,1790333437.8110867,4877489.499822579,400.898,70,1410,1215,736873738302,0
matmul_large_L2_r3,1790333437.861087,4877489.549823134,400.898,70,1410,1215,736873779122,0
matmul_large_L2_r3,1790333437.9110827,4877489.59981877,407.879,70,1410,1215,736873779122,4
matmul_large_L2_r3,1790333437.9610837,4877489.649819715,381.955,70,1395,1215,736873819100,4
matmul_large_L2_r3,1790333438.011084,4877489.699820031,381.955,69,1395,1215,736873819100,4
matmul_large_L2_r3,1790333438.0610871,4877489.749823376,406.088,69,1410,1215,736873858653,4
matmul_large_L20_r1,1790333447.4918704,4877499.180606434,402.628,70,1410,1215,736877597855,0
matmul_large_L20_r1,1790333447.5419915,4877499.230727668,402.628,70,1410,1215,736877638041,0
matmul_large_L20_r1,1790333447.5919812,4877499.280716954,396.785,70,1410,1215,736877638041,0
matmul_large_L20_r1,1790333447.6419828,4877499.330718579,396.785,70,1410,1215,736877678962,0
matmul_large_L20_r1,1790333447.691991,4877499.380727124,394.187,70,1395,1215,736877678962,4
matmul_large_L20_r1,1790333447.7419903,4877499.430726449,394.187,70,1395,1215,736877718197,4
matmul_large_L20_r1,1790333447.7919924,4877499.480728495,388.667,69,1395,1215,736877718197,4
matmul_large_L20_r1,1790333447.8419921,4877499.53072816,388.667,69,1395,1215,736877757798,4
matmul_large_L20_r1,1790333447.8919923,4877499.580728415,401.76,70,1410,1215,736877757798,0
matmul_large_L20_r1,1790333447.9419923,4877499.630728201,401.76,70,1410,1215,736877798333,0
matmul_large_L20_r1,1790333447.9919922,4877499.680728496,402.628,70,1410,1215,736877798333,0
matmul_large_L20_r1,1790333448.04199,4877499.730726321,402.628,70,1410,1215,736877839046,0
matmul_large_L20_r1,1790333448.09199,4877499.780726047,408.148,70,1395,1215,736877839046,4
matmul_large_L20_r1,1790333448.1419938,4877499.830729812,408.148,70,1395,1215,736877878775,4
matmul_large_L20_r1,1790333448.1919882,4877499.880724307,382.816,69,1410,1215,736877878775,0
matmul_large_L20_r1,1790333448.2419937,4877499.930729833,382.816,69,1410,1215,736877919013,0
matmul_large_L20_r1,1790333448.2919893,4877499.980725258,408.417,70,1410,1215,736877919013,0
matmul_large_L20_r1,1790333448.3419883,4877500.030724373,408.417,70,1410,1215,736877960209,0
matmul_large_L20_r1,1790333448.3919916,4877500.080727629,409.017,70,1410,1215,736877960209,4
matmul_large_L20_r1,1790333448.4419928,4877500.130728874,409.017,70,1410,1215,736878000352,4
matmul_large_L20_r1,1790333448.4919925,4877500.180728589,382.547,69,1395,1215,736878000352,4
matmul_large_L20_r1,1790333448.5419922,4877500.230728345,382.547,69,1395,1215,736878040137,4
matmul_large_L20_r1,1790333448.59199,4877500.28072614,407.549,70,1410,1215,736878040137,0
matmul_large_L20_r1,1790333448.6419895,4877500.330725545,407.549,70,1410,1215,736878080343,0
matmul_large_L20_r1,1790333448.6920047,4877500.38074067,383.416,69,1395,1215,736878080343,4
matmul_large_L20_r1,1790333448.7419903,4877500.430726486,383.416,69,1395,1215,736878120161,4
matmul_large_L20_r1,1790333448.7919924,4877500.480728261,406.418,70,1410,1215,736878120161,0
matmul_large_L20_r1,1790333448.8419933,4877500.530729357,406.418,70,1410,1215,736878160335,0
matmul_large_L20_r1,1790333448.8919928,4877500.580728772,382.547,69,1395,1215,736878160335,4
matmul_large_L20_r1,1790333448.9419913,4877500.630727517,382.547,69,1395,1215,736878200116,4
matmul_large_L20_r1,1790333448.9919891,4877500.680725283,407.549,70,1410,1215,736878200116,0
matmul_large_L20_r1,1790333449.041991,4877500.730727008,407.549,70,1410,1215,736878240982,0
matmul_large_L20_r1,1790333449.0919917,4877500.780727533,393.049,70,1395,1215,736878240982,4
matmul_large_L20_r1,1790333449.1419868,4877500.830722889,393.049,70,1395,1215,736878280570,4
matmul_large_L20_r1,1790333449.1919918,4877500.880727974,397.969,70,1410,1215,736878280570,0
matmul_large_L20_r1,1790333449.2419903,4877500.930726559,397.969,70,1410,1215,736878321278,0
matmul_large_L20_r1,1790333449.2919893,4877500.980725185,408.148,70,1410,1215,736878321278,0
matmul_large_L20_r1,1790333449.3419893,4877501.03072531,408.148,70,1410,1215,736878363089,0
matmul_large_L20_r1,1790333449.39199,4877501.080726045,408.148,70,1395,1215,736878363089,4
matmul_large_L20_r1,1790333449.4419923,4877501.130728361,408.148,70,1395,1215,736878402533,4
matmul_large_L20_r1,1790333449.4919887,4877501.180724776,382.547,69,1410,1215,736878402533,0
matmul_large_L20_r1,1790333449.5419905,4877501.230726501,382.547,69,1410,1215,736878442686,0
matmul_large_L20_r1,1790333449.5919902,4877501.280726317,408.74,70,1410,1215,736878442686,0
matmul_large_L20_r1,1790333449.6419897,4877501.330725762,408.74,70,1410,1215,736878483375,0
matmul_large_L20_r1,1790333449.691989,4877501.380725147,388.936,70,1395,1215,736878483375,4
matmul_large_L20_r1,1790333449.74199,4877501.430726303,388.936,70,1395,1215,736878522432,4
matmul_large_L20_r1,1790333449.7919927,4877501.480728688,398.246,70,1410,1215,736878522432,0
matmul_large_L20_r1,1790333449.84199,4877501.530725923,398.246,70,1410,1215,736878563098,0
matmul_large_L20_r1,1790333449.8919902,4877501.580726259,409.017,70,1410,1215,736878563098,0
matmul_large_L20_r1,1790333449.9419932,4877501.630729184,409.017,70,1410,1215,736878603797,0
matmul_large_L20_r1,1790333449.9919996,4877501.680735719,388.39,70,1395,1215,736878603797,4
matmul_large_L20_r1,1790333450.0419965,4877501.730732565,388.39,70,1395,1215,736878642671,4
matmul_large_L20_r1,1790333450.0919907,4877501.78072687,396.24,70,1410,1215,736878642671,0
matmul_large_L20_r1,1790333450.1419895,4877501.830725455,396.24,70,1410,1215,736878683444,0
matmul_large_L20_r1,1790333450.191992,4877501.880727991,407.279,70,1410,1215,736878683444,0
matmul_large_L20_r1,1790333450.2419908,4877501.930726846,407.279,70,1410,1215,736878724396,0
matmul_large_L20_r1,1790333450.2919893,4877501.980725411,402.359,70,1410,1215,736878724396,0
matmul_large_L20_r1,1790333450.3419929,4877502.030728987,402.359,70,1410,1215,736878724396,0
matmul_large_L20_r1,1790333450.3919919,4877502.080727922,389.797,70,1395,1215,736878765179,4
matmul_large_L20_r1,1790333450.4419916,4877502.130727767,389.797,70,1395,1215,736878765179,4
matmul_large_L20_r1,1790333450.4919906,4877502.180726613,397.969,70,1410,1215,736878804439,0
matmul_large_L20_r1,1790333450.5419865,4877502.230722618,397.969,70,1410,1215,736878804439,0
matmul_large_L20_r1,1790333450.5919898,4877502.280725753,402.029,70,1410,1215,736878844953,0
matmul_large_L20_r1,1790333450.6419883,4877502.330724429,402.029,70,1410,1215,736878844953,0
matmul_large_L20_r1,1790333450.6919918,4877502.380727844,387.475,69,1395,1215,736878884733,4
matmul_large_L20_r1,1790333450.7419922,4877502.430728199,387.475,69,1395,1215,736878884733,4
matmul_large_L20_r1,1790333450.7919898,4877502.480725725,401.76,70,1410,1215,736878924444,0
matmul_large_L20_r1,1790333450.8419921,4877502.53072834,401.76,70,1410,1215,736878924444,0
matmul_large_L20_r1,1790333450.8919885,4877502.580724515,402.628,70,1410,1215,736878965042,0
matmul_large_L20_r1,1790333450.9419925,4877502.630728381,402.628,70,1410,1215,736878965042,0
matmul_large_L20_r1,1790333450.9919922,4877502.680728386,386.929,69,1395,1215,736879004693,4
matmul_large_L20_r1,1790333451.041989,4877502.730725241,386.929,69,1395,1215,736879004693,4
matmul_large_L20_r1,1790333451.0919917,4877502.780727667,404.089,70,1410,1215,736879044781,0
matmul_large_L20_r1,1790333451.1419916,4877502.830727772,404.089,70,1410,1215,736879044781,0
matmul_large_L20_r1,1790333451.1919928,4877502.880728767,403.489,70,1410,1215,736879085376,0
matmul_large_L20_r1,1790333451.24199,4877502.930726283,403.489,70,1410,1215,736879085376,0
matmul_large_L20_r1,1790333451.2919893,4877502.980725318,403.489,70,1410,1215,736879125972,0
matmul_large_L20_r1,1790333451.3419905,4877503.030726403,403.489,70,1410,1215,736879125972,0
matmul_large_L20_r1,1790333451.3919888,4877503.080724699,403.22,70,1410,1215,736879166643,0
matmul_large_L20_r1,1790333451.4419925,4877503.130728464,403.22,70,1410,1215,736879166643,0
matmul_large_L20_r1,1790333451.4919896,4877503.180725539,402.897,70,1410,1215,736879207182,0
matmul_large_L20_r1,1790333451.5419922,4877503.230728175,402.897,70,1410,1215,736879207182,0
matmul_large_L20_r1,1790333451.5919917,4877503.2807277,388.39,70,1395,1215,736879247039,4
matmul_large_L20_r1,1790333451.6419897,4877503.330725555,388.39,70,1395,1215,736879247039,4
matmul_large_L20_r1,1790333451.6919887,4877503.380724821,401.437,70,1410,1215,736879286216,0
matmul_large_L20_r1,1790333451.7419925,4877503.430728586,401.437,70,1410,1215,736879286216,0
matmul_large_L20_r1,1790333451.791991,4877503.480727181,402.029,70,1410,1215,736879326739,0
matmul_large_L20_r1,1790333451.8419895,4877503.530725676,402.029,70,1410,1215,736879326739,0
matmul_large_L20_r1,1790333451.8919897,4877503.580725742,388.667,70,1395,1215,736879366891,4
matmul_large_L20_r1,1790333451.9419923,4877503.630728137,388.667,70,1395,1215,736879366891,4
matmul_large_L20_r1,1790333451.9919863,4877503.680722143,397.377,70,1410,1215,736879406346,0
matmul_large_L20_r1,1790333452.0419922,4877503.730728358,397.377,70,1410,1215,736879406346,0
matmul_large_L20_r1,1790333452.0919902,4877503.780726433,402.628,70,1410,1215,736879447131,0
matmul_large_L20_r1,1790333452.1419892,4877503.830725229,402.628,70,1410,1215,736879447131,0
matmul_large_L20_r1,1790333452.191991,4877503.880727204,402.359,70,1410,1215,736879487527,0
matmul_large_L20_r1,1790333452.24199,4877503.930726089,402.359,70,1410,1215,736879487527,0
matmul_large_L20_r1,1790333452.2919908,4877503.980726744,402.359,70,1410,1215,736879528393,0
matmul_large_L20_r1,1790333452.3419926,4877504.03072892,402.359,70,1410,1215,736879528393,0
matmul_large_L20_r1,1790333452.391989,4877504.080724985,402.029,70,1410,1215,736879568929,0
matmul_large_L20_r1,1790333452.4419894,4877504.130725431,402.029,70,1410,1215,736879568929,0
matmul_large_L20_r1,1790333452.4919891,4877504.180725246,402.029,70,1410,1215,736879610433,0
matmul_large_L20_r1,1790333452.5419898,4877504.230725891,402.029,70,1410,1215,736879610433,0
matmul_large_L20_r1,1790333452.591992,4877504.280727797,402.359,69,1395,1215,736879649452,4
matmul_large_L20_r1,1790333452.6419892,4877504.330725162,402.359,69,1395,1215,736879649452,4
matmul_large_L20_r1,1790333452.691992,4877504.380728217,386.929,70,1410,1215,736879688864,0
matmul_large_L20_r1,1790333452.7419891,4877504.430725242,386.929,70,1410,1215,736879688864,0
matmul_large_L20_r1,1790333452.791992,4877504.480728148,403.766,70,1410,1215,736879730301,0
matmul_large_L20_r1,1790333452.841989,4877504.530725143,403.766,70,1410,1215,736879730301,0
matmul_large_L20_r1,1790333452.8919911,4877504.580727278,402.628,69,1395,1215,736879768976,4
matmul_large_L20_r1,1790333452.9419925,4877504.630728534,402.628,69,1395,1215,736879768976,4
matmul_large_L20_r1,1790333452.9919887,4877504.680724709,382.278,70,1410,1215,736879808567,0
matmul_large_L20_r1,1790333453.0419922,4877504.730728304,382.278,70,1410,1215,736879808567,0
matmul_large_L20_r1,1790333453.0919888,4877504.78072476,402.897,70,1410,1215,736879849074,0
matmul_large_L20_r1,1790333453.141993,4877504.830729085,402.897,70,1410,1215,736879849074,0
matmul_large_L20_r1,1790333453.1919918,4877504.88072794,403.489,70,1410,1215,736879889720,0
matmul_large_L20_r1,1790333453.2419891,4877504.930725126,403.489,70,1410,1215,736879889720,0
matmul_large_L20_r1,1790333453.2919896,4877504.980725501,403.489,70,1410,1215,736879930457,0
matmul_large_L20_r1,1790333453.34199,4877505.030725906,403.489,70,1410,1215,736879930457,0
matmul_large_L20_r1,1790333453.391989,4877505.080725072,409.609,70,1395,1215,736879971617,4
matmul_large_L20_r1,1790333453.4419892,4877505.130725237,409.609,70,1395,1215,736879971617,4
matmul_large_L20_r1,1790333453.491989,4877505.180725023,394.779,70,1395,1215,736880011508,4
matmul_large_L20_r1,1790333453.54199,4877505.230726158,394.779,70,1395,1215,736880011508,4
matmul_large_L20_r1,1790333453.591991,4877505.280727223,388.936,70,1410,1215,736880051309,0
matmul_large_L20_r1,1790333453.6419923,4877505.330728518,388.936,70,1410,1215,736880051309,0
matmul_large_L20_r1,1790333453.691992,4877505.380728034,402.628,70,1395,1215,736880092241,4
matmul_large_L20_r1,1790333453.7419927,4877505.430728739,402.628,70,1395,1215,736880092241,4
matmul_large_L20_r1,1790333453.7919924,4877505.480728374,389.259,70,1395,1215,736880131607,4
matmul_large_L20_r1,1790333453.8419924,4877505.53072855,389.259,70,1395,1215,736880131607,4
matmul_large_L20_r1,1790333453.891989,4877505.580725065,393.318,69,1395,1215,736880171245,4
matmul_large_L20_r1,1790333453.9419892,4877505.63072515,393.318,69,1395,1215,736880171245,4
matmul_large_L20_r1,1790333453.9919877,4877505.680723846,381.955,70,1410,1215,736880210860,0
matmul_large_L20_r1,1790333454.0419927,4877505.730728851,381.955,70,1410,1215,736880210860,0
matmul_large_L20_r1,1790333454.091988,4877505.780723936,401.437,70,1410,1215,736880251605,0
matmul_large_L20_r1,1790333454.1419923,4877505.830728412,401.437,70,1410,1215,736880251605,0
matmul_large_L20_r1,1790333454.19199,4877505.880725997,407.279,70,1410,1215,736880292861,0
matmul_large_L20_r1,1790333454.2419918,4877505.930727672,407.279,70,1410,1215,736880292861,0
matmul_large_L20_r1,1790333454.291993,4877505.980729008,408.417,70,1410,1215,736880333926,0
matmul_large_L20_r1,1790333454.3419902,4877506.030726243,408.417,70,1410,1215,736880333926,0
matmul_large_L20_r1,1790333454.3919916,4877506.080727628,402.801,70,1395,1215,736880374244,4
matmul_large_L20_r1,1790333454.4419925,4877506.130728494,402.801,70,1395,1215,736880374244,4
matmul_large_L20_r1,1790333454.491989,4877506.180725049,386.929,70,1410,1215,736880413398,0
matmul_large_L20_r1,1790333454.5419896,4877506.230725714,386.929,70,1410,1215,736880413398,0
matmul_large_L20_r1,1790333454.5919888,4877506.28072473,400.568,70,1410,1215,736880453906,0
matmul_large_L20_r1,1790333454.6419916,4877506.330727715,400.568,70,1410,1215,736880453906,0
matmul_large_L20_r1,1790333454.691989,4877506.38072507,392.449,69,1395,1215,736880493233,4
matmul_large_L20_r1,1790333454.7419922,4877506.430728356,392.449,69,1395,1215,736880493233,4
matmul_large_L20_r1,1790333454.7919917,4877506.480727931,398.569,70,1395,1215,736880533821,4
matmul_large_L20_r1,1790333454.8419933,4877506.530729356,398.569,70,1395,1215,736880533821,4
matmul_large_L20_r1,1790333454.8919892,4877506.580725442,389.797,69,1410,1215,736880572930,0
matmul_large_L20_r1,1790333454.94199,4877506.630725927,389.797,69,1410,1215,736880572930,0
matmul_large_L20_r1,1790333454.99199,4877506.680726122,401.76,70,1410,1215,736880613487,0
matmul_large_L20_r1,1790333455.041992,4877506.730728098,401.76,70,1410,1215,736880613487,0
matmul_large_L20_r1,1790333455.0919921,4877506.780728223,402.359,70,1410,1215,736880654204,0
matmul_large_L20_r1,1790333455.1419895,4877506.830725328,402.359,70,1410,1215,736880654204,0
matmul_large_L20_r1,1790333455.1919892,4877506.880725264,407.724,70,1410,1215,736880695382,0
matmul_large_L20_r1,1790333455.2419927,4877506.930728809,407.724,70,1410,1215,736880695382,0
matmul_large_L20_r1,1790333455.2919898,4877506.980725884,408.74,70,1410,1215,736880736262,0
matmul_large_L20_r1,1790333455.3419886,4877507.03072468,408.74,70,1410,1215,736880736262,0
matmul_large_L20_r1,1790333455.391989,4877507.080725045,387.798,69,1395,1215,736880775561,4
matmul_large_L20_r1,1790333455.4419928,4877507.13072865,387.798,69,1395,1215,736880775561,4
matmul_large_L20_r1,1790333455.4919884,4877507.180724466,382.547,70,1410,1215,736880815485,0
matmul_large_L20_r1,1790333455.5419915,4877507.230727571,382.547,70,1410,1215,736880815485,0
matmul_large_L20_r1,1790333455.5919893,4877507.280725386,408.417,70,1395,1215,736880815485,4
matmul_large_L20_r1,1790333455.6419914,4877507.330727532,408.417,70,1395,1215,736880856656,4
matmul_large_L20_r1,1790333455.6919923,4877507.380728437,382.816,69,1410,1215,736880856656,0
matmul_large_L20_r1,1790333455.7419908,4877507.430727082,382.816,69,1410,1215,736880895802,0
matmul_large_L20_r1,1790333455.7919898,4877507.480725708,407.01,70,1395,1215,736880895802,4
matmul_large_L20_r1,1790333455.841992,4877507.530728023,407.01,70,1395,1215,736880935702,4
matmul_large_L20_r1,1790333455.8919914,4877507.580727348,387.798,70,1410,1215,736880935702,0
matmul_large_L20_r1,1790333455.9419904,4877507.630726364,387.798,70,1410,1215,736880975591,0
matmul_large_L20_r1,1790333455.9919891,4877507.680725269,402.029,70,1410,1215,736880975591,0
matmul_large_L20_r1,1790333456.0419927,4877507.730728784,402.029,70,1410,1215,736881016177,0
matmul_large_L20_r1,1790333456.0919921,4877507.78072801,402.897,70,1410,1215,736881016177,0
matmul_large_L20_r1,1790333456.1419897,4877507.830725565,402.897,70,1410,1215,736881056750,0
matmul_large_L20_r1,1790333456.191991,4877507.88072702,403.489,70,1410,1215,736881056750,0
matmul_large_L20_r1,1790333456.2419937,4877507.930729696,403.489,70,1410,1215,736881097408,0
matmul_large_L20_r1,1790333456.29199,4877507.980725991,403.766,70,1410,1215,736881097408,0
matmul_large_L20_r1,1790333456.3419929,4877508.030729006,403.766,70,1410,1215,736881137816,0
matmul_large_L20_r1,1790333456.3919895,4877508.080725652,388.936,69,1395,1215,736881137816,4
matmul_large_L20_r1,1790333456.4419906,4877508.130726717,388.936,69,1395,1215,736881176994,4
matmul_large_L20_r1,1790333456.4919925,4877508.180728682,402.897,70,1410,1215,736881176994,0
matmul_large_L20_r1,1790333456.5419924,4877508.230728448,402.897,70,1410,1215,736881218090,0
matmul_large_L20_r1,1790333456.591991,4877508.280727113,384.277,69,1410,1215,736881218090,0
matmul_large_L20_r1,1790333456.641993,4877508.330728888,384.277,69,1410,1215,736881257207,0
matmul_large_L20_r1,1790333456.6919925,4877508.380728604,402.359,70,1410,1215,736881257207,0
matmul_large_L20_r1,1790333456.7419899,4877508.430725959,402.359,70,1410,1215,736881297818,0
matmul_large_L20_r1,1790333456.79199,4877508.480726044,402.897,70,1410,1215,736881297818,0
matmul_large_L20_r1,1790333456.8419895,4877508.53072576,402.897,70,1410,1215,736881338526,0
matmul_large_L20_r1,1790333456.891993,4877508.580729335,403.489,70,1410,1215,736881338526,0
matmul_large_L20_r1,1790333456.9419937,4877508.63072983,403.489,70,1410,1215,736881379068,0
matmul_large_L20_r1,1790333456.9919937,4877508.680729586,384.277,69,1395,1215,736881379068,4
matmul_large_L20_r1,1790333457.0419931,4877508.730729131,384.277,69,1395,1215,736881417846,4
matmul_large_L20_r1,1790333457.0919871,4877508.780723246,406.418,70,1410,1215,736881417846,0
matmul_large_L20_r1,1790333457.1419904,4877508.830726532,406.418,70,1410,1215,736881458852,0
matmul_large_L20_r1,1790333457.1919923,4877508.880728357,402.897,70,1410,1215,736881458852,0
matmul_large_L20_r1,1790333457.2419868,4877508.930722782,402.897,70,1410,1215,736881499384,0
matmul_large_L20_r1,1790333457.2919924,4877508.980728448,402.359,70,1395,1215,736881499384,4
matmul_large_L20_r1,1790333457.3419893,4877509.030725513,402.359,70,1395,1215,736881539552,4
matmul_large_L20_r1,1790333457.3919892,4877509.080725468,388.39,70,1410,1215,736881539552,0
matmul_large_L20_r1,1790333457.4419897,4877509.130725554,388.39,70,1410,1215,736881579332,0
matmul_large_L20_r1,1790333457.4919918,4877509.180727789,401.61,70,1395,1215,736881579332,4
matmul_large_L20_r1,1790333457.5419922,4877509.230728214,401.61,70,1395,1215,736881619793,4
matmul_large_L20_r1,1790333457.591993,4877509.280729029,387.475,69,1410,1215,736881619793,0
matmul_large_L20_r1,1790333457.6419866,4877509.330722705,387.475,69,1410,1215,736881659181,0
matmul_large_L20_r1,1790333457.691989,4877509.38072506,402.359,70,1410,1215,736881659181,0
matmul_large_L20_r1,1790333457.741992,4877509.430727936,402.359,70,1410,1215,736881699729,0
matmul_large_L20_r1,1790333457.7919888,4877509.480724691,402.029,70,1410,1215,736881699729,0
matmul_large_L20_r1,1790333457.8419893,4877509.530725486,402.029,70,1410,1215,736881741367,0
matmul_large_L20_r1,1790333457.8919888,4877509.580724712,407.879,70,1395,1215,736881741367,4
matmul_large_L20_r1,1790333457.9419916,4877509.630727637,407.879,70,1395,1215,736881780784,4
matmul_large_L20_r1,1790333457.9919896,4877509.680725422,387.475,70,1410,1215,736881780784,0
matmul_large_L20_r1,1790333458.0419898,4877509.730726057,387.475,70,1410,1215,736881820580,0
matmul_large_L20_r1,1790333458.0919893,4877509.780725333,402.359,70,1410,1215,736881820580,0
matmul_large_L20_r1,1790333458.1419919,4877509.830728088,402.359,70,1410,1215,736881861228,0
matmul_large_L20_r1,1790333458.1919887,4877509.880724884,403.766,70,1410,1215,736881861228,0
matmul_large_L20_r1,1790333458.2419927,4877509.930728779,403.766,70,1410,1215,736881901550,0
matmul_large_L20_r1,1790333458.2919865,4877509.980722564,389.259,69,1395,1215,736881901550,4
matmul_large_L20_r1,1790333458.3419926,4877510.0307287,389.259,69,1395,1215,736881940870,4
matmul_large_L20_r1,1790333458.3919911,4877510.080727185,403.766,70,1410,1215,736881940870,0
matmul_large_L20_r1,1790333458.4419894,4877510.13072544,403.766,70,1410,1215,736881981556,0
matmul_large_L20_r1,1790333458.4919915,4877510.180727545,388.667,70,1395,1215,736881981556,4
matmul_large_L20_r1,1790333458.5419927,4877510.230728711,388.667,70,1395,1215,736882020794,4
matmul_large_L20_r1,1790333458.591992,4877510.280727876,401.94,70,1410,1215,736882020794,0
matmul_large_L20_r1,1790333458.641992,4877510.330728361,401.94,70,1410,1215,736882061699,0
matmul_large_L20_r1,1790333458.6919916,4877510.380727537,402.628,70,1410,1215,736882061699,0
matmul_large_L20_r1,1790333458.7419894,4877510.430725532,402.628,70,1410,1215,736882102388,0
matmul_large_L20_r1,1790333458.7919924,4877510.480728328,402.628,70,1410,1215,736882102388,0
matmul_large_L20_r1,1790333458.8419924,4877510.530728463,402.628,70,1410,1215,736882141154,0
matmul_large_L20_r1,1790333458.8919897,4877510.580725818,381.955,69,1395,1215,736882141154,4
matmul_large_L20_r1,1790333458.9419897,4877510.630725623,381.955,69,1395,1215,736882180928,4
matmul_large_L20_r1,1790333458.9919922,4877510.680728279,407.279,70,1410,1215,736882180928,0
matmul_large_L20_r1,1790333459.0419917,4877510.730727894,407.279,70,1410,1215,736882221965,0
matmul_large_L20_r1,1790333459.0919898,4877510.780726009,402.628,70,1410,1215,736882221965,0
matmul_large_L20_r1,1790333459.14199,4877510.830725865,402.628,70,1410,1215,736882262544,0
matmul_large_L20_r1,1790333459.1919916,4877510.88072751,402.029,70,1410,1215,736882262544,0
matmul_large_L20_r1,1790333459.2419918,4877510.930727776,402.029,70,1410,1215,736882302328,0
matmul_large_L20_r1,1790333459.2919893,4877510.980725381,383.139,69,1395,1215,736882302328,4
matmul_large_L20_r1,1790333459.341992,4877511.030727876,383.139,69,1395,1215,736882342259,4
matmul_large_L20_r1,1790333459.3919897,4877511.080725862,407.549,70,1410,1215,736882342259,0
matmul_large_L20_r1,1790333459.441989,4877511.130724977,407.549,70,1410,1215,736882382405,0
matmul_large_L20_r1,1790333459.4919918,4877511.180727892,382.547,69,1395,1215,736882382405,4
matmul_large_L20_r1,1790333459.5419896,4877511.230725687,382.547,69,1395,1215,736882422258,4
matmul_large_L20_r1,1790333459.59199,4877511.280726033,408.74,70,1410,1215,736882422258,0
matmul_large_L20_r1,1790333459.641992,4877511.330728308,408.74,70,1410,1215,736882463472,0
matmul_large_L20_r1,1790333459.6919923,4877511.380728243,409.878,70,1410,1215,736882463472,0
matmul_large_L20_r1,1790333459.7419913,4877511.430727279,409.878,70,1410,1215,736882504250,0
matmul_large_L20_r1,1790333459.7919893,4877511.480725264,390.989,70,1395,1215,736882504250,4
matmul_large_L20_r1,1790333459.8419895,4877511.53072575,390.989,70,1395,1215,736882543181,4
matmul_large_L20_r1,1790333459.8919892,4877511.580725345,387.475,70,1410,1215,736882543181,0
matmul_large_L20_r1,1790333459.9419901,4877511.63072624,387.475,70,1410,1215,736882583903,0
matmul_large_L20_r1,1790333459.9919932,4877511.680729265,403.22,70,1410,1215,736882583903,0
matmul_large_L20_r1,1790333460.041986,4877511.730722151,403.22,70,1410,1215,736882624548,0
matmul_large_L20_r1,1790333460.091992,4877511.780727736,403.22,70,1410,1215,736882624548,0
matmul_large_L20_r1,1790333460.1419916,4877511.830727641,403.22,70,1410,1215,736882665118,0
matmul_large_L20_r1,1790333460.191994,4877511.880729907,403.766,70,1395,1215,736882665118,4
matmul_large_L20_r1,1790333460.241992,4877511.930727922,403.766,70,1395,1215,736882704365,4
matmul_large_L20_r1,1790333460.2919888,4877511.980724818,388.39,69,1410,1215,736882704365,0
matmul_large_L20_r1,1790333460.341992,4877512.030728093,388.39,69,1410,1215,736882744959,0
matmul_large_L20_r1,1790333460.3919613,4877512.080697328,389.259,69,1395,1215,736882744959,4
matmul_large_L20_r1,1790333460.4419916,4877512.130727783,389.259,69,1395,1215,736882744959,4
matmul_large_L20_r1,1790333460.4919884,4877512.180724429,401.61,70,1410,1215,736882784752,0
matmul_large_L20_r1,1790333460.5419917,4877512.230727714,401.61,70,1410,1215,736882784752,0
matmul_large_L20_r1,1790333460.5919886,4877512.280724439,402.628,70,1410,1215,736882825330,0
matmul_large_L20_r1,1790333460.6419928,4877512.330728735,402.628,70,1410,1215,736882825330,0
matmul_large_L20_r1,1790333460.6919909,4877512.3807269,401.76,70,1410,1215,736882865566,0
matmul_large_L20_r1,1790333460.7419908,4877512.430726895,401.76,70,1410,1215,736882865566,0
matmul_large_L20_r1,1790333460.7919912,4877512.480727401,389.259,70,1395,1215,736882905683,4
matmul_large_L20_r1,1790333460.8419921,4877512.530728156,389.259,70,1395,1215,736882905683,4
matmul_large_L20_r1,1790333460.8919911,4877512.580727001,401.168,70,1410,1215,736882945507,0
matmul_large_L20_r1,1790333460.9419878,4877512.630723977,401.168,70,1410,1215,736882945507,0
matmul_large_L20_r1,1790333460.9919915,4877512.680727692,402.029,70,1410,1215,736882986123,0
matmul_large_L20_r1,1790333461.041988,4877512.730723947,402.029,70,1410,1215,736882986123,0
matmul_large_L20_r1,1790333461.0919917,4877512.780727503,407.879,70,1410,1215,736883026976,0
matmul_large_L20_r1,1790333461.1419911,4877512.830727188,407.879,70,1410,1215,736883026976,0
matmul_large_L20_r1,1790333461.191991,4877512.880727163,388.39,70,1395,1215,736883067321,4
matmul_large_L20_r1,1790333461.2419882,4877512.930724139,388.39,70,1395,1215,736883067321,4
matmul_large_L20_r1,1790333461.2919888,4877512.980724814,401.437,70,1410,1215,736883107113,0
matmul_large_L20_r1,1790333461.3419907,4877513.030726589,401.437,70,1410,1215,736883107113,0
matmul_large_L20_r1,1790333461.3919885,4877513.080724465,388.067,69,1395,1215,736883146479,4
matmul_large_L20_r1,1790333461.441989,4877513.13072482,388.067,69,1395,1215,736883146479,4
matmul_large_L20_r1,1790333461.4919913,4877513.180727305,403.069,70,1410,1215,736883186849,0
matmul_large_L20_r1,1790333461.5419917,4877513.230727821,403.069,70,1410,1215,736883186849,0
matmul_large_L20_r1,1790333461.5919898,4877513.280725856,403.22,70,1410,1215,736883227364,0
matmul_large_L20_r1,1790333461.6419923,4877513.330728501,403.22,70,1410,1215,736883227364,0
matmul_large_L20_r1,1790333461.6919897,4877513.380725717,402.897,70,1410,1215,736883267939,0
matmul_large_L20_r1,1790333461.74199,4877513.430726142,402.897,70,1410,1215,736883267939,0
matmul_large_L20_r1,1790333461.7919893,4877513.480725287,389.259,70,1395,1215,736883308333,4
matmul_large_L20_r1,1790333461.8419895,4877513.530725793,389.259,70,1395,1215,736883308333,4
matmul_large_L20_r1,1790333461.89199,4877513.580725998,395.917,70,1410,1215,736883347275,0
matmul_large_L20_r1,1790333461.9419897,4877513.630725573,395.917,70,1410,1215,736883347275,0
matmul_large_L20_r1,1790333461.9919887,4877513.680724749,408.74,70,1410,1215,736883388051,0
matmul_large_L20_r1,1790333462.0419924,4877513.730728524,408.74,70,1410,1215,736883388051,0
matmul_large_L20_r1,1790333462.0919893,4877513.780725209,403.766,70,1410,1215,736883429042,0
matmul_large_L20_r1,1790333462.141992,4877513.830728205,403.766,70,1410,1215,736883429042,0
matmul_large_L20_r1,1790333462.191988,4877513.88072397,403.22,70,1410,1215,736883469693,4
matmul_large_L20_r1,1790333462.2419925,4877513.930728465,403.22,70,1410,1215,736883469693,4
matmul_large_L20_r1,1790333462.2919898,4877513.980725771,382.547,69,1395,1215,736883508776,4
matmul_large_L20_r1,1790333462.3419917,4877514.030727706,382.547,69,1395,1215,736883508776,4
matmul_large_L20_r1,1790333462.391992,4877514.080728051,382.547,69,1410,1215,736883548178,0
matmul_large_L20_r1,1790333462.4419894,4877514.130725387,382.547,69,1410,1215,736883548178,0
matmul_large_L20_r1,1790333462.4919899,4877514.180725892,400.568,70,1410,1215,736883588725,0
matmul_large_L20_r1,1790333462.5419888,4877514.230724857,400.568,70,1410,1215,736883588725,0
matmul_large_L20_r1,1790333462.5919898,4877514.280725693,401.76,70,1410,1215,736883629344,0
matmul_large_L20_r1,1790333462.6419904,4877514.330726458,401.76,70,1410,1215,736883629344,0
matmul_large_L20_r1,1790333462.6919894,4877514.380725553,401.76,70,1410,1215,736883669826,0
matmul_large_L20_r1,1790333462.7419903,4877514.430726479,401.76,70,1410,1215,736883669826,0
matmul_large_L20_r1,1790333462.7919893,4877514.480725304,401.76,70,1395,1215,736883709580,4
matmul_large_L20_r1,1790333462.84199,4877514.530725979,401.76,70,1395,1215,736883709580,4
matmul_large_L20_r1,1790333462.8919923,4877514.580728525,388.667,70,1410,1215,736883749217,0
matmul_large_L20_r1,1790333462.941989,4877514.63072479,388.667,70,1410,1215,736883749217,0
matmul_large_L20_r1,1790333462.9919896,4877514.680725545,401.61,70,1410,1215,736883789829,0
matmul_large_L20_r1,1790333463.0419886,4877514.730724601,401.61,70,1410,1215,736883789829,0
matmul_large_L20_r1,1790333463.0919926,4877514.780728496,403.346,70,1410,1215,736883830433,0
matmul_large_L20_r1,1790333463.1419883,4877514.830724471,403.346,70,1410,1215,736883830433,0
matmul_large_L20_r1,1790333463.1919894,4877514.880725557,403.489,70,1410,1215,736883871017,0
matmul_large_L20_r1,1790333463.2419891,4877514.930725062,403.489,70,1410,1215,736883871017,0
matmul_large_L20_r1,1790333463.2919896,4877514.980725477,403.22,69,1395,1215,736883910085,4
matmul_large_L20_r1,1790333463.341989,4877515.030725203,403.22,69,1395,1215,736883910085,4
matmul_large_L20_r1,1790333463.3919895,4877515.080725658,387.798,70,1410,1215,736883950481,0
matmul_large_L20_r1,1790333463.4419901,4877515.130726293,387.798,70,1410,1215,736883950481,0
matmul_large_L20_r1,1790333463.49199,4877515.180726029,403.766,70,1410,1215,736883991105,0
matmul_large_L20_r1,1790333463.541992,4877515.230727964,403.766,70,1410,1215,736883991105,0
matmul_large_L20_r1,1790333463.5919895,4877515.280725649,403.489,70,1410,1215,736884031605,0
matmul_large_L20_r1,1790333463.6419902,4877515.330726245,403.489,70,1410,1215,736884031605,0
matmul_large_L20_r1,1790333463.6919885,4877515.38072458,403.489,70,1410,1215,736884072173,0
matmul_large_L20_r1,1790333463.7419899,4877515.430725815,403.489,70,1410,1215,736884072173,0
matmul_large_L20_r1,1790333463.791987,4877515.480722921,402.897,69,1395,1215,736884111005,4
matmul_large_L20_r1,1790333463.841989,4877515.530725056,402.897,69,1395,1215,736884111005,4
matmul_large_L20_r1,1790333463.8919923,4877515.580728451,381.955,70,1410,1215,736884151046,0
matmul_large_L20_r1,1790333463.9419897,4877515.630725547,381.955,70,1410,1215,736884151046,0
matmul_large_L20_r1,1790333463.9919906,4877515.680726532,402.359,70,1410,1215,736884191652,0
matmul_large_L20_r1,1790333464.0419915,4877515.730727507,402.359,70,1410,1215,736884191652,0
matmul_large_L20_r1,1790333464.0919895,4877515.780725453,402.897,70,1410,1215,736884232283,0
matmul_large_L20_r1,1790333464.1419902,4877515.830726178,402.897,70,1410,1215,736884232283,0
matmul_large_L20_r1,1790333464.1919894,4877515.880725593,402.628,70,1410,1215,736884272718,4
matmul_large_L20_r1,1790333464.2419934,4877515.930729489,402.628,70,1410,1215,736884272718,4
matmul_large_L20_r1,1790333464.291955,4877515.980690834,390.72,69,1395,1215,736884312011,4
matmul_large_L20_r1,1790333464.3419857,4877516.030721709,390.72,69,1395,1215,736884312011,4
matmul_large_L20_r1,1790333464.3919573,4877516.080693025,399.707,70,1410,1215,736884353051,0
matmul_large_L20_r1,1790333464.4419847,4877516.13072082,399.707,70,1410,1215,736884353051,0
matmul_large_L20_r1,1790333464.4919891,4877516.180725375,402.029,70,1410,1215,736884393719,0
matmul_large_L20_r1,1790333464.5419896,4877516.230725681,402.029,70,1410,1215,736884393719,0
matmul_large_L20_r1,1790333464.5919924,4877516.280728296,401.437,70,1410,1215,736884434253,0
matmul_large_L20_r1,1790333464.64199,4877516.330726001,401.437,70,1410,1215,736884434253,0
matmul_large_L20_r1,1790333464.6919925,4877516.380728717,401.437,70,1395,1215,736884474129,4
matmul_large_L20_r1,1790333464.7419925,4877516.430728542,401.437,70,1395,1215,736884474129,4
matmul_large_L20_r1,1790333464.7919917,4877516.480727837,387.475,69,1395,1215,736884513389,4
matmul_large_L20_r1,1790333464.841989,4877516.530725113,387.475,69,1395,1215,736884513389,4
matmul_large_L20_r1,1790333464.8919892,4877516.580725248,394.187,70,1410,1215,736884553995,0
matmul_large_L20_r1,1790333464.9419916,4877516.630727643,394.187,70,1410,1215,736884553995,0
matmul_large_L20_r1,1790333464.9919899,4877516.680725739,400.898,70,1410,1215,736884594558,0
matmul_large_L20_r1,1790333465.0419898,4877516.730725844,400.898,70,1410,1215,736884594558,0
matmul_large_L20_r1,1790333465.0919898,4877516.780725749,402.359,70,1395,1215,736884635065,4
matmul_large_L20_r1,1790333465.1419895,4877516.830725305,402.359,70,1395,1215,736884635065,4
matmul_large_L20_r1,1790333465.1919892,4877516.88072525,390.397,70,1410,1215,736884675316,0
matmul_large_L20_r1,1790333465.2419891,4877516.930725255,390.397,70,1410,1215,736884675316,0
matmul_large_L20_r1,1790333465.2919924,4877516.98072829,407.879,70,1395,1215,736884715577,4
matmul_large_L20_r1,1790333465.3419917,4877517.030727796,407.879,70,1395,1215,736884715577,4
matmul_large_L20_r1,1790333465.39199,4877517.080725981,384.277,69,1410,1215,736884755344,0
matmul_large_L20_r1,1790333465.4419913,4877517.130727346,384.277,69,1410,1215,736884755344,0
matmul_large_L20_r1,1790333465.4919903,4877517.180726222,408.74,70,1410,1215,736884755344,0
matmul_large_L20_r1,1790333465.5419881,4877517.230724197,408.74,70,1410,1215,736884797107,0
matmul_large_L20_r1,1790333465.5919895,4877517.280725613,409.609,70,1395,1215,736884797107,4
matmul_large_L20_r1,1790333465.6419919,4877517.330727988,409.609,70,1395,1215,736884836590,4
matmul_large_L20_r1,1790333465.6919906,4877517.380726693,389.259,70,1410,1215,736884836590,0
matmul_large_L20_r1,1790333465.7419891,4877517.430725228,389.259,70,1410,1215,736884876978,0
matmul_large_L20_r1,1790333465.7919896,4877517.480725584,390.397,69,1395,1215,736884876978,4
matmul_large_L20_r1,1790333465.8419871,4877517.530723119,390.397,69,1395,1215,736884915924,4
matmul_large_L20_r1,1790333465.8919892,4877517.580725194,395.371,70,1410,1215,736884915924,0
matmul_large_L20_r1,1790333465.9419913,4877517.63072756,395.371,70,1410,1215,736884956762,0
matmul_large_L20_r1,1790333465.9919903,4877517.680726415,408.417,70,1410,1215,736884956762,0
matmul_large_L20_r1,1790333466.0419915,4877517.730727461,408.417,70,1410,1215,736884997865,0
matmul_large_L20_r1,1790333466.0919902,4877517.780726436,396.509,70,1395,1215,736884997865,4
matmul_large_L20_r1,1790333466.1419897,4877517.830725611,396.509,70,1395,1215,736885037444,4
matmul_large_L20_r1,1790333466.1919894,4877517.880725496,396.509,70,1410,1215,736885037444,0
matmul_large_L20_r1,1790333466.2419891,4877517.930725112,396.509,70,1410,1215,736885078168,0
matmul_large_L20_r1,1790333466.2919896,4877517.980725567,408.148,70,1395,1215,736885078168,4
matmul_large_L20_r1,1790333466.3419902,4877518.030726092,408.148,70,1395,1215,736885118248,4
matmul_large_L20_r1,1790333466.3919923,4877518.080728448,388.667,70,1410,1215,736885118248,0
matmul_large_L20_r1,1790333466.4419885,4877518.130724493,388.667,70,1410,1215,736885158786,0
matmul_large_L20_r1,1790333466.49199,4877518.180726179,402.628,70,1410,1215,736885158786,0
matmul_large_L20_r1,1790333466.5419886,4877518.230724634,402.628,70,1410,1215,736885199412,0
matmul_large_L20_r1,1790333466.5919921,4877518.280728009,401.76,70,1410,1215,736885199412,0
matmul_large_L20_r1,1790333466.6419895,4877518.330725404,401.76,70,1410,1215,736885239999,0
matmul_large_L20_r1,1790333466.6919913,4877518.38072741,402.029,70,1395,1215,736885239999,4
matmul_large_L20_r1,1790333466.741989,4877518.430724875,402.029,70,1395,1215,736885278991,4
matmul_large_L20_r1,1790333466.7919898,4877518.48072576,382.278,69,1410,1215,736885278991,0
matmul_large_L20_r1,1790333466.8419883,4877518.530724406,382.278,69,1410,1215,736885319031,0
matmul_large_L20_r1,1790333466.8919892,4877518.580725311,401.437,70,1410,1215,736885319031,0
matmul_large_L20_r1,1790333466.941989,4877518.630724796,401.437,70,1410,1215,736885359618,0
matmul_large_L20_r1,1790333466.991992,4877518.680728142,401.76,70,1410,1215,736885359618,0
matmul_large_L20_r1,1790333467.0419893,4877518.730725467,401.76,70,1410,1215,736885400434,0
matmul_large_L20_r1,1790333467.0919905,4877518.780726552,407.279,70,1395,1215,736885400434,4
matmul_large_L20_r1,1790333467.1419916,4877518.830727808,407.279,70,1395,1215,736885440519,4
matmul_large_L20_r1,1790333467.191992,4877518.880728163,387.475,70,1410,1215,736885440519,0
matmul_large_L20_r1,1790333467.2419915,4877518.930727438,387.475,70,1410,1215,736885480907,0
matmul_large_L20_r1,1790333467.2919888,4877518.980724684,401.94,70,1410,1215,736885480907,0
matmul_large_L20_r1,1790333467.3419917,4877519.030727649,401.94,70,1410,1215,736885521502,0
matmul_large_L20_r1,1790333467.3919895,4877519.080725524,402.628,70,1410,1215,736885521502,0
matmul_large_L20_r1,1790333467.441992,4877519.13072805,402.628,70,1410,1215,736885562069,0
matmul_large_L20_r1,1790333467.4919903,4877519.180726375,402.628,70,1410,1215,736885562069,0
matmul_large_L20_r1,1790333467.5419922,4877519.23072827,402.628,70,1410,1215,736885602714,0
matmul_large_L10_r2,1790333476.9943419,4877528.683077751,403.22,70,1410,1215,736889343733,0
matmul_large_L10_r2,1790333477.0444565,4877528.733192805,403.22,70,1410,1215,736889383279,0
matmul_large_L10_r2,1790333477.094452,4877528.78318796,374.106,69,1395,1215,736889383279,4
matmul_large_L10_r2,1790333477.1444542,4877528.833190216,374.106,69,1395,1215,736889423060,4
matmul_large_L10_r2,1790333477.1944606,4877528.883196731,407.879,70,1410,1215,736889423060,0
matmul_large_L10_r2,1790333477.2444613,4877528.933197546,407.879,70,1410,1215,736889464141,0
matmul_large_L10_r2,1790333477.294463,4877528.983199111,403.766,70,1410,1215,736889464141,0
matmul_large_L10_r2,1790333477.3444633,4877529.033199497,403.766,70,1410,1215,736889504756,0
matmul_large_L10_r2,1790333477.3944623,4877529.083198542,403.489,70,1395,1215,736889504756,4
matmul_large_L10_r2,1790333477.444464,4877529.133199938,403.489,70,1395,1215,736889543801,4
matmul_large_L10_r2,1790333477.4944603,4877529.183196513,383.739,69,1395,1215,736889543801,4
matmul_large_L10_r2,1790333477.5444613,4877529.233197478,383.739,69,1395,1215,736889583521,4
matmul_large_L10_r2,1790333477.5944593,4877529.283195413,407.992,70,1410,1215,736889583521,0
matmul_large_L10_r2,1790333477.6444604,4877529.333196719,407.992,70,1410,1215,736889624722,0
matmul_large_L10_r2,1790333477.6944659,4877529.383201864,409.609,70,1410,1215,736889624722,0
matmul_large_L10_r2,1790333477.74446,4877529.433196029,409.609,70,1410,1215,736889665405,0
matmul_large_L10_r2,1790333477.7944627,4877529.483198805,386.068,70,1395,1215,736889665405,4
matmul_large_L10_r2,1790333477.8444626,4877529.53319869,386.068,70,1395,1215,736889704578,4
matmul_large_L10_r2,1790333477.8944612,4877529.583197196,400.03,70,1410,1215,736889704578,0
matmul_large_L10_r2,1790333477.944461,4877529.633197191,400.03,70,1410,1215,736889745325,0
matmul_large_L10_r2,1790333477.9944618,4877529.683197746,408.148,70,1395,1215,736889745325,4
matmul_large_L10_r2,1790333478.0444639,4877529.733200081,408.148,70,1395,1215,736889785172,4
matmul_large_L10_r2,1790333478.0944633,4877529.783199257,383.416,69,1395,1215,736889785172,4
matmul_large_L10_r2,1790333478.1444635,4877529.833199642,383.416,69,1395,1215,736889824704,4
matmul_large_L10_r2,1790333478.1944592,4877529.883195277,401.76,70,1410,1215,736889824704,0
matmul_large_L10_r2,1790333478.2444603,4877529.933196233,401.76,70,1410,1215,736889865241,0
matmul_large_L10_r2,1790333478.2944598,4877529.983196058,402.359,70,1410,1215,736889865241,0
matmul_large_L10_r2,1790333478.34446,4877530.033196283,402.359,70,1410,1215,736889905840,0
matmul_large_L10_r2,1790333478.3944604,4877530.083196579,401.61,70,1395,1215,736889905840,4
matmul_large_L10_r2,1790333478.444463,4877530.133199094,401.61,70,1395,1215,736889945400,4
matmul_large_L10_r2,1790333478.4944632,4877530.183199189,382.278,69,1410,1215,736889945400,0
matmul_large_L10_r2,1790333478.5444603,4877530.233196455,382.278,69,1410,1215,736889985473,0
matmul_large_L10_r2,1790333478.5944605,4877530.2831966,406.418,70,1410,1215,736889985473,0
matmul_large_L10_r2,1790333478.6444602,4877530.333196215,406.418,70,1410,1215,736890026717,0
matmul_large_L10_r2,1790333478.6944597,4877530.383195691,407.549,70,1410,1215,736890026717,0
matmul_large_L10_r2,1790333478.744461,4877530.433197126,407.549,70,1410,1215,736890067223,0
matmul_large_L10_r2,1790333478.79446,4877530.483196411,389.259,70,1395,1215,736890067223,4
matmul_large_L10_r2,1790333478.8444626,4877530.533198657,389.259,70,1395,1215,736890107299,4
matmul_large_L10_r2,1790333478.894464,4877530.583200042,402.628,70,1410,1215,736890107299,0
matmul_large_L10_r2,1790333478.9444616,4877530.633197527,402.628,70,1410,1215,736890147403,0
matmul_large_L10_r2,1790333478.9944613,4877530.683197363,384.608,69,1395,1215,736890147403,4
matmul_large_L10_r2,1790333479.0444605,4877530.733196668,384.608,69,1395,1215,736890186248,4
matmul_large_L10_r2,1790333479.0944595,4877530.783195823,392.726,70,1410,1215,736890186248,0
matmul_large_L10_r2,1790333479.1444604,4877530.833196649,392.726,70,1410,1215,736890226750,0
matmul_large_L10_r2,1790333479.1944609,4877530.883197014,403.22,70,1410,1215,736890226750,0
matmul_large_L10_r2,1790333479.2444608,4877530.933196769,403.22,70,1410,1215,736890267382,0
matmul_large_L10_r2,1790333479.294461,4877530.983197085,403.489,70,1410,1215,736890267382,0
matmul_large_L10_r2,1790333479.3444633,4877531.03319936,403.489,70,1410,1215,736890307886,0
matmul_large_L10_r2,1790333479.3944616,4877531.083197665,393.587,70,1395,1215,736890307886,4
matmul_large_L10_r2,1790333479.4444625,4877531.133198731,393.587,70,1395,1215,736890347026,4
matmul_large_L10_r2,1790333479.4944594,4877531.183195496,398.838,70,1410,1215,736890347026,0
matmul_large_L10_r2,1790333479.5444605,4877531.233196721,398.838,70,1410,1215,736890387965,0
matmul_large_L10_r2,1790333479.5944605,4877531.283196507,403.489,70,1410,1215,736890387965,0
matmul_large_L10_r2,1790333479.6444612,4877531.333197192,403.489,70,1410,1215,736890428525,0
matmul_large_L10_r2,1790333479.6944594,4877531.383195497,402.628,70,1410,1215,736890428525,0
matmul_large_L10_r2,1790333479.7444606,4877531.433196623,402.628,70,1410,1215,736890469176,0
matmul_large_L10_r2,1790333479.7944596,4877531.483195678,402.209,70,1410,1215,736890469176,0
matmul_large_L10_r2,1790333479.8444602,4877531.533196213,402.209,70,1410,1215,736890469176,0
matmul_large_L10_r2,1790333479.89446,4877531.583196029,402.628,70,1395,1215,736890510295,4
matmul_large_L10_r2,1790333479.9444633,4877531.633199374,402.628,70,1395,1215,736890510295,4
matmul_large_L10_r2,1790333479.9944618,4877531.683197779,387.475,70,1395,1215,736890549267,4
matmul_large_L10_r2,1790333480.0444603,4877531.733196335,387.475,70,1395,1215,736890549267,4
matmul_large_L10_r2,1790333480.09446,4877531.78319586,401.168,70,1410,1215,736890588881,0
matmul_large_L10_r2,1790333480.1444633,4877531.833199375,401.168,70,1410,1215,736890588881,0
matmul_large_L10_r2,1790333480.1946685,4877531.883407028,401.437,70,1410,1215,736890629462,0
matmul_large_L10_r2,1790333480.2444763,4877531.933212446,401.437,70,1410,1215,736890629462,0
matmul_large_L10_r2,1790333480.29446,4877531.983196171,401.437,70,1410,1215,736890670097,0
matmul_large_L10_r2,1790333480.3444607,4877532.033196907,401.437,70,1410,1215,736890670097,0
matmul_large_L10_r2,1790333480.3944628,4877532.083198662,381.409,69,1395,1215,736890709391,4
matmul_large_L10_r2,1790333480.4444637,4877532.133199637,381.409,69,1395,1215,736890709391,4
matmul_large_L10_r2,1790333480.4944596,4877532.183195793,400.568,70,1410,1215,736890748833,0
matmul_large_L10_r2,1790333480.5444603,4877532.233196218,400.568,70,1410,1215,736890748833,0
matmul_large_L10_r2,1790333480.5944605,4877532.283196413,401.76,70,1410,1215,736890789385,0
matmul_large_L10_r2,1790333480.6444604,4877532.333196479,401.76,70,1410,1215,736890789385,0
matmul_large_L10_r2,1790333480.6944628,4877532.383198664,401.76,70,1410,1215,736890830018,0
matmul_large_L10_r2,1790333480.74446,4877532.433196139,401.76,70,1410,1215,736890830018,0
matmul_large_L10_r2,1790333480.794461,4877532.483196885,401.76,70,1410,1215,736890870628,0
matmul_large_L10_r2,1790333480.8444629,4877532.53319894,401.76,70,1410,1215,736890870628,0
matmul_large_L10_r2,1790333480.8944614,4877532.583197545,402.359,70,1410,1215,736890911226,4
matmul_large_L10_r2,1790333480.9444692,4877532.633205281,402.359,70,1410,1215,736890911226,4
matmul_large_L10_r2,1790333480.9944599,4877532.683196066,388.667,70,1395,1215,736890950481,0
matmul_large_L10_r2,1790333481.044461,4877532.733197131,388.667,70,1395,1215,736890950481,0
matmul_large_L10_r2,1790333481.0944622,4877532.783198167,404.358,70,1410,1215,736890991184,0
matmul_large_L10_r2,1790333481.1444614,4877532.833197472,404.358,70,1410,1215,736890991184,0
matmul_large_L10_r2,1790333481.194463,4877532.883198977,403.766,70,1410,1215,736891031817,0
matmul_large_L10_r2,1790333481.2444603,4877532.933196343,403.766,70,1410,1215,736891031817,0
matmul_large_L10_r2,1790333481.2944598,4877532.983196048,385.146,70,1395,1215,736891071998,4
matmul_large_L10_r2,1790333481.3444636,4877533.033199553,385.146,70,1395,1215,736891071998,4
matmul_large_L10_r2,1790333481.3944628,4877533.083198719,387.798,69,1395,1215,736891110860,4
matmul_large_L10_r2,1790333481.4444604,4877533.133196324,387.798,69,1395,1215,736891110860,4
matmul_large_L10_r2,1790333481.4944632,4877533.183199369,403.489,70,1410,1215,736891151492,0
matmul_large_L10_r2,1790333481.5444605,4877533.233196695,403.489,70,1410,1215,736891151492,0
matmul_large_L10_r2,1790333481.594459,4877533.28319517,402.801,70,1410,1215,736891192008,0
matmul_large_L10_r2,1790333481.6444612,4877533.333197245,402.801,70,1410,1215,736891192008,0
matmul_large_L10_r2,1790333481.69446,4877533.383196131,402.801,70,1410,1215,736891232814,0
matmul_large_L10_r2,1790333481.7444608,4877533.433196956,402.801,70,1410,1215,736891232814,0
matmul_large_L10_r2,1790333481.79446,4877533.483196331,403.489,70,1410,1215,736891273261,0
matmul_large_L10_r2,1790333481.8444624,4877533.533198517,403.489,70,1410,1215,736891273261,0
matmul_large_L10_r2,1790333481.8944616,4877533.583197812,402.897,70,1395,1215,736891313223,4
matmul_large_L10_r2,1790333481.9444618,4877533.633197807,402.897,70,1395,1215,736891313223,4
matmul_large_L10_r2,1790333481.9944613,4877533.683197273,388.936,70,1410,1215,736891352875,0
matmul_large_L10_r2,1790333482.044461,4877533.733196988,388.936,70,1410,1215,736891352875,0
matmul_large_L10_r2,1790333482.0944605,4877533.783196523,400.898,70,1410,1215,736891393478,0
matmul_large_L10_r2,1790333482.14446,4877533.833196099,400.898,70,1410,1215,736891393478,0
matmul_large_L10_r2,1790333482.1944628,4877533.883198894,408.417,70,1395,1215,736891434187,4
matmul_large_L10_r2,1790333482.2444649,4877533.933200909,408.417,70,1395,1215,736891434187,4
matmul_large_L10_r2,1790333482.2944622,4877533.983198175,385.146,69,1395,1215,736891472839,4
matmul_large_L10_r2,1790333482.3444574,4877534.03319353,385.146,69,1395,1215,736891472839,4
matmul_large_L10_r2,1790333482.3944607,4877534.083196735,381.955,70,1410,1215,736891512864,0
matmul_large_L10_r2,1790333482.4444609,4877534.133196751,381.955,70,1410,1215,736891512864,0
matmul_large_L10_r2,1790333482.4944596,4877534.183195696,408.74,70,1410,1215,736891553918,0
matmul_large_L10_r2,1790333482.5444598,4877534.233195951,408.74,70,1410,1215,736891553918,0
matmul_large_L10_r2,1790333482.5944643,4877534.283200266,404.358,70,1410,1215,736891594537,0
matmul_large_L10_r2,1790333482.6444588,4877534.333194832,404.358,70,1410,1215,736891594537,0
matmul_large_L10_r2,1790333482.6944623,4877534.383198157,403.489,70,1410,1215,736891635127,0
matmul_large_L10_r2,1790333482.7444606,4877534.433196483,403.489,70,1410,1215,736891635127,0
matmul_large_L10_r2,1790333482.7944598,4877534.483195958,403.22,70,1410,1215,736891675715,0
matmul_large_L10_r2,1790333482.844461,4877534.533197103,403.22,70,1410,1215,736891675715,0
matmul_large_L10_r2,1790333482.8944592,4877534.583195129,403.22,69,1395,1215,736891714712,4
matmul_large_L10_r2,1790333482.9444618,4877534.633197804,403.22,69,1395,1215,736891714712,4
matmul_large_L10_r2,1790333482.9944634,4877534.683199629,381.955,70,1410,1215,736891754586,0
matmul_large_L10_r2,1790333483.0444624,4877534.733198514,381.955,70,1410,1215,736891754586,0
matmul_large_L10_r2,1790333483.0944574,4877534.78319337,402.628,70,1410,1215,736891795171,0
matmul_large_L10_r2,1790333483.1444628,4877534.833198965,402.628,70,1410,1215,736891795171,0
matmul_large_L10_r2,1790333483.1944625,4877534.883198471,402.478,70,1395,1215,736891835520,4
matmul_large_L10_r2,1790333483.2444603,4877534.933196236,402.478,70,1395,1215,736891835520,4
matmul_large_L10_r2,1790333483.2944624,4877534.983198531,385.146,69,1395,1215,736891874306,4
matmul_large_L10_r2,1790333483.3444602,4877535.033196417,385.146,69,1395,1215,736891874306,4
matmul_large_L10_r2,1790333483.3944633,4877535.083199252,391.588,70,1410,1215,736891914986,0
matmul_large_L10_r2,1790333483.44446,4877535.133196207,391.588,70,1410,1215,736891914986,0
matmul_large_L10_r2,1790333483.4944625,4877535.183198602,408.417,70,1410,1215,736891956054,0
matmul_large_L10_r2,1790333483.5444632,4877535.233199228,408.417,70,1410,1215,736891956054,0
matmul_large_L10_r2,1790333483.5944576,4877535.283193723,403.489,70,1410,1215,736891996638,0
matmul_large_L10_r2,1790333483.6444635,4877535.333199618,403.489,70,1410,1215,736891996638,0
matmul_large_L10_r2,1790333483.6944602,4877535.383196264,402.897,70,1410,1215,736892037170,0
matmul_large_L10_r2,1790333483.7444642,4877535.433200259,402.897,70,1410,1215,736892037170,0
matmul_large_L10_r2,1790333483.7944598,4877535.483196055,402.628,70,1395,1215,736892077573,4
matmul_large_L10_r2,1790333483.8444602,4877535.53319642,402.628,70,1395,1215,736892077573,4
matmul_large_L10_r2,1790333483.8944623,4877535.583198555,389.259,70,1395,1215,736892116735,4
matmul_large_L10_r2,1790333483.94446,4877535.63319606,389.259,70,1395,1215,736892116735,4
matmul_large_L10_r2,1790333483.9944592,4877535.683195316,382.816,69,1410,1215,736892156204,0
matmul_large_L10_r2,1790333484.0444608,4877535.733196951,382.816,69,1410,1215,736892156204,0
matmul_large_L10_r2,1790333484.094462,4877535.783197966,401.76,70,1410,1215,736892196698,0
matmul_large_L10_r2,1790333484.1444614,4877535.833197272,401.76,70,1410,1215,736892196698,0
matmul_large_L10_r2,1790333484.1944628,4877535.883198677,402.897,70,1395,1215,736892236965,4
matmul_large_L10_r2,1790333484.2444623,4877535.933198463,402.897,70,1395,1215,736892236965,4
matmul_large_L10_r2,1790333484.29446,4877535.983196128,386.068,69,1410,1215,736892276063,0
matmul_large_L10_r2,1790333484.3444633,4877536.033199353,386.068,69,1410,1215,736892276063,0
matmul_large_L10_r2,1790333484.3944578,4877536.083193928,400.299,70,1410,1215,736892316805,0
matmul_large_L10_r2,1790333484.4444609,4877536.133196814,400.299,70,1410,1215,736892316805,0
matmul_large_L10_r2,1790333484.4944625,4877536.183198519,407.992,70,1410,1215,736892357865,0
matmul_large_L10_r2,1790333484.544463,4877536.233198874,407.992,70,1410,1215,736892357865,0
matmul_large_L10_r2,1790333484.5944626,4877536.28319884,403.766,70,1410,1215,736892398728,0
matmul_large_L10_r2,1790333484.644461,4877536.333196805,403.766,70,1410,1215,736892398728,0
matmul_large_L10_r2,1790333484.6944594,4877536.383195511,408.74,70,1410,1215,736892439890,0
matmul_large_L10_r2,1790333484.7444625,4877536.433198736,408.74,70,1410,1215,736892439890,0
matmul_large_L10_r2,1790333484.7944598,4877536.483195901,400.03,70,1395,1215,736892479326,4
matmul_large_L10_r2,1790333484.8444598,4877536.533195846,400.03,70,1395,1215,736892479326,4
matmul_large_L10_r2,1790333484.8944612,4877536.583197302,397.377,70,1395,1215,736892518793,4
matmul_large_L10_r2,1790333484.9444606,4877536.633196547,397.377,70,1395,1215,736892518793,4
matmul_large_L10_r2,1790333484.9944594,4877536.683195492,387.798,70,1410,1215,736892518793,0
matmul_large_L10_r2,1790333485.0444608,4877536.733196908,387.798,70,1410,1215,736892559858,0
matmul_large_L10_r2,1790333485.094459,4877536.783195253,393.91,69,1395,1215,736892559858,4
matmul_large_L10_r2,1790333485.1444626,4877536.833198698,393.91,69,1395,1215,736892598453,4
matmul_large_L10_r2,1790333485.1944594,4877536.883195534,396.24,70,1395,1215,736892598453,4
matmul_large_L10_r2,1790333485.2444634,4877536.933199349,396.24,70,1395,1215,736892638226,4
matmul_large_L10_r2,1790333485.2944632,4877536.983199194,382.547,69,1410,1215,736892638226,0
matmul_large_L10_r2,1790333485.3444598,4877537.03319576,382.547,69,1410,1215,736892677782,0
matmul_large_L10_r2,1790333485.3944628,4877537.083198665,407.279,70,1410,1215,736892677782,0
matmul_large_L10_r2,1790333485.4444637,4877537.13319969,407.279,70,1410,1215,736892718971,0
matmul_large_L10_r2,1790333485.4944618,4877537.183197696,408.74,70,1410,1215,736892718971,0
matmul_large_L10_r2,1790333485.544463,4877537.233198981,408.74,70,1410,1215,736892760029,0
matmul_large_L10_r2,1790333485.5944593,4877537.283195536,403.22,70,1410,1215,736892760029,0
matmul_large_L10_r2,1790333485.644463,4877537.333199172,403.22,70,1410,1215,736892800694,0
matmul_large_L10_r2,1790333485.6944585,4877537.383194517,402.897,70,1410,1215,736892800694,0
matmul_large_L10_r2,1790333485.744463,4877537.433198902,402.897,70,1410,1215,736892841240,0
matmul_large_L10_r2,1790333485.7944617,4877537.483197858,403.22,70,1395,1215,736892841240,4
matmul_large_L10_r2,1790333485.84446,4877537.533196123,403.22,70,1395,1215,736892880353,4
matmul_large_L10_r2,1790333485.8944595,4877537.583195428,383.416,70,1410,1215,736892880353,0
matmul_large_L10_r2,1790333485.9444633,4877537.633199344,383.416,70,1410,1215,736892920768,0
matmul_large_L10_r2,1790333485.9944615,4877537.683197479,409.017,70,1395,1215,736892920768,4
matmul_large_L10_r2,1790333486.0444603,4877537.733196454,409.017,70,1395,1215,736892960146,4
matmul_large_L10_r2,1790333486.0944593,4877537.7831955,382.816,70,1410,1215,736892960146,0
matmul_large_L10_r2,1790333486.1444614,4877537.833197345,382.816,70,1410,1215,736893000700,0
matmul_large_L10_r2,1790333486.1944604,4877537.8831964,403.346,70,1395,1215,736893000700,4
matmul_large_L10_r2,1790333486.2444608,4877537.933196736,403.346,70,1395,1215,736893040152,4
matmul_large_L10_r2,1790333486.2944617,4877537.983197861,388.936,70,1410,1215,736893040152,0
matmul_large_L10_r2,1790333486.3444602,4877538.033196266,388.936,70,1410,1215,736893080458,0
matmul_large_L10_r2,1790333486.394463,4877538.083199212,403.22,70,1410,1215,736893080458,0
matmul_large_L10_r2,1790333486.444458,4877538.133193987,403.22,70,1410,1215,736893121067,0
matmul_large_L10_r2,1790333486.4944594,4877538.183195372,403.22,70,1410,1215,736893121067,0
matmul_large_L10_r2,1790333486.5444596,4877538.233195608,403.22,70,1410,1215,736893161827,0
matmul_large_L10_r2,1790333486.594459,4877538.283195113,408.74,70,1410,1215,736893161827,0
matmul_large_L10_r2,1790333486.6444597,4877538.333195878,408.74,70,1410,1215,736893203024,0
matmul_large_L10_r2,1790333486.6944597,4877538.383195734,409.34,70,1395,1215,736893203024,4
matmul_large_L10_r2,1790333486.74446,4877538.433196059,409.34,70,1395,1215,736893242580,4
matmul_large_L10_r2,1790333486.794462,4877538.483197924,388.667,70,1395,1215,736893242580,4
matmul_large_L10_r2,1790333486.8444624,4877538.53319849,388.667,70,1395,1215,736893282100,4
matmul_large_L10_r2,1790333486.8944597,4877538.583195655,400.299,70,1410,1215,736893282100,0
matmul_large_L10_r2,1790333486.9444613,4877538.63319733,400.299,70,1410,1215,736893322770,0
matmul_large_L10_r2,1790333486.9944627,4877538.683198666,400.03,70,1395,1215,736893322770,4
matmul_large_L5_r2,1790333496.4518714,4877548.140607268,403.489,70,1410,1215,736897100026,0
matmul_large_L5_r2,1790333496.5019622,4877548.190698362,402.897,69,1410,1215,736897100026,0
matmul_large_L5_r2,1790333496.55195,4877548.240685878,402.897,69,1410,1215,736897140238,0
matmul_large_L5_r2,1790333496.6019473,4877548.290683143,401.168,70,1410,1215,736897140238,0
matmul_large_L5_r2,1790333496.6519508,4877548.340686618,401.168,70,1410,1215,736897180488,0
matmul_large_L5_r2,1790333496.7019498,4877548.390685724,402.897,70,1410,1215,736897180488,0
matmul_large_L5_r2,1790333496.7519503,4877548.440686119,402.897,70,1410,1215,736897220958,0
matmul_large_L5_r2,1790333496.8019493,4877548.490685015,404.089,70,1410,1215,736897220958,0
matmul_large_L5_r2,1790333496.851948,4877548.54068387,404.089,70,1410,1215,736897261587,0
matmul_large_L5_r2,1790333496.9019527,4877548.590688505,404.089,70,1395,1215,736897261587,4
matmul_large_L5_r2,1790333496.9519503,4877548.64068621,404.089,70,1395,1215,736897300826,4
matmul_large_L5_r2,1790333497.0019479,4877548.690683656,388.667,69,1395,1215,736897300826,4
matmul_large_L5_r2,1790333497.0519478,4877548.740683571,388.667,69,1395,1215,736897340171,4
matmul_large_L5_r2,1790333497.1019487,4877548.790684486,399.707,70,1410,1215,736897340171,0
matmul_large_L5_r2,1790333497.151946,4877548.840681622,399.707,70,1410,1215,736897380774,0
matmul_large_L5_r2,1790333497.2019455,4877548.890681197,402.359,70,1410,1215,736897380774,0
matmul_large_L5_r2,1790333497.251946,4877548.940681713,402.359,70,1410,1215,736897421618,0
matmul_large_L5_r2,1790333497.3019493,4877548.990684868,408.148,70,1395,1215,736897421618,4
matmul_large_L5_r2,1790333497.3519511,4877549.040687063,408.148,70,1395,1215,736897461846,4
matmul_large_L5_r2,1790333497.4019492,4877549.090684948,388.936,70,1410,1215,736897461846,0
matmul_large_L5_r2,1790333497.451949,4877549.140684394,388.936,70,1410,1215,736897502084,0
matmul_large_L5_r2,1790333497.5019488,4877549.190684769,399.707,70,1395,1215,736897502084,4
matmul_large_L5_r2,1790333497.5519836,4877549.240719774,399.707,70,1395,1215,736897541042,4
matmul_large_L5_r2,1790333497.6019888,4877549.290724949,385.469,70,1410,1215,736897541042,0
matmul_large_L5_r2,1790333497.6519895,4877549.340725675,385.469,70,1410,1215,736897581669,0
matmul_large_L5_r2,1790333497.7019868,4877549.39072273,407.879,70,1410,1215,736897581669,0
matmul_large_L5_r2,1790333497.7519884,4877549.440724585,407.879,70,1410,1215,736897622861,0
matmul_large_L5_r2,1790333497.8019915,4877549.490727481,408.417,70,1410,1215,736897622861,0
matmul_large_L5_r2,1790333497.8519917,4877549.540727596,408.417,70,1410,1215,736897663598,0
matmul_large_L5_r2,1790333497.9019914,4877549.590727441,385.469,70,1395,1215,736897663598,4
matmul_large_L5_r2,1790333497.9519887,4877549.640724867,385.469,70,1395,1215,736897702428,4
matmul_large_L5_r2,1790333498.001987,4877549.690723002,388.067,70,1410,1215,736897702428,0
matmul_large_L5_r2,1790333498.0519917,4877549.740727917,388.067,70,1410,1215,736897743046,0
matmul_large_L5_r2,1790333498.101991,4877549.790726863,403.22,70,1410,1215,736897743046,0
matmul_large_L5_r2,1790333498.1519895,4877549.840725578,403.22,70,1410,1215,736897783803,0
matmul_large_L5_r2,1790333498.2019885,4877549.890724453,402.628,70,1410,1215,736897783803,0
matmul_large_L5_r2,1790333498.2519934,4877549.940729409,402.628,70,1410,1215,736897823780,0
matmul_large_L5_r2,1790333498.3019876,4877549.990723594,389.797,70,1395,1215,736897823780,4
matmul_large_L5_r2,1790333498.351992,4877550.040727789,389.797,70,1395,1215,736897863674,4
matmul_large_L5_r2,1790333498.4019914,4877550.090727544,403.22,70,1410,1215,736897863674,0
matmul_large_L5_r2,1790333498.4519885,4877550.14072459,403.22,70,1410,1215,736897903694,0
matmul_large_L5_r2,1790333498.5019886,4877550.190724645,389.528,70,1395,1215,736897903694,4
matmul_large_L5_r2,1790333498.5519905,4877550.240726551,389.528,70,1395,1215,736897943131,4
matmul_large_L5_r2,1790333498.601986,4877550.290722206,399.707,70,1410,1215,736897943131,0
matmul_large_L5_r2,1790333498.6519892,4877550.340725421,399.707,70,1410,1215,736897983948,0
matmul_large_L5_r2,1790333498.7019885,4877550.390724287,408.417,70,1410,1215,736897983948,0
matmul_large_L5_r2,1790333498.7519915,4877550.440727632,408.417,70,1410,1215,736898025034,0
matmul_large_L5_r2,1790333498.801988,4877550.490723777,403.489,70,1395,1215,736898025034,4
matmul_large_L5_r2,1790333498.8519862,4877550.540722263,403.489,70,1395,1215,736898064233,4
matmul_large_L5_r2,1790333498.9019911,4877550.590727178,382.547,70,1410,1215,736898064233,0
matmul_large_L5_r2,1790333498.9519887,4877550.640724883,382.547,70,1410,1215,736898104387,0
matmul_large_L5_r2,1790333499.0019903,4877550.690726349,402.628,70,1410,1215,736898104387,0
matmul_large_L5_r2,1790333499.0519884,4877550.740724484,402.628,70,1410,1215,736898144924,0
matmul_large_L5_r2,1790333499.1019912,4877550.790727249,403.489,70,1410,1215,736898144924,0
matmul_large_L5_r2,1790333499.1519866,4877550.840722625,403.489,70,1410,1215,736898185542,0
matmul_large_L5_r2,1790333499.2019904,4877550.8907264,403.22,70,1410,1215,736898185542,0
matmul_large_L5_r2,1790333499.2519908,4877550.940726935,403.22,70,1410,1215,736898226244,0
matmul_large_L5_r2,1790333499.3019912,4877550.99072715,403.22,70,1410,1215,736898226244,4
matmul_large_L5_r2,1790333499.3519914,4877551.040727416,403.22,70,1410,1215,736898265968,4
matmul_large_L5_r2,1790333499.4019885,4877551.090724571,387.475,70,1395,1215,736898265968,4
matmul_large_L5_r2,1790333499.4519928,4877551.140728836,387.475,70,1395,1215,736898305815,4
matmul_large_L5_r2,1790333499.501992,4877551.190727922,400.898,70,1410,1215,736898305815,0
matmul_large_L5_r2,1790333499.551993,4877551.240728857,400.898,70,1410,1215,736898345905,0
matmul_large_L5_r2,1790333499.6019886,4877551.290724653,388.936,70,1395,1215,736898345905,4
matmul_large_L5_r2,1790333499.651992,4877551.340728198,388.936,70,1395,1215,736898385839,4
matmul_large_L5_r2,1790333499.7019892,4877551.390725223,403.22,70,1410,1215,736898385839,0
matmul_large_L5_r2,1790333499.751989,4877551.440724938,403.22,70,1410,1215,736898426417,0
matmul_large_L5_r2,1790333499.8019893,4877551.490725454,403.766,70,1410,1215,736898426417,0
matmul_large_L5_r2,1790333499.8519897,4877551.540725839,403.766,70,1410,1215,736898466998,0
matmul_large_L5_r2,1790333499.9019897,4877551.590725604,404.089,70,1410,1215,736898466998,0
matmul_large_L5_r2,1790333499.9519937,4877551.64072972,404.089,70,1410,1215,736898507539,0
matmul_large_L5_r2,1790333500.0019915,4877551.690727565,403.766,70,1395,1215,736898507539,4
matmul_large_L5_r2,1790333500.051988,4877551.740723951,403.766,70,1395,1215,736898546977,4
matmul_large_L5_r2,1790333500.1019866,4877551.790722586,388.667,70,1410,1215,736898546977,0
matmul_large_L5_r2,1790333500.1519876,4877551.840723541,388.667,70,1410,1215,736898587582,0
matmul_large_L5_r2,1790333500.201989,4877551.890724836,403.22,70,1410,1215,736898587582,0
matmul_large_L5_r2,1790333500.2519872,4877551.940723182,403.22,70,1410,1215,736898628258,0
matmul_large_L5_r2,1790333500.3019886,4877551.990724557,398.838,70,1395,1215,736898628258,4
matmul_large_L5_r2,1790333500.3519871,4877552.040723242,398.838,70,1395,1215,736898667179,4
matmul_large_L5_r2,1790333500.4019597,4877552.090695698,386.068,70,1410,1215,736898667179,0
matmul_large_L5_r2,1790333500.451959,4877552.140694923,386.068,70,1410,1215,736898707844,0
matmul_large_L5_r2,1790333500.5019584,4877552.190694569,408.74,70,1410,1215,736898707844,0
matmul_large_L5_r2,1790333500.5519881,4877552.240724314,408.74,70,1410,1215,736898748700,0
matmul_large_L5_r2,1790333500.601989,4877552.290725109,391.857,70,1395,1215,736898748700,4
matmul_large_L5_r2,1790333500.6519923,4877552.340728404,391.857,70,1395,1215,736898788125,4
matmul_large_L5_r2,1790333500.7019913,4877552.3907275,398.838,70,1410,1215,736898788125,0
matmul_large_L5_r2,1790333500.7519896,4877552.440725435,398.838,70,1410,1215,736898828880,0
matmul_large_L5_r2,1790333500.8019917,4877552.49072761,407.279,70,1410,1215,736898828880,0
matmul_large_L5_r2,1790333500.851992,4877552.540727846,407.279,70,1410,1215,736898870101,0
matmul_large_L5_r2,1790333500.9019897,4877552.590725781,407.879,70,1410,1215,736898870101,0
matmul_large_L5_r2,1790333500.9519885,4877552.640724586,407.879,70,1410,1215,736898910130,0
matmul_large_L5_r2,1790333501.0019915,4877552.690727602,383.139,70,1395,1215,736898910130,4
matmul_large_L5_r2,1790333501.0519912,4877552.740727367,383.139,70,1395,1215,736898949125,4
matmul_large_L5_r2,1790333501.1019912,4877552.790727302,397.7,70,1410,1215,736898949125,0
matmul_large_L5_r2,1790333501.1519866,4877552.840722768,397.7,70,1410,1215,736898989902,0
matmul_large_L5_r2,1790333501.2019892,4877552.890725143,407.279,70,1395,1215,736898989902,4
matmul_large_L5_r2,1790333501.2519917,4877552.940727858,407.279,70,1395,1215,736899029483,4
matmul_large_L5_r2,1790333501.301989,4877552.990725064,382.278,69,1395,1215,736899029483,4
matmul_large_L5_r2,1790333501.3519607,4877553.040696519,382.278,69,1395,1215,736899068794,4
matmul_large_L5_r2,1790333501.4019914,4877553.090727434,401.76,70,1410,1215,736899068794,0
matmul_large_L5_r2,1790333501.451989,4877553.14072511,401.76,70,1410,1215,736899109371,0
matmul_large_L2_r4,1790333510.893586,4877562.582321854,403.346,70,1410,1215,736902846087,0
matmul_large_L2_r4,1790333510.9436934,4877562.632429348,403.346,70,1410,1215,736902885604,0
matmul_large_L2_r4,1790333510.9936912,4877562.682427033,399.107,70,1410,1215,736902885604,0
matmul_large_L2_r4,1790333511.043698,4877562.732434268,399.107,70,1410,1215,736902926195,0
matmul_large_L2_r4,1790333511.0937,4877562.782435924,401.168,70,1410,1215,736902926195,0
matmul_large_L2_r4,1790333511.1437025,4877562.832438499,401.168,70,1410,1215,736902967078,0
matmul_large_L2_r4,1790333511.1936996,4877562.882435655,407.279,70,1410,1215,736902967078,0
matmul_large_L2_r4,1790333511.243703,4877562.93243895,407.279,70,1410,1215,736903007068,0
matmul_large_L2_r4,1790333511.2937005,4877562.982436425,383.416,70,1395,1215,736903007068,4
matmul_large_L2_r4,1790333511.3437037,4877563.032439731,383.416,70,1395,1215,736903046009,4
matmul_large_L2_r4,1790333511.3937001,4877563.082436126,398.246,70,1410,1215,736903046009,0
matmul_large_L2_r4,1790333511.4437027,4877563.132438931,398.246,70,1410,1215,736903086835,0
matmul_large_L2_r4,1790333511.4937003,4877563.182436497,409.017,70,1410,1215,736903086835,0
matmul_large_L2_r4,1790333511.5437002,4877563.232436272,409.017,70,1410,1215,736903086835,0
matmul_large_L2_r4,1790333511.5937,4877563.282435937,407.879,70,1410,1215,736903128661,0
matmul_large_L2_r4,1790333511.6437008,4877563.332436912,407.879,70,1410,1215,736903128661,0
matmul_large_L2_r4,1790333511.6937037,4877563.382439768,384.877,70,1395,1215,736903168391,4
matmul_large_L2_r4,1790333511.743701,4877563.432437043,384.877,70,1395,1215,736903168391,4
matmul_large_L2_r4,1790333511.7937012,4877563.482437059,402.359,70,1410,1215,736903207486,0
matmul_large_L2_r4,1790333511.843703,4877563.532439044,402.359,70,1410,1215,736903207486,0
matmul_large_L2_r4,1790333511.8937032,4877563.582439179,383.739,69,1395,1215,736903247473,0
matmul_large_L2_r4,1790333511.9437008,4877563.632436825,383.739,69,1395,1215,736903247473,0
matmul_large_L2_r4,1790333511.9937034,4877563.68243936,407.879,70,1410,1215,736903287427,0
matmul_large_L2_r4,1790333512.0437012,4877563.732437195,407.879,70,1410,1215,736903287427,0
matmul_large_L2_r4,1790333512.0937004,4877563.78243632,409.017,70,1410,1215,736903328634,0
matmul_large_L2_r4,1790333512.143701,4877563.832437166,409.017,70,1410,1215,736903328634,0
matmul_large_L2_r4,1790333512.1936998,4877563.882435811,389.259,70,1395,1215,736903369226,4
matmul_large_L2_r4,1790333512.2437012,4877563.932437346,389.259,70,1395,1215,736903369226,4
matmul_large_L2_r4,1790333512.2937024,4877563.982438532,386.068,70,1395,1215,736903408749,4
matmul_large_L2_r4,1790333512.3437002,4877564.032436227,386.068,70,1395,1215,736903408749,4
matmul_large_L2_r4,1790333512.393704,4877564.082439992,382.547,69,1410,1215,736903448471,0
matmul_large_L2_r4,1790333512.443701,4877564.132437118,382.547,69,1410,1215,736903448471,0
matmul_large_L2_r4,1790333512.4937034,4877564.182439383,407.279,70,1410,1215,736903488171,0
matmul_large_L2_r4,1790333512.5437012,4877564.232437348,407.279,70,1410,1215,736903488171,0
matmul_large_L2_r4,1790333512.5937004,4877564.282436424,407.879,70,1410,1215,736903529411,0
matmul_large_L2_r4,1790333512.6437008,4877564.332436789,407.879,70,1410,1215,736903529411,0
matmul_large_L2_r4,1790333512.6937008,4877564.382436864,383.416,70,1395,1215,736903569572,4
matmul_large_L2_r4,1790333512.743701,4877564.43243693,383.416,70,1395,1215,736903569572,4
matmul_large_L2_r4,1790333512.7937,4877564.482436235,407.549,70,1395,1215,736903609937,4
matmul_large_L2_r4,1790333512.8437004,4877564.532436631,407.549,70,1395,1215,736903609937,4
matmul_large_L2_r4,1790333512.8937004,4877564.582436406,382.547,69,1410,1215,736903649371,0
matmul_large_L5_r3,1790333522.32642,4877574.015155722,409.878,70,1410,1215,736907389914,0
matmul_large_L5_r3,1790333522.3765326,4877574.065268676,374.698,69,1395,1215,736907430126,4
matmul_large_L5_r3,1790333522.4265344,4877574.115270391,374.698,69,1395,1215,736907430126,4
matmul_large_L5_r3,1790333522.4765263,4877574.165262357,408.74,70,1410,1215,736907469143,0
matmul_large_L5_r3,1790333522.5265353,4877574.215271232,408.74,70,1410,1215,736907469143,0
matmul_large_L5_r3,1790333522.5765398,4877574.265275797,408.74,70,1395,1215,736907511730,4
matmul_large_L5_r3,1790333522.6265357,4877574.315271753,408.74,70,1395,1215,736907511730,4
matmul_large_L5_r3,1790333522.676539,4877574.365274818,384.008,70,1395,1215,736907549907,4
matmul_large_L5_r3,1790333522.7265353,4877574.415271463,384.008,70,1395,1215,736907549907,4
matmul_large_L5_r3,1790333522.7765386,4877574.465274729,381.409,69,1410,1215,736907589836,0
matmul_large_L5_r3,1790333522.826535,4877574.515271024,381.409,69,1410,1215,736907589836,0
matmul_large_L5_r3,1790333522.87654,4877574.565275999,408.74,70,1410,1215,736907629066,0
matmul_large_L5_r3,1790333522.9265351,4877574.615271164,408.74,70,1410,1215,736907629066,0
matmul_large_L5_r3,1790333522.976541,4877574.66527698,403.489,70,1410,1215,736907670265,0
matmul_large_L5_r3,1790333523.0265357,4877574.715271625,403.489,70,1410,1215,736907670265,0
matmul_large_L5_r3,1790333523.0765412,4877574.76527727,409.017,70,1410,1215,736907710995,0
matmul_large_L5_r3,1790333523.1265352,4877574.815271216,409.017,70,1410,1215,736907710995,0
matmul_large_L5_r3,1790333523.1765404,4877574.865276401,409.609,70,1410,1215,736907752521,0
matmul_large_L5_r3,1790333523.226536,4877574.915271867,409.609,70,1410,1215,736907752521,0
matmul_large_L5_r3,1790333523.2765417,4877574.965277672,383.739,70,1395,1215,736907792387,4
matmul_large_L5_r3,1790333523.3265355,4877575.015271547,383.739,70,1395,1215,736907792387,4
matmul_large_L5_r3,1790333523.3765383,4877575.065274442,383.416,69,1410,1215,736907832359,0
matmul_large_L5_r3,1790333523.426535,4877575.115270898,383.416,69,1410,1215,736907832359,0
matmul_large_L5_r3,1790333523.4765425,4877575.165278443,408.74,70,1410,1215,736907871568,0
matmul_large_L5_r3,1790333523.5265348,4877575.215270999,408.74,70,1410,1215,736907871568,0
matmul_large_L5_r3,1790333523.5765383,4877575.265274294,388.39,70,1395,1215,736907912934,4
matmul_large_L5_r3,1790333523.6265347,4877575.315270769,388.39,70,1395,1215,736907912934,4
matmul_large_L5_r3,1790333523.6765382,4877575.365274145,381.409,69,1395,1215,736907951802,4
matmul_large_L5_r3,1790333523.7265365,4877575.41527241,381.409,69,1395,1215,736907951802,4
matmul_large_L5_r3,1790333523.7765417,4877575.465277705,407.879,70,1410,1215,736907991763,0
matmul_large_L5_r3,1790333523.8265355,4877575.51527147,407.879,70,1410,1215,736907991763,0
matmul_large_L5_r3,1790333523.8765383,4877575.565274386,407.992,70,1410,1215,736908032583,0
matmul_large_L5_r3,1790333523.926536,4877575.615272171,407.992,70,1410,1215,736908032583,0
matmul_large_L5_r3,1790333523.976539,4877575.665274806,403.069,70,1410,1215,736908074187,0
matmul_large_L5_r3,1790333524.0265357,4877575.715271802,403.069,70,1410,1215,736908074187,0
matmul_large_L5_r3,1790333524.0765388,4877575.765274827,403.069,70,1410,1215,736908114580,0
matmul_large_L5_r3,1790333524.1265357,4877575.815271603,403.069,70,1410,1215,736908114580,0
matmul_large_L5_r3,1790333524.1765382,4877575.865274228,402.628,70,1410,1215,736908156194,0
matmul_large_L5_r3,1790333524.2265353,4877575.915271593,402.628,70,1410,1215,736908156194,0
matmul_large_L5_r3,1790333524.2765393,4877575.965275538,403.489,70,1395,1215,736908194570,4
matmul_large_L5_r3,1790333524.3265119,4877576.015247994,403.489,70,1395,1215,736908194570,4
matmul_large_L5_r3,1790333524.3765404,4877576.065276499,387.475,69,1410,1215,736908234257,0
matmul_large_L5_r3,1790333524.4265044,4877576.115240525,387.475,69,1410,1215,736908234257,0
matmul_large_L5_r3,1790333524.476541,4877576.16527699,396.785,70,1410,1215,736908274263,0
matmul_large_L5_r3,1790333524.526503,4877576.215239185,396.785,70,1410,1215,736908274263,0
matmul_large_L5_r3,1790333524.5765383,4877576.26527449,401.61,70,1395,1215,736908314753,4
matmul_large_L5_r3,1790333524.6265032,4877576.315239146,401.61,70,1395,1215,736908314753,4
matmul_large_L5_r3,1790333524.676539,4877576.365274901,384.277,69,1395,1215,736908353664,4
matmul_large_L5_r3,1790333524.7265036,4877576.415239657,384.277,69,1395,1215,736908353664,4
matmul_large_L5_r3,1790333524.7765417,4877576.465277862,383.139,70,1410,1215,736908393985,0
matmul_large_L5_r3,1790333524.8265042,4877576.515240268,383.139,70,1410,1215,736908393985,0
matmul_large_L5_r3,1790333524.8765392,4877576.565275192,408.74,70,1410,1215,736908434680,0
matmul_large_L5_r3,1790333524.926504,4877576.615240028,408.74,70,1410,1215,736908434680,0
matmul_large_L5_r3,1790333524.9765394,4877576.665275413,403.766,70,1410,1215,736908475810,0
matmul_large_L5_r3,1790333525.0265415,4877576.715277688,403.766,70,1410,1215,736908475810,0
matmul_large_L5_r3,1790333525.0765386,4877576.765274574,403.766,70,1410,1215,736908515971,0
matmul_large_L5_r3,1790333525.1265419,4877576.815277919,403.766,70,1410,1215,736908515971,0
matmul_large_L5_r3,1790333525.1765385,4877576.865274384,403.489,70,1410,1215,736908557013,0
matmul_large_L5_r3,1790333525.2265413,4877576.91527725,403.489,70,1410,1215,736908557013,0
matmul_large_L5_r3,1790333525.2765417,4877576.965277695,404.089,70,1395,1215,736908557013,4
matmul_large_L5_r3,1790333525.3265395,4877577.01527564,404.089,70,1395,1215,736908597165,4
matmul_large_L5_r3,1790333525.3765383,4877577.065274486,388.936,70,1410,1215,736908597165,0
matmul_large_L5_r3,1790333525.4265413,4877577.115277481,388.936,70,1410,1215,736908636278,0
matmul_large_L5_r3,1790333525.476541,4877577.165277066,402.029,70,1410,1215,736908636278,0
matmul_large_L5_r3,1790333525.5265377,4877577.215273882,402.029,70,1410,1215,736908676451,0
matmul_large_L5_r3,1790333525.5765386,4877577.265274797,403.22,70,1395,1215,736908676451,4
matmul_large_L5_r3,1790333525.6265395,4877577.315275562,403.22,70,1395,1215,736908716619,4
matmul_large_L5_r3,1790333525.6765378,4877577.365273828,383.139,69,1410,1215,736908716619,0
matmul_large_L5_r3,1790333525.7265415,4877577.415277673,383.139,69,1410,1215,736908755099,0
matmul_large_L5_r3,1790333525.7765384,4877577.465274508,400.898,70,1410,1215,736908755099,0
matmul_large_L5_r3,1790333525.8265424,4877577.515278434,400.898,70,1410,1215,736908796029,0
matmul_large_L5_r3,1790333525.8765404,4877577.565276549,402.628,70,1410,1215,736908796029,0
matmul_large_L5_r3,1790333525.9265387,4877577.615274864,402.628,70,1410,1215,736908836200,0
matmul_large_L5_r3,1790333525.9765391,4877577.66527522,402.209,70,1410,1215,736908836200,0
matmul_large_L5_r3,1790333526.0265408,4877577.715276835,402.209,70,1410,1215,736908877138,0
matmul_large_L5_r3,1790333526.076541,4877577.76527694,402.628,70,1410,1215,736908877138,0
matmul_large_L5_r3,1790333526.126541,4877577.815276906,402.628,70,1410,1215,736908917380,0
matmul_large_L5_r3,1790333526.1765406,4877577.865276641,402.628,70,1410,1215,736908917380,0
matmul_large_L5_r3,1790333526.2265384,4877577.915274536,402.628,70,1410,1215,736908957466,0
matmul_large_L5_r3,1790333526.2765424,4877577.965278622,408.74,70,1395,1215,736908957466,4
matmul_large_L5_r3,1790333526.3265414,4877578.015277447,408.74,70,1395,1215,736908997284,4
matmul_large_L5_r3,1790333526.3765395,4877578.065275452,388.936,70,1410,1215,736908997284,0
matmul_large_L5_r3,1790333526.426539,4877578.115274968,388.936,70,1410,1215,736909037550,0
matmul_large_L5_r3,1790333526.4765418,4877578.165277673,409.017,70,1395,1215,736909037550,4
matmul_large_L5_r3,1790333526.5265388,4877578.215274708,409.017,70,1395,1215,736909076896,4
matmul_large_L5_r3,1790333526.5765378,4877578.265274014,383.416,69,1410,1215,736909076896,0
matmul_large_L5_r3,1790333526.6265361,4877578.315272349,383.416,69,1410,1215,736909116248,0
matmul_large_L5_r3,1790333526.6765385,4877578.365274514,400.898,70,1410,1215,736909116248,0
matmul_large_L5_r3,1790333526.7265384,4877578.4152745,400.898,70,1410,1215,736909156934,0
matmul_large_L5_r3,1790333526.7765422,4877578.465278175,408.417,70,1410,1215,736909156934,0
matmul_large_L5_r3,1790333526.8265386,4877578.51527464,408.417,70,1410,1215,736909197974,0
matmul_large_L5_r3,1790333526.8765385,4877578.565274756,389.797,70,1395,1215,736909197974,4
matmul_large_L5_r3,1790333526.9265406,4877578.615276571,389.797,70,1395,1215,736909237096,4
matmul_large_L5_r3,1790333526.9765415,4877578.665277486,400.568,70,1410,1215,736909237096,0
matmul_large_L5_r3,1790333527.0265393,4877578.715275302,400.568,70,1410,1215,736909278274,0
matmul_large_L5_r3,1790333527.0765383,4877578.765274537,401.76,70,1410,1215,736909278274,0
matmul_large_L5_r3,1790333527.1265414,4877578.815277302,401.76,70,1410,1215,736909318900,0
matmul_large_L5_r3,1790333527.1765378,4877578.865273818,407.879,70,1410,1215,736909318900,0
matmul_large_L5_r3,1790333527.2265387,4877578.915274723,407.879,70,1410,1215,736909360097,0
matmul_large_L5_r3,1790333527.2765415,4877578.965277558,389.797,70,1395,1215,736909360097,4
matmul_large_L5_r3,1790333527.326539,4877579.015275044,389.797,70,1395,1215,736909399231,4
matmul_large_L2_r2,1790333536.7660825,4877588.454818571,382.278,70,1410,1215,736913139238,0
matmul_large_L2_r2,1790333536.8161948,4877588.504930915,402.897,69,1410,1215,736913179035,0
matmul_large_L2_r2,1790333536.8661964,4877588.554932561,402.897,69,1410,1215,736913179035,0
matmul_large_L2_r2,1790333536.9161937,4877588.604929706,395.371,70,1410,1215,736913219593,0
matmul_large_L2_r2,1790333536.9661968,4877588.654932911,395.371,70,1410,1215,736913219593,0
matmul_large_L2_r2,1790333537.0162015,4877588.704937567,403.22,70,1410,1215,736913260203,0
matmul_large_L2_r2,1790333537.066198,4877588.754933982,403.22,70,1410,1215,736913260203,0
matmul_large_L2_r2,1790333537.1162014,4877588.804937547,403.766,70,1410,1215,736913300895,0
matmul_large_L2_r2,1790333537.1661975,4877588.854933623,403.766,70,1410,1215,736913300895,0
matmul_large_L2_r2,1790333537.216204,4877588.904939988,403.489,70,1395,1215,736913340463,4
matmul_large_L2_r2,1790333537.2662032,4877588.954939103,403.489,70,1395,1215,736913340463,4
matmul_large_L2_r2,1790333537.3162014,4877589.004937559,388.067,70,1410,1215,736913381128,0
matmul_large_L2_r2,1790333537.3662035,4877589.054939714,388.067,70,1410,1215,736913381128,0
matmul_large_L2_r2,1790333537.4162037,4877589.104939869,404.358,70,1410,1215,736913421768,0
matmul_large_L2_r2,1790333537.4662035,4877589.154939535,404.358,70,1410,1215,736913421768,0
matmul_large_L2_r2,1790333537.5161645,4877589.20490044,403.489,70,1395,1215,736913461776,4
matmul_large_L2_r2,1790333537.5661945,4877589.254930505,403.489,70,1395,1215,736913461776,4
matmul_large_L2_r2,1790333537.6161666,4877589.304902511,388.667,70,1395,1215,736913501436,0
matmul_large_L2_r2,1790333537.666162,4877589.354897696,388.667,70,1395,1215,736913501436,0
matmul_large_L2_r2,1790333537.7161608,4877589.404896432,400.898,70,1410,1215,736913542801,0
matmul_large_L2_r2,1790333537.7661614,4877589.454897207,400.898,70,1410,1215,736913542801,0
matmul_large_L2_r2,1790333537.8161602,4877589.504895902,409.34,70,1395,1215,736913582424,4
matmul_large_L2_r2,1790333537.8661964,4877589.554932487,409.34,70,1395,1215,736913582424,4
matmul_large_L2_r2,1790333537.9162045,4877589.604940623,383.416,70,1410,1215,736913622946,0
matmul_large_L2_r2,1790333537.9662004,4877589.654936378,383.416,70,1410,1215,736913622946,0
matmul_large_L2_r2,1790333538.0162039,4877589.704939933,402.897,70,1410,1215,736913663218,0
matmul_large_L2_r2,1790333538.0661979,4877589.754933699,402.897,70,1410,1215,736913663218,0
matmul_large_L2_r2,1790333538.116201,4877589.804937054,402.628,70,1410,1215,736913704080,0
matmul_large_L2_r2,1790333538.1661978,4877589.854933689,402.628,70,1410,1215,736913704080,0
matmul_large_L2_r2,1790333538.2162018,4877589.904937695,402.628,70,1410,1215,736913744521,0
matmul_large_L2_r2,1790333538.2661974,4877589.95493345,402.628,70,1410,1215,736913744521,0
matmul_large_L2_r2,1790333538.3162045,4877590.004940555,402.029,70,1410,1215,736913785151,0
matmul_large_L2_r2,1790333538.3662007,4877590.054936721,402.029,70,1410,1215,736913785151,0
matmul_large_L2_r2,1790333538.4162035,4877590.104939536,402.029,70,1395,1215,736913824514,4
matmul_large_L2_r2,1790333538.4662044,4877590.154940361,402.029,70,1395,1215,736913824514,4
matmul_large_L2_r2,1790333538.5162048,4877590.204940956,381.955,69,1410,1215,736913864326,0
matmul_large_L2_r2,1790333538.5662003,4877590.254936292,381.955,69,1410,1215,736913864326,0
matmul_large_L2_r2,1790333538.616201,4877590.304937007,406.856,70,1410,1215,736913905024,0
matmul_large_L2_r2,1790333538.6662037,4877590.354939692,406.856,70,1410,1215,736913905024,0
matmul_large_L2_r2,1790333538.716202,4877590.404938118,384.277,69,1395,1215,736913944344,4
matmul_large_L2_r2,1790333538.7662039,4877590.454939863,384.277,69,1395,1215,736913944344,4
matmul_large_L1_r1,1790333548.207653,4877599.896389049,389.259,70,1410,1215,736917681463,0
matmul_large_L1_r1,1790333548.2577622,4877599.946498323,389.259,70,1410,1215,736917721715,0
matmul_large_L1_r1,1790333548.3077695,4877599.996505628,352.564,70,1410,1215,736917721715,0
matmul_large_L1_r1,1790333548.3577652,4877600.046500984,352.564,70,1410,1215,736917761844,0
matmul_large_L1_r1,1790333548.4077713,4877600.096507369,402.628,70,1410,1215,736917761844,0
matmul_large_L1_r1,1790333548.4577749,4877600.146511004,402.628,70,1410,1215,736917802659,0
matmul_large_L1_r1,1790333548.5077734,4877600.19650954,408.315,70,1395,1215,736917802659,4
matmul_large_L1_r1,1790333548.5577714,4877600.246507685,408.315,70,1395,1215,736917843047,4
matmul_large_L1_r1,1790333548.607774,4877600.2965099,387.798,70,1410,1215,736917843047,0
matmul_large_L1_r1,1790333548.657772,4877600.346508126,387.798,70,1410,1215,736917882876,0
matmul_large_L1_r1,1790333548.7077713,4877600.396507561,402.029,70,1410,1215,736917882876,0
matmul_large_L1_r1,1790333548.7577715,4877600.446507466,402.029,70,1410,1215,736917923450,0
matmul_large_L1_r1,1790333548.8077724,4877600.496508361,402.628,70,1410,1215,736917923450,0
matmul_large_L1_r1,1790333548.857773,4877600.546509067,402.628,70,1410,1215,736917964315,0
matmul_large_L1_r1,1790333548.9077716,4877600.596507782,395.648,70,1395,1215,736917964315,4
matmul_large_L1_r1,1790333548.957771,4877600.646507148,395.648,70,1395,1215,736918003704,4
matmul_large_L1_r1,1790333549.007774,4877600.696510373,404.805,70,1395,1215,736918003704,4
matmul_large_L1_r1,1790333549.0577743,4877600.746510428,404.805,70,1395,1215,736918044212,4
matmul_large_L1_r1,1790333549.1077712,4877600.796507194,390.128,70,1395,1215,736918044212,4
matmul_large_L1_r1,1790333549.1577713,4877600.846507419,390.128,70,1395,1215,736918083820,4
matmul_large_L1_r1,1790333549.207774,4877600.896510054,402.029,70,1410,1215,736918083820,0
matmul_large_L10_r1,1790333558.6327558,4877610.321491539,402.628,70,1410,1215,736921861692,0
matmul_large_L10_r1,1790333558.6828673,4877610.371603383,402.359,70,1410,1215,736921861692,0
matmul_large_L10_r1,1790333558.7328665,4877610.421602629,402.359,70,1410,1215,736921901356,0
matmul_large_L10_r1,1790333558.782866,4877610.471601984,402.628,70,1410,1215,736921901356,0
matmul_large_L10_r1,1790333558.8328745,4877610.521610459,402.628,70,1410,1215,736921941992,0
matmul_large_L10_r1,1790333558.8828738,4877610.571609874,402.897,70,1410,1215,736921941992,0
matmul_large_L10_r1,1790333558.9328768,4877610.62161288,402.897,70,1410,1215,736921982705,0
matmul_large_L10_r1,1790333558.9828763,4877610.671612485,402.628,70,1395,1215,736921982705,4
matmul_large_L10_r1,1790333559.032876,4877610.721612121,402.628,70,1395,1215,736922021849,4
matmul_large_L10_r1,1790333559.0828836,4877610.771619676,382.278,70,1410,1215,736922021849,0
matmul_large_L10_r1,1790333559.132876,4877610.821611951,382.278,70,1410,1215,736922061853,0
matmul_large_L10_r1,1790333559.182873,4877610.871609027,408.148,70,1395,1215,736922061853,4
matmul_large_L10_r1,1790333559.2328763,4877610.921612462,408.148,70,1395,1215,736922101690,4
matmul_large_L10_r1,1790333559.2828748,4877610.971610837,383.139,69,1410,1215,736922101690,0
matmul_large_L10_r1,1790333559.3328748,4877611.021610822,383.139,69,1410,1215,736922141177,0
matmul_large_L10_r1,1790333559.3828754,4877611.071611588,401.437,70,1410,1215,736922141177,0
matmul_large_L10_r1,1790333559.4328792,4877611.121615103,401.437,70,1410,1215,736922181729,0
matmul_large_L10_r1,1790333559.482877,4877611.171612938,403.766,70,1410,1215,736922181729,0
matmul_large_L10_r1,1790333559.532875,4877611.221611104,403.766,70,1410,1215,736922222331,0
matmul_large_L10_r1,1790333559.5828745,4877611.271610619,404.089,70,1410,1215,736922222331,0
matmul_large_L10_r1,1790333559.6328776,4877611.321613735,404.089,70,1410,1215,736922262904,0
matmul_large_L10_r1,1790333559.6828752,4877611.37161119,404.089,70,1410,1215,736922262904,0
matmul_large_L10_r1,1790333559.7328732,4877611.421609165,404.089,70,1410,1215,736922303505,0
matmul_large_L10_r1,1790333559.7828772,4877611.47161324,404.089,70,1410,1215,736922303505,0
matmul_large_L10_r1,1790333559.8328779,4877611.521613766,404.089,70,1410,1215,736922344155,0
matmul_large_L10_r1,1790333559.8828776,4877611.571613641,404.089,70,1410,1215,736922344155,4
matmul_large_L10_r1,1790333559.9328756,4877611.621611566,404.089,70,1410,1215,736922384401,4
matmul_large_L10_r1,1790333559.982878,4877611.671613972,388.667,70,1395,1215,736922384401,4
matmul_large_L10_r1,1790333560.032877,4877611.721613147,388.667,70,1395,1215,736922423592,4
matmul_large_L10_r1,1790333560.082877,4877611.771613062,384.008,70,1410,1215,736922423592,0
matmul_large_L10_r1,1790333560.1328785,4877611.821614708,384.008,70,1410,1215,736922464085,0
matmul_large_L10_r1,1790333560.1828775,4877611.871613543,408.417,70,1395,1215,736922464085,4
matmul_large_L10_r1,1790333560.2328773,4877611.921613398,408.417,70,1395,1215,736922503840,4
matmul_large_L10_r1,1790333560.2828753,4877611.971611364,383.416,69,1395,1215,736922503840,4
matmul_large_L10_r1,1790333560.3328779,4877612.021613779,383.416,69,1395,1215,736922543264,4
matmul_large_L10_r1,1790333560.3828757,4877612.071611674,401.76,70,1410,1215,736922543264,0
matmul_large_L10_r1,1790333560.4328752,4877612.12161136,401.76,70,1410,1215,736922584049,0
matmul_large_L10_r1,1790333560.4828744,4877612.171610405,408.148,70,1410,1215,736922584049,0
matmul_large_L10_r1,1790333560.5328777,4877612.22161362,408.148,70,1410,1215,736922625112,0
matmul_large_L10_r1,1790333560.5828755,4877612.271611486,403.22,70,1410,1215,736922625112,0
matmul_large_L10_r1,1790333560.6328785,4877612.321614551,403.22,70,1410,1215,736922665720,0
matmul_large_L10_r1,1790333560.6828752,4877612.371611306,402.628,70,1410,1215,736922665720,0
matmul_large_L10_r1,1790333560.7328749,4877612.421610802,402.628,70,1410,1215,736922706381,0
matmul_large_L10_r1,1790333560.7828774,4877612.471613367,402.359,70,1410,1215,736922706381,0
matmul_large_L10_r1,1790333560.8328793,4877612.521615312,402.359,70,1410,1215,736922746541,0
matmul_large_L10_r1,1790333560.8828726,4877612.571608588,384.877,70,1395,1215,736922746541,4
matmul_large_L10_r1,1790333560.9328752,4877612.621611233,384.877,70,1395,1215,736922785935,4
matmul_large_L10_r1,1790333560.982878,4877612.671613988,404.958,70,1395,1215,736922785935,4
matmul_large_L10_r1,1790333561.032878,4877612.721613924,404.958,70,1395,1215,736922825482,4
matmul_large_L10_r1,1790333561.0828748,4877612.771610999,389.259,70,1410,1215,736922825482,0
matmul_large_L10_r1,1790333561.1328778,4877612.821613864,389.259,70,1410,1215,736922865519,0
matmul_large_L10_r1,1790333561.182875,4877612.87161088,385.738,69,1395,1215,736922865519,4
matmul_large_L10_r1,1790333561.2328758,4877612.921611825,385.738,69,1395,1215,736922904686,4
matmul_large_L10_r1,1790333561.282879,4877612.97161516,400.299,70,1410,1215,736922904686,0
matmul_large_L10_r1,1790333561.3328774,4877613.021613346,400.299,70,1410,1215,736922904686,0
matmul_large_L10_r1,1790333561.3828743,4877613.071610461,408.148,70,1410,1215,736922945840,0
matmul_large_L10_r1,1790333561.4328752,4877613.121611256,408.148,70,1410,1215,736922945840,0
matmul_large_L10_r1,1790333561.482875,4877613.171611102,403.766,70,1410,1215,736922986538,0
matmul_large_L10_r1,1790333561.5328748,4877613.221610767,403.766,70,1410,1215,736922986538,0
matmul_large_L10_r1,1790333561.5828762,4877613.271612322,403.489,70,1410,1215,736923027222,0
matmul_large_L10_r1,1790333561.6328773,4877613.321613408,403.489,70,1410,1215,736923027222,0
matmul_large_L10_r1,1790333561.6828747,4877613.371610793,409.34,70,1410,1215,736923068122,0
matmul_large_L10_r1,1790333561.7328775,4877613.421613698,409.34,70,1410,1215,736923068122,0
matmul_large_L10_r1,1790333561.7828739,4877613.471610014,387.198,70,1395,1215,736923108792,4
matmul_large_L10_r1,1790333561.832875,4877613.521610989,387.198,70,1395,1215,736923108792,4
matmul_large_L10_r1,1790333561.8828743,4877613.571610494,383.416,69,1410,1215,736923147499,0
matmul_large_L10_r1,1790333561.932876,4877613.62161198,383.416,69,1410,1215,736923147499,0
matmul_large_L10_r1,1790333561.982874,4877613.671610025,408.148,70,1410,1215,736923188039,0
matmul_large_L10_r1,1790333562.0328786,4877613.72161475,408.148,70,1410,1215,736923188039,0
matmul_large_L10_r1,1790333562.0828733,4877613.771609486,383.739,70,1395,1215,736923227981,4
matmul_large_L10_r1,1790333562.1328752,4877613.821611231,383.739,70,1395,1215,736923227981,4
matmul_large_L10_r1,1790333562.1828754,4877613.871611426,381.409,69,1410,1215,736923266533,0
matmul_large_L10_r1,1790333562.2328753,4877613.921611352,381.409,69,1410,1215,736923266533,0
matmul_large_L10_r1,1790333562.2828753,4877613.971611377,402.359,70,1410,1215,736923306752,0
matmul_large_L10_r1,1790333562.3328776,4877614.021613512,402.359,70,1410,1215,736923306752,0
matmul_large_L10_r1,1790333562.3828757,4877614.071611658,409.017,70,1410,1215,736923347641,0
matmul_large_L10_r1,1790333562.4328783,4877614.121614283,409.017,70,1410,1215,736923347641,0
matmul_large_L10_r1,1790333562.4828777,4877614.171613788,409.34,70,1410,1215,736923388901,0
matmul_large_L10_r1,1790333562.5328789,4877614.221614894,409.34,70,1410,1215,736923388901,0
matmul_large_L10_r1,1790333562.5828776,4877614.271613649,403.766,70,1410,1215,736923430033,0
matmul_large_L10_r1,1790333562.6328752,4877614.321611364,403.766,70,1410,1215,736923430033,0
matmul_large_L10_r1,1790333562.6828744,4877614.37161051,403.489,70,1395,1215,736923470619,4
matmul_large_L10_r1,1790333562.7328753,4877614.421611195,403.489,70,1395,1215,736923470619,4
matmul_large_L10_r1,1790333562.782874,4877614.47161007,388.667,70,1395,1215,736923510003,4
matmul_large_L10_r1,1790333562.8328779,4877614.521613956,388.667,70,1395,1215,736923510003,4
matmul_large_L10_r1,1790333562.8828743,4877614.571610351,403.22,70,1410,1215,736923549977,0
matmul_large_L10_r1,1790333562.9328775,4877614.621613526,403.22,70,1410,1215,736923549977,0
matmul_large_L10_r1,1790333562.9828749,4877614.671610952,389.528,70,1395,1215,736923590067,4
matmul_large_L10_r1,1790333563.0328748,4877614.721610917,389.528,70,1395,1215,736923590067,4
matmul_large_L10_r1,1790333563.0828738,4877614.771609992,383.416,69,1395,1215,736923629047,4
matmul_large_L10_r1,1790333563.1328745,4877614.821610538,383.416,69,1395,1215,736923629047,4
matmul_large_L10_r1,1790333563.1828747,4877614.871610563,402.029,70,1410,1215,736923668551,0
matmul_large_L10_r1,1790333563.232875,4877614.921610958,402.029,70,1410,1215,736923668551,0
matmul_large_L10_r1,1790333563.2828774,4877614.971613604,408.417,70,1410,1215,736923709321,0
matmul_large_L10_r1,1790333563.332875,4877615.021611129,408.417,70,1410,1215,736923709321,0
matmul_large_L10_r1,1790333563.382875,4877615.071610944,409.609,70,1410,1215,736923750650,0
matmul_large_L10_r1,1790333563.4328742,4877615.12161027,409.609,70,1410,1215,736923750650,0
matmul_large_L10_r1,1790333563.4828773,4877615.171613325,403.069,70,1410,1215,736923791656,0
matmul_large_L10_r1,1790333563.532875,4877615.22161115,403.069,70,1410,1215,736923791656,0
matmul_large_L10_r1,1790333563.582877,4877615.271612956,409.017,70,1410,1215,736923832582,0
matmul_large_L10_r1,1790333563.6328769,4877615.321612911,409.017,70,1410,1215,736923832582,0
matmul_large_L10_r1,1790333563.6828778,4877615.371613706,389.797,70,1395,1215,736923873041,4
matmul_large_L10_r1,1790333563.7328773,4877615.421613412,389.797,70,1395,1215,736923873041,4
matmul_large_L10_r1,1790333563.7828746,4877615.471610607,381.955,69,1395,1215,736923912067,0
matmul_large_L10_r1,1790333563.8328774,4877615.521613382,381.955,69,1395,1215,736923912067,0
matmul_large_L10_r1,1790333563.882874,4877615.571610198,396.785,70,1395,1215,736923952280,4
matmul_large_L10_r1,1790333563.9328747,4877615.621610803,396.785,70,1395,1215,736923952280,4
matmul_large_L10_r1,1790333563.982875,4877615.671611268,387.475,69,1395,1215,736923991307,4
matmul_large_L10_r1,1790333564.0328748,4877615.721610884,387.475,69,1395,1215,736923991307,4
matmul_large_L10_r1,1790333564.0828772,4877615.771613249,392.449,70,1395,1215,736924031445,4
matmul_large_L10_r1,1790333564.132874,4877615.821609964,392.449,70,1395,1215,736924031445,4
matmul_large_L10_r1,1790333564.1828399,4877615.87157564,404.958,70,1410,1215,736924071249,0
matmul_large_L10_r1,1790333564.2328708,4877615.921606995,404.958,70,1410,1215,736924071249,0
matmul_large_L10_r1,1790333564.2828767,4877615.97161266,404.358,70,1410,1215,736924112241,0
matmul_large_L10_r1,1790333564.3328784,4877616.021614446,404.358,70,1410,1215,736924112241,0
matmul_large_L10_r1,1790333564.382877,4877616.071613171,404.358,70,1410,1215,736924152904,0
matmul_large_L10_r1,1790333564.4328787,4877616.121614946,404.358,70,1410,1215,736924152904,0
matmul_large_L10_r1,1790333564.4828768,4877616.171612832,404.089,70,1410,1215,736924193523,0
matmul_large_L10_r1,1790333564.5328758,4877616.221611767,404.089,70,1410,1215,736924193523,0
matmul_large_L10_r1,1790333564.5828748,4877616.271610932,403.766,70,1410,1215,736924234137,0
matmul_large_L10_r1,1790333564.6328745,4877616.321610617,403.766,70,1410,1215,736924234137,0
matmul_large_L10_r1,1790333564.6828752,4877616.371611153,389.797,70,1395,1215,736924274219,4
matmul_large_L10_r1,1790333564.7328773,4877616.421613278,389.797,70,1395,1215,736924274219,4
matmul_large_L10_r1,1790333564.7828734,4877616.471609494,403.22,70,1410,1215,736924314205,0
matmul_large_L10_r1,1790333564.8328743,4877616.521610339,403.22,70,1410,1215,736924314205,0
matmul_large_L10_r1,1790333564.8828735,4877616.571609624,389.528,70,1395,1215,736924354262,4
matmul_large_L10_r1,1790333564.932878,4877616.62161406,389.528,70,1395,1215,736924354262,4
matmul_large_L10_r1,1790333564.9828742,4877616.671610115,389.528,70,1410,1215,736924394023,0
matmul_large_L10_r1,1790333565.0328455,4877616.721581671,389.528,70,1410,1215,736924394023,0
matmul_large_L10_r1,1790333565.0828764,4877616.771612395,399.707,70,1395,1215,736924433699,4
matmul_large_L10_r1,1790333565.1328778,4877616.821613961,399.707,70,1395,1215,736924433699,4
matmul_large_L10_r1,1790333565.1828718,4877616.871607746,388.667,70,1410,1215,736924474103,0
matmul_large_L10_r1,1790333565.2328749,4877616.921610902,388.667,70,1410,1215,736924474103,0
matmul_large_L10_r1,1790333565.2828748,4877616.971610857,402.897,70,1410,1215,736924514563,0
matmul_large_L10_r1,1790333565.3328776,4877617.021613642,402.897,70,1410,1215,736924514563,0
matmul_large_L10_r1,1790333565.382877,4877617.071613298,402.628,70,1410,1215,736924555239,0
matmul_large_L10_r1,1790333565.432874,4877617.121610053,402.628,70,1410,1215,736924555239,0
matmul_large_L10_r1,1790333565.4828713,4877617.171607408,402.897,70,1410,1215,736924595849,0
matmul_large_L10_r1,1790333565.5328739,4877617.221610043,402.897,70,1410,1215,736924595849,0
matmul_large_L10_r1,1790333565.5828772,4877617.271613289,403.22,70,1410,1215,736924636538,0
matmul_large_L10_r1,1790333565.6328745,4877617.321610664,403.22,70,1410,1215,736924636538,0
matmul_large_L10_r1,1790333565.6828773,4877617.371613289,403.489,70,1395,1215,736924676178,4
matmul_large_L10_r1,1790333565.7328749,4877617.421610915,403.489,70,1395,1215,736924676178,4
matmul_large_L10_r1,1790333565.7828772,4877617.47161325,387.798,70,1410,1215,736924716559,0
matmul_large_L10_r1,1790333565.8328767,4877617.521612936,387.798,70,1410,1215,736924716559,0
matmul_large_L10_r1,1790333565.8828743,4877617.571610361,402.029,70,1395,1215,736924756226,4
matmul_large_L10_r1,1790333565.9328773,4877617.621613386,402.029,70,1395,1215,736924756226,4
matmul_large_L10_r1,1790333565.982874,4877617.671609851,388.067,70,1410,1215,736924795988,0
matmul_large_L10_r1,1790333566.032875,4877617.721610977,388.067,70,1410,1215,736924795988,0
matmul_large_L10_r1,1790333566.0828748,4877617.771611022,402.359,70,1410,1215,736924836539,0
matmul_large_L10_r1,1790333566.1328778,4877617.821613937,402.359,70,1410,1215,736924836539,0
matmul_large_L10_r1,1790333566.182875,4877617.871610843,403.668,70,1410,1215,736924877173,0
matmul_large_L10_r1,1790333566.2328777,4877617.921613888,403.668,70,1410,1215,736924877173,0
matmul_large_L10_r1,1790333566.2828753,4877617.971611454,404.089,70,1410,1215,736924917837,0
matmul_large_L10_r1,1790333566.3328748,4877618.021610909,404.089,70,1410,1215,736924917837,0
matmul_large_L10_r1,1790333566.382875,4877618.071610824,404.089,70,1410,1215,736924917837,0
matmul_large_L10_r1,1790333566.4328744,4877618.121610489,404.089,70,1410,1215,736924958904,0
matmul_large_L10_r1,1790333566.4828725,4877618.171608515,402.897,70,1410,1215,736924958904,0
matmul_large_L10_r1,1790333566.5328772,4877618.22161338,402.897,70,1410,1215,736924999236,0
matmul_large_L10_r1,1790333566.5828743,4877618.271610465,404.089,70,1395,1215,736924999236,4
matmul_large_L10_r1,1790333566.6328745,4877618.321610421,404.089,70,1395,1215,736925038195,4
matmul_large_L10_r1,1790333566.6828747,4877618.371610716,382.816,70,1410,1215,736925038195,0
matmul_large_L10_r1,1790333566.732874,4877618.421609951,382.816,70,1410,1215,736925077698,0
matmul_large_L10_r1,1790333566.782875,4877618.471611147,407.549,70,1395,1215,736925077698,4
matmul_large_L10_r1,1790333566.832875,4877618.521611122,407.549,70,1395,1215,736925118427,4
matmul_large_L10_r1,1790333566.8828754,4877618.571611367,386.068,69,1410,1215,736925118427,0
matmul_large_L10_r1,1790333566.9328768,4877618.621612943,386.068,69,1410,1215,736925157352,0
matmul_large_L10_r1,1790333566.9828777,4877618.671613828,398.838,70,1410,1215,736925157352,0
matmul_large_L10_r1,1790333567.0328753,4877618.721611433,398.838,70,1410,1215,736925198188,0
matmul_large_L10_r1,1790333567.0828755,4877618.771611319,407.879,70,1410,1215,736925198188,0
matmul_large_L10_r1,1790333567.1328743,4877618.821610334,407.879,70,1410,1215,736925239174,0
matmul_large_L10_r1,1790333567.1828763,4877618.871612579,403.22,70,1410,1215,736925239174,0
matmul_large_L10_r1,1790333567.2328455,4877618.921581285,403.22,70,1410,1215,736925280686,0
matmul_large_L10_r1,1790333567.2828746,4877618.97161072,402.897,70,1410,1215,736925280686,0
matmul_large_L10_r1,1790333567.3328753,4877619.021611315,402.897,70,1410,1215,736925319240,0
matmul_large_L10_r1,1790333567.3828766,4877619.071612781,399.107,70,1410,1215,736925319240,0
matmul_large_L10_r1,1790333567.4328778,4877619.121613986,399.107,70,1410,1215,736925359922,0
matmul_large_L10_r1,1790333567.4828742,4877619.171610071,402.628,70,1410,1215,736925359922,0
matmul_large_L10_r1,1790333567.5328767,4877619.221612937,402.628,70,1410,1215,736925400570,0
matmul_large_L10_r1,1790333567.5828753,4877619.271611212,398.838,70,1395,1215,736925400570,4
matmul_large_L10_r1,1790333567.632875,4877619.321611017,398.838,70,1395,1215,736925439510,4
matmul_large_L10_r1,1790333567.6828742,4877619.371610273,382.278,70,1410,1215,736925439510,0
matmul_large_L10_r1,1790333567.7328777,4877619.421613828,382.278,70,1410,1215,736925479856,0
matmul_large_L10_r1,1790333567.7828743,4877619.471610493,408.148,70,1395,1215,736925479856,4
matmul_large_L10_r1,1790333567.8328767,4877619.521612969,408.148,70,1395,1215,736925520373,4
matmul_large_L10_r1,1790333567.882877,4877619.571613134,390.72,70,1395,1215,736925520373,4
matmul_large_L10_r1,1790333567.9328759,4877619.621611909,390.72,70,1395,1215,736925559820,4
matmul_large_L10_r1,1790333567.982876,4877619.671612245,400.299,70,1410,1215,736925559820,0
matmul_large_L10_r1,1790333568.0328772,4877619.72161343,400.299,70,1410,1215,736925600555,0
matmul_large_L10_r1,1790333568.082874,4877619.771610095,403.766,70,1410,1215,736925600555,0
matmul_large_L10_r1,1790333568.132878,4877619.821614001,403.766,70,1410,1215,736925641186,0
matmul_large_L10_r1,1790333568.1828747,4877619.871610596,403.489,70,1410,1215,736925641186,0
matmul_large_L10_r1,1790333568.2328758,4877619.921611771,403.489,70,1410,1215,736925681820,0
matmul_large_L10_r1,1790333568.2828772,4877619.971613317,403.489,70,1410,1215,736925681820,0
matmul_large_L10_r1,1790333568.3328753,4877620.021611402,403.489,70,1410,1215,736925722410,0
matmul_large_L10_r1,1790333568.3828735,4877620.071609647,403.22,70,1410,1215,736925722410,0
matmul_large_L10_r1,1790333568.4328778,4877620.121613863,403.22,70,1410,1215,736925762842,0
matmul_large_L10_r1,1790333568.482878,4877620.171614098,387.198,70,1395,1215,736925762842,4
matmul_large_L10_r1,1790333568.5328786,4877620.221614553,387.198,70,1395,1215,736925801804,4
matmul_large_L10_r1,1790333568.5828764,4877620.271612469,388.39,70,1410,1215,736925801804,0
matmul_large_L10_r1,1790333568.6328738,4877620.321609734,388.39,70,1410,1215,736925841673,0
matmul_large_L5_r0,1790333578.0982387,4877629.786974495,388.667,70,1395,1215,736929620326,4
matmul_large_L5_r0,1790333578.1483564,4877629.837092619,388.667,70,1395,1215,736929620326,4
matmul_large_L5_r0,1790333578.1983402,4877629.887075994,276.353,70,1410,1215,736929657927,0
matmul_large_L5_r0,1790333578.248354,4877629.93708999,276.353,70,1410,1215,736929657927,0
matmul_large_L5_r0,1790333578.298355,4877629.987091145,407.549,70,1410,1215,736929699105,0
matmul_large_L5_r0,1790333578.3483582,4877630.03709413,407.549,70,1410,1215,736929699105,0
matmul_large_L5_r0,1790333578.3983536,4877630.087089686,408.417,70,1395,1215,736929739636,4
matmul_large_L5_r0,1790333578.4483573,4877630.137093381,408.417,70,1395,1215,736929739636,4
matmul_large_L5_r0,1790333578.4983537,4877630.187089656,389.528,70,1395,1215,736929778938,4
matmul_large_L5_r0,1790333578.548352,4877630.237087932,389.528,70,1395,1215,736929778938,4
matmul_large_L5_r0,1790333578.598354,4877630.287090297,397.969,70,1410,1215,736929819719,0
matmul_large_L5_r0,1790333578.648354,4877630.337090092,397.969,70,1410,1215,736929819719,0
matmul_large_L5_r0,1790333578.6983538,4877630.387089718,408.74,70,1395,1215,736929859332,4
matmul_large_L5_r0,1790333578.7483566,4877630.437092633,408.74,70,1395,1215,736929859332,4
matmul_large_L5_r0,1790333578.7983537,4877630.487089608,384.008,70,1410,1215,736929859332,0
matmul_large_L5_r0,1790333578.8483536,4877630.537089594,384.008,70,1410,1215,736929899622,0
matmul_large_L5_r0,1790333578.8983529,4877630.587088879,409.017,70,1410,1215,736929899622,0
matmul_large_L5_r0,1790333578.9483542,4877630.637090364,409.017,70,1410,1215,736929940508,0
matmul_large_L5_r0,1790333578.9983532,4877630.68708931,410.051,70,1395,1215,736929940508,4
matmul_large_L5_r0,1790333579.0483575,4877630.737093295,410.051,70,1395,1215,736929980391,4
matmul_large_L5_r0,1790333579.0983534,4877630.78708953,383.739,69,1395,1215,736929980391,4
matmul_large_L5_r0,1790333579.1483574,4877630.837093296,383.739,69,1395,1215,736930020683,4
matmul_large_L5_r0,1790333579.198354,4877630.887089961,384.008,70,1410,1215,736930020683,0
matmul_large_L5_r0,1790333579.2483542,4877630.937090286,384.008,70,1410,1215,736930059786,0
matmul_large_L5_r0,1790333579.2983541,4877630.987090172,408.417,70,1410,1215,736930059786,0
matmul_large_L5_r0,1790333579.3483572,4877631.037093037,408.417,70,1410,1215,736930100857,0
matmul_large_L5_r0,1790333579.3983665,4877631.087102642,403.489,70,1395,1215,736930100857,4
matmul_large_L5_r0,1790333579.4483538,4877631.137089858,403.489,70,1395,1215,736930140318,4
matmul_large_L5_r0,1790333579.4983556,4877631.187091873,388.39,70,1410,1215,736930140318,0
matmul_large_L5_r0,1790333579.548356,4877631.237092138,388.39,70,1410,1215,736930180928,0
matmul_large_L5_r0,1790333579.5983534,4877631.287089514,402.029,70,1410,1215,736930180928,0
matmul_large_L5_r0,1790333579.6483536,4877631.337089679,402.029,70,1410,1215,736930221230,0
matmul_large_L5_r0,1790333579.6983573,4877631.387093374,386.929,69,1395,1215,736930221230,4
matmul_large_L5_r0,1790333579.7483563,4877631.43709237,386.929,69,1395,1215,736930260442,4
matmul_large_L5_r0,1790333579.798353,4877631.487088985,404.089,70,1410,1215,736930260442,0
matmul_large_L5_r0,1790333579.848357,4877631.53709303,404.089,70,1410,1215,736930301534,0
matmul_large_L5_r0,1790333579.898358,4877631.587094115,403.766,70,1410,1215,736930301534,0
matmul_large_L5_r0,1790333579.948357,4877631.637093231,403.766,70,1410,1215,736930342599,0
matmul_large_L5_r0,1790333579.9983532,4877631.687089286,402.628,70,1395,1215,736930342599,4
matmul_large_L5_r0,1790333580.0483558,4877631.737091972,402.628,70,1395,1215,736930381534,4
matmul_large_L5_r0,1790333580.0983543,4877631.787090527,382.278,70,1410,1215,736930381534,0
matmul_large_L5_r0,1790333580.1483576,4877631.837093722,382.278,70,1410,1215,736930421804,0
matmul_large_L5_r0,1790333580.1983547,4877631.887090718,408.591,70,1410,1215,736930421804,0
matmul_large_L5_r0,1790333580.2483542,4877631.937090253,408.591,70,1410,1215,736930462842,0
matmul_large_L5_r0,1790333580.298358,4877631.987094088,403.766,70,1395,1215,736930462842,4
matmul_large_L5_r0,1790333580.3483512,4877632.037087373,403.766,70,1395,1215,736930502219,4
matmul_large_L5_r0,1790333580.3983538,4877632.087090079,388.39,70,1410,1215,736930502219,0
matmul_large_L5_r0,1790333580.4483547,4877632.137090804,388.39,70,1410,1215,736930542740,0
matmul_large_L5_r0,1790333580.4983568,4877632.187092889,404.089,70,1410,1215,736930542740,0
matmul_large_L5_r0,1790333580.5483532,4877632.237089265,404.089,70,1410,1215,736930583401,0
matmul_large_L5_r0,1790333580.5983531,4877632.28708927,404.089,70,1395,1215,736930583401,4
matmul_large_L5_r0,1790333580.6483536,4877632.337089616,404.089,70,1395,1215,736930622867,4
matmul_large_L5_r0,1790333580.6983557,4877632.387091721,388.936,70,1410,1215,736930622867,0
matmul_large_L5_r0,1790333580.7483537,4877632.437089866,388.936,70,1410,1215,736930662984,0
matmul_large_L5_r0,1790333580.7983541,4877632.487090261,402.628,70,1410,1215,736930662984,0
matmul_large_L5_r0,1790333580.8483567,4877632.537092707,402.628,70,1410,1215,736930703613,0
matmul_large_L5_r0,1790333580.8983538,4877632.587089962,402.628,70,1395,1215,736930703613,4
matmul_large_L5_r0,1790333580.9483562,4877632.637092177,402.628,70,1395,1215,736930743071,4
matmul_large_L5_r0,1790333580.9983559,4877632.687092133,387.475,70,1410,1215,736930743071,0
matmul_large_L5_r0,1790333581.048357,4877632.737093078,387.475,70,1410,1215,736930783537,0
matmul_large_L5_r0,1790333581.0983572,4877632.787093183,403.489,70,1410,1215,736930783537,0
matmul_large_L5_r0,1790333581.148354,4877632.837090199,403.489,70,1410,1215,736930824194,0
matmul_large_L5_r0,1790333581.198354,4877632.887089964,403.22,70,1410,1215,736930824194,0
matmul_large_L5_r0,1790333581.2483563,4877632.937092419,403.22,70,1410,1215,736930864808,0
matmul_large_L5_r0,1790333581.2983532,4877632.987089175,402.897,70,1410,1215,736930864808,0
matmul_large_L5_r0,1790333581.3483574,4877633.03709353,402.897,70,1410,1215,736930905216,0
matmul_large_L5_r0,1790333581.3983538,4877633.087089935,386.929,70,1395,1215,736930905216,4
matmul_large_L5_r0,1790333581.4483528,4877633.137088851,386.929,70,1395,1215,736930944254,4
matmul_large_L5_r0,1790333581.4983656,4877633.187101686,402.359,70,1410,1215,736930944254,0
matmul_large_L5_r0,1790333581.5483534,4877633.237089652,402.359,70,1410,1215,736930984949,0
matmul_large_L5_r0,1790333581.598356,4877633.287092027,387.198,70,1395,1215,736930984949,4
matmul_large_L5_r0,1790333581.6483536,4877633.337089662,387.198,70,1395,1215,736931024125,4
matmul_large_L5_r0,1790333581.6983533,4877633.387089557,404.681,70,1410,1215,736931024125,0
matmul_large_L5_r0,1790333581.7483528,4877633.437088913,404.681,70,1410,1215,736931065145,0
matmul_large_L5_r0,1790333581.7983553,4877633.487091588,404.681,70,1410,1215,736931065145,0
matmul_large_L5_r0,1790333581.8483539,4877633.537089803,404.681,70,1410,1215,736931105503,0
matmul_large_L5_r0,1790333581.8983524,4877633.587088529,388.667,70,1395,1215,736931105503,4
matmul_large_L5_r0,1790333581.9483538,4877633.637089924,388.667,70,1395,1215,736931144676,4
matmul_large_L5_r0,1790333581.998357,4877633.687093129,403.069,70,1410,1215,736931144676,0
matmul_large_L5_r0,1790333582.0483532,4877633.737089415,403.069,70,1410,1215,736931185678,0
matmul_large_L5_r0,1790333582.0983558,4877633.78709187,403.489,70,1410,1215,736931185678,0
matmul_large_L5_r0,1790333582.1483536,4877633.837089515,403.489,70,1410,1215,736931226332,0
matmul_large_L5_r0,1790333582.198354,4877633.887090091,402.897,70,1410,1215,736931226332,0
matmul_large_L5_r0,1790333582.2483587,4877633.937094606,402.897,70,1410,1215,736931266958,0
matmul_large_L5_r0,1790333582.2983558,4877633.987091761,402.628,70,1395,1215,736931266958,4
matmul_large_L5_r0,1790333582.3483534,4877634.037089237,402.628,70,1395,1215,736931306479,4
matmul_large_L5_r0,1790333582.3983543,4877634.087090312,388.067,70,1395,1215,736931306479,0
matmul_large_L5_r0,1790333582.4483569,4877634.137092847,388.067,70,1395,1215,736931346788,0
matmul_large_L5_r0,1790333582.4983542,4877634.187090253,409.017,70,1395,1215,736931346788,4
matmul_large_L5_r0,1790333582.5483518,4877634.237087818,409.017,70,1395,1215,736931386629,4
matmul_large_L5_r0,1790333582.5983577,4877634.287093753,388.667,70,1395,1215,736931386629,4
matmul_large_L5_r0,1790333582.648357,4877634.337092959,388.667,70,1395,1215,736931426819,4
matmul_large_L5_r0,1790333582.6983547,4877634.387090674,402.029,70,1410,1215,736931426819,0
matmul_large_L5_r0,1790333582.7483537,4877634.437089729,402.029,70,1410,1215,736931467488,0
matmul_large_L5_r0,1790333582.7983563,4877634.487092385,402.359,70,1410,1215,736931467488,0
matmul_large_L5_r0,1790333582.8483567,4877634.5370926,402.359,70,1410,1215,736931507266,0
matmul_large_L5_r0,1790333582.8983538,4877634.587089895,387.475,70,1395,1215,736931507266,4
matmul_large_L5_r0,1790333582.9483547,4877634.637090811,387.475,70,1395,1215,736931546957,4
matmul_large_L5_r0,1790333582.9983573,4877634.687093176,400.898,70,1410,1215,736931546957,0
matmul_large_L5_r0,1790333583.0483544,4877634.737090331,400.898,70,1410,1215,736931587287,0
matmul_large_L5_r0,1790333583.0983567,4877634.787092697,395.371,70,1410,1215,736931587287,0
matmul_large_L1_r3,1790333592.543889,4877644.232625125,402.628,70,1395,1215,736935367014,4
matmul_large_L1_r3,1790333592.5939972,4877644.28273339,388.667,69,1410,1215,736935367014,0
matmul_large_L1_r3,1790333592.6440027,4877644.332738525,388.667,69,1410,1215,736935406359,0
matmul_large_L1_r3,1790333592.6939993,4877644.38273542,402.897,70,1410,1215,736935406359,0
matmul_large_L1_r3,1790333592.7440042,4877644.432740436,402.897,70,1410,1215,736935447182,0
matmul_large_L1_r3,1790333592.79401,4877644.482746021,409.878,70,1410,1215,736935447182,0
matmul_large_L1_r3,1790333592.844004,4877644.532739776,409.878,70,1410,1215,736935488862,0
matmul_large_L1_r3,1790333592.8940067,4877644.582742801,389.528,70,1395,1215,736935488862,4
matmul_large_L1_r3,1790333592.9440038,4877644.632739967,389.528,70,1395,1215,736935527881,4
matmul_large_L1_r3,1790333592.994008,4877644.682744072,402.897,70,1410,1215,736935527881,0
matmul_large_L1_r3,1790333593.0440032,4877644.732739458,402.897,70,1410,1215,736935568295,0
matmul_large_L1_r3,1790333593.094007,4877644.782743133,403.489,70,1410,1215,736935568295,0
matmul_large_L1_r3,1790333593.1440039,4877644.832739778,403.489,70,1410,1215,736935609007,0
matmul_large_L1_r3,1790333593.1940076,4877644.882743624,408.914,70,1410,1215,736935609007,0
matmul_large_L1_r3,1790333593.2440035,4877644.932739569,408.914,70,1410,1215,736935650272,0
matmul_large_L1_r3,1790333593.2940068,4877644.982742944,390.128,70,1395,1215,736935650272,4
matmul_large_L1_r3,1790333593.344005,4877645.032741129,390.128,70,1395,1215,736935689428,4
matmul_large_L1_r3,1790333593.3940098,4877645.082745945,401.437,70,1395,1215,736935689428,4
matmul_large_L1_r3,1790333593.4440072,4877645.13274328,401.437,70,1395,1215,736935729522,4
matmul_large_L1_r3,1790333593.49401,4877645.182745875,388.067,70,1395,1215,736935729522,4
matmul_large_L1_r3,1790333593.5440037,4877645.232739791,388.067,70,1395,1215,736935729522,4
matmul_large_L0.5_r1,1790333602.9710102,4877654.659746233,397.108,70,1395,1215,736939506391,4
matmul_large_L0.5_r1,1790333603.021124,4877654.709859797,382.816,70,1410,1215,736939506391,0
matmul_large_L0.5_r1,1790333603.0711248,4877654.759860712,382.816,70,1410,1215,736939546146,0
matmul_large_L0.5_r1,1790333603.12112,4877654.809855838,407.279,70,1410,1215,736939546146,0
matmul_large_L0.5_r1,1790333603.1711264,4877654.859862363,407.279,70,1410,1215,736939587341,0
matmul_large_L0.5_r1,1790333603.2211297,4877654.909865828,403.766,70,1410,1215,736939587341,0
matmul_large_L0.5_r1,1790333603.271126,4877654.959861943,403.766,70,1410,1215,736939628044,0
matmul_large_L0.5_r1,1790333603.3211322,4877655.009868349,402.897,70,1410,1215,736939628044,0
matmul_large_L0.5_r1,1790333603.3711252,4877655.059861194,402.897,70,1410,1215,736939668785,0
matmul_large_L0.5_r1,1790333603.4211287,4877655.109864749,402.897,70,1410,1215,736939668785,0
matmul_large_L0.5_r1,1790333603.471128,4877655.159864225,402.897,70,1410,1215,736939709376,0
matmul_large_L5_r1,1790333612.894009,4877664.582745024,408.74,70,1410,1215,736943447981,0
matmul_large_L5_r1,1790333612.9441216,4877664.632857858,408.74,70,1410,1215,736943488049,0
matmul_large_L5_r1,1790333612.9941108,4877664.682846553,399.707,70,1410,1215,736943488049,0
matmul_large_L5_r1,1790333613.0441148,4877664.732850979,399.707,70,1410,1215,736943528701,0
matmul_large_L5_r1,1790333613.0941205,4877664.782856544,402.628,70,1410,1215,736943528701,0
matmul_large_L5_r1,1790333613.1441271,4877664.832863239,402.628,70,1410,1215,736943569346,0
matmul_large_L5_r1,1790333613.1941202,4877664.882856235,402.359,70,1410,1215,736943569346,0
matmul_large_L5_r1,1790333613.2441247,4877664.93286062,402.359,70,1410,1215,736943610271,0
matmul_large_L5_r1,1790333613.294121,4877664.982856895,408.148,70,1410,1215,736943610271,0
matmul_large_L5_r1,1790333613.3441238,4877665.032859851,408.148,70,1410,1215,736943650593,0
matmul_large_L5_r1,1790333613.3941264,4877665.082862306,384.277,70,1410,1215,736943650593,0
matmul_large_L5_r1,1790333613.444125,4877665.132860911,384.277,70,1410,1215,736943690598,0
matmul_large_L5_r1,1790333613.4941235,4877665.182859587,401.437,70,1410,1215,736943690598,0
matmul_large_L5_r1,1790333613.5441248,4877665.232861002,401.437,70,1410,1215,736943731139,0
matmul_large_L5_r1,1790333613.5941272,4877665.282863067,391.857,70,1395,1215,736943731139,4
matmul_large_L5_r1,1790333613.644127,4877665.332862943,391.857,70,1395,1215,736943770111,4
matmul_large_L5_r1,1790333613.6941235,4877665.382859538,388.067,70,1395,1215,736943770111,4
matmul_large_L5_r1,1790333613.7441244,4877665.432860503,388.067,70,1395,1215,736943810042,4
matmul_large_L5_r1,1790333613.7941241,4877665.482860049,402.359,70,1410,1215,736943810042,0
matmul_large_L5_r1,1790333613.8441236,4877665.532859734,402.359,70,1410,1215,736943850054,0
matmul_large_L5_r1,1790333613.8941278,4877665.582863929,389.259,70,1395,1215,736943850054,4
matmul_large_L5_r1,1790333613.9441276,4877665.632863415,389.259,70,1395,1215,736943889915,4
matmul_large_L5_r1,1790333613.9941227,4877665.68285873,403.766,70,1410,1215,736943889915,0
matmul_large_L5_r1,1790333614.0441236,4877665.732859775,403.766,70,1410,1215,736943930580,0
matmul_large_L5_r1,1790333614.0941272,4877665.782863041,403.766,70,1410,1215,736943930580,0
matmul_large_L5_r1,1790333614.1441288,4877665.832864726,403.766,70,1410,1215,736943930580,0
matmul_large_L5_r1,1790333614.1941211,4877665.882857331,404.089,70,1410,1215,736943971649,0
matmul_large_L5_r1,1790333614.2441244,4877665.932860556,404.089,70,1410,1215,736943971649,0
matmul_large_L5_r1,1790333614.2941208,4877665.982856802,403.766,70,1410,1215,736944011948,0
matmul_large_L5_r1,1790333614.3441255,4877666.032861477,403.766,70,1410,1215,736944011948,0
matmul_large_L5_r1,1790333614.3941243,4877666.082860243,403.489,70,1410,1215,736944052469,0
matmul_large_L5_r1,1790333614.444127,4877666.132863118,403.489,70,1410,1215,736944052469,0
matmul_large_L5_r1,1790333614.494124,4877666.182860163,403.22,70,1410,1215,736944093168,0
matmul_large_L5_r1,1790333614.5441217,4877666.232857799,403.22,70,1410,1215,736944093168,0
matmul_large_L5_r1,1790333614.5941231,4877666.282859034,383.416,70,1395,1215,736944132647,4
matmul_large_L5_r1,1790333614.6441243,4877666.332860299,383.416,70,1395,1215,736944132647,4
matmul_large_L5_r1,1790333614.6941237,4877666.382859714,391.258,70,1410,1215,736944171431,0
matmul_large_L5_r1,1790333614.7441237,4877666.4328597,391.258,70,1410,1215,736944171431,0
matmul_large_L5_r1,1790333614.7941256,4877666.482861525,407.879,70,1410,1215,736944212198,0
matmul_large_L5_r1,1790333614.8441267,4877666.53286287,407.879,70,1410,1215,736944212198,0
matmul_large_L5_r1,1790333614.8941214,4877666.582857496,383.739,70,1395,1215,736944252363,4
matmul_large_L5_r1,1790333614.944124,4877666.632859851,383.739,70,1395,1215,736944252363,4
matmul_large_L5_r1,1790333614.9941268,4877666.682862797,399.707,70,1410,1215,736944291514,0
matmul_large_L5_r1,1790333615.044125,4877666.732861202,399.707,70,1410,1215,736944291514,0
matmul_large_L5_r1,1790333615.0941267,4877666.782862507,407.455,70,1410,1215,736944332395,0
matmul_large_L5_r1,1790333615.1441245,4877666.832860402,407.455,70,1410,1215,736944332395,0
matmul_large_L5_r1,1790333615.1941264,4877666.882862448,402.628,70,1410,1215,736944373458,0
matmul_large_L5_r1,1790333615.2441247,4877666.932860633,402.628,70,1410,1215,736944373458,0
matmul_large_L5_r1,1790333615.2941227,4877666.982858789,402.359,70,1410,1215,736944414185,0
matmul_large_L5_r1,1790333615.3441246,4877667.032860624,402.359,70,1410,1215,736944414185,0
matmul_large_L5_r1,1790333615.3941245,4877667.082860559,402.029,70,1410,1215,736944454818,0
matmul_large_L5_r1,1790333615.4441214,4877667.132857415,402.029,70,1410,1215,736944454818,0
matmul_large_L5_r1,1790333615.4941268,4877667.1828628,384.877,70,1395,1215,736944495026,4
matmul_large_L5_r1,1790333615.5441248,4877667.232861075,384.877,70,1395,1215,736944495026,4
matmul_large_L5_r1,1790333615.5941205,4877667.28285648,384.008,69,1395,1215,736944533756,4
matmul_large_L5_r1,1790333615.6441243,4877667.332860276,384.008,69,1395,1215,736944533756,4
matmul_large_L5_r1,1790333615.6941204,4877667.382856601,408.74,70,1410,1215,736944573466,0
matmul_large_L5_r1,1790333615.7441244,4877667.432860506,408.74,70,1410,1215,736944573466,0
matmul_large_L5_r1,1790333615.7941213,4877667.482857232,394.187,70,1395,1215,736944614418,4
matmul_large_L5_r1,1790333615.8441274,4877667.532863447,394.187,70,1395,1215,736944614418,4
matmul_large_L5_r1,1790333615.8941207,4877667.582856643,382.816,69,1410,1215,736944653213,0
matmul_large_L5_r1,1790333615.944124,4877667.632859908,382.816,69,1410,1215,736944653213,0
matmul_large_L5_r1,1790333615.9941266,4877667.682862673,408.417,70,1410,1215,736944693570,0
matmul_large_L5_r1,1790333616.0441236,4877667.732859768,408.417,70,1410,1215,736944693570,0
matmul_large_L5_r1,1790333616.0941272,4877667.782863204,403.489,70,1410,1215,736944734658,0
matmul_large_L5_r1,1790333616.144125,4877667.832860919,403.489,70,1410,1215,736944734658,0
matmul_large_L5_r1,1790333616.1941264,4877667.882862334,403.489,70,1410,1215,736944775283,0
matmul_large_L5_r1,1790333616.2441242,4877667.93286014,403.489,70,1410,1215,736944775283,0
matmul_large_L5_r1,1790333616.294124,4877667.982859835,403.22,70,1410,1215,736944816040,0
matmul_large_L5_r1,1790333616.3441246,4877668.03286075,403.22,70,1410,1215,736944816040,0
matmul_large_L5_r1,1790333616.3941247,4877668.082860866,403.489,70,1410,1215,736944856682,0
matmul_large_L5_r1,1790333616.444125,4877668.132861051,403.489,70,1410,1215,736944856682,0
matmul_large_L5_r1,1790333616.4941218,4877668.182857826,388.39,70,1395,1215,736944896614,4
matmul_large_L5_r1,1790333616.5441246,4877668.232860682,388.39,70,1395,1215,736944896614,4
matmul_large_L5_r1,1790333616.5941212,4877668.282857147,382.278,69,1395,1215,736944935562,4
matmul_large_L5_r1,1790333616.644125,4877668.332860972,382.278,69,1395,1215,736944935562,4
matmul_large_L5_r1,1790333616.6941206,4877668.382856768,400.898,70,1410,1215,736944975255,0
matmul_large_L5_r1,1790333616.7441244,4877668.432860493,400.898,70,1410,1215,736944975255,0
matmul_large_L5_r1,1790333616.7941206,4877668.482856389,392.126,70,1395,1215,736945015860,4
matmul_large_L5_r1,1790333616.8441246,4877668.532860834,392.126,70,1395,1215,736945015860,4
matmul_large_L5_r1,1790333616.8941207,4877668.582856839,397.7,70,1410,1215,736945055105,0
matmul_large_L5_r1,1790333616.9441237,4877668.632859564,397.7,70,1410,1215,736945055105,0
matmul_large_L5_r1,1790333616.994124,4877668.68286,403.489,70,1410,1215,736945095960,0
matmul_large_L5_r1,1790333617.0441246,4877668.732860755,403.489,70,1410,1215,736945095960,0
matmul_large_L5_r1,1790333617.0941262,4877668.78286227,404.089,70,1410,1215,736945136564,0
matmul_large_L5_r1,1790333617.1441238,4877668.832860016,404.089,70,1410,1215,736945136564,0
matmul_large_L5_r1,1790333617.194124,4877668.882860161,404.089,70,1410,1215,736945177315,0
matmul_large_L5_r1,1790333617.2441251,4877668.932861286,404.089,70,1410,1215,736945177315,0
matmul_large_L5_r1,1790333617.2941232,4877668.982859392,404.089,70,1410,1215,736945217983,0
matmul_large_L5_r1,1790333617.344127,4877669.032862927,404.089,70,1410,1215,736945217983,0
matmul_large_L5_r1,1790333617.394121,4877669.082857102,403.766,70,1410,1215,736945258516,0
matmul_large_L5_r1,1790333617.4441276,4877669.132863528,403.766,70,1410,1215,736945258516,0
matmul_large_L5_r1,1790333617.494121,4877669.182856953,403.668,70,1395,1215,736945298488,4
matmul_large_L5_r1,1790333617.5441275,4877669.232863608,403.668,70,1395,1215,736945298488,4
matmul_large_L5_r1,1790333617.594124,4877669.282860174,390.128,70,1395,1215,736945337532,4
matmul_large_L5_r1,1790333617.6441264,4877669.332862529,390.128,70,1395,1215,736945337532,4
matmul_large_L5_r1,1790333617.694124,4877669.382859974,383.416,70,1410,1215,736945377120,0
matmul_large_L5_r1,1790333617.744128,4877669.43286397,383.416,70,1410,1215,736945377120,0
matmul_large_L5_r1,1790333617.7941241,4877669.482860045,402.897,70,1395,1215,736945417207,4
matmul_large_L5_r1,1790333617.844124,4877669.53286019,402.897,70,1395,1215,736945417207,4
matmul_large_L5_r1,1790333617.8941212,4877669.582857356,384.608,70,1410,1215,736945456300,0
matmul_large_L10_r4,1790333627.3316717,4877679.020407706,408.148,70,1410,1215,736949193988,0
matmul_large_L10_r4,1790333627.3817868,4877679.07052316,405.819,70,1410,1215,736949234316,0
matmul_large_L10_r4,1790333627.4317894,4877679.120525406,405.819,70,1410,1215,736949234316,0
matmul_large_L10_r4,1790333627.481784,4877679.170520031,397.969,70,1395,1215,736949275399,4
matmul_large_L10_r4,1790333627.5317905,4877679.220526676,397.969,70,1395,1215,736949275399,4
matmul_large_L10_r4,1790333627.5817907,4877679.270526742,394.779,70,1410,1215,736949314592,0
matmul_large_L10_r4,1790333627.6317909,4877679.320526967,394.779,70,1410,1215,736949314592,0
matmul_large_L10_r4,1790333627.681793,4877679.370529232,404.089,70,1410,1215,736949355634,0
matmul_large_L10_r4,1790333627.7317908,4877679.420526978,404.089,70,1410,1215,736949355634,0
matmul_large_L10_r4,1790333627.7817929,4877679.470528813,403.22,70,1410,1215,736949396385,0
matmul_large_L10_r4,1790333627.831794,4877679.520529908,403.22,70,1410,1215,736949396385,0
matmul_large_L10_r4,1790333627.8817909,4877679.570526894,403.22,70,1410,1215,736949437135,0
matmul_large_L10_r4,1790333627.9317915,4877679.620527689,403.22,70,1410,1215,736949437135,0
matmul_large_L10_r4,1790333627.9817932,4877679.670529274,403.489,70,1410,1215,736949477850,0
matmul_large_L10_r4,1790333628.0317907,4877679.72052687,403.489,70,1410,1215,736949477850,0
matmul_large_L10_r4,1790333628.0817904,4877679.770526575,383.139,70,1395,1215,736949517250,4
matmul_large_L10_r4,1790333628.131794,4877679.82052996,383.139,70,1395,1215,736949517250,4
matmul_large_L10_r4,1790333628.18179,4877679.870526256,383.139,69,1410,1215,736949556113,0
matmul_large_L10_r4,1790333628.2317917,4877679.920527751,383.139,69,1410,1215,736949556113,0
matmul_large_L10_r4,1790333628.281792,4877679.970528106,388.067,70,1410,1215,736949596381,0
matmul_large_L10_r4,1790333628.3317895,4877680.020525562,388.067,70,1410,1215,736949596381,0
matmul_large_L10_r4,1790333628.3817897,4877680.070525667,402.897,70,1410,1215,736949637206,0
matmul_large_L10_r4,1790333628.4317908,4877680.120526872,402.897,70,1410,1215,736949637206,0
matmul_large_L10_r4,1790333628.481792,4877680.170528058,403.489,70,1395,1215,736949677173,4
matmul_large_L10_r4,1790333628.5317917,4877680.220527583,403.489,70,1395,1215,736949677173,4
matmul_large_L10_r4,1790333628.5817914,4877680.270527508,388.067,70,1410,1215,736949717156,0
matmul_large_L10_r4,1790333628.6317933,4877680.320529344,388.067,70,1410,1215,736949717156,0
matmul_large_L10_r4,1790333628.6817904,4877680.370526489,402.628,70,1410,1215,736949757734,0
matmul_large_L10_r4,1790333628.7317934,4877680.420529584,402.628,70,1410,1215,736949757734,0
matmul_large_L10_r4,1790333628.7817907,4877680.47052682,402.628,70,1410,1215,736949798510,0
matmul_large_L10_r4,1790333628.8317943,4877680.520530185,402.628,70,1410,1215,736949798510,0
matmul_large_L10_r4,1790333628.8817906,4877680.57052676,402.359,70,1410,1215,736949839122,0
matmul_large_L10_r4,1790333628.9317913,4877680.620527325,402.359,70,1410,1215,736949839122,0
matmul_large_L10_r4,1790333628.9817913,4877680.670527291,402.029,70,1410,1215,736949879779,4
matmul_large_L10_r4,1790333629.0317934,4877680.720529496,402.029,70,1410,1215,736949879779,4
matmul_large_L10_r4,1790333629.08179,4877680.770526072,398.246,70,1395,1215,736949879779,4
matmul_large_L10_r4,1790333629.13179,4877680.820525967,398.246,70,1395,1215,736949918654,4
matmul_large_L10_r4,1790333629.1817925,4877680.870528732,383.139,70,1410,1215,736949918654,0
matmul_large_L10_r4,1790333629.231793,4877680.920528968,383.139,70,1410,1215,736949958032,0
matmul_large_L10_r4,1790333629.2817924,4877680.970528483,402.897,70,1410,1215,736949958032,0
matmul_large_L10_r4,1790333629.3317907,4877681.020526588,402.897,70,1410,1215,736949998599,0
matmul_large_L10_r4,1790333629.3817894,4877681.070525533,403.766,70,1395,1215,736949998599,4
matmul_large_L10_r4,1790333629.4317906,4877681.120526599,403.766,70,1395,1215,736950038848,4
matmul_large_L10_r4,1790333629.4817924,4877681.170528554,387.475,70,1410,1215,736950038848,0
matmul_large_L10_r4,1790333629.5317926,4877681.220528679,387.475,70,1410,1215,736950078161,0
matmul_large_L10_r4,1790333629.5817928,4877681.270528805,406.088,70,1410,1215,736950078161,0
matmul_large_L10_r4,1790333629.6317928,4877681.320529,406.088,70,1410,1215,736950119370,0
matmul_large_L10_r4,1790333629.6817904,4877681.370526436,404.089,70,1410,1215,736950119370,0
matmul_large_L10_r4,1790333629.7317932,4877681.420529281,404.089,70,1410,1215,736950160044,0
matmul_large_L10_r4,1790333629.7817929,4877681.470528706,403.766,70,1410,1215,736950160044,0
matmul_large_L10_r4,1790333629.8317904,4877681.520526491,403.766,70,1410,1215,736950200739,0
matmul_large_L10_r4,1790333629.8817925,4877681.570528607,403.489,70,1410,1215,736950200739,0
matmul_large_L10_r4,1790333629.9317932,4877681.620529132,403.489,70,1410,1215,736950241340,0
matmul_large_L10_r4,1790333629.9817913,4877681.670527427,403.22,70,1395,1215,736950241340,4
matmul_large_L10_r4,1790333630.0317934,4877681.720529433,403.22,70,1395,1215,736950281120,4
matmul_large_L10_r4,1790333630.0817926,4877681.770528528,388.667,70,1395,1215,736950281120,4
matmul_large_L10_r4,1790333630.1317928,4877681.820529064,388.667,70,1395,1215,736950320131,4
matmul_large_L10_r4,1790333630.1817918,4877681.870527919,382.278,70,1410,1215,736950320131,0
matmul_large_L10_r4,1790333630.2317927,4877681.920528774,382.278,70,1410,1215,736950359472,0
matmul_large_L10_r4,1790333630.2817898,4877681.970525649,401.168,70,1410,1215,736950359472,0
matmul_large_L10_r4,1790333630.3317943,4877682.020530345,401.168,70,1410,1215,736950400018,0
matmul_large_L10_r4,1790333630.3817923,4877682.0705282,402.359,69,1395,1215,736950400018,4
matmul_large_L10_r4,1790333630.4317915,4877682.120527625,402.359,69,1395,1215,736950439115,4
matmul_large_L10_r4,1790333630.4817908,4877682.170526721,382.278,70,1410,1215,736950439115,0
matmul_large_L10_r4,1790333630.5317872,4877682.220523236,382.278,70,1410,1215,736950479508,0
matmul_large_L10_r4,1790333630.5817904,4877682.270526482,409.34,70,1410,1215,736950479508,0
matmul_large_L10_r4,1790333630.6317902,4877682.320526217,409.34,70,1410,1215,736950520614,0
matmul_large_L10_r4,1790333630.6817899,4877682.370526062,404.681,70,1410,1215,736950520614,0
matmul_large_L10_r4,1790333630.731793,4877682.420528857,404.681,70,1410,1215,736950561237,0
matmul_large_L10_r4,1790333630.7817888,4877682.470524923,404.358,70,1410,1215,736950561237,0
matmul_large_L10_r4,1790333630.8317888,4877682.520524768,404.358,70,1410,1215,736950601939,0
matmul_large_L10_r4,1790333630.8817925,4877682.570528563,404.358,70,1410,1215,736950601939,0
matmul_large_L10_r4,1790333630.9317896,4877682.620525569,404.358,70,1410,1215,736950642725,0
matmul_large_L10_r4,1790333630.9817936,4877682.670529564,409.774,70,1395,1215,736950642725,4
matmul_large_L10_r4,1790333631.0317926,4877682.720528769,409.774,70,1395,1215,736950682795,4
matmul_large_L10_r4,1790333631.0817904,4877682.770526455,383.739,69,1395,1215,736950682795,4
matmul_large_L10_r4,1790333631.1317928,4877682.82052897,383.739,69,1395,1215,736950721509,4
matmul_large_L10_r4,1790333631.1817927,4877682.870528765,383.739,70,1410,1215,736950721509,0
matmul_large_L10_r4,1790333631.2317903,4877682.920526461,383.739,70,1410,1215,736950761548,0
matmul_large_L10_r4,1790333631.2817912,4877682.970527216,407.549,70,1395,1215,736950761548,4
matmul_large_L10_r4,1790333631.331791,4877683.020526951,407.549,70,1395,1215,736950802013,4
matmul_large_L10_r4,1790333631.3817923,4877683.070528287,389.797,70,1395,1215,736950802013,4
matmul_large_L10_r4,1790333631.4317935,4877683.120529452,389.797,70,1395,1215,736950841153,4
matmul_large_L10_r4,1790333631.4817896,4877683.170525777,388.39,70,1410,1215,736950841153,0
matmul_large_L10_r4,1790333631.5317872,4877683.220523323,388.39,70,1410,1215,736950881647,0
matmul_large_L10_r4,1790333631.5817888,4877683.270524798,401.437,70,1410,1215,736950881647,0
matmul_large_L10_r4,1790333631.631791,4877683.320527113,401.437,70,1410,1215,736950922374,0
matmul_large_L10_r4,1790333631.6817899,4877683.370526099,401.76,70,1410,1215,736950922374,0
matmul_large_L10_r4,1790333631.7317898,4877683.420525884,401.76,70,1410,1215,736950963054,0
matmul_large_L10_r4,1790333631.7817903,4877683.470526259,402.029,70,1410,1215,736950963054,0
matmul_large_L10_r4,1790333631.8317897,4877683.520525945,402.029,70,1410,1215,736951003687,0
matmul_large_L10_r4,1790333631.8817894,4877683.5705256,402.359,70,1410,1215,736951003687,0
matmul_large_L10_r4,1790333631.9317927,4877683.620528795,402.359,70,1410,1215,736951044293,0
matmul_large_L10_r4,1790333631.9817927,4877683.670528701,396.785,70,1395,1215,736951044293,4
matmul_large_L10_r4,1790333632.0317886,4877683.720524536,396.785,70,1395,1215,736951083338,4
matmul_large_L10_r4,1790333632.0817897,4877683.770525791,394.456,70,1410,1215,736951083338,0
matmul_large_L10_r4,1790333632.1317892,4877683.820525317,394.456,70,1410,1215,736951123968,0
matmul_large_L10_r4,1790333632.1817935,4877683.870529652,386.068,70,1395,1215,736951123968,4
matmul_large_L10_r4,1790333632.2317896,4877683.920525637,386.068,70,1395,1215,736951163032,4
matmul_large_L10_r4,1790333632.2817922,4877683.970528213,399.43,70,1395,1215,736951163032,4
matmul_large_L10_r4,1790333632.3317897,4877684.020525878,399.43,70,1395,1215,736951202970,4
matmul_large_L10_r4,1790333632.3817928,4877684.070528723,384.608,69,1410,1215,736951202970,0
matmul_large_L10_r4,1790333632.4317951,4877684.120531219,384.608,69,1410,1215,736951242576,0
matmul_large_L10_r4,1790333632.4817932,4877684.170529254,408.148,70,1410,1215,736951242576,0
matmul_large_L10_r4,1790333632.5317934,4877684.220529499,408.148,70,1410,1215,736951283745,0
matmul_large_L10_r4,1790333632.5817902,4877684.270526225,409.878,70,1410,1215,736951283745,0
matmul_large_L10_r4,1790333632.6317942,4877684.32053019,409.878,70,1410,1215,736951324922,0
matmul_large_L10_r4,1790333632.681793,4877684.370528995,404.358,70,1410,1215,736951324922,0
matmul_large_L10_r4,1790333632.7317877,4877684.420523831,404.358,70,1410,1215,736951365519,0
matmul_large_L10_r4,1790333632.7817922,4877684.470528406,403.668,70,1410,1215,736951365519,0
matmul_large_L10_r4,1790333632.8317907,4877684.520526711,403.668,70,1410,1215,736951406202,0
matmul_large_L10_r4,1790333632.8817885,4877684.570524367,403.489,70,1395,1215,736951406202,4
matmul_large_L10_r4,1790333632.931793,4877684.620529042,403.489,70,1395,1215,736951445640,4
matmul_large_L10_r4,1790333632.9817922,4877684.670528337,383.139,69,1410,1215,736951445640,0
matmul_large_L10_r4,1790333633.0317924,4877684.720528503,383.139,69,1410,1215,736951485682,0
matmul_large_L10_r4,1790333633.0817928,4877684.770528718,407.549,70,1395,1215,736951485682,4
matmul_large_L10_r4,1790333633.1317906,4877684.820526543,407.549,70,1395,1215,736951525309,4
matmul_large_L10_r4,1790333633.1817904,4877684.870526599,387.475,70,1410,1215,736951525309,0
matmul_large_L10_r4,1790333633.2317927,4877684.920528774,387.475,70,1410,1215,736951565609,0
matmul_large_L10_r4,1790333633.2817929,4877684.970528799,386.068,70,1395,1215,736951565609,4
matmul_large_L10_r4,1790333633.3317912,4877685.020527265,386.068,70,1395,1215,736951604451,4
matmul_large_L10_r4,1790333633.3817873,4877685.07052347,391.258,70,1410,1215,736951604451,0
matmul_large_L10_r4,1790333633.4317935,4877685.120529495,391.258,70,1410,1215,736951645423,0
matmul_large_L10_r4,1790333633.4817922,4877685.170528411,402.359,70,1410,1215,736951645423,0
matmul_large_L10_r4,1790333633.5317905,4877685.220526526,402.359,70,1410,1215,736951686039,0
matmul_large_L10_r4,1790333633.5817895,4877685.270525411,402.628,70,1410,1215,736951686039,0
matmul_large_L10_r4,1790333633.6317897,4877685.320525657,402.628,70,1410,1215,736951726978,0
matmul_large_L10_r4,1790333633.6817913,4877685.370527202,408.148,70,1410,1215,736951726978,0
matmul_large_L10_r4,1790333633.7317932,4877685.420529177,408.148,70,1410,1215,736951768266,0
matmul_large_L10_r4,1790333633.7817929,4877685.470528823,408.74,70,1395,1215,736951768266,4
matmul_large_L10_r4,1790333633.831793,4877685.520529228,408.74,70,1395,1215,736951807818,4
matmul_large_L10_r4,1790333633.8817906,4877685.570526713,383.416,70,1395,1215,736951807818,4
matmul_large_L10_r4,1790333633.9317937,4877685.620529689,383.416,70,1395,1215,736951846949,4
matmul_large_L10_r4,1790333633.981793,4877685.670528974,400.568,70,1410,1215,736951846949,0
matmul_large_L10_r4,1790333634.03179,4877685.720526099,400.568,70,1410,1215,736951887777,0
matmul_large_L10_r4,1790333634.0817902,4877685.770526295,409.878,70,1410,1215,736951887777,0
matmul_large_L10_r4,1790333634.1317909,4877685.82052679,409.878,70,1410,1215,736951887777,0
matmul_large_L10_r4,1790333634.1817935,4877685.870529565,388.39,70,1395,1215,736951929119,4
matmul_large_L10_r4,1790333634.2317908,4877685.920526951,388.39,70,1395,1215,736951929119,4
matmul_large_L10_r4,1790333634.281794,4877685.970530196,382.547,69,1395,1215,736951967469,4
matmul_large_L10_r4,1790333634.331788,4877686.020524101,382.547,69,1395,1215,736951967469,4
matmul_large_L10_r4,1790333634.381793,4877686.070529047,401.437,70,1410,1215,736952006592,0
matmul_large_L10_r4,1790333634.4317875,4877686.120523462,401.437,70,1410,1215,736952006592,0
matmul_large_L10_r4,1790333634.4817922,4877686.170528397,402.628,70,1410,1215,736952047224,0
matmul_large_L10_r4,1790333634.5317883,4877686.220524213,402.628,70,1410,1215,736952047224,0
matmul_large_L10_r4,1790333634.5817907,4877686.270526668,408.148,70,1410,1215,736952088033,0
matmul_large_L10_r4,1790333634.6317909,4877686.320526913,408.148,70,1410,1215,736952088033,0
matmul_large_L10_r4,1790333634.6817904,4877686.370526619,409.017,70,1410,1215,736952129403,0
matmul_large_L10_r4,1790333634.7317939,4877686.420530064,409.017,70,1410,1215,736952129403,0
matmul_large_L10_r4,1790333634.78179,4877686.470525909,389.797,70,1395,1215,736952169908,4
matmul_large_L10_r4,1790333634.8317933,4877686.520529325,389.797,70,1395,1215,736952169908,4
matmul_large_L10_r4,1790333634.8817923,4877686.5705283,383.139,69,1395,1215,736952208973,4
matmul_large_L10_r4,1790333634.9317887,4877686.620524965,383.139,69,1395,1215,736952208973,4
matmul_large_L10_r4,1790333634.9817922,4877686.670528171,402.029,70,1410,1215,736952248349,0
matmul_large_L10_r4,1790333635.031788,4877686.720524096,402.029,70,1410,1215,736952248349,0
matmul_large_L10_r4,1790333635.0817907,4877686.770526851,408.74,70,1410,1215,736952289199,4
matmul_large_L10_r4,1790333635.1317878,4877686.820523767,408.74,70,1410,1215,736952289199,4
matmul_large_L10_r4,1790333635.1817927,4877686.870528682,389.259,70,1395,1215,736952329453,4
matmul_large_L10_r4,1790333635.2317872,4877686.920523367,389.259,70,1395,1215,736952329453,4
matmul_large_L10_r4,1790333635.2817929,4877686.970528763,384.277,69,1395,1215,736952368638,4
matmul_large_L10_r4,1790333635.33179,4877687.020526078,384.277,69,1395,1215,736952368638,4
matmul_large_L10_r4,1790333635.3817894,4877687.070525483,402.897,70,1410,1215,736952408070,0
matmul_large_L10_r4,1790333635.43179,4877687.120526009,402.897,70,1410,1215,736952408070,0
matmul_large_L10_r4,1790333635.4817917,4877687.170527904,409.609,70,1410,1215,736952448932,0
matmul_large_L10_r4,1790333635.531793,4877687.220529229,409.609,70,1410,1215,736952448932,0
matmul_large_L10_r4,1790333635.5817902,4877687.270526205,410.201,70,1410,1215,736952490209,0
matmul_large_L10_r4,1790333635.6317914,4877687.3205273,410.201,70,1410,1215,736952490209,0
matmul_large_L10_r4,1790333635.6817927,4877687.370528815,410.478,70,1410,1215,736952531547,0
matmul_large_L10_r4,1790333635.731793,4877687.42052896,410.478,70,1410,1215,736952531547,0
matmul_large_L10_r4,1790333635.7817905,4877687.470526516,383.416,70,1395,1215,736952571558,4
matmul_large_L10_r4,1790333635.8317876,4877687.520523441,383.416,70,1395,1215,736952571558,4
matmul_large_L10_r4,1790333635.8817906,4877687.570526717,382.547,69,1395,1215,736952610280,4
matmul_large_L10_r4,1790333635.9317882,4877687.620524272,382.547,69,1395,1215,736952610280,4
matmul_large_L10_r4,1790333635.9817936,4877687.670529707,407.549,70,1410,1215,736952650256,0
matmul_large_L10_r4,1790333636.0317879,4877687.720523753,407.549,70,1410,1215,736952650256,0
matmul_large_L10_r4,1790333636.0817904,4877687.770526528,408.74,70,1395,1215,736952691581,4
matmul_large_L10_r4,1790333636.1317878,4877687.820523943,408.74,70,1395,1215,736952691581,4
matmul_large_L10_r4,1790333636.181792,4877687.870528068,382.547,70,1395,1215,736952731080,4
matmul_large_L10_r4,1790333636.2317872,4877687.920523284,382.547,70,1395,1215,736952731080,4
matmul_large_L10_r4,1790333636.2817924,4877687.970528669,406.088,70,1395,1215,736952770562,4
matmul_large_L10_r4,1790333636.3317943,4877688.020530344,406.088,70,1395,1215,736952770562,4
matmul_large_L10_r4,1790333636.3817904,4877688.07052656,382.547,69,1410,1215,736952810047,0
matmul_large_L10_r4,1790333636.4317932,4877688.120529115,382.547,69,1410,1215,736952810047,0
matmul_large_L10_r4,1790333636.4817922,4877688.170528361,409.34,70,1410,1215,736952850428,0
matmul_large_L10_r4,1790333636.5317905,4877688.220526526,409.34,70,1410,1215,736952850428,0
matmul_large_L10_r4,1790333636.5817924,4877688.270528411,410.201,70,1410,1215,736952891685,0
matmul_large_L10_r4,1790333636.63179,4877688.320525766,410.201,70,1410,1215,736952891685,0
matmul_large_L10_r4,1790333636.681793,4877688.370529152,405.227,70,1395,1215,736952932838,4
matmul_large_L10_r4,1790333636.7317932,4877688.420529327,405.227,70,1395,1215,736952932838,4
matmul_large_L10_r4,1790333636.7817903,4877688.470526223,384.277,70,1410,1215,736952972194,0
matmul_large_L10_r4,1790333636.8317933,4877688.520529528,384.277,70,1410,1215,736952972194,0
matmul_large_L10_r4,1790333636.8817897,4877688.570525773,409.017,70,1410,1215,736953012587,0
matmul_large_L10_r4,1790333636.931787,4877688.620523159,409.017,70,1410,1215,736953012587,0
matmul_large_L10_r4,1790333636.981793,4877688.670529144,409.34,70,1410,1215,736953053824,0
matmul_large_L10_r4,1790333637.0317912,4877688.720527129,409.34,70,1410,1215,736953053824,4
matmul_large_L10_r4,1790333637.081793,4877688.770529074,384.277,70,1395,1215,736953093675,4
matmul_large_L10_r4,1790333637.1317906,4877688.82052656,384.277,70,1395,1215,736953093675,4
matmul_large_L10_r4,1790333637.1817894,4877688.870525515,386.337,69,1410,1215,736953132287,0
matmul_large_L10_r4,1790333637.23179,4877688.92052608,386.337,69,1410,1215,736953132287,0
matmul_large_L10_r4,1790333637.2817905,4877688.970526576,388.667,70,1395,1215,736953172289,4
matmul_large_L10_r4,1790333637.33179,4877689.020526161,388.667,70,1395,1215,736953172289,4
matmul_large_L0.5_r0,1790333646.7999115,4877698.48864717,403.766,70,1410,1215,736956949866,0
matmul_large_L0.5_r0,1790333646.849989,4877698.538724535,403.766,70,1410,1215,736956949866,0
matmul_large_L0.5_r0,1790333646.8999815,4877698.58871717,401.437,70,1410,1215,736956990290,0
matmul_large_L0.5_r0,1790333646.9499865,4877698.638722226,401.437,70,1410,1215,736956990290,0
matmul_large_L0.5_r0,1790333646.9999895,4877698.688725141,387.198,70,1395,1215,736957030220,4
matmul_large_L0.5_r0,1790333647.0499885,4877698.738724426,387.198,70,1395,1215,736957030220,4
matmul_large_L0.5_r0,1790333647.0999894,4877698.788725202,381.955,69,1410,1215,736957070355,0
matmul_large_L0.5_r0,1790333647.1499896,4877698.838725377,381.955,69,1410,1215,736957070355,0
matmul_large_L0.5_r0,1790333647.1999927,4877698.888728182,409.609,70,1410,1215,736957109449,0
matmul_large_L0.5_r0,1790333647.2499893,4877698.938725227,409.609,70,1410,1215,736957109449,0
matmul_large_L0.5_r0,1790333647.2999923,4877698.988727993,409.609,70,1395,1215,736957151432,4
matmul_large_L20_r2,1790333656.7327368,4877708.421472729,403.489,70,1410,1215,736960889066,0
matmul_large_L20_r2,1790333656.7828496,4877708.471585723,384.008,70,1410,1215,736960929144,0
matmul_large_L20_r2,1790333656.8328447,4877708.521580778,384.008,70,1410,1215,736960929144,0
matmul_large_L20_r2,1790333656.882856,4877708.571591943,404.089,70,1410,1215,736960969732,0
matmul_large_L20_r2,1790333656.9328585,4877708.621594489,404.089,70,1410,1215,736960969732,0
matmul_large_L20_r2,1790333656.9828584,4877708.671594634,384.608,70,1395,1215,736961009760,4
matmul_large_L20_r2,1790333657.0328588,4877708.721594959,384.608,70,1395,1215,736961009760,4
matmul_large_L20_r2,1790333657.0828583,4877708.771594274,384.008,70,1410,1215,736961049170,0
matmul_large_L20_r2,1790333657.132856,4877708.82159189,384.008,70,1410,1215,736961049170,0
matmul_large_L20_r2,1790333657.1828585,4877708.871594485,389.797,70,1395,1215,736961089103,4
matmul_large_L20_r2,1790333657.232855,4877708.921591091,389.797,70,1395,1215,736961089103,4
matmul_large_L20_r2,1790333657.2828577,4877708.971593706,401.437,70,1410,1215,736961128294,0
matmul_large_L20_r2,1790333657.332858,4877709.021594101,401.437,70,1410,1215,736961128294,0
matmul_large_L20_r2,1790333657.3828585,4877709.071594557,402.897,70,1410,1215,736961168851,0
matmul_large_L20_r2,1790333657.432856,4877709.121592232,402.897,70,1410,1215,736961168851,0
matmul_large_L20_r2,1790333657.4828537,4877709.171589587,403.22,70,1410,1215,736961209710,0
matmul_large_L20_r2,1790333657.532856,4877709.221592232,403.22,70,1410,1215,736961209710,0
matmul_large_L20_r2,1790333657.5828557,4877709.271591788,403.489,70,1410,1215,736961250360,0
matmul_large_L20_r2,1790333657.632856,4877709.321591863,403.489,70,1410,1215,736961250360,0
matmul_large_L20_r2,1790333657.6828556,4877709.371591869,403.489,70,1410,1215,736961290916,0
matmul_large_L20_r2,1790333657.7328594,4877709.421595614,403.489,70,1410,1215,736961290916,0
matmul_large_L20_r2,1790333657.7828555,4877709.471591579,403.489,70,1410,1215,736961331400,0
matmul_large_L20_r2,1790333657.8328586,4877709.521594775,403.489,70,1410,1215,736961331400,0
matmul_large_L20_r2,1790333657.8828561,4877709.57159222,384.008,70,1395,1215,736961372017,4
matmul_large_L20_r2,1790333657.9328554,4877709.621591275,384.008,70,1395,1215,736961372017,4
matmul_large_L20_r2,1790333657.9828582,4877709.67159433,400.299,70,1410,1215,736961410827,0
matmul_large_L20_r2,1790333658.032855,4877709.721591126,400.299,70,1410,1215,736961410827,0
matmul_large_L20_r2,1790333658.0828574,4877709.771593721,383.139,70,1395,1215,736961451088,4
matmul_large_L20_r2,1790333658.1328585,4877709.821594746,383.139,70,1395,1215,736961451088,4
matmul_large_L20_r2,1790333658.1828554,4877709.871591552,407.879,70,1410,1215,736961490493,0
matmul_large_L20_r2,1790333658.2328584,4877709.921594487,407.879,70,1410,1215,736961490493,0
matmul_large_L20_r2,1790333658.282859,4877709.971595143,389.797,70,1395,1215,736961531778,4
matmul_large_L20_r2,1790333658.3328583,4877710.021594378,389.797,70,1395,1215,736961531778,4
matmul_large_L20_r2,1790333658.3828554,4877710.071591633,401.94,70,1410,1215,736961570931,0
matmul_large_L20_r2,1790333658.4328697,4877710.121605758,401.94,70,1410,1215,736961570931,0
matmul_large_L20_r2,1790333658.4828563,4877710.171592284,402.628,70,1410,1215,736961611615,0
matmul_large_L20_r2,1790333658.5328586,4877710.221594569,402.628,70,1410,1215,736961611615,0
matmul_large_L20_r2,1790333658.5828583,4877710.271594174,409.609,70,1410,1215,736961652434,0
matmul_large_L20_r2,1790333658.6328552,4877710.32159126,409.609,70,1410,1215,736961652434,0
matmul_large_L20_r2,1790333658.6828554,4877710.371591595,410.478,70,1410,1215,736961693805,0
matmul_large_L20_r2,1790333658.732855,4877710.421591131,410.478,70,1410,1215,736961693805,0
matmul_large_L20_r2,1790333658.7828574,4877710.471593606,384.877,70,1395,1215,736961733828,4
matmul_large_L20_r2,1790333658.8328557,4877710.521591861,384.877,70,1395,1215,736961733828,4
matmul_large_L20_r2,1790333658.8828578,4877710.571593776,397.969,70,1410,1215,736961772837,0
matmul_large_L20_r2,1790333658.9328606,4877710.621596722,397.969,70,1410,1215,736961772837,0
matmul_large_L20_r2,1790333658.9828577,4877710.671593737,389.259,70,1395,1215,736961813196,4
matmul_large_L20_r2,1790333659.0328588,4877710.721594872,389.259,70,1395,1215,736961813196,4
matmul_large_L20_r2,1790333659.082856,4877710.771592008,402.359,70,1410,1215,736961852471,0
matmul_large_L20_r2,1790333659.1328583,4877710.821594283,402.359,70,1410,1215,736961852471,0
matmul_large_L20_r2,1790333659.1828554,4877710.871591578,403.489,70,1410,1215,736961893167,0
matmul_large_L20_r2,1790333659.2328558,4877710.921591954,403.489,70,1410,1215,736961893167,0
matmul_large_L20_r2,1790333659.282858,4877710.971594119,403.766,70,1410,1215,736961933951,0
matmul_large_L20_r2,1790333659.332858,4877711.021594074,403.766,70,1410,1215,736961933951,0
matmul_large_L20_r2,1790333659.382855,4877711.07159103,403.766,70,1410,1215,736961974590,0
matmul_large_L20_r2,1790333659.4328585,4877711.121594295,403.766,70,1410,1215,736961974590,0
matmul_large_L20_r2,1790333659.4828577,4877711.17159366,403.766,70,1410,1215,736962015310,0
matmul_large_L20_r2,1790333659.532858,4877711.221593956,403.766,70,1410,1215,736962015310,0
matmul_large_L20_r2,1790333659.5828555,4877711.271591541,403.489,70,1410,1215,736962056018,0
matmul_large_L20_r2,1790333659.6328545,4877711.321590516,403.489,70,1410,1215,736962056018,0
matmul_large_L20_r2,1790333659.6828547,4877711.371590722,403.489,70,1410,1215,736962097695,0
matmul_large_L20_r2,1790333659.732855,4877711.421591097,404.089,70,1410,1215,736962097695,4
matmul_large_L20_r2,1790333659.7828577,4877711.471593722,382.816,70,1395,1215,736962136425,4
matmul_large_L20_r2,1790333659.832855,4877711.521591118,382.816,70,1395,1215,736962136425,4
matmul_large_L20_r2,1790333659.8828542,4877711.571590233,382.816,70,1410,1215,736962176438,4
matmul_large_L20_r2,1790333659.9328573,4877711.621593408,409.017,70,1410,1215,736962176438,4
matmul_large_L20_r2,1790333659.9828558,4877711.671591594,409.017,70,1395,1215,736962216190,4
matmul_large_L20_r2,1790333660.0328581,4877711.721594149,409.017,70,1395,1215,736962216190,4
matmul_large_L20_r2,1790333660.0828586,4877711.771594424,383.139,70,1410,1215,736962255532,0
matmul_large_L20_r2,1790333660.1328557,4877711.82159157,383.139,70,1410,1215,736962255532,0
matmul_large_L20_r2,1790333660.1828554,4877711.871591515,401.76,70,1410,1215,736962296213,0
matmul_large_L20_r2,1790333660.232859,4877711.92159489,401.76,70,1410,1215,736962296213,0
matmul_large_L20_r2,1790333660.2828557,4877711.971591756,402.359,70,1410,1215,736962336681,0
matmul_large_L20_r2,1790333660.332855,4877712.021591001,402.359,70,1410,1215,736962336681,0
matmul_large_L20_r2,1790333660.382858,4877712.071594156,402.897,70,1410,1215,736962377327,0
matmul_large_L20_r2,1790333660.4328563,4877712.121592252,402.897,70,1410,1215,736962377327,0
matmul_large_L20_r2,1790333660.482856,4877712.171591937,403.22,70,1410,1215,736962418018,0
matmul_large_L20_r2,1790333660.5328598,4877712.221595882,403.22,70,1410,1215,736962418018,0
matmul_large_L20_r2,1790333660.5828562,4877712.271592128,403.489,70,1410,1215,736962418018,0
matmul_large_L20_r2,1790333660.6328564,4877712.321592403,403.489,70,1410,1215,736962459268,0
matmul_large_L20_r2,1790333660.682858,4877712.371594038,403.22,70,1395,1215,736962459268,4
matmul_large_L20_r2,1790333660.732857,4877712.421593064,403.22,70,1395,1215,736962498999,4
matmul_large_L20_r2,1790333660.7828557,4877712.471591619,383.739,70,1395,1215,736962498999,4
matmul_large_L20_r2,1790333660.8328552,4877712.521591444,383.739,70,1395,1215,736962538311,4
matmul_large_L20_r2,1790333660.8828573,4877712.57159334,388.39,70,1395,1215,736962538311,4
matmul_large_L20_r2,1790333660.932856,4877712.621592125,388.39,70,1395,1215,736962576402,4
matmul_large_L20_r2,1790333660.9828582,4877712.67159441,382.547,70,1410,1215,736962576402,0
matmul_large_L20_r2,1790333661.0328572,4877712.721593046,382.547,70,1410,1215,736962615688,0
matmul_large_L20_r2,1790333661.0828562,4877712.771592241,400.03,70,1410,1215,736962615688,0
matmul_large_L20_r2,1790333661.1328557,4877712.821591686,400.03,70,1410,1215,736962656335,0
matmul_large_L20_r2,1790333661.1828558,4877712.871592062,402.359,70,1410,1215,736962656335,0
matmul_large_L20_r2,1790333661.2328556,4877712.921591577,402.359,70,1410,1215,736962696954,0
matmul_large_L20_r2,1790333661.282858,4877712.971593932,402.628,70,1410,1215,736962696954,0
matmul_large_L20_r2,1790333661.3328586,4877713.021594748,402.628,70,1410,1215,736962737525,0
matmul_large_L20_r2,1790333661.3828585,4877713.071594593,403.22,70,1410,1215,736962737525,0
matmul_large_L20_r2,1790333661.4328582,4877713.121594188,403.22,70,1410,1215,736962778140,0
matmul_large_L20_r2,1790333661.4828558,4877713.171591724,403.489,70,1410,1215,736962778140,0
matmul_large_L20_r2,1790333661.532856,4877713.221592069,403.489,70,1410,1215,736962818788,0
matmul_large_L20_r2,1790333661.5828576,4877713.271593764,403.489,70,1410,1215,736962818788,0
matmul_large_L20_r2,1790333661.632855,4877713.32159105,403.489,70,1410,1215,736962859449,0
matmul_large_L20_r2,1790333661.6828578,4877713.371593745,404.681,70,1395,1215,736962859449,4
matmul_large_L20_r2,1790333661.732858,4877713.42159402,404.681,70,1395,1215,736962898860,4
matmul_large_L20_r2,1790333661.782858,4877713.471594066,384.608,70,1410,1215,736962898860,4
matmul_large_L20_r2,1790333661.8328586,4877713.521594551,384.608,70,1410,1215,736962938785,4
matmul_large_L20_r2,1790333661.8828576,4877713.571593476,396.509,70,1395,1215,736962938785,4
matmul_large_L20_r2,1790333661.9328592,4877713.621595142,396.509,70,1395,1215,736962978202,4
matmul_large_L20_r2,1790333661.9828563,4877713.671592236,389.528,70,1410,1215,736962978202,0
matmul_large_L20_r2,1790333662.032856,4877713.72159224,389.528,70,1410,1215,736963018729,0
matmul_large_L20_r2,1790333662.082856,4877713.771591884,403.489,70,1410,1215,736963018729,0
matmul_large_L20_r2,1790333662.1328597,4877713.821595787,403.489,70,1410,1215,736963059384,0
matmul_large_L20_r2,1790333662.1828578,4877713.871593711,402.897,70,1410,1215,736963059384,0
matmul_large_L20_r2,1790333662.2328584,4877713.921594305,402.897,70,1410,1215,736963100012,0
matmul_large_L20_r2,1790333662.2828534,4877713.971589348,403.22,70,1410,1215,736963100012,0
matmul_large_L20_r2,1790333662.3328602,4877714.021596092,403.22,70,1410,1215,736963140625,0
matmul_large_L20_r2,1790333662.382855,4877714.071590926,403.22,70,1410,1215,736963140625,0
matmul_large_L20_r2,1790333662.4328585,4877714.121594419,403.22,70,1410,1215,736963181197,0
matmul_large_L20_r2,1790333662.482856,4877714.171591983,403.489,70,1410,1215,736963181197,0
matmul_large_L20_r2,1790333662.5328588,4877714.221594817,403.489,70,1410,1215,736963221797,0
matmul_large_L20_r2,1790333662.5828588,4877714.27159471,403.489,70,1395,1215,736963221797,4
matmul_large_L20_r2,1790333662.6328533,4877714.321589454,403.489,70,1395,1215,736963261360,4
matmul_large_L20_r2,1790333662.682858,4877714.371594128,381.955,70,1395,1215,736963261360,4
matmul_large_L20_r2,1790333662.732858,4877714.421593981,381.955,70,1395,1215,736963300284,4
matmul_large_L20_r2,1790333662.782858,4877714.471594005,393.91,70,1395,1215,736963300284,4
matmul_large_L20_r2,1790333662.832855,4877714.521591029,393.91,70,1395,1215,736963340425,4
matmul_large_L20_r2,1790333662.8828576,4877714.571593582,388.262,70,1410,1215,736963340425,0
matmul_large_L20_r2,1790333662.9328554,4877714.621591466,388.262,70,1410,1215,736963380064,0
matmul_large_L20_r2,1790333662.9828563,4877714.67159231,401.437,70,1410,1215,736963380064,0
matmul_large_L20_r2,1790333663.0328593,4877714.721595543,401.437,70,1410,1215,736963420633,0
matmul_large_L20_r2,1790333663.0828574,4877714.771593637,402.628,70,1410,1215,736963420633,0
matmul_large_L20_r2,1790333663.1328583,4877714.821594531,402.628,70,1410,1215,736963461323,0
matmul_large_L20_r2,1790333663.1828578,4877714.871593744,402.359,70,1410,1215,736963461323,0
matmul_large_L20_r2,1790333663.2328591,4877714.921595248,402.359,70,1410,1215,736963501967,0
matmul_large_L20_r2,1790333663.2828581,4877714.971594361,403.489,70,1410,1215,736963501967,0
matmul_large_L20_r2,1790333663.3328543,4877715.021590245,403.489,70,1410,1215,736963542623,0
matmul_large_L20_r2,1790333663.382858,4877715.071594029,403.489,70,1410,1215,736963542623,0
matmul_large_L20_r2,1790333663.4328587,4877715.121594722,403.489,70,1410,1215,736963583455,0
matmul_large_L20_r2,1790333663.4828548,4877715.171590896,409.34,70,1395,1215,736963583455,4
matmul_large_L20_r2,1790333663.5328586,4877715.22159474,409.34,70,1395,1215,736963623444,4
matmul_large_L20_r2,1790333663.582858,4877715.271593913,384.008,70,1395,1215,736963623444,4
matmul_large_L20_r2,1790333663.6328585,4877715.321594707,384.008,70,1395,1215,736963663120,4
matmul_large_L20_r2,1790333663.6828551,4877715.371591431,384.008,70,1410,1215,736963663120,4
matmul_large_L20_r2,1790333663.7328603,4877715.421596384,388.936,70,1410,1215,736963702806,0
matmul_large_L20_r2,1790333663.7828574,4877715.471593458,402.359,70,1395,1215,736963702806,0
matmul_large_L20_r2,1790333663.8328564,4877715.521592412,402.359,70,1395,1215,736963742208,4
matmul_large_L20_r2,1790333663.8828583,4877715.571594305,383.416,70,1410,1215,736963742208,0
matmul_large_L20_r2,1790333663.9328587,4877715.621594569,383.416,70,1410,1215,736963782533,0
matmul_large_L20_r2,1790333663.982857,4877715.671593083,408.148,70,1410,1215,736963782533,0
matmul_large_L20_r2,1790333664.0328586,4877715.721594646,408.148,70,1410,1215,736963823618,0
matmul_large_L20_r2,1790333664.0828571,4877715.77159323,403.22,70,1410,1215,736963823618,0
matmul_large_L20_r2,1790333664.1328561,4877715.821592024,403.22,70,1410,1215,736963864313,0
matmul_large_L20_r2,1790333664.1828554,4877715.871591537,402.628,70,1410,1215,736963864313,0
matmul_large_L20_r2,1790333664.232859,4877715.921594851,402.628,70,1410,1215,736963905188,0
matmul_large_L20_r2,1790333664.2828586,4877715.971594485,408.74,70,1410,1215,736963905188,0
matmul_large_L20_r2,1790333664.3328571,4877716.021593198,408.74,70,1410,1215,736963946003,0
matmul_large_L20_r2,1790333664.3828576,4877716.071593622,391.258,70,1410,1215,736963946003,0
matmul_large_L20_r2,1790333664.4328566,4877716.121592516,391.258,70,1410,1215,736963986173,0
matmul_large_L20_r2,1790333664.4828548,4877716.171590909,402.897,70,1395,1215,736963986173,4
matmul_large_L20_r2,1790333664.5328584,4877716.221594343,402.897,70,1395,1215,736964025582,4
matmul_large_L20_r2,1790333664.5828595,4877716.271595557,386.929,70,1395,1215,736964025582,4
matmul_large_L20_r2,1790333664.6328223,4877716.321558051,386.929,70,1395,1215,736964065237,4
matmul_large_L20_r2,1790333664.6828544,4877716.371590524,400.568,70,1395,1215,736964065237,4
matmul_large_L20_r2,1790333664.7328548,4877716.421590948,400.568,70,1395,1215,736964105208,4
matmul_large_L20_r2,1790333664.782854,4877716.471590271,387.798,70,1395,1215,736964105208,4
matmul_large_L20_r2,1790333664.8328555,4877716.521591615,387.798,70,1395,1215,736964144529,4
matmul_large_L20_r2,1790333664.8828578,4877716.571593858,395.371,70,1410,1215,736964144529,0
matmul_large_L20_r2,1790333664.9328587,4877716.621594772,395.371,70,1410,1215,736964185129,0
matmul_large_L20_r2,1790333664.9828541,4877716.671590226,402.029,70,1410,1215,736964185129,0
matmul_large_L20_r2,1790333665.032856,4877716.72159208,402.029,70,1410,1215,736964225690,0
matmul_large_L20_r2,1790333665.0828583,4877716.771594373,403.766,70,1410,1215,736964225690,0
matmul_large_L20_r2,1790333665.1328564,4877716.821592347,403.766,70,1410,1215,736964266334,0
matmul_large_L20_r2,1790333665.182856,4877716.87159235,404.089,70,1410,1215,736964266334,0
matmul_large_L20_r2,1790333665.2328556,4877716.921591714,404.089,70,1410,1215,736964306942,0
matmul_large_L20_r2,1790333665.2828572,4877716.971593358,403.668,70,1410,1215,736964306942,0
matmul_large_L20_r2,1790333665.3328547,4877717.021590961,403.668,70,1410,1215,736964347661,0
matmul_large_L20_r2,1790333665.3828573,4877717.071593255,404.358,70,1395,1215,736964347661,4
matmul_large_L20_r2,1790333665.4328556,4877717.121591689,404.358,70,1395,1215,736964387436,4
matmul_large_L20_r2,1790333665.482858,4877717.171594022,383.139,69,1410,1215,736964387436,0
matmul_large_L20_r2,1790333665.5328577,4877717.221593576,383.139,69,1410,1215,736964427172,0
matmul_large_L20_r2,1790333665.5828574,4877717.2715936,407.879,70,1395,1215,736964427172,4
matmul_large_L20_r2,1790333665.632859,4877717.321594853,407.879,70,1395,1215,736964467122,4
matmul_large_L20_r2,1790333665.6828547,4877717.371590787,388.936,70,1410,1215,736964467122,0
matmul_large_L20_r2,1790333665.7328584,4877717.421594361,388.936,70,1410,1215,736964507147,0
matmul_large_L20_r2,1790333665.782854,4877717.471590114,385.738,69,1395,1215,736964507147,4
matmul_large_L20_r2,1790333665.8328555,4877717.521591688,385.738,69,1395,1215,736964507147,4
matmul_large_L20_r2,1790333665.8828557,4877717.571591832,395.917,70,1410,1215,736964546348,0
matmul_large_L20_r2,1790333665.932855,4877717.621590805,395.917,70,1410,1215,736964546348,0
matmul_large_L20_r2,1790333665.982856,4877717.671592079,402.359,70,1410,1215,736964586761,0
matmul_large_L20_r2,1790333666.0328581,4877717.721594083,402.359,70,1410,1215,736964586761,0
matmul_large_L20_r2,1790333666.0828552,4877717.771591236,408.148,70,1410,1215,736964627575,0
matmul_large_L20_r2,1790333666.1328552,4877717.82159128,408.148,70,1410,1215,736964627575,0
matmul_large_L20_r2,1790333666.1828554,4877717.871591554,408.74,70,1410,1215,736964668855,0
matmul_large_L20_r2,1790333666.2328563,4877717.921592477,408.74,70,1410,1215,736964668855,0
matmul_large_L20_r2,1790333666.2828553,4877717.971591331,389.259,70,1395,1215,736964709590,4
matmul_large_L20_r2,1790333666.3328576,4877718.021593625,389.259,70,1395,1215,736964709590,4
matmul_large_L20_r2,1790333666.382856,4877718.071591908,394.456,70,1395,1215,736964749755,4
matmul_large_L20_r2,1790333666.4328563,4877718.121592272,394.456,70,1395,1215,736964749755,4
matmul_large_L20_r2,1790333666.482858,4877718.171594075,400.299,70,1410,1215,736964789271,0
matmul_large_L20_r2,1790333666.532858,4877718.221593849,400.299,70,1410,1215,736964789271,0
matmul_large_L20_r2,1790333666.582854,4877718.271590223,386.068,70,1395,1215,736964829978,4
matmul_large_L20_r2,1790333666.632856,4877718.321591907,386.068,70,1395,1215,736964829978,4
matmul_large_L20_r2,1790333666.6828547,4877718.37159077,397.108,70,1410,1215,736964869025,0
matmul_large_L20_r2,1790333666.7328556,4877718.421591544,397.108,70,1410,1215,736964869025,0
matmul_large_L20_r2,1790333666.7828565,4877718.471592477,389.259,70,1395,1215,736964908822,4
matmul_large_L20_r2,1790333666.832858,4877718.521594151,389.259,70,1395,1215,736964908822,4
matmul_large_L20_r2,1790333666.8828554,4877718.571591475,401.76,70,1410,1215,736964948549,0
matmul_large_L20_r2,1790333666.9328563,4877718.621592308,401.76,70,1410,1215,736964948549,0
matmul_large_L20_r2,1790333666.982855,4877718.671591122,409.34,70,1410,1215,736964989395,0
matmul_large_L20_r2,1790333667.032858,4877718.721593936,409.34,70,1410,1215,736964989395,0
matmul_large_L20_r2,1790333667.082855,4877718.771590879,410.201,70,1410,1215,736965030662,0
matmul_large_L20_r2,1790333667.1328545,4877718.821590693,410.201,70,1410,1215,736965030662,0
matmul_large_L20_r2,1790333667.182855,4877718.871590937,404.958,70,1410,1215,736965071855,0
matmul_large_L20_r2,1790333667.232857,4877718.92159307,404.958,70,1410,1215,736965071855,0
matmul_large_L20_r2,1790333667.2828557,4877718.971591604,404.358,70,1395,1215,736965112559,4
matmul_large_L20_r2,1790333667.3328593,4877719.021595418,404.358,70,1395,1215,736965112559,4
matmul_large_L20_r2,1790333667.382859,4877719.071594971,383.739,70,1410,1215,736965151549,4
matmul_large_L20_r2,1790333667.4328673,4877719.121603285,383.739,70,1410,1215,736965151549,0
matmul_large_L20_r2,1790333667.482857,4877719.171593059,402.897,70,1410,1215,736965191656,0
matmul_large_L20_r2,1790333667.532856,4877719.221592052,402.897,70,1410,1215,736965191656,0
matmul_large_L20_r2,1790333667.5828552,4877719.271591136,385.146,70,1395,1215,736965231759,4
matmul_large_L20_r2,1790333667.632858,4877719.32159421,385.146,70,1395,1215,736965231759,4
matmul_large_L20_r2,1790333667.6828554,4877719.371591563,400.299,70,1410,1215,736965271023,0
matmul_large_L20_r2,1790333667.7328582,4877719.421594147,400.299,70,1410,1215,736965271023,0
matmul_large_L20_r2,1790333667.782858,4877719.471594001,395.048,70,1395,1215,736965311669,0
matmul_large_L20_r2,1790333667.832855,4877719.521591104,395.048,70,1395,1215,736965311669,4
matmul_large_L20_r2,1790333667.8828576,4877719.571593588,400.03,70,1410,1215,736965351246,0
matmul_large_L20_r2,1790333667.932855,4877719.621590852,400.03,70,1410,1215,736965351246,0
matmul_large_L20_r2,1790333667.982857,4877719.671593095,402.029,70,1410,1215,736965392370,0
matmul_large_L20_r2,1790333668.032858,4877719.721593929,402.029,70,1410,1215,736965392370,0
matmul_large_L20_r2,1790333668.082857,4877719.771593023,401.76,70,1410,1215,736965433063,0
matmul_large_L20_r2,1790333668.1328557,4877719.821591706,401.76,70,1410,1215,736965433063,0
matmul_large_L20_r2,1790333668.182855,4877719.87159086,407.279,70,1410,1215,736965474011,0
matmul_large_L20_r2,1790333668.2328584,4877719.921594394,407.279,70,1410,1215,736965474011,0
matmul_large_L20_r2,1790333668.2828548,4877719.971590897,384.277,70,1395,1215,736965514252,4
matmul_large_L20_r2,1790333668.3328562,4877720.021592061,384.277,70,1395,1215,736965514252,4
matmul_large_L20_r2,1790333668.3828568,4877720.071592924,400.568,70,1410,1215,736965553524,0
matmul_large_L20_r2,1790333668.4328563,4877720.121592368,400.568,70,1410,1215,736965553524,0
matmul_large_L20_r2,1790333668.4828541,4877720.171590162,408.148,70,1395,1215,736965594331,4
matmul_large_L20_r2,1790333668.532858,4877720.221593975,408.148,70,1395,1215,736965594331,4
matmul_large_L20_r2,1790333668.5828552,4877720.271591119,388.39,70,1395,1215,736965634043,4
matmul_large_L20_r2,1790333668.6328578,4877720.321593853,388.39,70,1395,1215,736965634043,4
matmul_large_L20_r2,1790333668.6828554,4877720.371591566,404.089,70,1395,1215,736965674245,4
matmul_large_L20_r2,1790333668.7328587,4877720.42159457,404.089,70,1395,1215,736965674245,4
matmul_large_L20_r2,1790333668.7828567,4877720.471592814,383.416,69,1410,1215,736965713375,0
matmul_large_L20_r2,1790333668.8328555,4877720.521591507,383.416,69,1410,1215,736965713375,0
matmul_large_L20_r2,1790333668.8828187,4877720.571554631,408.74,70,1410,1215,736965754057,0
matmul_large_L20_r2,1790333668.9328535,4877720.621589475,408.74,70,1410,1215,736965754057,0
matmul_large_L20_r2,1790333668.9828525,4877720.671588478,409.183,70,1410,1215,736965795344,0
matmul_large_L20_r2,1790333669.0328548,4877720.721590862,409.183,70,1410,1215,736965795344,0
matmul_large_L20_r2,1790333669.0828516,4877720.771587726,409.878,70,1410,1215,736965836587,0
matmul_large_L20_r2,1790333669.1328583,4877720.821594479,409.878,70,1410,1215,736965836587,0
matmul_large_L20_r2,1790333669.1828573,4877720.871593263,391.588,70,1395,1215,736965877473,4
matmul_large_L20_r2,1790333669.2328553,4877720.921591277,391.588,70,1395,1215,736965877473,4
matmul_large_L20_r2,1790333669.282858,4877720.97159392,384.608,70,1395,1215,736965916725,4
matmul_large_L20_r2,1790333669.3328571,4877721.021593104,384.608,70,1395,1215,736965916725,4
matmul_large_L20_r2,1790333669.3828573,4877721.071593178,401.437,70,1410,1215,736965955953,0
matmul_large_L20_r2,1790333669.432856,4877721.121592001,401.437,70,1410,1215,736965955953,0
matmul_large_L20_r2,1790333669.4828575,4877721.171593465,409.017,70,1410,1215,736965996837,0
matmul_large_L20_r2,1790333669.5328553,4877721.221591309,409.017,70,1410,1215,736965996837,4
matmul_large_L20_r2,1790333669.582852,4877721.271587912,388.936,70,1395,1215,736966036732,0
matmul_large_L20_r2,1790333669.6328561,4877721.321592126,388.936,70,1395,1215,736966036732,0
matmul_large_L20_r2,1790333669.6828578,4877721.37159377,384.277,70,1395,1215,736966076853,4
matmul_large_L20_r2,1790333669.7328553,4877721.421591453,384.277,70,1395,1215,736966076853,4
matmul_large_L20_r2,1790333669.782854,4877721.471590107,384.277,69,1410,1215,736966115916,0
matmul_large_L20_r2,1790333669.832857,4877721.521592961,384.277,69,1410,1215,736966115916,0
matmul_large_L20_r2,1790333669.882853,4877721.571589194,395.048,70,1410,1215,736966156459,0
matmul_large_L20_r2,1790333669.9328573,4877721.621593508,395.048,70,1410,1215,736966156459,0
matmul_large_L20_r2,1790333669.9828572,4877721.671593191,402.359,70,1410,1215,736966197257,0
matmul_large_L20_r2,1790333670.0328555,4877721.721591535,402.359,70,1410,1215,736966197257,0
matmul_large_L20_r2,1790333670.0828555,4877721.771591489,402.029,70,1410,1215,736966237741,0
matmul_large_L20_r2,1790333670.132855,4877721.821590973,402.029,70,1410,1215,736966237741,0
matmul_large_L20_r2,1790333670.182852,4877721.871588286,402.029,70,1410,1215,736966278429,0
matmul_large_L20_r2,1790333670.232855,4877721.92159115,402.029,70,1410,1215,736966278429,0
matmul_large_L20_r2,1790333670.282851,4877721.971587043,402.029,70,1395,1215,736966317976,4
matmul_large_L20_r2,1790333670.332859,4877722.021595227,402.029,70,1395,1215,736966317976,4
matmul_large_L20_r2,1790333670.3828518,4877722.071587821,387.475,70,1410,1215,736966317976,0
matmul_large_L20_r2,1790333670.4328551,4877722.121591024,387.475,70,1410,1215,736966358834,0
matmul_large_L20_r2,1790333670.482852,4877722.171588188,403.489,70,1395,1215,736966358834,4
matmul_large_L20_r2,1790333670.5328553,4877722.221591322,403.489,70,1395,1215,736966398621,4
matmul_large_L20_r2,1790333670.5828574,4877722.271593515,384.877,70,1410,1215,736966398621,0
matmul_large_L20_r2,1790333670.6328537,4877722.321589859,384.877,70,1410,1215,736966438557,0
matmul_large_L20_r2,1790333670.682855,4877722.371590963,409.34,70,1395,1215,736966438557,4
matmul_large_L20_r2,1790333670.7328548,4877722.421590766,409.34,70,1395,1215,736966478936,4
matmul_large_L20_r2,1790333670.782858,4877722.47159415,383.739,69,1410,1215,736966478936,0
matmul_large_L20_r2,1790333670.8328545,4877722.521590694,383.739,69,1410,1215,736966518269,0
matmul_large_L20_r2,1790333670.8828516,4877722.571587737,401.76,70,1410,1215,736966518269,0
matmul_large_L20_r2,1790333670.9328575,4877722.621593741,401.76,70,1410,1215,736966559165,0
matmul_large_L20_r2,1790333670.9828515,4877722.671587705,409.609,70,1410,1215,736966559165,0
matmul_large_L20_r2,1790333671.0328577,4877722.721593538,409.609,70,1410,1215,736966600406,0
matmul_large_L20_r2,1790333671.0828516,4877722.771587732,404.681,70,1410,1215,736966600406,0
matmul_large_L20_r2,1790333671.132856,4877722.821591846,404.681,70,1410,1215,736966641025,0
matmul_large_L20_r2,1790333671.182851,4877722.871587159,404.358,70,1395,1215,736966641025,4
matmul_large_L20_r2,1790333671.2328572,4877722.921593343,404.358,70,1395,1215,736966681151,4
matmul_large_L20_r2,1790333671.2828526,4877722.971588677,386.068,70,1395,1215,736966681151,4
matmul_large_L20_r2,1790333671.332858,4877723.02159419,386.068,70,1395,1215,736966720073,0
matmul_large_L20_r2,1790333671.3828514,4877723.071587434,394.187,70,1410,1215,736966720073,0
matmul_large_L20_r2,1790333671.4328556,4877723.121591677,394.187,70,1410,1215,736966760787,0
matmul_large_L20_r2,1790333671.4828541,4877723.171590261,402.478,70,1395,1215,736966760787,4
matmul_large_L20_r2,1790333671.532855,4877723.221591195,402.478,70,1395,1215,736966800449,4
matmul_large_L20_r2,1790333671.5828514,4877723.271587479,388.067,70,1410,1215,736966800449,0
matmul_large_L20_r2,1790333671.632855,4877723.321591012,388.067,70,1410,1215,736966841000,0
matmul_large_L20_r2,1790333671.6828575,4877723.371593456,404.089,70,1395,1215,736966841000,4
matmul_large_L20_r2,1790333671.7328584,4877723.421594409,404.089,70,1395,1215,736966880844,4
matmul_large_L20_r2,1790333671.7828555,4877723.471591383,387.798,70,1410,1215,736966880844,0
matmul_large_L20_r2,1790333671.8328545,4877723.521590637,387.798,70,1410,1215,736966920956,0
matmul_large_L20_r2,1790333671.882852,4877723.57158827,403.22,70,1410,1215,736966920956,0
matmul_large_L20_r2,1790333671.9328578,4877723.621593874,403.22,70,1410,1215,736966961527,0
matmul_large_L20_r2,1790333671.9828513,4877723.671587378,402.897,70,1410,1215,736966961527,0
matmul_large_L20_r2,1790333672.032857,4877723.721592991,402.897,70,1410,1215,736967002200,0
matmul_large_L20_r2,1790333672.0828574,4877723.771593635,402.628,70,1410,1215,736967002200,0
matmul_large_L20_r2,1790333672.1328578,4877723.821593959,402.628,70,1410,1215,736967042789,0
matmul_large_L20_r2,1790333672.1828516,4877723.871587662,402.897,70,1395,1215,736967042789,4
matmul_large_L20_r2,1790333672.232857,4877723.921593146,402.897,70,1395,1215,736967081958,4
matmul_large_L20_r2,1790333672.2828526,4877723.9715887,386.606,70,1410,1215,736967081958,0
matmul_large_L20_r2,1790333672.3328567,4877724.021592623,386.606,70,1410,1215,736967122953,0
matmul_large_L20_r2,1790333672.3828242,4877724.071560107,402.897,70,1410,1215,736967122953,0
matmul_large_L20_r2,1790333672.4328206,4877724.121556161,402.897,70,1410,1215,736967163420,0
matmul_large_L20_r2,1790333672.4828117,4877724.171547475,391.258,70,1395,1215,736967163420,4
matmul_large_L20_r2,1790333672.532814,4877724.221549918,391.258,70,1395,1215,736967202639,4
matmul_large_L20_r2,1790333672.5828094,4877724.271545132,391.258,70,1410,1215,736967202639,4
matmul_large_L20_r2,1790333672.632816,4877724.321551846,400.299,70,1410,1215,736967243682,4
matmul_large_L20_r2,1790333672.6828115,4877724.371547249,400.299,70,1395,1215,736967243682,4
matmul_large_L20_r2,1790333672.732817,4877724.421552573,386.068,69,1395,1215,736967282716,4
matmul_large_L20_r2,1790333672.782813,4877724.471549147,386.068,69,1395,1215,736967282716,4
matmul_large_L20_r2,1790333672.8328166,4877724.52155234,399.107,70,1410,1215,736967323804,0
matmul_large_L20_r2,1790333672.8828156,4877724.571551184,402.359,70,1410,1215,736967323804,0
matmul_large_L20_r2,1790333672.932815,4877724.621550978,402.359,70,1410,1215,736967364414,0
matmul_large_L20_r2,1790333672.9828126,4877724.671548421,402.359,70,1410,1215,736967364414,0
matmul_large_L20_r2,1790333673.0328135,4877724.721549145,403.22,70,1410,1215,736967405441,0
matmul_large_L20_r2,1790333673.082816,4877724.771551839,403.22,70,1395,1215,736967405441,0
matmul_large_L20_r2,1790333673.132815,4877724.821550482,407.992,70,1395,1215,736967445852,4
matmul_large_L20_r2,1790333673.1828156,4877724.871551226,389.259,70,1395,1215,736967445852,4
matmul_large_L20_r2,1790333673.2328143,4877724.92155007,389.259,70,1395,1215,736967485259,4
matmul_large_L20_r2,1790333673.282816,4877724.971551843,395.371,70,1410,1215,736967485259,0
matmul_large_L20_r2,1790333673.3328166,4877725.021552447,395.371,70,1410,1215,736967525927,0
matmul_large_L20_r2,1790333673.3828106,4877725.071546301,403.489,70,1395,1215,736967525927,4
matmul_large_L20_r2,1790333673.4328144,4877725.121550104,403.489,70,1395,1215,736967565499,4
matmul_large_L20_r2,1790333673.48281,4877725.171545908,388.39,70,1410,1215,736967565499,0
matmul_large_L20_r2,1790333673.5328145,4877725.221550232,388.39,70,1410,1215,736967605881,0
matmul_large_L20_r2,1790333673.5828102,4877725.271545785,404.358,70,1395,1215,736967605881,4
matmul_large_L20_r2,1790333673.6328142,4877725.321549729,404.358,70,1395,1215,736967645802,4
matmul_large_L20_r2,1790333673.6828482,4877725.371584282,383.416,69,1410,1215,736967645802,0
matmul_large_L20_r2,1790333673.7328587,4877725.421594566,383.416,69,1410,1215,736967685574,0
matmul_large_L20_r2,1790333673.782861,4877725.471596989,407.455,70,1410,1215,736967685574,0
matmul_large_L20_r2,1790333673.832828,4877725.521564303,407.455,70,1410,1215,736967726789,0
matmul_large_L20_r2,1790333673.8828514,4877725.571587307,403.489,70,1410,1215,736967726789,0
matmul_large_L20_r2,1790333673.9328578,4877725.62159385,403.489,70,1410,1215,736967767420,0
matmul_large_L20_r2,1790333673.9828553,4877725.671591564,403.22,70,1410,1215,736967767420,0
matmul_large_L20_r2,1790333674.032855,4877725.721591098,403.22,70,1410,1215,736967808172,0
matmul_large_L20_r2,1790333674.082858,4877725.771594161,403.22,70,1395,1215,736967808172,4
matmul_large_L20_r2,1790333674.1328561,4877725.821592095,403.22,70,1395,1215,736967848188,4
matmul_large_L20_r2,1790333674.1828547,4877725.871590629,384.277,69,1410,1215,736967848188,0
matmul_large_L20_r2,1790333674.232856,4877725.921592172,384.277,69,1410,1215,736967888009,0
matmul_large_L20_r2,1790333674.2828512,4877725.971587466,408.417,70,1410,1215,736967888009,0
matmul_large_L20_r2,1790333674.3328552,4877726.02159137,408.417,70,1410,1215,736967928609,0
matmul_large_L20_r2,1790333674.3828528,4877726.071588843,386.337,70,1395,1215,736967928609,4
matmul_large_L20_r2,1790333674.4328542,4877726.121590337,386.337,70,1395,1215,736967967568,4
matmul_large_L20_r2,1790333674.4828517,4877726.171587861,393.049,70,1410,1215,736967967568,0
matmul_large_L20_r2,1790333674.532855,4877726.221591024,393.049,70,1410,1215,736968008179,0
matmul_large_L20_r2,1790333674.5828516,4877726.271587508,401.76,70,1410,1215,736968008179,0
matmul_large_L20_r2,1790333674.632856,4877726.321591802,401.76,70,1410,1215,736968048795,0
matmul_large_L20_r2,1790333674.6828513,4877726.371587265,401.94,70,1410,1215,736968048795,0
matmul_large_L20_r2,1790333674.7328534,4877726.421589609,401.94,70,1410,1215,736968089426,0
matmul_large_L20_r2,1790333674.7828512,4877726.471587483,402.478,70,1410,1215,736968089426,0
matmul_large_L20_r2,1790333674.8328536,4877726.521589666,402.478,70,1410,1215,736968089426,0
matmul_large_L20_r2,1790333674.882851,4877726.57158686,403.22,70,1410,1215,736968130535,0
matmul_large_L20_r2,1790333674.9328556,4877726.621591673,403.22,70,1410,1215,736968130535,0
matmul_large_L20_r2,1790333674.9828525,4877726.671588457,403.22,70,1395,1215,736968170816,4
matmul_large_L20_r2,1790333675.0328546,4877726.721590681,403.22,70,1395,1215,736968170816,4
matmul_large_L20_r2,1790333675.0828576,4877726.771593734,388.39,70,1410,1215,736968210080,0
matmul_large_L20_r2,1790333675.132855,4877726.821591208,388.39,70,1410,1215,736968210080,0
matmul_large_L20_r2,1790333675.1828573,4877726.871593282,384.608,70,1395,1215,736968250484,4
matmul_large_L20_r2,1790333675.2328558,4877726.921591755,384.608,70,1395,1215,736968250484,4
matmul_large_L20_r2,1790333675.282858,4877726.971593949,404.681,70,1410,1215,736968290061,0
matmul_large_L20_r2,1790333675.3328547,4877727.021590763,404.681,70,1410,1215,736968290061,0
matmul_large_L20_r2,1790333675.3828578,4877727.071593776,384.277,69,1395,1215,736968330263,4
matmul_large_L20_r2,1790333675.4328578,4877727.12159384,384.277,69,1395,1215,736968330263,4
matmul_large_L20_r2,1790333675.482851,4877727.171587014,401.76,70,1410,1215,736968369463,0
matmul_large_L20_r2,1790333675.5328543,4877727.221590287,401.76,70,1410,1215,736968369463,0
matmul_large_L20_r2,1790333675.5828576,4877727.271593651,409.34,70,1410,1215,736968410277,0
matmul_large_L20_r2,1790333675.632855,4877727.321591085,409.34,70,1410,1215,736968410277,0
matmul_large_L20_r2,1790333675.6828575,4877727.371593448,410.478,70,1410,1215,736968451608,0
matmul_large_L20_r2,1790333675.7328577,4877727.421593542,410.478,70,1410,1215,736968451608,0
matmul_large_L20_r2,1790333675.7828534,4877727.471589376,410.201,70,1395,1215,736968492857,4
matmul_large_L20_r2,1790333675.8328545,4877727.521590679,410.201,70,1395,1215,736968492857,4
matmul_large_L20_r2,1790333675.8828518,4877727.571588003,394.456,70,1410,1215,736968532642,0
matmul_large_L20_r2,1790333675.9328573,4877727.621593497,394.456,70,1410,1215,736968532642,0
matmul_large_L20_r2,1790333675.9828527,4877727.6715886,389.528,70,1395,1215,736968572503,4
matmul_large_L20_r2,1790333676.032852,4877727.721588144,389.528,70,1395,1215,736968572503,4
matmul_large_L20_r2,1790333676.082851,4877727.771586908,402.897,70,1410,1215,736968612705,0
matmul_large_L20_r2,1790333676.132855,4877727.821591131,402.897,70,1410,1215,736968612705,0
matmul_large_L20_r2,1790333676.1828544,4877727.871590405,389.259,70,1395,1215,736968652709,4
matmul_large_L20_r2,1790333676.2328553,4877727.921591299,389.259,70,1395,1215,736968652709,4
matmul_large_L20_r2,1790333676.2828512,4877727.971587362,392.726,70,1395,1215,736968692621,4
matmul_large_L20_r2,1790333676.332857,4877728.021592866,392.726,70,1395,1215,736968692621,4
matmul_large_L20_r2,1790333676.3828511,4877728.07158701,387.798,70,1410,1215,736968731606,0
matmul_large_L20_r2,1790333676.4328551,4877728.121591013,387.798,70,1410,1215,736968731606,0
matmul_large_L20_r2,1790333676.4828515,4877728.171587547,408.417,70,1410,1215,736968772685,0
matmul_large_L20_r2,1790333676.5328546,4877728.221590591,408.417,70,1410,1215,736968772685,0
matmul_large_L20_r2,1790333676.5828514,4877728.271587494,408.417,70,1410,1215,736968813910,0
matmul_large_L20_r2,1790333676.6328552,4877728.321591248,408.417,70,1410,1215,736968813910,0
matmul_large_L20_r2,1790333676.6828513,4877728.371587332,402.628,70,1410,1215,736968855067,0
matmul_large_L20_r2,1790333676.7328591,4877728.421595295,402.628,70,1410,1215,736968855067,0
matmul_large_L20_r2,1790333676.7828553,4877728.471591309,382.278,70,1395,1215,736968894675,4
matmul_large_L2_r0,1790333686.2408357,4877737.929571457,409.34,70,1410,1215,736972631782,0
matmul_large_L2_r0,1790333686.290948,4877737.97968381,357.815,70,1410,1215,736972672586,0
matmul_large_L2_r0,1790333686.340946,4877738.029681933,357.815,70,1410,1215,736972672586,0
matmul_large_L2_r0,1790333686.3909454,4877738.079681437,390.72,70,1395,1215,736972713019,4
matmul_large_L2_r0,1790333686.4409528,4877738.129688841,390.72,70,1395,1215,736972713019,4
matmul_large_L2_r0,1790333686.4909525,4877738.179688554,383.739,69,1395,1215,736972752047,4
matmul_large_L2_r0,1790333686.5409532,4877738.229689068,383.739,69,1395,1215,736972752047,4
matmul_large_L2_r0,1790333686.5909524,4877738.279688532,408.148,70,1410,1215,736972791852,0
matmul_large_L2_r0,1790333686.6409554,4877738.329691425,408.148,70,1410,1215,736972791852,0
matmul_large_L2_r0,1790333686.6909528,4877738.379688669,400.568,70,1395,1215,736972833030,4
matmul_large_L2_r0,1790333686.7409558,4877738.429692052,400.568,70,1395,1215,736972833030,4
matmul_large_L2_r0,1790333686.7909522,4877738.479688156,401.76,70,1410,1215,736972872824,0
matmul_large_L2_r0,1790333686.840955,4877738.52969126,401.76,70,1410,1215,736972872824,0
matmul_large_L2_r0,1790333686.8909526,4877738.579688634,409.609,70,1395,1215,736972913690,4
matmul_large_L2_r0,1790333686.940955,4877738.629690887,409.609,70,1395,1215,736972913690,4
matmul_large_L2_r0,1790333686.9909554,4877738.679691361,389.797,70,1410,1215,736972953434,0
matmul_large_L2_r0,1790333687.040955,4877738.729691124,389.797,70,1410,1215,736972953434,0
matmul_large_L2_r0,1790333687.090952,4877738.779687958,404.358,70,1410,1215,736972994209,0
matmul_large_L2_r0,1790333687.140953,4877738.829689072,404.358,70,1410,1215,736972994209,0
matmul_large_L2_r0,1790333687.1909544,4877738.879690635,404.089,70,1410,1215,736973034912,0
matmul_large_L2_r0,1790333687.240955,4877738.929691179,404.089,70,1410,1215,736973034912,0
matmul_large_L2_r0,1790333687.290955,4877738.979691133,403.766,70,1395,1215,736973075499,4
matmul_large_L2_r0,1790333687.3409557,4877739.029691686,403.766,70,1395,1215,736973075499,4
matmul_large_L2_r0,1790333687.3909552,4877739.07969141,388.39,70,1395,1215,736973114707,4
matmul_large_L2_r0,1790333687.4409528,4877739.129688974,388.39,70,1395,1215,736973114707,4
matmul_large_L2_r0,1790333687.4909525,4877739.179688497,390.989,70,1410,1215,736973153882,0
matmul_large_L2_r0,1790333687.540956,4877739.229691961,390.989,70,1410,1215,736973153882,0
matmul_large_L2_r0,1790333687.5909543,4877739.279690285,402.897,70,1410,1215,736973194441,0
matmul_large_L2_r0,1790333687.6409554,4877739.329691438,402.897,70,1410,1215,736973194441,0
matmul_large_L2_r0,1790333687.6909518,4877739.379687962,403.489,70,1410,1215,736973235035,0
matmul_large_L2_r0,1790333687.7409532,4877739.429689256,403.489,70,1410,1215,736973235035,0
matmul_large_L2_r0,1790333687.7909522,4877739.479688239,403.489,70,1410,1215,736973275799,0
matmul_large_L2_r0,1790333687.840953,4877739.529689223,403.489,70,1410,1215,736973275799,0
matmul_large_L2_r0,1790333687.890952,4877739.579688197,385.738,70,1395,1215,736973316052,4
matmul_large_L2_r0,1790333687.9409513,4877739.62968726,385.738,70,1395,1215,736973316052,4
matmul_large_L2_r0,1790333687.990953,4877739.679689074,399.613,70,1410,1215,736973355185,0
matmul_large_L2_r0,1790333688.0409546,4877739.729690638,399.613,70,1410,1215,736973355185,0
matmul_large_L2_r0,1790333688.0909545,4877739.779690591,407.879,70,1410,1215,736973396023,0
matmul_large_L2_r0,1790333688.140952,4877739.829688205,407.879,70,1410,1215,736973396023,0
matmul_large_L2_r0,1790333688.1909525,4877739.879688439,403.22,70,1395,1215,736973437284,4
matmul_large_L2_r0,1790333688.2409537,4877739.929689742,403.22,70,1395,1215,736973437284,4
matmul_large_L1_r0,1790333697.6711006,4877749.359836572,403.937,70,1410,1215,736977212467,4
matmul_large_L1_r0,1790333697.7212105,4877749.409946505,383.139,70,1395,1215,736977212467,4
matmul_large_L1_r0,1790333697.7712083,4877749.459944048,383.139,70,1395,1215,736977251711,4
matmul_large_L1_r0,1790333697.8212085,4877749.509944562,407.549,70,1410,1215,736977251711,0
matmul_large_L1_r0,1790333697.871218,4877749.559953846,407.549,70,1410,1215,736977292956,0
matmul_large_L1_r0,1790333697.9212184,4877749.609954409,409.34,70,1410,1215,736977292956,0
matmul_large_L1_r0,1790333697.9712052,4877749.659941303,409.34,70,1410,1215,736977333445,0
matmul_large_L1_r0,1790333698.0211883,4877749.709924107,389.259,70,1395,1215,736977333445,4
matmul_large_L1_r0,1790333698.0711806,4877749.759916191,389.259,70,1395,1215,736977372500,4
matmul_large_L1_r0,1790333698.1211786,4877749.809914274,383.739,70,1410,1215,736977372500,0
matmul_large_L1_r0,1790333698.1711786,4877749.859914178,383.739,70,1410,1215,736977412591,0
matmul_large_L1_r0,1790333698.2211792,4877749.909914802,404.358,70,1410,1215,736977412591,0
matmul_large_L1_r0,1790333698.2711804,4877749.959916045,404.358,70,1410,1215,736977453377,0
matmul_large_L1_r0,1790333698.3211763,4877750.009912109,404.089,70,1410,1215,736977453377,0
matmul_large_L1_r0,1790333698.3711793,4877750.059914982,404.089,70,1410,1215,736977493996,0
matmul_large_L1_r0,1790333698.4211788,4877750.109914536,404.089,70,1410,1215,736977493996,0
matmul_large_L1_r0,1790333698.4711778,4877750.15991371,404.089,70,1410,1215,736977534726,0
matmul_large_L1_r0,1790333698.521177,4877750.209912774,403.766,70,1410,1215,736977534726,0
matmul_large_L1_r0,1790333698.5711775,4877750.259913077,403.766,70,1410,1215,736977574873,0
matmul_large_L1_r0,1790333698.6211796,4877750.309915431,389.528,70,1395,1215,736977574873,4
matmul_large_L1_r0,1790333698.67118,4877750.359915744,389.528,70,1395,1215,736977613958,4
matmul_large_L0.5_r4,1790333708.0923858,4877759.781121647,404.358,70,1410,1215,736981352301,0
matmul_large_L0.5_r4,1790333708.1424952,4877759.83123117,404.358,70,1410,1215,736981352301,0
matmul_large_L0.5_r4,1790333708.1924956,4877759.881231574,402.029,70,1410,1215,736981392322,0
matmul_large_L0.5_r4,1790333708.2424972,4877759.931233207,402.029,70,1410,1215,736981392322,0
matmul_large_L0.5_r4,1790333708.2925038,4877759.981239831,388.667,70,1395,1215,736981432415,4
matmul_large_L0.5_r4,1790333708.3425057,4877760.031241904,388.667,70,1395,1215,736981432415,4
matmul_large_L0.5_r4,1790333708.3925035,4877760.081239598,384.608,70,1410,1215,736981471609,0
matmul_large_L0.5_r4,1790333708.4425051,4877760.131241212,384.608,70,1410,1215,736981471609,0
matmul_large_L0.5_r4,1790333708.492504,4877760.181239895,408.74,70,1410,1215,736981512169,0
matmul_large_L0.5_r4,1790333708.5425081,4877760.231244189,408.74,70,1410,1215,736981512169,0
matmul_large_L0.5_r4,1790333708.592504,4877760.281240253,403.766,70,1410,1215,736981553318,0
matmul_large_L20_r3,1790333718.0191607,4877769.707896643,381.409,70,1410,1215,736985291287,0
matmul_large_L20_r3,1790333718.0692878,4877769.758023975,381.409,70,1410,1215,736985329815,0
matmul_large_L20_r3,1790333718.1192842,4877769.808020229,395.048,70,1410,1215,736985329815,0
matmul_large_L20_r3,1790333718.1692834,4877769.858019253,395.048,70,1410,1215,736985370732,0
matmul_large_L20_r3,1790333718.2192993,4877769.908035276,402.029,70,1410,1215,736985370732,0
matmul_large_L20_r3,1790333718.2692957,4877769.95803167,402.029,70,1410,1215,736985411400,0
matmul_large_L20_r3,1790333718.3193018,4877770.008038123,402.359,70,1410,1215,736985411400,0
matmul_large_L20_r3,1790333718.3692942,4877770.058030237,402.359,70,1410,1215,736985452024,0
matmul_large_L20_r3,1790333718.4192991,4877770.108035271,402.359,70,1410,1215,736985452024,0
matmul_large_L20_r3,1790333718.469297,4877770.158033084,402.359,70,1410,1215,736985492783,0
matmul_large_L20_r3,1790333718.5192964,4877770.208032578,402.628,70,1410,1215,736985492783,0
matmul_large_L20_r3,1790333718.5692976,4877770.258033712,402.628,70,1410,1215,736985533458,0
matmul_large_L20_r3,1790333718.6192927,4877770.308028825,404.089,70,1395,1215,736985533458,4
matmul_large_L20_r3,1790333718.6692972,4877770.358033339,404.089,70,1395,1215,736985573212,4
matmul_large_L20_r3,1790333718.719294,4877770.408030082,382.547,70,1410,1215,736985573212,0
matmul_large_L20_r3,1790333718.7692957,4877770.458031656,382.547,70,1410,1215,736985613477,0
matmul_large_L20_r3,1790333718.8192937,4877770.50802975,409.878,70,1410,1215,736985613477,0
matmul_large_L20_r3,1790333718.869292,4877770.558028194,409.878,70,1410,1215,736985654352,0
matmul_large_L20_r3,1790333718.9192955,4877770.608031517,390.989,70,1395,1215,736985654352,4
matmul_large_L20_r3,1790333718.9693198,4877770.658056021,390.989,70,1395,1215,736985693377,4
matmul_large_L20_r3,1790333719.0192971,4877770.708033075,383.139,70,1395,1215,736985693377,4
matmul_large_L20_r3,1790333719.0692985,4877770.758034518,383.139,70,1395,1215,736985732359,4
matmul_large_L20_r3,1790333719.1192937,4877770.808029612,397.969,70,1410,1215,736985732359,0
matmul_large_L20_r3,1790333719.1692972,4877770.858033185,397.969,70,1410,1215,736985772923,0
matmul_large_L20_r3,1790333719.2192965,4877770.908032639,403.489,70,1410,1215,736985772923,0
matmul_large_L20_r3,1790333719.2692966,4877770.958032653,403.489,70,1410,1215,736985813573,0
matmul_large_L20_r3,1790333719.3192935,4877771.008029486,403.346,70,1410,1215,736985813573,0
matmul_large_L20_r3,1790333719.3692958,4877771.05803184,403.346,70,1410,1215,736985854230,0
matmul_large_L20_r3,1790333719.4192972,4877771.108033484,403.489,70,1410,1215,736985854230,0
matmul_large_L20_r3,1790333719.4692986,4877771.158034667,403.489,70,1410,1215,736985894970,0
matmul_large_L20_r3,1790333719.5192924,4877771.208028521,403.766,70,1410,1215,736985894970,0
matmul_large_L20_r3,1790333719.5692973,4877771.258033545,403.766,70,1410,1215,736985935557,0
matmul_large_L20_r3,1790333719.6192925,4877771.308028428,403.22,70,1395,1215,736985935557,4
matmul_large_L20_r3,1790333719.6692958,4877771.358031842,403.22,70,1395,1215,736985975516,4
matmul_large_L20_r3,1790333719.7192957,4877771.408031766,388.39,70,1395,1215,736985975516,0
matmul_large_L20_r3,1790333719.7692933,4877771.458029339,388.39,70,1395,1215,736986015650,0
matmul_large_L20_r3,1790333719.8192997,4877771.508035713,401.76,70,1410,1215,736986015650,0
matmul_large_L20_r3,1790333719.8692923,4877771.558028327,401.76,70,1410,1215,736986055728,0
matmul_large_L20_r3,1790333719.9192975,4877771.6080336,384.608,70,1395,1215,736986055728,4
matmul_large_L20_r3,1790333719.969292,4877771.658028054,384.608,70,1395,1215,736986094795,4
matmul_large_L20_r3,1790333720.0193431,4877771.708079037,381.678,69,1395,1215,736986094795,0
matmul_large_L20_r3,1790333720.0692964,4877771.758032331,381.678,69,1395,1215,736986134807,0
matmul_large_L20_r3,1790333720.1192951,4877771.808031435,408.74,70,1410,1215,736986134807,0
matmul_large_L20_r3,1790333720.169294,4877771.858030139,408.74,70,1410,1215,736986175861,0
matmul_large_L20_r3,1790333720.2192953,4877771.908031232,404.089,70,1410,1215,736986175861,0
matmul_large_L20_r3,1790333720.269289,4877771.958024946,404.089,70,1410,1215,736986175861,0
matmul_large_L20_r3,1790333720.319293,4877772.00802909,403.489,70,1410,1215,736986217077,0
matmul_large_L20_r3,1790333720.3692973,4877772.058033323,403.489,70,1410,1215,736986217077,0
matmul_large_L20_r3,1790333720.4192944,4877772.108030567,404.089,70,1395,1215,736986259738,4
matmul_large_L20_r3,1790333720.4692948,4877772.158031051,404.089,70,1395,1215,736986259738,4
matmul_large_L20_r3,1790333720.5192943,4877772.208030364,382.547,70,1410,1215,736986297455,0
matmul_large_L20_r3,1790333720.5692954,4877772.258031538,382.547,70,1410,1215,736986297455,0
matmul_large_L20_r3,1790333720.6192932,4877772.308029371,402.897,70,1410,1215,736986336793,0
matmul_large_L20_r3,1790333720.6692975,4877772.358033465,402.897,70,1410,1215,736986336793,0
matmul_large_L20_r3,1790333720.719294,4877772.408029979,403.22,70,1410,1215,736986377442,0
matmul_large_L20_r3,1790333720.7692947,4877772.458030962,403.22,70,1410,1215,736986377442,0
matmul_large_L20_r3,1790333720.8192952,4877772.508031416,404.089,70,1395,1215,736986418855,4
matmul_large_L20_r3,1790333720.869293,4877772.5580291,404.089,70,1395,1215,736986418855,4
matmul_large_L20_r3,1790333720.919296,4877772.608032263,388.067,70,1395,1215,736986457387,4
matmul_large_L20_r3,1790333720.9692981,4877772.658034127,388.067,70,1395,1215,736986457387,4
matmul_large_L20_r3,1790333721.0192974,4877772.708033431,398.246,70,1410,1215,736986496730,0
matmul_large_L20_r3,1790333721.0692906,4877772.758026794,398.246,70,1410,1215,736986496730,0
matmul_large_L20_r3,1790333721.1192951,4877772.808031298,403.489,70,1410,1215,736986537367,0
matmul_large_L20_r3,1790333721.1692944,4877772.858030472,403.489,70,1410,1215,736986537367,0
matmul_large_L20_r3,1790333721.2192948,4877772.908030835,403.489,70,1410,1215,736986577984,0
matmul_large_L20_r3,1790333721.2692945,4877772.958030669,403.489,70,1410,1215,736986577984,0
matmul_large_L20_r3,1790333721.3192928,4877773.008028803,403.489,70,1410,1215,736986618667,0
matmul_large_L20_r3,1790333721.3692973,4877773.058033296,403.489,70,1410,1215,736986618667,0
matmul_large_L20_r3,1790333721.4192922,4877773.10802813,388.667,70,1395,1215,736986659446,4
matmul_large_L20_r3,1790333721.4692972,4877773.158033174,388.667,70,1395,1215,736986659446,4
matmul_large_L20_r3,1790333721.5192928,4877773.208029027,401.168,70,1410,1215,736986698756,0
matmul_large_L20_r3,1790333721.5692945,4877773.258030401,401.168,70,1410,1215,736986698756,0
matmul_large_L20_r3,1790333721.6192951,4877773.308031345,402.359,70,1410,1215,736986739692,0
matmul_large_L20_r3,1790333721.6692958,4877773.358031968,402.359,70,1410,1215,736986739692,0
matmul_large_L20_r3,1790333721.7192962,4877773.408032232,401.76,70,1410,1215,736986780262,0
matmul_large_L20_r3,1790333721.7692947,4877773.458030846,401.76,70,1410,1215,736986780262,0
matmul_large_L20_r3,1790333721.8192902,4877773.508026029,401.76,70,1395,1215,736986820341,4
matmul_large_L20_r3,1790333721.8692954,4877773.558031353,401.76,70,1395,1215,736986820341,4
matmul_large_L20_r3,1790333721.9192958,4877773.608031877,388.39,70,1395,1215,736986859829,4
matmul_large_L20_r3,1790333721.969307,4877773.65804308,388.39,70,1395,1215,736986859829,4
matmul_large_L20_r3,1790333722.019294,4877773.708030064,381.678,70,1410,1215,736986899669,0
matmul_large_L20_r3,1790333722.0692952,4877773.758031218,381.678,70,1410,1215,736986899669,0
matmul_large_L20_r3,1790333722.1192992,4877773.808035201,402.801,70,1410,1215,736986940057,0
matmul_large_L20_r3,1790333722.1692953,4877773.858031455,402.801,70,1410,1215,736986940057,0
matmul_large_L20_r3,1790333722.2192962,4877773.908032418,404.681,70,1410,1215,736986980853,0
matmul_large_L20_r3,1790333722.2692955,4877773.958031342,404.681,70,1410,1215,736986980853,0
matmul_large_L20_r3,1790333722.3192987,4877774.008034946,404.358,70,1395,1215,736987021963,4
matmul_large_L20_r3,1790333722.3692944,4877774.05803034,404.358,70,1395,1215,736987021963,4
matmul_large_L20_r3,1790333722.4192986,4877774.108034703,395.048,70,1410,1215,736987061253,0
matmul_large_L20_r3,1790333722.469293,4877774.158029197,395.048,70,1410,1215,736987061253,0
matmul_large_L20_r3,1790333722.5192957,4877774.20803178,403.22,70,1410,1215,736987101928,0
matmul_large_L20_r3,1790333722.5692956,4877774.258031794,403.22,70,1410,1215,736987101928,0
matmul_large_L20_r3,1790333722.6192958,4877774.308031778,403.766,70,1395,1215,736987142680,4
matmul_large_L20_r3,1790333722.6693017,4877774.358037721,403.766,70,1395,1215,736987142680,4
matmul_large_L20_r3,1790333722.7192953,4877774.408031255,389.797,70,1410,1215,736987182507,0
matmul_large_L20_r3,1790333722.7692928,4877774.458028779,389.797,70,1410,1215,736987182507,0
matmul_large_L20_r3,1790333722.819292,4877774.508028222,409.017,70,1395,1215,736987222426,4
matmul_large_L20_r3,1790333722.8692966,4877774.558032576,409.017,70,1395,1215,736987222426,4
matmul_large_L20_r3,1790333722.919303,4877774.60803905,388.936,70,1395,1215,736987262001,4
matmul_large_L20_r3,1790333722.9692955,4877774.658031723,388.936,70,1395,1215,736987262001,4
matmul_large_L20_r3,1790333723.0192964,4877774.708032567,382.816,70,1410,1215,736987301532,0
matmul_large_L20_r3,1790333723.069291,4877774.758027001,382.816,70,1410,1215,736987301532,0
matmul_large_L20_r3,1790333723.119291,4877774.808027144,402.628,70,1410,1215,736987342155,0
matmul_large_L20_r3,1790333723.1692922,4877774.858028388,402.628,70,1410,1215,736987342155,0
matmul_large_L20_r3,1790333723.2192984,4877774.908034462,403.22,70,1410,1215,736987382966,0
matmul_large_L20_r3,1790333723.2692902,4877774.958026375,403.22,70,1410,1215,736987382966,0
matmul_large_L20_r3,1790333723.3192954,4877775.008031449,409.017,70,1395,1215,736987423577,4
matmul_large_L20_r3,1790333723.3692923,4877775.058028383,409.017,70,1395,1215,736987423577,4
matmul_large_L20_r3,1790333723.4192991,4877775.108035056,389.259,70,1410,1215,736987463626,0
matmul_large_L20_r3,1790333723.4692924,4877775.15802847,389.259,70,1410,1215,736987463626,0
matmul_large_L20_r3,1790333723.5192955,4877775.208031674,402.628,70,1410,1215,736987505043,0
matmul_large_L20_r3,1790333723.569258,4877775.257993958,402.628,70,1410,1215,736987505043,0
matmul_large_L20_r3,1790333723.6192484,4877775.307984241,402.359,70,1395,1215,736987544175,4
matmul_large_L20_r3,1790333723.669243,4877775.357978855,402.359,70,1395,1215,736987544175,4
matmul_large_L20_r3,1790333723.7192402,4877775.407975999,381.955,70,1410,1215,736987584051,0
matmul_large_L20_r3,1790333723.7692428,4877775.457978703,381.955,70,1410,1215,736987584051,0
matmul_large_L20_r3,1790333723.8192422,4877775.507978016,409.017,70,1395,1215,736987624621,4
matmul_large_L20_r3,1790333723.8692417,4877775.55797742,409.017,70,1395,1215,736987624621,4
matmul_large_L20_r3,1790333723.9192407,4877775.607976483,384.877,69,1395,1215,736987663615,4
matmul_large_L20_r3,1790333723.9692416,4877775.657977727,384.877,69,1395,1215,736987663615,4
matmul_large_L20_r3,1790333724.0192451,4877775.707980651,397.7,70,1410,1215,736987704159,0
matmul_large_L20_r3,1790333724.06924,4877775.757976044,397.7,70,1410,1215,736987704159,0
matmul_large_L20_r3,1790333724.1192405,4877775.807976018,403.489,70,1410,1215,736987744945,0
matmul_large_L20_r3,1790333724.1692398,4877775.857975452,403.489,70,1410,1215,736987744945,0
matmul_large_L20_r3,1790333724.219244,4877775.907979665,409.017,70,1395,1215,736987786306,4
matmul_large_L20_r3,1790333724.2692423,4877775.957977939,409.017,70,1395,1215,736987786306,4
matmul_large_L20_r3,1790333724.3192425,4877776.007978573,391.588,70,1410,1215,736987825738,0
matmul_large_L20_r3,1790333724.3692427,4877776.057978386,391.588,70,1410,1215,736987825738,0
matmul_large_L20_r3,1790333724.4192407,4877776.10797635,403.22,70,1410,1215,736987866352,0
matmul_large_L20_r3,1790333724.4692423,4877776.157978274,403.22,70,1410,1215,736987866352,0
matmul_large_L20_r3,1790333724.5192397,4877776.207975437,403.766,70,1395,1215,736987906526,4
matmul_large_L20_r3,1790333724.569243,4877776.257978521,403.766,70,1395,1215,736987906526,4
matmul_large_L20_r3,1790333724.6192422,4877776.307978005,384.608,70,1395,1215,736987945344,4
matmul_large_L20_r3,1790333724.6692402,4877776.357976108,384.608,70,1395,1215,736987945344,4
matmul_large_L20_r3,1790333724.7192414,4877776.407977282,396.785,70,1410,1215,736987986052,0
matmul_large_L20_r3,1790333724.7692404,4877776.457976396,396.785,70,1410,1215,736987986052,0
matmul_large_L20_r3,1790333724.8192391,4877776.507974949,408.148,70,1395,1215,736988026369,4
matmul_large_L20_r3,1790333724.869292,4877776.558028052,408.148,70,1395,1215,736988026369,4
matmul_large_L20_r3,1790333724.9192927,4877776.608028846,388.067,70,1410,1215,736988066427,0
matmul_large_L20_r3,1790333724.969298,4877776.65803397,388.067,70,1410,1215,736988066427,0
matmul_large_L20_r3,1790333725.0192964,4877776.708032513,403.489,70,1410,1215,736988107031,0
matmul_large_L20_r3,1790333725.0692945,4877776.758030377,403.489,70,1410,1215,736988107031,0
matmul_large_L20_r3,1790333725.1192925,4877776.808028381,403.22,70,1410,1215,736988147695,0
matmul_large_L20_r3,1790333725.1692948,4877776.858030894,403.22,70,1410,1215,736988147695,0
matmul_large_L20_r3,1790333725.2192924,4877776.908028348,403.22,70,1410,1215,736988188348,0
matmul_large_L20_r3,1790333725.2692943,4877776.958030452,403.22,70,1410,1215,736988188348,0
matmul_large_L20_r3,1790333725.3192937,4877777.008029625,402.897,70,1410,1215,736988188348,0
matmul_large_L20_r3,1790333725.3692954,4877777.058031499,402.897,70,1410,1215,736988231691,0
matmul_large_L20_r3,1790333725.419293,4877777.108028873,404.26,70,1395,1215,736988231691,4
matmul_large_L20_r3,1790333725.4692974,4877777.158033376,404.26,70,1395,1215,736988269252,4
matmul_large_L20_r3,1790333725.519293,4877777.20802936,382.278,70,1395,1215,736988269252,4
matmul_large_L20_r3,1790333725.5692956,4877777.258031644,382.278,70,1395,1215,736988308361,4
matmul_large_L20_r3,1790333725.6192932,4877777.308029237,389.797,70,1395,1215,736988308361,4
matmul_large_L20_r3,1790333725.6692922,4877777.358028381,389.797,70,1395,1215,736988347819,4
matmul_large_L20_r3,1790333725.719299,4877777.408035234,399.107,70,1410,1215,736988347819,0
matmul_large_L20_r3,1790333725.7692926,4877777.458028638,399.107,70,1410,1215,736988388486,0
matmul_large_L20_r3,1790333725.8192906,4877777.508026632,403.489,70,1410,1215,736988388486,0
matmul_large_L20_r3,1790333725.8692925,4877777.558028596,403.489,70,1410,1215,736988429114,0
matmul_large_L20_r3,1790333725.9192955,4877777.608031559,403.766,70,1410,1215,736988429114,0
matmul_large_L20_r3,1790333725.9692981,4877777.658034353,403.766,70,1410,1215,736988469814,0
matmul_large_L20_r3,1790333726.0192957,4877777.708031726,403.766,70,1410,1215,736988469814,0
matmul_large_L20_r3,1790333726.0692928,4877777.75802895,403.766,70,1410,1215,736988510502,0
matmul_large_L20_r3,1790333726.1192963,4877777.808032194,385.146,70,1395,1215,736988510502,4
matmul_large_L20_r3,1790333726.169295,4877777.858031287,385.146,70,1395,1215,736988549377,4
matmul_large_L20_r3,1790333726.219295,4877777.908030921,402.029,70,1410,1215,736988549377,0
matmul_large_L20_r3,1790333726.2692995,4877777.958035445,402.029,70,1410,1215,736988589991,0
matmul_large_L20_r3,1790333726.3192978,4877778.008033858,403.766,70,1410,1215,736988589991,0
matmul_large_L20_r3,1790333726.369293,4877778.058029002,403.766,70,1410,1215,736988630641,0
matmul_large_L20_r3,1790333726.4192958,4877778.108031826,404.089,70,1410,1215,736988630641,0
matmul_large_L20_r3,1790333726.469297,4877778.158032879,404.089,70,1410,1215,736988671149,0
matmul_large_L20_r3,1790333726.519292,4877778.208028143,388.936,70,1395,1215,736988671149,4
matmul_large_L20_r3,1790333726.5692954,4877778.258031427,388.936,70,1395,1215,736988710613,4
matmul_large_L20_r3,1790333726.6192956,4877778.30803145,388.067,70,1410,1215,736988710613,0
matmul_large_L20_r3,1790333726.6692944,4877778.358030424,388.067,70,1410,1215,736988750470,0
matmul_large_L20_r3,1790333726.719299,4877778.408035208,403.489,70,1410,1215,736988750470,0
matmul_large_L20_r3,1790333726.7692926,4877778.458028611,403.489,70,1410,1215,736988791146,0
matmul_large_L20_r3,1790333726.8192952,4877778.508031265,403.489,70,1410,1215,736988791146,0
matmul_large_L20_r3,1790333726.869295,4877778.558030929,403.489,70,1410,1215,736988831792,0
matmul_large_L20_r3,1790333726.9192958,4877778.608031842,403.766,70,1410,1215,736988831792,0
matmul_large_L20_r3,1790333726.9693005,4877778.658036456,403.766,70,1410,1215,736988873221,0
matmul_large_L20_r3,1790333727.019295,4877778.70803103,403.489,70,1395,1215,736988873221,4
matmul_large_L20_r3,1790333727.069298,4877778.758033963,403.489,70,1395,1215,736988912042,4
matmul_large_L20_r3,1790333727.1192935,4877778.808029617,382.547,70,1410,1215,736988912042,0
matmul_large_L20_r3,1790333727.169295,4877778.858031271,382.547,70,1410,1215,736988951776,0
matmul_large_L20_r3,1790333727.2192929,4877778.908029024,407.879,70,1410,1215,736988951776,0
matmul_large_L20_r3,1790333727.2692966,4877778.958032588,407.879,70,1410,1215,736988992859,0
matmul_large_L20_r3,1790333727.3192928,4877779.008028622,403.22,70,1410,1215,736988992859,0
matmul_large_L20_r3,1790333727.3692946,4877779.058030585,403.22,70,1410,1215,736989034236,0
matmul_large_L20_r3,1790333727.4192948,4877779.108030809,403.22,70,1395,1215,736989034236,4
matmul_large_L20_r3,1790333727.469296,4877779.158032033,403.22,70,1395,1215,736989073018,4
matmul_large_L20_r3,1790333727.5192938,4877779.208029916,383.139,69,1395,1215,736989073018,4
matmul_large_L20_r3,1790333727.569295,4877779.25803093,383.139,69,1395,1215,736989111885,4
matmul_large_L20_r3,1790333727.6192946,4877779.308030793,402.628,70,1410,1215,736989111885,0
matmul_large_L20_r3,1790333727.6692934,4877779.358029247,402.628,70,1410,1215,736989152451,0
matmul_large_L20_r3,1790333727.7192948,4877779.408030881,404.089,70,1410,1215,736989152451,0
matmul_large_L20_r3,1790333727.7692947,4877779.458030874,404.089,70,1410,1215,736989193320,0
matmul_large_L20_r3,1790333727.819299,4877779.508035118,409.609,70,1410,1215,736989193320,0
matmul_large_L20_r3,1790333727.8692956,4877779.558031582,409.609,70,1410,1215,736989235353,0
matmul_large_L20_r3,1790333727.9192958,4877779.608031685,410.478,70,1395,1215,736989235353,4
matmul_large_L20_r3,1790333727.9692943,4877779.658030299,410.478,70,1395,1215,736989274039,4
matmul_large_L20_r3,1790333728.0193048,4877779.708040783,383.739,70,1395,1215,736989274039,4
matmul_large_L20_r3,1790333728.0693014,4877779.758037246,383.739,70,1395,1215,736989313004,4
matmul_large_L20_r3,1790333728.1192973,4877779.80803325,396.509,70,1410,1215,736989313004,0
matmul_large_L20_r3,1790333728.1692915,4877779.858027454,396.509,70,1410,1215,736989353818,0
matmul_large_L20_r3,1790333728.2192917,4877779.908027807,408.148,70,1410,1215,736989353818,0
matmul_large_L20_r3,1790333728.2692943,4877779.958030481,408.148,70,1410,1215,736989394178,0
matmul_large_L20_r3,1790333728.319296,4877780.008031955,407.879,70,1410,1215,736989394178,0
matmul_large_L20_r3,1790333728.3692927,4877780.058028848,407.879,70,1410,1215,736989434381,0
matmul_large_L20_r3,1790333728.4192953,4877780.108031232,383.739,70,1395,1215,736989434381,4
matmul_large_L20_r3,1790333728.4692943,4877780.158030516,383.739,70,1395,1215,736989472981,4
matmul_large_L20_r3,1790333728.5192943,4877780.208030249,383.139,69,1410,1215,736989472981,0
matmul_large_L20_r3,1790333728.5692947,4877780.258030763,383.139,69,1410,1215,736989513050,0
matmul_large_L20_r3,1790333728.6192975,4877780.308033667,403.766,70,1410,1215,736989513050,0
matmul_large_L20_r3,1790333728.6692939,4877780.35802981,403.766,70,1410,1215,736989553698,0
matmul_large_L20_r3,1790333728.7192948,4877780.408030744,404.089,70,1410,1215,736989553698,0
matmul_large_L20_r3,1790333728.7692955,4877780.458031337,404.089,70,1410,1215,736989594321,0
matmul_large_L20_r3,1790333728.8192937,4877780.508029851,404.089,70,1410,1215,736989594321,0
matmul_large_L20_r3,1790333728.8692951,4877780.558031125,404.089,70,1410,1215,736989634926,0
matmul_large_L20_r3,1790333728.9192944,4877780.608030499,404.089,70,1395,1215,736989634926,4
matmul_large_L20_r3,1790333728.9692953,4877780.658031372,404.089,70,1395,1215,736989674531,4
matmul_large_L20_r3,1790333729.0192926,4877780.708028646,389.259,70,1395,1215,736989674531,4
matmul_large_L20_r3,1790333729.0692956,4877780.75803154,389.259,70,1395,1215,736989714333,4
matmul_large_L20_r3,1790333729.119296,4877780.808032193,402.359,70,1410,1215,736989714333,0
matmul_large_L20_r3,1790333729.1692924,4877780.858028707,402.359,70,1410,1215,736989755041,0
matmul_large_L20_r3,1790333729.2192924,4877780.90802849,403.489,70,1410,1215,736989755041,0
matmul_large_L20_r3,1790333729.2692964,4877780.958032354,403.489,70,1410,1215,736989795647,0
matmul_large_L20_r3,1790333729.3192956,4877781.008031848,403.489,70,1410,1215,736989795647,0
matmul_large_L20_r3,1790333729.3692946,4877781.058030621,403.489,70,1410,1215,736989835841,0
matmul_large_L20_r3,1790333729.4192948,4877781.108030825,384.608,70,1395,1215,736989835841,4
matmul_large_L20_r3,1790333729.4692972,4877781.158033099,384.608,70,1395,1215,736989874844,4
matmul_large_L20_r3,1790333729.519295,4877781.208031032,396.509,70,1410,1215,736989874844,0
matmul_large_L20_r3,1790333729.5692961,4877781.258032306,396.509,70,1410,1215,736989915471,0
matmul_large_L20_r3,1790333729.6192946,4877781.30803082,403.22,70,1410,1215,736989915471,0
matmul_large_L20_r3,1790333729.669292,4877781.358028133,403.22,70,1410,1215,736989956064,0
matmul_large_L20_r3,1790333729.7192953,4877781.408031267,403.22,70,1410,1215,736989956064,0
matmul_large_L20_r3,1790333729.7692945,4877781.458030651,403.22,70,1410,1215,736989996652,0
matmul_large_L20_r3,1790333729.819295,4877781.508031044,403.22,70,1410,1215,736989996652,0
matmul_large_L20_r3,1790333729.8692975,4877781.558033578,403.22,70,1410,1215,736990037048,0
matmul_large_L20_r3,1790333729.9192975,4877781.608033512,389.259,70,1395,1215,736990037048,4
matmul_large_L20_r3,1790333729.969298,4877781.658034035,389.259,70,1395,1215,736990075899,4
matmul_large_L20_r3,1790333730.019294,4877781.708029999,386.606,70,1410,1215,736990075899,0
matmul_large_L20_r3,1790333730.069297,4877781.758033173,386.606,70,1410,1215,736990116945,0
matmul_large_L20_r3,1790333730.1192932,4877781.808029336,408.74,70,1410,1215,736990116945,0
matmul_large_L20_r3,1790333730.1692953,4877781.85803137,408.74,70,1410,1215,736990158056,0
matmul_large_L20_r3,1790333730.2192967,4877781.908032854,403.489,70,1410,1215,736990158056,0
matmul_large_L20_r3,1790333730.2692926,4877781.958028607,403.489,70,1410,1215,736990198501,0
matmul_large_L20_r3,1790333730.319297,4877782.008032981,389.797,70,1395,1215,736990198501,4
matmul_large_L20_r3,1790333730.3692932,4877782.058029425,389.797,70,1395,1215,736990237290,4
matmul_large_L20_r3,1790333730.419295,4877782.108030938,383.416,70,1395,1215,736990237290,4
matmul_large_L20_r3,1790333730.4692943,4877782.158030332,383.416,70,1395,1215,736990237290,4
matmul_large_L20_r3,1790333730.5192962,4877782.208032236,409.017,70,1410,1215,736990277476,0
matmul_large_L20_r3,1790333730.5692947,4877782.258030809,409.017,70,1410,1215,736990277476,0
matmul_large_L20_r3,1790333730.6192942,4877782.308030343,404.681,70,1410,1215,736990318163,0
matmul_large_L20_r3,1790333730.6692927,4877782.358028827,404.681,70,1410,1215,736990318163,0
matmul_large_L20_r3,1790333730.7192965,4877782.40803259,403.766,70,1410,1215,736990358743,0
matmul_large_L20_r3,1790333730.7692943,4877782.458030514,403.766,70,1410,1215,736990358743,0
matmul_large_L20_r3,1790333730.819298,4877782.508034167,403.489,70,1395,1215,736990399407,4
matmul_large_L20_r3,1790333730.8692968,4877782.558033031,403.489,70,1395,1215,736990399407,4
matmul_large_L20_r3,1790333730.9192948,4877782.608030725,382.278,70,1395,1215,736990438353,4
matmul_large_L20_r3,1790333730.9692955,4877782.658031579,382.278,70,1395,1215,736990438353,4
matmul_large_L20_r3,1790333731.0192957,4877782.708031732,408.148,70,1410,1215,736990478125,0
matmul_large_L20_r3,1790333731.069292,4877782.758028036,408.148,70,1410,1215,736990478125,0
matmul_large_L20_r3,1790333731.119297,4877782.808033089,409.34,70,1410,1215,736990519291,0
matmul_large_L20_r3,1790333731.1692922,4877782.858028283,409.34,70,1410,1215,736990519291,0
matmul_large_L20_r3,1790333731.2192962,4877782.908032307,395.371,70,1395,1215,736990560376,4
matmul_large_L20_r3,1790333731.269292,4877782.95802817,395.371,70,1395,1215,736990560376,4
matmul_large_L20_r3,1790333731.3192947,4877783.008030864,381.678,70,1395,1215,736990599406,4
matmul_large_L20_r3,1790333731.3692927,4877783.058028758,381.678,70,1395,1215,736990599406,4
matmul_large_L20_r3,1790333731.419297,4877783.108033151,399.707,70,1410,1215,736990638734,0
matmul_large_L20_r3,1790333731.4692945,4877783.158030545,399.707,70,1410,1215,736990638734,0
matmul_large_L20_r3,1790333731.5192983,4877783.208034469,407.549,70,1410,1215,736990679504,0
matmul_large_L20_r3,1790333731.5692923,4877783.258028382,407.549,70,1410,1215,736990679504,0
matmul_large_L20_r3,1790333731.6192925,4877783.308028366,408.417,70,1410,1215,736990720702,0
matmul_large_L20_r3,1790333731.6692965,4877783.35803241,408.417,70,1410,1215,736990720702,0
matmul_large_L20_r3,1790333731.7192926,4877783.408028743,389.259,70,1395,1215,736990761000,4
matmul_large_L20_r3,1790333731.7692935,4877783.458029597,389.259,70,1395,1215,736990761000,4
matmul_large_L20_r3,1790333731.8192978,4877783.508033981,390.989,70,1395,1215,736990801010,4
matmul_large_L20_r3,1790333731.8692954,4877783.558031354,390.989,70,1395,1215,736990801010,4
matmul_large_L20_r3,1790333731.9192932,4877783.608029218,388.39,70,1395,1215,736990839913,0
matmul_large_L20_r3,1790333731.9692943,4877783.658030512,388.39,70,1395,1215,736990839913,0
matmul_large_L20_r3,1790333732.019295,4877783.708031055,408.914,70,1410,1215,736990880982,0
matmul_large_L20_r3,1790333732.0692914,4877783.758027379,408.914,70,1410,1215,736990880982,0
matmul_large_L20_r3,1790333732.1192937,4877783.808029623,403.766,70,1410,1215,736990922078,0
matmul_large_L20_r3,1790333732.1692953,4877783.858031346,403.766,70,1410,1215,736990922078,0
matmul_large_L20_r3,1790333732.2192957,4877783.90803176,403.766,70,1395,1215,736990962132,4
matmul_large_L20_r3,1790333732.269292,4877783.958028134,403.766,70,1395,1215,736990962132,4
matmul_large_L20_r3,1790333732.319293,4877784.008029017,385.738,69,1395,1215,736991000978,4
matmul_large_L20_r3,1790333732.3692958,4877784.058031821,385.738,69,1395,1215,736991000978,4
matmul_large_L20_r3,1790333732.419293,4877784.108028855,382.547,70,1410,1215,736991040993,0
matmul_large_L20_r3,1790333732.4692998,4877784.158035638,382.547,70,1410,1215,736991040993,0
matmul_large_L20_r3,1790333732.5192962,4877784.208032292,403.22,70,1410,1215,736991081408,0
matmul_large_L20_r3,1790333732.5692968,4877784.258032946,403.22,70,1410,1215,736991081408,0
matmul_large_L20_r3,1790333732.6192951,4877784.308031399,403.489,70,1410,1215,736991122147,0
matmul_large_L20_r3,1790333732.6692958,4877784.358032003,403.489,70,1410,1215,736991122147,0
matmul_large_L20_r3,1790333732.7192917,4877784.408027616,403.489,70,1410,1215,736991162932,0
matmul_large_L20_r3,1790333732.7692945,4877784.45803062,403.489,70,1410,1215,736991162932,0
matmul_large_L20_r3,1790333732.819318,4877784.508054033,409.34,70,1395,1215,736991202429,4
matmul_large_L20_r3,1790333732.8692977,4877784.558033687,409.34,70,1395,1215,736991202429,4
matmul_large_L20_r3,1790333732.9192924,4877784.608028501,383.416,70,1410,1215,736991241484,0
matmul_large_L20_r3,1790333732.9692962,4877784.658032195,383.416,70,1410,1215,736991241484,0
matmul_large_L20_r3,1790333733.019293,4877784.708029248,400.898,70,1410,1215,736991282388,0
matmul_large_L20_r3,1790333733.069295,4877784.758031022,400.898,70,1410,1215,736991282388,0
matmul_large_L20_r3,1790333733.1192944,4877784.808030416,408.417,70,1410,1215,736991323530,0
matmul_large_L20_r3,1790333733.1692977,4877784.858033709,408.417,70,1410,1215,736991323530,0
matmul_large_L20_r3,1790333733.219293,4877784.908029123,403.766,70,1395,1215,736991363332,4
matmul_large_L20_r3,1790333733.2692907,4877784.958026707,403.766,70,1395,1215,736991363332,4
matmul_large_L20_r3,1790333733.3193028,4877785.00803911,384.277,69,1410,1215,736991402199,0
matmul_large_L20_r3,1790333733.3692956,4877785.058031754,384.277,69,1410,1215,736991402199,0
matmul_large_L20_r3,1790333733.4192939,4877785.108029958,396.785,70,1410,1215,736991443035,0
matmul_large_L20_r3,1790333733.4692967,4877785.158032761,396.785,70,1410,1215,736991443035,0
matmul_large_L20_r3,1790333733.519294,4877785.208030135,409.34,70,1410,1215,736991484172,0
matmul_large_L20_r3,1790333733.569292,4877785.258028059,409.34,70,1410,1215,736991484172,0
matmul_large_L20_r3,1790333733.6192966,4877785.308032542,404.358,70,1410,1215,736991524844,0
matmul_large_L20_r3,1790333733.6693006,4877785.358036586,404.358,70,1410,1215,736991524844,0
matmul_large_L20_r3,1790333733.719294,4877785.40802996,403.766,70,1395,1215,736991564992,4
matmul_large_L20_r3,1790333733.7692974,4877785.458033543,403.766,70,1395,1215,736991564992,4
matmul_large_L20_r3,1790333733.8193157,4877785.508051787,385.146,70,1395,1215,736991603890,4
matmul_large_L20_r3,1790333733.8692951,4877785.558031241,385.146,70,1395,1215,736991603890,4
matmul_large_L20_r3,1790333733.9192991,4877785.608035064,383.416,70,1410,1215,736991643994,0
matmul_large_L20_r3,1790333733.9692938,4877785.658029988,383.416,70,1410,1215,736991643994,0
matmul_large_L20_r3,1790333734.0192947,4877785.708030652,402.359,70,1410,1215,736991684711,0
matmul_large_L20_r3,1790333734.0692928,4877785.758028905,402.359,70,1410,1215,736991684711,0
matmul_large_L20_r3,1790333734.1192956,4877785.808031539,402.897,70,1410,1215,736991725331,0
matmul_large_L20_r3,1790333734.1692932,4877785.858029172,402.897,70,1410,1215,736991725331,0
matmul_large_L20_r3,1790333734.2192948,4877785.908030736,403.22,70,1395,1215,736991765193,4
matmul_large_L20_r3,1790333734.2692964,4877785.95803253,403.22,70,1395,1215,736991765193,4
matmul_large_L20_r3,1790333734.3192472,4877786.007983104,383.139,70,1410,1215,736991804976,0
matmul_large_L20_r3,1790333734.3692927,4877786.058028947,383.139,70,1410,1215,736991804976,0
matmul_large_L20_r3,1790333734.419297,4877786.108032981,407.549,70,1410,1215,736991846173,0
matmul_large_L20_r3,1790333734.4692965,4877786.158032524,407.549,70,1410,1215,736991846173,0
matmul_large_L20_r3,1790333734.519296,4877786.208031978,409.609,70,1410,1215,736991887324,0
matmul_large_L20_r3,1790333734.5692933,4877786.258029482,409.609,70,1410,1215,736991887324,0
matmul_large_L20_r3,1790333734.6192925,4877786.308028415,403.766,70,1395,1215,736991927229,4
matmul_large_L20_r3,1790333734.669298,4877786.358033989,403.766,70,1395,1215,736991927229,4
matmul_large_L20_r3,1790333734.7192926,4877786.408028613,383.139,70,1410,1215,736991966963,0
matmul_large_L20_r3,1790333734.7692955,4877786.458031316,383.139,70,1410,1215,736991966963,0
matmul_large_L20_r3,1790333734.8192964,4877786.50803219,394.187,70,1395,1215,736992006376,4
matmul_large_L20_r3,1790333734.8692958,4877786.558031974,394.187,70,1395,1215,736992006376,4
matmul_large_L20_r3,1790333734.9192936,4877786.608029847,388.39,70,1410,1215,736992047275,0
matmul_large_L20_r3,1790333734.969296,4877786.658031991,388.39,70,1410,1215,736992047275,0
matmul_large_L20_r3,1790333735.019297,4877786.708032705,403.22,70,1410,1215,736992088003,0
matmul_large_L20_r3,1790333735.0692954,4877786.758031498,403.22,70,1410,1215,736992088003,0
matmul_large_L20_r3,1790333735.1192937,4877786.808029802,402.897,70,1395,1215,736992128190,4
matmul_large_L20_r3,1790333735.1692955,4877786.858031616,402.897,70,1395,1215,736992128190,4
matmul_large_L20_r3,1790333735.2192957,4877786.908031869,383.416,69,1395,1215,736992167041,4
matmul_large_L20_r3,1790333735.2692957,4877786.958031613,383.416,69,1395,1215,736992167041,4
matmul_large_L20_r3,1790333735.3192966,4877787.008032527,383.139,70,1410,1215,736992207702,0
matmul_large_L20_r3,1790333735.3692923,4877787.05802824,383.139,70,1410,1215,736992207702,0
matmul_large_L20_r3,1790333735.4192963,4877787.108032244,408.148,70,1410,1215,736992207702,0
matmul_large_L20_r3,1790333735.4692929,4877787.158028958,408.148,70,1410,1215,736992249357,0
matmul_large_L20_r3,1790333735.519295,4877787.208030951,409.017,70,1410,1215,736992249357,4
matmul_large_L20_r3,1790333735.569294,4877787.258030215,409.017,70,1410,1215,736992289856,4
matmul_large_L20_r3,1790333735.6192956,4877787.308031539,391.588,70,1395,1215,736992289856,0
matmul_large_L20_r3,1790333735.6692948,4877787.358030792,391.588,70,1395,1215,736992329444,0
matmul_large_L20_r3,1790333735.719295,4877787.408031136,400.299,70,1410,1215,736992329444,4
matmul_large_L20_r3,1790333735.7692928,4877787.458028849,400.299,70,1410,1215,736992370051,4
matmul_large_L20_r3,1790333735.8192952,4877787.508031213,392.449,70,1395,1215,736992370051,4
matmul_large_L20_r3,1790333735.8692918,4877787.558027937,392.449,70,1395,1215,736992409681,4
matmul_large_L20_r3,1790333735.9192958,4877787.608031701,397.377,70,1410,1215,736992409681,0
matmul_large_L20_r3,1790333735.9692917,4877787.658027914,397.377,70,1410,1215,736992450463,0
matmul_large_L20_r3,1790333736.0193012,4877787.708037298,404.089,70,1410,1215,736992450463,0
matmul_large_L20_r3,1790333736.0693126,4877787.758048511,404.089,70,1410,1215,736992491478,0
matmul_large_L20_r3,1790333736.1193054,4877787.808041465,409.878,70,1395,1215,736992491478,4
matmul_large_L20_r3,1790333736.169295,4877787.858031249,409.878,70,1395,1215,736992531062,4
matmul_large_L20_r3,1790333736.2192986,4877787.908034662,389.528,70,1395,1215,736992531062,4
matmul_large_L20_r3,1790333736.269293,4877787.958029156,389.528,70,1395,1215,736992570753,4
matmul_large_L20_r3,1790333736.3193004,4877788.00803639,399.707,70,1410,1215,736992570753,0
matmul_large_L20_r3,1790333736.3692925,4877788.058028613,399.707,70,1410,1215,736992611488,0
matmul_large_L20_r3,1790333736.419296,4877788.108031937,403.22,70,1410,1215,736992611488,0
matmul_large_L20_r3,1790333736.4692936,4877788.158029521,403.22,70,1410,1215,736992652158,0
matmul_large_L20_r3,1790333736.5192988,4877788.208034864,403.489,70,1410,1215,736992652158,0
matmul_large_L20_r3,1790333736.569289,4877788.258025138,403.489,70,1410,1215,736992692829,0
matmul_large_L20_r3,1790333736.619297,4877788.308032982,403.22,70,1410,1215,736992692829,0
matmul_large_L20_r3,1790333736.6692948,4877788.358030805,403.22,70,1410,1215,736992733527,0
matmul_large_L20_r3,1790333736.719295,4877788.408031019,403.489,70,1395,1215,736992733527,4
matmul_large_L20_r3,1790333736.7692955,4877788.458031333,403.489,70,1395,1215,736992772772,4
matmul_large_L20_r3,1790333736.8192966,4877788.508032686,388.667,70,1410,1215,736992772772,0
matmul_large_L20_r3,1790333736.869295,4877788.55803087,388.667,70,1410,1215,736992813407,0
matmul_large_L20_r3,1790333736.919296,4877788.608032074,403.489,70,1410,1215,736992813407,0
matmul_large_L20_r3,1790333736.9693382,4877788.658074127,403.489,70,1410,1215,736992854058,0
matmul_large_L20_r3,1790333737.0193045,4877788.708040591,402.897,70,1410,1215,736992854058,0
matmul_large_L20_r3,1790333737.0692897,4877788.758025845,402.897,70,1410,1215,736992894240,0
matmul_large_L20_r3,1790333737.1192927,4877788.808028708,384.877,70,1395,1215,736992894240,4
matmul_large_L20_r3,1790333737.1692908,4877788.858026852,384.877,70,1395,1215,736992933092,4
matmul_large_L20_r3,1790333737.2192955,4877788.908031676,382.816,70,1410,1215,736992933092,0
matmul_large_L20_r3,1790333737.2692952,4877788.958031149,382.816,70,1410,1215,736992973604,0
matmul_large_L20_r3,1790333737.3192933,4877789.008029113,402.029,70,1410,1215,736992973604,0
matmul_large_L20_r3,1790333737.3692956,4877789.058031537,402.029,70,1410,1215,736993014517,0
matmul_large_L20_r3,1790333737.419294,4877789.10803036,407.879,70,1410,1215,736993014517,0
matmul_large_L20_r3,1790333737.469292,4877789.158028114,407.879,70,1410,1215,736993055810,0
matmul_large_L20_r3,1790333737.5192924,4877789.208028538,409.34,70,1410,1215,736993055810,0
matmul_large_L20_r3,1790333737.5692968,4877789.258032881,409.34,70,1410,1215,736993096949,0
matmul_large_L20_r3,1790333737.619294,4877789.308030095,390.72,70,1395,1215,736993096949,4
matmul_large_L20_r3,1790333737.669295,4877789.358031098,390.72,70,1395,1215,736993136023,4
matmul_large_L20_r3,1790333737.7192955,4877789.408031632,388.067,70,1395,1215,736993136023,4
matmul_large_L20_r3,1790333737.7692924,4877789.458028256,388.067,70,1395,1215,736993175799,4
matmul_large_L20_r3,1790333737.8193,4877789.508035849,406.688,70,1410,1215,736993175799,0
matmul_large_L20_r3,1790333737.869293,4877789.558029063,406.688,70,1410,1215,736993217050,0
matmul_large_L20_r3,1790333737.9192953,4877789.608031187,396.785,70,1395,1215,736993217050,4
matmul_large_L20_r3,1790333737.969244,4877789.657979811,396.785,70,1395,1215,736993257034,4
matmul_large_L20_r3,1790333738.0192928,4877789.708029084,405.819,70,1395,1215,736993257034,4
matmul_large_L20_r3,1790333738.0692456,4877789.757981388,405.819,70,1395,1215,736993297025,4
matmul_large_L20_r0,1790333747.5241816,4877799.212917293,408.74,70,1395,1215,736997038738,4
matmul_large_L20_r0,1790333747.5742974,4877799.263033575,408.74,70,1395,1215,736997077378,4
matmul_large_L20_r0,1790333747.624289,4877799.313025029,375.297,69,1410,1215,736997077378,0
matmul_large_L20_r0,1790333747.674289,4877799.363024762,375.297,69,1410,1215,736997117175,0
matmul_large_L20_r0,1790333747.7242892,4877799.413025336,400.898,70,1410,1215,736997117175,0
matmul_large_L20_r0,1790333747.7742908,4877799.46302664,400.898,70,1410,1215,736997157805,0
matmul_large_L20_r0,1790333747.8243005,4877799.513036753,401.76,70,1410,1215,736997157805,0
matmul_large_L20_r0,1790333747.874302,4877799.563038057,401.76,70,1410,1215,736997198463,0
matmul_large_L20_r0,1790333747.9243083,4877799.61304427,402.628,70,1410,1215,736997198463,0
matmul_large_L20_r0,1790333747.974306,4877799.663042114,402.628,70,1410,1215,736997239153,0
matmul_large_L20_r0,1790333748.0243037,4877799.713039688,402.628,70,1410,1215,736997239153,0
matmul_large_L20_r0,1790333748.0743,4877799.763036231,402.628,70,1410,1215,736997279809,0
matmul_large_L20_r0,1790333748.1243007,4877799.813036925,403.22,70,1410,1215,736997279809,0
matmul_large_L20_r0,1790333748.174302,4877799.863038319,403.22,70,1410,1215,736997320753,0
matmul_large_L20_r0,1790333748.2243009,4877799.913036962,408.74,70,1410,1215,736997320753,0
matmul_large_L20_r0,1790333748.2743027,4877799.963038716,408.74,70,1410,1215,736997361067,0
matmul_large_L20_r0,1790333748.3243036,4877800.01303976,383.139,70,1395,1215,736997361067,4
matmul_large_L20_r0,1790333748.3742993,4877800.063035583,383.139,70,1395,1215,736997400814,4
matmul_large_L20_r0,1790333748.424303,4877800.113039097,408.148,70,1410,1215,736997400814,0
matmul_large_L20_r0,1790333748.474301,4877800.163037131,408.148,70,1410,1215,736997440653,0
matmul_large_L20_r0,1790333748.5243025,4877800.213038534,384.877,70,1395,1215,736997440653,4
matmul_large_L20_r0,1790333748.5742996,4877800.263035598,384.877,70,1395,1215,736997479295,4
matmul_large_L20_r0,1790333748.6243002,4877800.313036452,382.547,69,1395,1215,736997479295,4
matmul_large_L20_r0,1790333748.6743019,4877800.363037955,382.547,69,1395,1215,736997519410,4
matmul_large_L20_r0,1790333748.724303,4877800.413039079,409.609,70,1410,1215,736997519410,0
matmul_large_L20_r0,1790333748.7743018,4877800.463037823,409.609,70,1410,1215,736997560474,0
matmul_large_L20_r0,1790333748.8243022,4877800.513038066,394.187,70,1395,1215,736997560474,4
matmul_large_L20_r0,1790333748.8743021,4877800.56303827,394.187,70,1395,1215,736997599894,4
matmul_large_L20_r0,1790333748.9243028,4877800.613038824,401.168,70,1410,1215,736997599894,0
matmul_large_L20_r0,1790333748.9743028,4877800.663038747,401.168,70,1410,1215,736997640802,0
matmul_large_L20_r0,1790333749.0242999,4877800.713035761,409.609,70,1410,1215,736997640802,0
matmul_large_L20_r0,1790333749.0743022,4877800.763038235,409.609,70,1410,1215,736997681885,0
matmul_large_L20_r0,1790333749.1243002,4877800.813036368,404.358,70,1410,1215,736997681885,0
matmul_large_L20_r0,1790333749.174291,4877800.863027012,404.358,70,1410,1215,736997722619,0
matmul_large_L20_r0,1790333749.224281,4877800.913016886,403.489,70,1395,1215,736997722619,4
matmul_large_L20_r0,1790333749.274261,4877800.96299683,403.489,70,1395,1215,736997761955,4
matmul_large_L20_r0,1790333749.3242636,4877801.012999503,388.067,70,1410,1215,736997761955,0
matmul_large_L20_r0,1790333749.3742602,4877801.062995957,388.067,70,1410,1215,736997802538,0
matmul_large_L20_r0,1790333749.424261,4877801.112997101,392.449,70,1395,1215,736997802538,4
matmul_large_L20_r0,1790333749.4742637,4877801.162999394,392.449,70,1395,1215,736997802538,4
matmul_large_L20_r0,1790333749.5242627,4877801.212998338,399.43,70,1410,1215,736997842239,0
matmul_large_L20_r0,1790333749.5742617,4877801.262997442,399.43,70,1410,1215,736997842239,0
matmul_large_L20_r0,1790333749.6242614,4877801.312997165,385.469,70,1395,1215,736997882331,4
matmul_large_L20_r0,1790333749.674263,4877801.362998949,385.469,70,1395,1215,736997882331,4
matmul_large_L20_r0,1790333749.7242627,4877801.412998443,400.568,70,1410,1215,736997921332,0
matmul_large_L20_r0,1790333749.7742634,4877801.462998906,400.568,70,1410,1215,736997921332,0
matmul_large_L20_r0,1790333749.8242617,4877801.51299729,408.417,70,1410,1215,736997962210,0
matmul_large_L20_r0,1790333749.874261,4877801.562996934,408.417,70,1410,1215,736997962210,0
matmul_large_L20_r0,1790333749.9242983,4877801.613037107,385.146,70,1395,1215,736998002812,4
matmul_large_L20_r0,1790333749.9742754,4877801.663011221,385.146,70,1395,1215,736998002812,4
matmul_large_L20_r0,1790333750.0242615,4877801.712997365,408.74,70,1410,1215,736998042557,0
matmul_large_L20_r0,1790333750.0742624,4877801.762997848,408.74,70,1410,1215,736998042557,0
matmul_large_L20_r0,1790333750.124262,4877801.812997952,404.089,70,1410,1215,736998083541,0
matmul_large_L20_r0,1790333750.17426,4877801.862995765,404.089,70,1410,1215,736998083541,0
matmul_large_L20_r0,1790333750.2242615,4877801.912997319,403.766,70,1410,1215,736998124260,0
matmul_large_L20_r0,1790333750.2742624,4877801.962998313,403.766,70,1410,1215,736998124260,0
matmul_large_L20_r0,1790333750.3242607,4877802.012996336,393.91,70,1395,1215,736998164991,4
matmul_large_L20_r0,1790333750.3742597,4877802.06299538,393.91,70,1395,1215,736998164991,4
matmul_large_L20_r0,1790333750.4242604,4877802.112996174,388.667,70,1395,1215,736998203924,4
matmul_large_L20_r0,1790333750.4742985,4877802.163034447,388.667,70,1395,1215,736998203924,4
matmul_large_L20_r0,1790333750.5242982,4877802.213034201,385.469,70,1395,1215,736998244197,4
matmul_large_L20_r0,1790333750.5742998,4877802.263036014,385.469,70,1395,1215,736998244197,4
matmul_large_L20_r0,1790333750.6242993,4877802.313035298,399.43,70,1410,1215,736998283357,0
matmul_large_L20_r0,1790333750.6743004,4877802.363036462,399.43,70,1410,1215,736998283357,0
matmul_large_L20_r0,1790333750.7243009,4877802.413036965,408.148,70,1410,1215,736998324085,0
matmul_large_L20_r0,1790333750.774302,4877802.463038019,408.148,70,1410,1215,736998324085,0
matmul_large_L20_r0,1790333750.8242996,4877802.513035543,386.068,70,1395,1215,736998364791,4
matmul_large_L20_r0,1790333750.8743021,4877802.563038286,386.068,70,1395,1215,736998364791,4
matmul_large_L20_r0,1790333750.9243028,4877802.61303884,386.068,70,1410,1215,736998404034,0
matmul_large_L20_r0,1790333750.9742994,4877802.663035434,386.068,70,1410,1215,736998404034,0
matmul_large_L20_r0,1790333751.0243,4877802.713036107,400.568,70,1410,1215,736998444998,0
matmul_large_L20_r0,1790333751.074298,4877802.763034001,400.568,70,1410,1215,736998444998,0
matmul_large_L20_r0,1790333751.1243033,4877802.813039374,408.74,70,1410,1215,736998485956,0
matmul_large_L20_r0,1790333751.1743095,4877802.863045318,408.74,70,1410,1215,736998485956,0
matmul_large_L20_r0,1790333751.2243001,4877802.913035992,403.766,70,1410,1215,736998526740,0
matmul_large_L20_r0,1790333751.2742996,4877802.963035666,403.766,70,1410,1215,736998526740,0
matmul_large_L20_r0,1790333751.3243024,4877803.013038409,402.897,70,1395,1215,736998566189,4
matmul_large_L20_r0,1790333751.3743026,4877803.063038733,402.897,70,1395,1215,736998566189,4
matmul_large_L20_r0,1790333751.4242995,4877803.113035587,383.416,70,1410,1215,736998605819,0
matmul_large_L20_r0,1790333751.4742992,4877803.16303527,383.416,70,1410,1215,736998605819,0
matmul_large_L20_r0,1790333751.524303,4877803.213038934,402.628,70,1395,1215,736998645419,4
matmul_large_L20_r0,1790333751.5742993,4877803.263035447,402.628,70,1395,1215,736998645419,4
matmul_large_L20_r0,1790333751.6243029,4877803.313038791,388.39,70,1410,1215,736998685804,0
matmul_large_L20_r0,1790333751.6743028,4877803.363038815,388.39,70,1410,1215,736998685804,0
matmul_large_L20_r0,1790333751.7243037,4877803.413039768,404.358,70,1410,1215,736998726416,0
matmul_large_L20_r0,1790333751.774302,4877803.463038002,404.358,70,1410,1215,736998726416,0
matmul_large_L20_r0,1790333751.8243003,4877803.513036326,403.766,70,1410,1215,736998767108,0
matmul_large_L20_r0,1790333751.8743017,4877803.563037739,403.766,70,1410,1215,736998767108,0
matmul_large_L20_r0,1790333751.924301,4877803.613036923,403.766,70,1410,1215,736998807778,0
matmul_large_L20_r0,1790333751.9743006,4877803.663036727,403.766,70,1410,1215,736998807778,0
matmul_large_L20_r0,1790333752.0243008,4877803.71303692,403.766,70,1410,1215,736998848483,0
matmul_large_L20_r0,1790333752.0742998,4877803.763035864,403.766,70,1410,1215,736998848483,0
matmul_large_L20_r0,1790333752.1243029,4877803.813038888,403.489,70,1395,1215,736998887991,4
matmul_large_L20_r0,1790333752.174302,4877803.863038201,403.489,70,1395,1215,736998887991,4
matmul_large_L20_r0,1790333752.2243006,4877803.913036565,383.739,70,1410,1215,736998928555,0
matmul_large_L20_r0,1790333752.2743013,4877803.963037109,383.739,70,1410,1215,736998928555,0
matmul_large_L20_r0,1790333752.3243008,4877804.013036902,408.417,70,1395,1215,736998967965,4
matmul_large_L20_r0,1790333752.3743038,4877804.063039866,408.417,70,1395,1215,736998967965,4
matmul_large_L20_r0,1790333752.4243026,4877804.11303867,383.139,70,1410,1215,736999007658,0
matmul_large_L20_r0,1790333752.4742994,4877804.163035353,383.139,70,1410,1215,736999007658,0
matmul_large_L20_r0,1790333752.5243008,4877804.213036807,407.549,70,1395,1215,736999048446,4
matmul_large_L20_r0,1790333752.5742996,4877804.263035601,407.549,70,1395,1215,736999048446,4
matmul_large_L20_r0,1790333752.6243002,4877804.313036424,386.068,70,1410,1215,736999087665,0
matmul_large_L20_r0,1790333752.6743026,4877804.363038418,386.068,70,1410,1215,736999087665,0
matmul_large_L20_r0,1790333752.7243009,4877804.413036761,399.707,70,1410,1215,736999128469,0
matmul_large_L20_r0,1790333752.7743003,4877804.463036485,399.707,70,1410,1215,736999128469,0
matmul_large_L20_r0,1790333752.8243005,4877804.513036509,408.417,70,1410,1215,736999169606,0
matmul_large_L20_r0,1790333752.874302,4877804.563038133,408.417,70,1410,1215,736999169606,0
matmul_large_L20_r0,1790333752.9243028,4877804.613038886,403.766,70,1410,1215,736999210249,0
matmul_large_L20_r0,1790333752.9742975,4877804.66303375,403.766,70,1410,1215,736999210249,0
matmul_large_L20_r0,1790333753.0243,4877804.713036073,403.22,70,1395,1215,736999250115,4
matmul_large_L20_r0,1790333753.0742993,4877804.763035417,403.22,70,1395,1215,736999250115,4
matmul_large_L20_r0,1790333753.1243002,4877804.813036321,382.278,70,1410,1215,736999289726,0
matmul_large_L20_r0,1790333753.1742997,4877804.863035794,382.278,70,1410,1215,736999289726,0
matmul_large_L20_r0,1790333753.2243004,4877804.913036228,407.549,70,1395,1215,736999330615,4
matmul_large_L20_r0,1790333753.2743027,4877804.963038662,407.549,70,1395,1215,736999330615,4
matmul_large_L20_r0,1790333753.3243008,4877805.013036865,390.72,70,1395,1215,736999369758,4
matmul_large_L20_r0,1790333753.3743014,4877805.063037479,390.72,70,1395,1215,736999369758,4
matmul_large_L20_r0,1790333753.4243004,4877805.113036703,384.608,70,1410,1215,736999409336,0
matmul_large_L20_r0,1790333753.4742978,4877805.163033776,384.608,70,1410,1215,736999409336,0
matmul_large_L20_r0,1790333753.524303,4877805.21303901,402.897,70,1410,1215,736999449906,0
matmul_large_L20_r0,1790333753.5743027,4877805.263038754,402.897,70,1410,1215,736999449906,0
matmul_large_L20_r0,1790333753.6242998,4877805.313035777,395.917,70,1395,1215,736999489073,4
matmul_large_L20_r0,1790333753.6743,4877805.363036001,395.917,70,1395,1215,736999489073,4
matmul_large_L20_r0,1790333753.7243004,4877805.413036425,396.785,70,1410,1215,736999530059,0
matmul_large_L20_r0,1790333753.7743,4877805.463036308,396.785,70,1410,1215,736999530059,0
matmul_large_L20_r0,1790333753.8243027,4877805.513038632,404.089,70,1410,1215,736999570736,0
matmul_large_L20_r0,1790333753.8742988,4877805.563034986,404.089,70,1410,1215,736999570736,0
matmul_large_L20_r0,1790333753.9243,4877805.613036029,403.489,70,1410,1215,736999611526,0
matmul_large_L20_r0,1790333753.9742992,4877805.663035233,403.489,70,1410,1215,736999611526,0
matmul_large_L20_r0,1790333754.0243032,4877805.713039097,409.017,70,1395,1215,736999651192,4
matmul_large_L20_r0,1790333754.0743015,4877805.76303744,409.017,70,1395,1215,736999651192,4
matmul_large_L20_r0,1790333754.1243029,4877805.813038924,388.667,70,1410,1215,736999691961,0
matmul_large_L20_r0,1790333754.1743019,4877805.863038128,388.667,70,1410,1215,736999691961,0
matmul_large_L20_r0,1790333754.2243025,4877805.913038751,402.628,70,1395,1215,736999732074,4
matmul_large_L20_r0,1790333754.2743022,4877805.963038205,402.628,70,1395,1215,736999732074,4
matmul_large_L20_r0,1790333754.3243027,4877806.013038718,389.259,70,1395,1215,736999771424,4
matmul_large_L20_r0,1790333754.374301,4877806.063036872,389.259,70,1395,1215,736999771424,4
matmul_large_L20_r0,1790333754.4243028,4877806.113038836,390.989,70,1410,1215,736999812055,0
matmul_large_L20_r0,1790333754.474303,4877806.16303899,390.989,70,1410,1215,736999812055,0
matmul_large_L20_r0,1790333754.5243006,4877806.213036573,392.726,70,1395,1215,736999812055,4
matmul_large_L20_r0,1790333754.574301,4877806.263037087,392.726,70,1395,1215,736999851486,4
matmul_large_L20_r0,1790333754.6243026,4877806.31303856,397.108,70,1410,1215,736999851486,0
matmul_large_L20_r0,1790333754.6743002,4877806.363036324,397.108,70,1410,1215,736999892127,0
matmul_large_L20_r0,1790333754.7243023,4877806.413038508,403.766,70,1410,1215,736999892127,0
matmul_large_L20_r0,1790333754.7742999,4877806.463036031,403.766,70,1410,1215,736999932735,0
matmul_large_L20_r0,1790333754.8243008,4877806.513036845,403.489,70,1410,1215,736999932735,0
matmul_large_L20_r0,1790333754.8743021,4877806.563038279,403.489,70,1410,1215,736999973619,0
matmul_large_L20_r0,1790333754.9242997,4877806.613035783,409.34,70,1395,1215,736999973619,4
matmul_large_L20_r0,1790333754.9743001,4877806.663036166,409.34,70,1395,1215,737000014031,4
matmul_large_L20_r0,1790333755.0243025,4877806.71303875,388.936,70,1410,1215,737000014031,0
matmul_large_L20_r0,1790333755.074302,4877806.763038053,388.936,70,1410,1215,737000053906,0
matmul_large_L20_r0,1790333755.124303,4877806.813039267,403.766,70,1410,1215,737000053906,0
matmul_large_L20_r0,1790333755.1743026,4877806.863038431,403.766,70,1410,1215,737000094527,0
matmul_large_L20_r0,1790333755.2243023,4877806.913038414,404.089,70,1395,1215,737000094527,4
matmul_large_L20_r0,1790333755.2742999,4877806.963035968,404.089,70,1395,1215,737000133836,4
matmul_large_L20_r0,1790333755.3243003,4877807.013036422,388.667,70,1410,1215,737000133836,0
matmul_large_L20_r0,1790333755.3743098,4877807.063045995,388.667,70,1410,1215,737000173632,0
matmul_large_L20_r0,1790333755.4243028,4877807.113038829,403.22,70,1395,1215,737000173632,4
matmul_large_L20_r0,1790333755.4742992,4877807.163035263,403.22,70,1395,1215,737000213215,4
matmul_large_L20_r0,1790333755.5243006,4877807.213036556,383.739,70,1410,1215,737000213215,0
matmul_large_L20_r0,1790333755.5742996,4877807.26303572,383.739,70,1410,1215,737000253271,0
matmul_large_L20_r0,1790333755.6243029,4877807.313038784,408.148,70,1410,1215,737000253271,0
matmul_large_L20_r0,1790333755.6743019,4877807.363037987,408.148,70,1410,1215,737000294509,0
matmul_large_L20_r0,1790333755.7243025,4877807.413038661,408.74,70,1410,1215,737000294509,0
matmul_large_L20_r0,1790333755.7742999,4877807.463035965,408.74,70,1410,1215,737000335644,0
matmul_large_L20_r0,1790333755.824303,4877807.513038888,403.22,70,1410,1215,737000335644,4
matmul_large_L20_r0,1790333755.8743014,4877807.563037602,403.22,70,1410,1215,737000375910,4
matmul_large_L20_r0,1790333755.9243028,4877807.613038886,389.528,70,1410,1215,737000375910,0
matmul_large_L20_r0,1790333755.9743018,4877807.663037629,389.528,70,1410,1215,737000416351,0
matmul_large_L20_r0,1790333756.0243006,4877807.713036683,408.148,70,1410,1215,737000416351,0
matmul_large_L20_r0,1790333756.0743005,4877807.763036517,408.148,70,1410,1215,737000457044,0
matmul_large_L20_r0,1790333756.1243088,4877807.8130449,386.337,70,1395,1215,737000457044,4
matmul_large_L20_r0,1790333756.1743033,4877807.863039234,386.337,70,1395,1215,737000495812,4
matmul_large_L20_r0,1790333756.2243025,4877807.913038727,382.816,69,1410,1215,737000495812,0
matmul_large_L20_r0,1790333756.2743015,4877807.963037491,382.816,69,1410,1215,737000535872,0
matmul_large_L20_r0,1790333756.3242993,4877808.013035215,408.74,70,1410,1215,737000535872,0
matmul_large_L20_r0,1790333756.3743033,4877808.063039188,408.74,70,1410,1215,737000576229,0
matmul_large_L20_r0,1790333756.4243,4877808.113036072,390.128,70,1395,1215,737000576229,4
matmul_large_L20_r0,1790333756.4743001,4877808.163036106,390.128,70,1395,1215,737000615280,4
matmul_large_L20_r0,1790333756.5243022,4877808.213038479,383.416,69,1395,1215,737000615280,4
matmul_large_L20_r0,1790333756.574302,4877808.263038003,383.416,69,1395,1215,737000654794,4
matmul_large_L20_r0,1790333756.6243033,4877808.313039487,401.61,70,1410,1215,737000654794,0
matmul_large_L20_r0,1790333756.6743028,4877808.36303864,401.61,70,1410,1215,737000695446,0
matmul_large_L20_r0,1790333756.724302,4877808.413038214,402.897,70,1410,1215,737000695446,0
matmul_large_L20_r0,1790333756.7743,4877808.463036328,402.897,70,1410,1215,737000736215,0
matmul_large_L20_r0,1790333756.8243015,4877808.513037681,403.489,70,1410,1215,737000736215,0
matmul_large_L20_r0,1790333756.8743021,4877808.563038345,403.489,70,1410,1215,737000776835,0
matmul_large_L20_r0,1790333756.9243033,4877808.613039309,403.22,70,1410,1215,737000776835,0
matmul_large_L20_r0,1790333756.9743018,4877808.663037792,403.22,70,1410,1215,737000817462,0
matmul_large_L20_r0,1790333757.0243003,4877808.713036446,403.489,70,1410,1215,737000817462,0
matmul_large_L20_r0,1790333757.0742996,4877808.76303576,403.489,70,1410,1215,737000858043,0
matmul_large_L20_r0,1790333757.1243007,4877808.813036823,395.371,70,1395,1215,737000858043,4
matmul_large_L20_r0,1790333757.1743016,4877808.863037857,395.371,70,1395,1215,737000897144,4
matmul_large_L20_r0,1790333757.2243004,4877808.913036381,396.785,70,1410,1215,737000897144,0
matmul_large_L20_r0,1790333757.2743146,4877808.963050834,396.785,70,1410,1215,737000938106,0
matmul_large_L20_r0,1790333757.3243008,4877809.013036738,402.897,70,1395,1215,737000938106,4
matmul_large_L20_r0,1790333757.3743134,4877809.063049511,402.897,70,1395,1215,737000977632,4
matmul_large_L20_r0,1790333757.4243004,4877809.113036465,383.139,70,1395,1215,737000977632,4
matmul_large_L20_r0,1790333757.4742994,4877809.163035469,383.139,70,1395,1215,737001016284,4
matmul_large_L20_r0,1790333757.524301,4877809.213037083,381.955,70,1410,1215,737001016284,0
matmul_large_L20_r0,1790333757.5743024,4877809.263038516,381.955,70,1410,1215,737001056444,0
matmul_large_L20_r0,1790333757.6243029,4877809.31303896,403.22,70,1410,1215,737001056444,0
matmul_large_L20_r0,1790333757.6743016,4877809.363037814,403.22,70,1410,1215,737001097356,0
matmul_large_L20_r0,1790333757.7243032,4877809.413039427,409.017,70,1410,1215,737001097356,0
matmul_large_L20_r0,1790333757.7743027,4877809.463038661,409.017,70,1410,1215,737001138690,0
matmul_large_L20_r0,1790333757.8243032,4877809.513039104,410.478,70,1395,1215,737001138690,4
matmul_large_L20_r0,1790333757.8743,4877809.563035978,410.478,70,1395,1215,737001178680,4
matmul_large_L20_r0,1790333757.9243038,4877809.613039832,388.936,70,1395,1215,737001178680,0
matmul_large_L20_r0,1790333757.9743023,4877809.663038346,388.936,70,1395,1215,737001218915,0
matmul_large_L20_r0,1790333758.0243006,4877809.713036659,404.358,70,1410,1215,737001218915,4
matmul_large_L20_r0,1790333758.0743027,4877809.763038853,404.358,70,1410,1215,737001258769,4
matmul_large_L20_r0,1790333758.1243,4877809.813036166,389.259,70,1395,1215,737001258769,0
matmul_large_L20_r0,1790333758.1743028,4877809.86303877,389.259,70,1395,1215,737001299091,0
matmul_large_L20_r0,1790333758.2243025,4877809.913038764,402.628,70,1410,1215,737001299091,0
matmul_large_L20_r0,1790333758.2742996,4877809.963035817,402.628,70,1410,1215,737001340029,0
matmul_large_L20_r0,1790333758.3243005,4877810.013036711,400.568,70,1395,1215,737001340029,4
matmul_large_L20_r0,1790333758.3743005,4877810.063036345,400.568,70,1395,1215,737001379392,4
matmul_large_L20_r0,1790333758.4243023,4877810.113038438,388.667,70,1395,1215,737001379392,4
matmul_large_L20_r0,1790333758.4743037,4877810.163039692,388.667,70,1395,1215,737001418679,4
matmul_large_L20_r0,1790333758.5243003,4877810.213036416,390.989,70,1410,1215,737001418679,0
matmul_large_L20_r0,1790333758.5743034,4877810.263039589,390.989,70,1410,1215,737001459198,0
matmul_large_L20_r0,1790333758.6243043,4877810.313040513,402.628,70,1410,1215,737001459198,0
matmul_large_L20_r0,1790333758.6742983,4877810.363034537,402.628,70,1410,1215,737001499836,0
matmul_large_L20_r0,1790333758.7243025,4877810.41303867,402.628,70,1410,1215,737001499836,0
matmul_large_L20_r0,1790333758.7743008,4877810.463036884,402.628,70,1410,1215,737001540716,0
matmul_large_L20_r0,1790333758.8243012,4877810.513037258,408.148,70,1395,1215,737001540716,4
matmul_large_L20_r0,1790333758.8742983,4877810.563034491,408.148,70,1395,1215,737001580513,4
matmul_large_L20_r0,1790333758.9243038,4877810.613039835,395.917,70,1410,1215,737001580513,0
matmul_large_L20_r0,1790333758.9742994,4877810.663035479,395.917,70,1410,1215,737001621006,0
matmul_large_L20_r0,1790333759.0242999,4877810.713035912,384.877,70,1395,1215,737001621006,4
matmul_large_L20_r0,1790333759.0743024,4877810.763038636,384.877,70,1395,1215,737001660226,4
matmul_large_L20_r0,1790333759.1243033,4877810.81303946,400.03,70,1410,1215,737001660226,0
matmul_large_L20_r0,1790333759.1742997,4877810.863035803,400.03,70,1410,1215,737001701041,0
matmul_large_L20_r0,1790333759.2242997,4877810.913035847,408.74,70,1410,1215,737001701041,0
matmul_large_L20_r0,1790333759.2743027,4877810.96303865,408.74,70,1410,1215,737001741906,0
matmul_large_L20_r0,1790333759.3243022,4877811.013038244,393.049,70,1395,1215,737001741906,4
matmul_large_L20_r0,1790333759.3743021,4877811.063038298,393.049,70,1395,1215,737001781067,4
matmul_large_L20_r0,1790333759.4242997,4877811.113035762,384.008,70,1395,1215,737001781067,4
matmul_large_L20_r0,1790333759.4743018,4877811.163037685,384.008,70,1395,1215,737001820520,4
matmul_large_L20_r0,1790333759.524302,4877811.213038269,402.359,70,1410,1215,737001820520,0
matmul_large_L20_r0,1790333759.574302,4877811.263037993,402.359,70,1410,1215,737001861093,0
matmul_large_L20_r0,1790333759.6243033,4877811.313039456,403.22,70,1410,1215,737001861093,0
matmul_large_L20_r0,1790333759.6742995,4877811.36303535,403.22,70,1410,1215,737001861093,0
matmul_large_L20_r0,1790333759.7243023,4877811.413038373,409.609,70,1410,1215,737001902513,0
matmul_large_L20_r0,1790333759.774302,4877811.463037957,409.609,70,1410,1215,737001902513,0
matmul_large_L20_r0,1790333759.8243024,4877811.513038401,389.797,70,1395,1215,737001942363,4
matmul_large_L20_r0,1790333759.8743021,4877811.563038194,389.797,70,1395,1215,737001942363,4
matmul_large_L20_r0,1790333759.9243004,4877811.613036558,403.22,70,1410,1215,737001982089,0
matmul_large_L20_r0,1790333759.9743023,4877811.663038342,403.22,70,1410,1215,737001982089,0
matmul_large_L20_r0,1790333760.0243,4877811.713035975,382.816,70,1395,1215,737002021546,0
matmul_large_L20_r0,1790333760.0742998,4877811.763036029,382.816,70,1395,1215,737002021546,0
matmul_large_L20_r0,1790333760.1243043,4877811.813040553,402.897,70,1410,1215,737002061881,0
matmul_large_L20_r0,1790333760.174302,4877811.863038206,402.897,70,1410,1215,737002061881,0
matmul_large_L20_r0,1790333760.2243042,4877811.91304029,408.417,70,1410,1215,737002102666,0
matmul_large_L20_r0,1790333760.2743027,4877811.963038844,408.417,70,1410,1215,737002102666,0
matmul_large_L20_r0,1790333760.3243015,4877812.013037577,385.738,70,1395,1215,737002143376,4
matmul_large_L20_r0,1790333760.3743033,4877812.063039191,385.738,70,1395,1215,737002143376,4
matmul_large_L20_r0,1790333760.4242923,4877812.113028415,387.475,70,1395,1215,737002182180,4
matmul_large_L20_r0,1790333760.474314,4877812.163050108,387.475,70,1395,1215,737002182180,4
matmul_large_L20_r0,1790333760.5243032,4877812.213039212,403.489,70,1410,1215,737002222846,0
matmul_large_L20_r0,1790333760.5743113,4877812.263047336,403.489,70,1410,1215,737002222846,0
matmul_large_L20_r0,1790333760.6243005,4877812.313036499,409.017,70,1410,1215,737002263686,0
matmul_large_L20_r0,1790333760.6743028,4877812.363038683,409.017,70,1410,1215,737002263686,0
matmul_large_L20_r0,1790333760.7243023,4877812.413038447,388.667,70,1395,1215,737002304119,4
matmul_large_L20_r0,1790333760.7742994,4877812.46303544,388.667,70,1395,1215,737002304119,4
matmul_large_L20_r0,1790333760.8242998,4877812.513035884,395.917,70,1410,1215,737002343538,0
matmul_large_L20_r0,1790333760.8743007,4877812.563036788,395.917,70,1410,1215,737002343538,0
matmul_large_L20_r0,1790333760.9243026,4877812.613038681,389.528,70,1395,1215,737002383727,4
matmul_large_L20_r0,1790333760.9743001,4877812.663036135,389.528,70,1395,1215,737002383727,4
matmul_large_L20_r0,1790333761.024303,4877812.713038779,383.139,70,1395,1215,737002422700,4
matmul_large_L20_r0,1790333761.074303,4877812.763038902,383.139,70,1395,1215,737002422700,4
matmul_large_L20_r0,1790333761.1243033,4877812.813039396,383.139,70,1410,1215,737002463000,0
matmul_large_L20_r0,1790333761.174303,4877812.863039089,383.139,70,1410,1215,737002463000,0
matmul_large_L20_r0,1790333761.2243018,4877812.913037893,403.346,70,1410,1215,737002503984,0
matmul_large_L20_r0,1790333761.2742996,4877812.963035687,403.346,70,1410,1215,737002503984,0
matmul_large_L20_r0,1790333761.3243022,4877813.01303807,409.34,70,1395,1215,737002543851,4
matmul_large_L20_r0,1790333761.3743026,4877813.063038824,409.34,70,1395,1215,737002543851,4
matmul_large_L20_r0,1790333761.424303,4877813.113039168,384.008,70,1410,1215,737002584001,0
matmul_large_L20_r0,1790333761.474299,4877813.163035052,384.008,70,1410,1215,737002584001,0
matmul_large_L20_r0,1790333761.5242999,4877813.213035785,407.549,70,1410,1215,737002625206,0
matmul_large_L20_r0,1790333761.5742993,4877813.263035399,407.549,70,1410,1215,737002625206,0
matmul_large_L20_r0,1790333761.6243036,4877813.313039702,408.315,70,1395,1215,737002666099,4
matmul_large_L20_r0,1790333761.6743028,4877813.363038676,408.315,70,1395,1215,737002666099,4
matmul_large_L20_r0,1790333761.7243006,4877813.4130367,391.258,70,1410,1215,737002705757,0
matmul_large_L20_r0,1790333761.7742999,4877813.463035953,391.258,70,1410,1215,737002705757,0
matmul_large_L20_r0,1790333761.8243032,4877813.513039167,400.03,70,1410,1215,737002746740,4
matmul_large_L20_r0,1790333761.8743002,4877813.563036301,400.03,70,1410,1215,737002746740,4
matmul_large_L20_r0,1790333761.9243033,4877813.613039454,403.766,70,1395,1215,737002785797,4
matmul_large_L20_r0,1790333761.9743028,4877813.663038808,403.766,70,1395,1215,737002785797,4
matmul_large_L20_r0,1790333762.0243025,4877813.713038692,383.739,69,1395,1215,737002824486,4
matmul_large_L20_r0,1790333762.074303,4877813.763039125,383.739,69,1395,1215,737002824486,4
matmul_large_L20_r0,1790333762.1243002,4877813.813036219,382.816,70,1410,1215,737002864958,0
matmul_large_L20_r0,1790333762.1742995,4877813.863035423,382.816,70,1410,1215,737002864958,0
matmul_large_L20_r0,1790333762.224301,4877813.913037066,409.34,70,1395,1215,737002905959,4
matmul_large_L20_r0,1790333762.2743027,4877813.96303884,409.34,70,1395,1215,737002905959,4
matmul_large_L20_r0,1790333762.324301,4877814.013037014,393.318,70,1410,1215,737002945563,0
matmul_large_L20_r0,1790333762.3743036,4877814.063039617,393.318,70,1410,1215,737002945563,0
matmul_large_L20_r0,1790333762.4243028,4877814.113038901,400.898,70,1410,1215,737002986205,0
matmul_large_L20_r0,1790333762.4743035,4877814.163039444,400.898,70,1410,1215,737002986205,0
matmul_large_L20_r0,1790333762.524299,4877814.213035108,404.089,70,1410,1215,737003027129,0
matmul_large_L20_r0,1790333762.5743127,4877814.263048871,404.089,70,1410,1215,737003027129,0
matmul_large_L20_r0,1790333762.6242998,4877814.313035745,409.34,70,1410,1215,737003068370,0
matmul_large_L20_r0,1790333762.674301,4877814.363036979,409.34,70,1410,1215,737003068370,0
matmul_large_L20_r0,1790333762.7242994,4877814.413035683,403.489,70,1410,1215,737003108164,0
matmul_large_L20_r0,1790333762.7743087,4877814.463044746,403.489,70,1410,1215,737003108164,0
matmul_large_L20_r0,1790333762.8243017,4877814.51303795,406.088,70,1395,1215,737003148599,4
matmul_large_L20_r0,1790333762.8743024,4877814.563038533,406.088,70,1395,1215,737003148599,4
matmul_large_L20_r0,1790333762.924303,4877814.613039267,389.259,70,1395,1215,737003187666,4
matmul_large_L20_r0,1790333762.974303,4877814.663039011,389.259,70,1395,1215,737003187666,4
matmul_large_L20_r0,1790333763.024303,4877814.713038774,383.739,69,1395,1215,737003226383,4
matmul_large_L20_r0,1790333763.074299,4877814.763035218,383.739,69,1395,1215,737003226383,4
matmul_large_L20_r0,1790333763.1243007,4877814.813036812,388.067,70,1410,1215,737003266910,0
matmul_large_L20_r0,1790333763.1743016,4877814.863037825,388.067,70,1410,1215,737003266910,0
matmul_large_L20_r0,1790333763.2243028,4877814.913038989,401.168,70,1410,1215,737003307677,0
matmul_large_L20_r0,1790333763.2743,4877814.963036263,401.168,70,1410,1215,737003307677,0
matmul_large_L20_r0,1790333763.3243003,4877815.013036236,400.568,70,1410,1215,737003347462,0
matmul_large_L20_r0,1790333763.3743029,4877815.06303894,400.568,70,1410,1215,737003347462,0
matmul_large_L20_r0,1790333763.4243023,4877815.113038304,404.26,70,1410,1215,737003388487,0
matmul_large_L20_r0,1790333763.4743023,4877815.163038197,404.26,70,1410,1215,737003388487,0
matmul_large_L20_r0,1790333763.5243013,4877815.213037241,402.359,70,1410,1215,737003429188,0
matmul_large_L20_r0,1790333763.574299,4877815.263035255,402.359,70,1410,1215,737003429188,0
matmul_large_L20_r0,1790333763.6243024,4877815.313038348,402.628,70,1410,1215,737003469829,0
matmul_large_L20_r0,1790333763.6743004,4877815.363036592,402.628,70,1410,1215,737003469829,0
matmul_large_L20_r0,1790333763.724303,4877815.413039116,402.897,70,1410,1215,737003510534,0
matmul_large_L20_r0,1790333763.7743025,4877815.463038589,402.897,70,1410,1215,737003510534,0
matmul_large_L20_r0,1790333763.8243003,4877815.513036233,396.785,70,1395,1215,737003549638,4
matmul_large_L20_r0,1790333763.8742993,4877815.563035447,396.785,70,1395,1215,737003549638,4
matmul_large_L20_r0,1790333763.9243,4877815.61303599,389.528,70,1395,1215,737003588758,4
matmul_large_L20_r0,1790333763.9743028,4877815.663038664,389.528,70,1395,1215,737003588758,4
matmul_large_L20_r0,1790333764.0243,4877815.713036138,383.416,69,1410,1215,737003628346,0
matmul_large_L20_r0,1790333764.0742993,4877815.763035571,383.416,69,1410,1215,737003628346,0
matmul_large_L20_r0,1790333764.1243005,4877815.813036555,408.148,70,1410,1215,737003669595,0
matmul_large_L20_r0,1790333764.1743014,4877815.863037609,408.148,70,1410,1215,737003669595,0
matmul_large_L20_r0,1790333764.2243023,4877815.913038482,409.609,70,1395,1215,737003709200,4
matmul_large_L20_r0,1790333764.2743003,4877815.963036476,409.609,70,1395,1215,737003709200,4
matmul_large_L20_r0,1790333764.3243027,4877816.01303862,383.416,70,1410,1215,737003749611,0
matmul_large_L20_r0,1790333764.3743026,4877816.063038653,383.416,70,1410,1215,737003749611,0
matmul_large_L20_r0,1790333764.4243042,4877816.113040257,407.879,70,1410,1215,737003790684,0
matmul_large_L20_r0,1790333764.474301,4877816.163037161,407.879,70,1410,1215,737003790684,0
matmul_large_L20_r0,1790333764.524303,4877816.213038984,402.897,70,1410,1215,737003831340,0
matmul_large_L20_r0,1790333764.574302,4877816.263038008,402.897,70,1410,1215,737003831340,0
matmul_large_L20_r0,1790333764.6243043,4877816.313040302,402.359,70,1410,1215,737003871952,0
matmul_large_L20_r0,1790333764.6742988,4877816.363035035,402.359,70,1410,1215,737003871952,0
matmul_large_L20_r0,1790333764.7243001,4877816.413036199,402.628,70,1395,1215,737003871952,4
matmul_large_L20_r0,1790333764.7743008,4877816.463036892,402.628,70,1395,1215,737003912419,4
matmul_large_L20_r0,1790333764.8243113,4877816.513047316,384.008,70,1395,1215,737003912419,4
matmul_large_L20_r0,1790333764.874302,4877816.56303799,384.008,70,1395,1215,737003950870,4
matmul_large_L20_r0,1790333764.9242997,4877816.613035783,388.39,70,1395,1215,737003950870,4
matmul_large_L20_r0,1790333764.9743013,4877816.663037497,388.39,70,1395,1215,737003989807,4
matmul_large_L20_r0,1790333765.0242994,4877816.713035411,387.798,70,1410,1215,737003989807,0
matmul_large_L20_r0,1790333765.0743027,4877816.763038754,387.798,70,1410,1215,737004030461,0
matmul_large_L20_r0,1790333765.1243005,4877816.813036678,404.358,70,1410,1215,737004030461,0
matmul_large_L20_r0,1790333765.1743002,4877816.863036302,404.358,70,1410,1215,737004071366,0
matmul_large_L20_r0,1790333765.2243006,4877816.913036655,404.358,70,1395,1215,737004071366,4
matmul_large_L20_r0,1790333765.2743018,4877816.963037659,404.358,70,1395,1215,737004110715,4
matmul_large_L20_r0,1790333765.3243022,4877817.013038013,389.259,70,1410,1215,737004110715,0
matmul_large_L20_r0,1790333765.3743021,4877817.063038296,389.259,70,1410,1215,737004151567,0
matmul_large_L20_r0,1790333765.4243004,4877817.11303668,409.609,70,1410,1215,737004151567,0
matmul_large_L20_r0,1790333765.4743001,4877817.163036154,409.609,70,1410,1215,737004192771,0
matmul_large_L20_r0,1790333765.5242994,4877817.213035227,409.34,70,1410,1215,737004192771,0
matmul_large_L20_r0,1790333765.5743022,4877817.263038291,409.34,70,1410,1215,737004234124,0
matmul_large_L20_r0,1790333765.624303,4877817.313039195,409.34,70,1395,1215,737004234124,4
matmul_large_L20_r0,1790333765.6743028,4877817.363038778,409.34,70,1395,1215,737004274054,4
matmul_large_L20_r0,1790333765.7243028,4877817.413039022,384.008,70,1395,1215,737004274054,4
matmul_large_L20_r0,1790333765.7743025,4877817.463038546,384.008,70,1395,1215,737004312708,4
matmul_large_L20_r0,1790333765.8243022,4877817.513038169,382.278,70,1410,1215,737004312708,4
matmul_large_L20_r0,1790333765.8743024,4877817.563038403,382.278,70,1410,1215,737004352379,4
matmul_large_L20_r0,1790333765.9243119,4877817.613047926,382.547,69,1395,1215,737004352379,0
matmul_large_L20_r0,1790333765.974302,4877817.66303811,382.547,69,1395,1215,737004391842,0
matmul_large_L20_r0,1790333766.0242999,4877817.713035804,400.299,70,1410,1215,737004391842,0
matmul_large_L20_r0,1790333766.0743024,4877817.763038458,400.299,70,1410,1215,737004432567,0
matmul_large_L20_r0,1790333766.1243029,4877817.813038841,407.549,70,1410,1215,737004432567,0
matmul_large_L20_r0,1790333766.1742997,4877817.863035585,407.549,70,1410,1215,737004473431,0
matmul_large_L20_r0,1790333766.2243018,4877817.913037889,390.989,70,1395,1215,737004473431,4
matmul_large_L20_r0,1790333766.2743015,4877817.963037442,390.989,70,1395,1215,737004513112,4
matmul_large_L20_r0,1790333766.3243027,4877818.013038556,405.227,70,1410,1215,737004513112,0
matmul_large_L20_r0,1790333766.3743021,4877818.063038269,405.227,70,1410,1215,737004554272,0
matmul_large_L20_r0,1790333766.4243042,4877818.113040073,402.897,70,1410,1215,737004554272,0
matmul_large_L20_r0,1790333766.474303,4877818.163038917,402.897,70,1410,1215,737004595109,0
matmul_large_L20_r0,1790333766.5243032,4877818.21303906,409.34,70,1410,1215,737004595109,0
matmul_large_L20_r0,1790333766.5743,4877818.263036174,409.34,70,1410,1215,737004636415,0
matmul_large_L20_r0,1790333766.6243021,4877818.313038088,404.681,70,1395,1215,737004636415,4
matmul_large_L20_r0,1790333766.6743028,4877818.363038731,404.681,70,1395,1215,737004675600,4
matmul_large_L20_r0,1790333766.724304,4877818.413040025,384.877,70,1395,1215,737004675600,4
matmul_large_L20_r0,1790333766.774314,4877818.463050059,384.877,70,1395,1215,737004714632,4
matmul_large_L20_r0,1790333766.8242998,4877818.513035702,400.03,70,1395,1215,737004714632,4
matmul_large_L20_r0,1790333766.8742993,4877818.563035316,400.03,70,1395,1215,737004753980,4
matmul_large_L20_r0,1790333766.9243138,4877818.61305003,388.39,70,1395,1215,737004753980,4
matmul_large_L20_r0,1790333766.9743004,4877818.663036473,388.39,70,1395,1215,737004793867,4
matmul_large_L20_r0,1790333767.0243013,4877818.713037287,402.478,70,1410,1215,737004793867,0
matmul_large_L20_r0,1790333767.0742962,4877818.763032451,402.478,70,1410,1215,737004834452,0
matmul_large_L20_r0,1790333767.1243002,4877818.813036414,403.22,70,1410,1215,737004834452,0
matmul_large_L20_r0,1790333767.1743033,4877818.863039298,403.22,70,1410,1215,737004875070,0
matmul_large_L20_r0,1790333767.2243023,4877818.913038302,403.22,70,1410,1215,737004875070,0
matmul_large_L20_r0,1790333767.2743037,4877818.963039885,403.22,70,1410,1215,737004915926,0
matmul_large_L20_r0,1790333767.3243032,4877819.013039029,408.417,70,1410,1215,737004915926,0
matmul_large_L20_r0,1790333767.3743,4877819.063036053,408.417,70,1410,1215,737004957191,0
matmul_large_L20_r0,1790333767.4243023,4877819.113038356,409.34,70,1410,1215,737004957191,0
matmul_large_L20_r0,1790333767.474302,4877819.16303797,409.34,70,1410,1215,737004998286,0
matmul_large_L20_r0,1790333767.5243032,4877819.213039084,398.423,70,1395,1215,737004998286,4
matmul_large_L20_r0,1790333767.574299,4877819.263035287,398.423,70,1395,1215,737005037178,4
matmul_large_L1_r4,1790333777.0337443,4877828.7224803,403.766,70,1395,1215,737008775395,4
matmul_large_L1_r4,1790333777.0838547,4877828.772590632,403.766,70,1395,1215,737008814326,4
matmul_large_L1_r4,1790333777.1338603,4877828.822596396,348.828,69,1410,1215,737008814326,0
matmul_large_L1_r4,1790333777.1838539,4877828.872589779,348.828,69,1410,1215,737008853924,0
matmul_large_L1_r4,1790333777.2338655,4877828.922601433,407.879,70,1410,1215,737008853924,0
matmul_large_L1_r4,1790333777.2838633,4877828.972599436,407.879,70,1410,1215,737008895331,0
matmul_large_L1_r4,1790333777.3338625,4877829.02259883,401.168,70,1395,1215,737008895331,4
matmul_large_L1_r4,1790333777.3838623,4877829.072598364,401.168,70,1395,1215,737008933902,4
matmul_large_L1_r4,1790333777.4338655,4877829.122601437,383.139,70,1410,1215,737008933902,0
matmul_large_L1_r4,1790333777.4838626,4877829.172598691,383.139,70,1410,1215,737008973972,0
matmul_large_L1_r4,1790333777.5338633,4877829.222599435,403.069,70,1410,1215,737008973972,0
matmul_large_L1_r4,1790333777.5838647,4877829.272600618,403.069,70,1410,1215,737009014545,0
matmul_large_L1_r4,1790333777.6338623,4877829.322598142,403.668,70,1410,1215,737009014545,0
matmul_large_L1_r4,1790333777.6838653,4877829.372601366,403.668,70,1410,1215,737009055154,0
matmul_large_L1_r4,1790333777.7338626,4877829.422598719,403.766,70,1410,1215,737009055154,0
matmul_large_L1_r4,1790333777.7838657,4877829.472601643,403.766,70,1410,1215,737009095761,0
matmul_large_L1_r4,1790333777.8338652,4877829.522601247,403.22,70,1410,1215,737009095761,0
matmul_large_L1_r4,1790333777.883862,4877829.57259797,403.22,70,1410,1215,737009136399,0
matmul_large_L1_r4,1790333777.9338624,4877829.622598324,403.22,70,1410,1215,737009136399,0
matmul_large_L1_r4,1790333777.9838617,4877829.672597838,403.22,70,1410,1215,737009176811,0
matmul_large_L1_r4,1790333778.0338626,4877829.722598801,386.929,70,1395,1215,737009176811,4
